{'dataset_params': {'im_path': 'placeholder', 'im_channels': 1, 'im_size': 116, 'name': 'ICDFC'}, 'diffusion_params': {'num_timesteps': 1000, 'beta_start': 0.00085, 'beta_end': 0.012}, 'ldm_params': {'down_channels': [128, 256, 384, 512], 'mid_channels': [512, 384], 'down_sample': [True, True, True], 'attn_down': [True, True, True], 'time_emb_dim': 512, 'norm_channels': 32, 'num_heads': 8, 'conv_out_channels': 128, 'num_down_layers': 1, 'num_mid_layers': 2, 'num_up_layers': 1, 'condition_config': {'condition_types': ['text'], 'text_condition_config': {'text_embed_model': 'clip', 'train_text_embed_model': False, 'text_embed_dim': 512, 'cond_drop_prob': 0.1}, 'image_condition_config': {'image_condition_input_channels': 1, 'image_condition_output_channels': 1, 'image_condition_h': 120, 'image_condition_w': 120, 'cond_drop_prob': 0.1}}}, 'autoencoder_params': {'z_channels': 1, 'codebook_size': 8192, 'down_channels': [64, 128, 256, 256], 'mid_channels': [256, 256], 'down_sample': [True, True, True], 'attn_down': [False, False, False], 'norm_channels': 32, 'num_heads': 4, 'num_down_layers': 2, 'num_mid_layers': 2, 'num_up_layers': 2}, 'train_params': {'seed': 142857, 'task_name': 'icd2fc', 'ldm_batch_size': 1536, 'autoencoder_batch_size': 64, 'disc_start': 15000, 'disc_weight': 0, 'codebook_weight': 1, 'commitment_beta': 0.2, 'perceptual_weight': 1, 'kl_weight': 5e-06, 'ldm_epochs': 10000, 'autoencoder_epochs': 200, 'num_samples': 1, 'num_grid_rows': 1, 'ldm_lr': 5e-05, 'autoencoder_lr': 1e-05, 'autoencoder_acc_steps': 4, 'autoencoder_img_save_steps': 64, 'save_latents': True, 'cf_guidance_scale': 1.0, 'vae_latent_dir_name': 'vae_latents', 'vqvae_latent_dir_name': 'vqvae_latents', 'ldm_ckpt_name': 'ddpm_ckpt_text_image_cond_clip.pth', 'vqvae_autoencoder_ckpt_name': 'vqvae_autoencoder_ckpt.pth', 'vae_autoencoder_ckpt_name': 'vae_autoencoder_ckpt.pth', 'vqvae_discriminator_ckpt_name': 'vqvae_discriminator_ckpt.pth', 'vae_discriminator_ckpt_name': 'vae_discriminator_ckpt.pth'}}
['hariri', 'rest']
['hariri', 'rest']
['hariri', 'rest']
['hariri', 'rest']
Found 17932 latents
Found 17932 latents
Found 17932 latents
Found 17932 latents
['hariri', 'rest']
['hariri', 'rest']
['hariri', 'rest']
Found 4485 latents
['hariri', 'rest']
Found 4485 latents
Found 4485 latents
Found 4485 latents
2026-01-10 00:51:00.220062 | Epoch:1 | LR: 0.0000060 | Loss : 3.9654 | Val loss: 3.7514
Warning: The cache directory for DeepSpeed Triton autotune, /export_home/ziquanw/.triton/autotune, appears to be on an NFS system. While this is generally acceptable, if you experience slowdowns or hanging when DeepSpeed exits, it is recommended to set the TRITON_CACHE_DIR environment variable to a non-NFS path.
Warning: The cache directory for DeepSpeed Triton autotune, /export_home/ziquanw/.triton/autotune, appears to be on an NFS system. While this is generally acceptable, if you experience slowdowns or hanging when DeepSpeed exits, it is recommended to set the TRITON_CACHE_DIR environment variable to a non-NFS path.
Warning: The cache directory for DeepSpeed Triton autotune, /export_home/ziquanw/.triton/autotune, appears to be on an NFS system. While this is generally acceptable, if you experience slowdowns or hanging when DeepSpeed exits, it is recommended to set the TRITON_CACHE_DIR environment variable to a non-NFS path.
Warning: The cache directory for DeepSpeed Triton autotune, /export_home/ziquanw/.triton/autotune, appears to be on an NFS system. While this is generally acceptable, if you experience slowdowns or hanging when DeepSpeed exits, it is recommended to set the TRITON_CACHE_DIR environment variable to a non-NFS path.
2026-01-10 00:51:06.201195 | Epoch:2 | LR: 0.0000120 | Loss : 3.4938 | Val loss: 2.9292
2026-01-10 00:51:10.593861 | Epoch:3 | LR: 0.0000180 | Loss : 2.6642 | Val loss: 2.2334
2026-01-10 00:51:14.822318 | Epoch:4 | LR: 0.0000240 | Loss : 2.1637 | Val loss: 2.1260
2026-01-10 00:51:19.176919 | Epoch:5 | LR: 0.0000300 | Loss : 2.1703 | Val loss: 2.2194
2026-01-10 00:51:23.362438 | Epoch:6 | LR: 0.0000360 | Loss : 2.2314 | Val loss: 2.1116
2026-01-10 00:51:27.545048 | Epoch:7 | LR: 0.0000420 | Loss : 2.0646 | Val loss: 1.9345
2026-01-10 00:51:31.694293 | Epoch:8 | LR: 0.0000480 | Loss : 1.8823 | Val loss: 1.7861
2026-01-10 00:51:35.803205 | Epoch:9 | LR: 0.0000500 | Loss : 1.7511 | Val loss: 1.6753
2026-01-10 00:51:39.948058 | Epoch:10 | LR: 0.0000500 | Loss : 1.6348 | Val loss: 1.5753
2026-01-10 00:51:44.082424 | Epoch:11 | LR: 0.0000500 | Loss : 1.5605 | Val loss: 1.4951
2026-01-10 00:51:48.234906 | Epoch:12 | LR: 0.0000500 | Loss : 1.4772 | Val loss: 1.4506
2026-01-10 00:51:52.360712 | Epoch:13 | LR: 0.0000500 | Loss : 1.4262 | Val loss: 1.3974
2026-01-10 00:51:56.506342 | Epoch:14 | LR: 0.0000500 | Loss : 1.3778 | Val loss: 1.3346
2026-01-10 00:52:00.673904 | Epoch:15 | LR: 0.0000500 | Loss : 1.3175 | Val loss: 1.2771
2026-01-10 00:52:04.920804 | Epoch:16 | LR: 0.0000500 | Loss : 1.2571 | Val loss: 1.2273
2026-01-10 00:52:09.097089 | Epoch:17 | LR: 0.0000500 | Loss : 1.2311 | Val loss: 1.2099
2026-01-10 00:52:13.260684 | Epoch:18 | LR: 0.0000500 | Loss : 1.1992 | Val loss: 1.1751
2026-01-10 00:52:17.461087 | Epoch:19 | LR: 0.0000500 | Loss : 1.1599 | Val loss: 1.1277
2026-01-10 00:52:21.890906 | Epoch:20 | LR: 0.0000500 | Loss : 1.1237 | Val loss: 1.0987
2026-01-10 00:52:26.086010 | Epoch:21 | LR: 0.0000500 | Loss : 1.0927 | Val loss: 1.0644
2026-01-10 00:52:30.320520 | Epoch:22 | LR: 0.0000500 | Loss : 1.0638 | Val loss: 1.0351
2026-01-10 00:52:34.471092 | Epoch:23 | LR: 0.0000500 | Loss : 1.0356 | Val loss: 1.0129
2026-01-10 00:52:38.743682 | Epoch:24 | LR: 0.0000500 | Loss : 1.0057 | Val loss: 0.9864
2026-01-10 00:52:42.889784 | Epoch:25 | LR: 0.0000500 | Loss : 0.9741 | Val loss: 0.9546
2026-01-10 00:52:47.035548 | Epoch:26 | LR: 0.0000500 | Loss : 0.9428 | Val loss: 0.9299
2026-01-10 00:52:51.223881 | Epoch:27 | LR: 0.0000500 | Loss : 0.9143 | Val loss: 0.8897
2026-01-10 00:52:55.420906 | Epoch:28 | LR: 0.0000500 | Loss : 0.8897 | Val loss: 0.8822
2026-01-10 00:52:59.675759 | Epoch:29 | LR: 0.0000500 | Loss : 0.8630 | Val loss: 0.8450
2026-01-10 00:53:03.950999 | Epoch:30 | LR: 0.0000500 | Loss : 0.8408 | Val loss: 0.8286
2026-01-10 00:53:08.224181 | Epoch:31 | LR: 0.0000500 | Loss : 0.8117 | Val loss: 0.7953
2026-01-10 00:53:12.431244 | Epoch:32 | LR: 0.0000500 | Loss : 0.7864 | Val loss: 0.7630
2026-01-10 00:53:16.652150 | Epoch:33 | LR: 0.0000500 | Loss : 0.7603 | Val loss: 0.7355
2026-01-10 00:53:20.890609 | Epoch:34 | LR: 0.0000500 | Loss : 0.7344 | Val loss: 0.7203
2026-01-10 00:53:25.106412 | Epoch:35 | LR: 0.0000500 | Loss : 0.7084 | Val loss: 0.6967
2026-01-10 00:53:29.295998 | Epoch:36 | LR: 0.0000500 | Loss : 0.6872 | Val loss: 0.6660
2026-01-10 00:53:33.562672 | Epoch:37 | LR: 0.0000500 | Loss : 0.6712 | Val loss: 0.6549
2026-01-10 00:53:38.139066 | Epoch:38 | LR: 0.0000500 | Loss : 0.6522 | Val loss: 0.6331
2026-01-10 00:53:42.336555 | Epoch:39 | LR: 0.0000500 | Loss : 0.6330 | Val loss: 0.6225
2026-01-10 00:53:46.513072 | Epoch:40 | LR: 0.0000500 | Loss : 0.6183 | Val loss: 0.6081
2026-01-10 00:53:50.629027 | Epoch:41 | LR: 0.0000500 | Loss : 0.6058 | Val loss: 0.5930
2026-01-10 00:53:54.782218 | Epoch:42 | LR: 0.0000500 | Loss : 0.5899 | Val loss: 0.5814
2026-01-10 00:53:58.957119 | Epoch:43 | LR: 0.0000500 | Loss : 0.5785 | Val loss: 0.5664
2026-01-10 00:54:03.165973 | Epoch:44 | LR: 0.0000500 | Loss : 0.5660 | Val loss: 0.5551
2026-01-10 00:54:07.416460 | Epoch:45 | LR: 0.0000500 | Loss : 0.5579 | Val loss: 0.5472
2026-01-10 00:54:11.635467 | Epoch:46 | LR: 0.0000500 | Loss : 0.5471 | Val loss: 0.5355
2026-01-10 00:54:15.836741 | Epoch:47 | LR: 0.0000500 | Loss : 0.5363 | Val loss: 0.5305
2026-01-10 00:54:20.007737 | Epoch:48 | LR: 0.0000500 | Loss : 0.5243 | Val loss: 0.5201
2026-01-10 00:54:24.163766 | Epoch:49 | LR: 0.0000500 | Loss : 0.5163 | Val loss: 0.5147
2026-01-10 00:54:28.343732 | Epoch:50 | LR: 0.0000500 | Loss : 0.5036 | Val loss: 0.4984
2026-01-10 00:54:32.586358 | Epoch:51 | LR: 0.0000500 | Loss : 0.5001 | Val loss: 0.4896
2026-01-10 00:54:36.771121 | Epoch:52 | LR: 0.0000500 | Loss : 0.4868 | Val loss: 0.4831
2026-01-10 00:54:41.018692 | Epoch:53 | LR: 0.0000500 | Loss : 0.4825 | Val loss: 0.4733
2026-01-10 00:54:45.337421 | Epoch:54 | LR: 0.0000500 | Loss : 0.4745 | Val loss: 0.4647
2026-01-10 00:54:49.505230 | Epoch:55 | LR: 0.0000500 | Loss : 0.4614 | Val loss: 0.4633
2026-01-10 00:54:53.690756 | Epoch:56 | LR: 0.0000500 | Loss : 0.4595 | Val loss: 0.4532
2026-01-10 00:54:57.853975 | Epoch:57 | LR: 0.0000500 | Loss : 0.4488 | Val loss: 0.4428
2026-01-10 00:55:02.056120 | Epoch:58 | LR: 0.0000500 | Loss : 0.4438 | Val loss: 0.4356
2026-01-10 00:55:06.240726 | Epoch:59 | LR: 0.0000499 | Loss : 0.4352 | Val loss: 0.4288
2026-01-10 00:55:10.435850 | Epoch:60 | LR: 0.0000499 | Loss : 0.4296 | Val loss: 0.4229
2026-01-10 00:55:14.642409 | Epoch:61 | LR: 0.0000499 | Loss : 0.4246 | Val loss: 0.4155
2026-01-10 00:55:18.876123 | Epoch:62 | LR: 0.0000499 | Loss : 0.4184 | Val loss: 0.4116
2026-01-10 00:55:23.089841 | Epoch:63 | LR: 0.0000499 | Loss : 0.4063 | Val loss: 0.4104
2026-01-10 00:55:27.276086 | Epoch:64 | LR: 0.0000499 | Loss : 0.4030 | Val loss: 0.3977
2026-01-10 00:55:31.426192 | Epoch:65 | LR: 0.0000499 | Loss : 0.3989 | Val loss: 0.3923
2026-01-10 00:55:35.617662 | Epoch:66 | LR: 0.0000499 | Loss : 0.3919 | Val loss: 0.3898
2026-01-10 00:55:39.816048 | Epoch:67 | LR: 0.0000499 | Loss : 0.3891 | Val loss: 0.3844
2026-01-10 00:55:44.018483 | Epoch:68 | LR: 0.0000499 | Loss : 0.3821 | Val loss: 0.3759
2026-01-10 00:55:48.264473 | Epoch:69 | LR: 0.0000499 | Loss : 0.3761 | Val loss: 0.3710
2026-01-10 00:55:52.479541 | Epoch:70 | LR: 0.0000499 | Loss : 0.3669 | Val loss: 0.3678
2026-01-10 00:55:56.692495 | Epoch:71 | LR: 0.0000499 | Loss : 0.3664 | Val loss: 0.3624
2026-01-10 00:56:00.854725 | Epoch:72 | LR: 0.0000499 | Loss : 0.3646 | Val loss: 0.3602
2026-01-10 00:56:05.033521 | Epoch:73 | LR: 0.0000499 | Loss : 0.3574 | Val loss: 0.3559
2026-01-10 00:56:09.205851 | Epoch:74 | LR: 0.0000499 | Loss : 0.3553 | Val loss: 0.3457
2026-01-10 00:56:13.386167 | Epoch:75 | LR: 0.0000499 | Loss : 0.3465 | Val loss: 0.3463
2026-01-10 00:56:17.603654 | Epoch:76 | LR: 0.0000499 | Loss : 0.3450 | Val loss: 0.3339
2026-01-10 00:56:21.823774 | Epoch:77 | LR: 0.0000499 | Loss : 0.3358 | Val loss: 0.3355
2026-01-10 00:56:26.312468 | Epoch:78 | LR: 0.0000499 | Loss : 0.3351 | Val loss: 0.3351
2026-01-10 00:56:30.525505 | Epoch:79 | LR: 0.0000499 | Loss : 0.3315 | Val loss: 0.3265
2026-01-10 00:56:34.743594 | Epoch:80 | LR: 0.0000499 | Loss : 0.3294 | Val loss: 0.3238
2026-01-10 00:56:38.934378 | Epoch:81 | LR: 0.0000499 | Loss : 0.3236 | Val loss: 0.3154
2026-01-10 00:56:43.190576 | Epoch:82 | LR: 0.0000499 | Loss : 0.3238 | Val loss: 0.3183
2026-01-10 00:56:47.447992 | Epoch:83 | LR: 0.0000499 | Loss : 0.3142 | Val loss: 0.3176
2026-01-10 00:56:51.687360 | Epoch:84 | LR: 0.0000499 | Loss : 0.3118 | Val loss: 0.3046
2026-01-10 00:56:56.046218 | Epoch:85 | LR: 0.0000499 | Loss : 0.3154 | Val loss: 0.3073
2026-01-10 00:57:00.257696 | Epoch:86 | LR: 0.0000499 | Loss : 0.3067 | Val loss: 0.3025
2026-01-10 00:57:04.417911 | Epoch:87 | LR: 0.0000499 | Loss : 0.3024 | Val loss: 0.3022
2026-01-10 00:57:08.575573 | Epoch:88 | LR: 0.0000499 | Loss : 0.3022 | Val loss: 0.2977
2026-01-10 00:57:12.754155 | Epoch:89 | LR: 0.0000499 | Loss : 0.2934 | Val loss: 0.2916
2026-01-10 00:57:16.976653 | Epoch:90 | LR: 0.0000499 | Loss : 0.2973 | Val loss: 0.2876
2026-01-10 00:57:21.160226 | Epoch:91 | LR: 0.0000499 | Loss : 0.2930 | Val loss: 0.2790
2026-01-10 00:57:25.369669 | Epoch:92 | LR: 0.0000499 | Loss : 0.2898 | Val loss: 0.2798
2026-01-10 00:57:29.567364 | Epoch:93 | LR: 0.0000499 | Loss : 0.2870 | Val loss: 0.2914
2026-01-10 00:57:33.857758 | Epoch:94 | LR: 0.0000499 | Loss : 0.2821 | Val loss: 0.2797
2026-01-10 00:57:38.039610 | Epoch:95 | LR: 0.0000499 | Loss : 0.2814 | Val loss: 0.2782
2026-01-10 00:57:42.244118 | Epoch:96 | LR: 0.0000498 | Loss : 0.2774 | Val loss: 0.2700
2026-01-10 00:57:46.471333 | Epoch:97 | LR: 0.0000498 | Loss : 0.2762 | Val loss: 0.2720
2026-01-10 00:57:50.696383 | Epoch:98 | LR: 0.0000498 | Loss : 0.2717 | Val loss: 0.2689
2026-01-10 00:57:54.911268 | Epoch:99 | LR: 0.0000498 | Loss : 0.2672 | Val loss: 0.2680
2026-01-10 00:57:59.178029 | Epoch:100 | LR: 0.0000498 | Loss : 0.2648 | Val loss: 0.2706
2026-01-10 00:58:03.503549 | Epoch:101 | LR: 0.0000498 | Loss : 0.2643 | Val loss: 0.2588
2026-01-10 00:58:08.772448 | Epoch:102 | LR: 0.0000498 | Loss : 0.2654 | Val loss: 0.2676
2026-01-10 00:58:13.192526 | Epoch:103 | LR: 0.0000498 | Loss : 0.2639 | Val loss: 0.2604
2026-01-10 00:58:17.368600 | Epoch:104 | LR: 0.0000498 | Loss : 0.2553 | Val loss: 0.2559
2026-01-10 00:58:21.589648 | Epoch:105 | LR: 0.0000498 | Loss : 0.2515 | Val loss: 0.2541
2026-01-10 00:58:25.817309 | Epoch:106 | LR: 0.0000498 | Loss : 0.2562 | Val loss: 0.2506
2026-01-10 00:58:29.998255 | Epoch:107 | LR: 0.0000498 | Loss : 0.2532 | Val loss: 0.2489
2026-01-10 00:58:34.187513 | Epoch:108 | LR: 0.0000498 | Loss : 0.2530 | Val loss: 0.2493
2026-01-10 00:58:38.377869 | Epoch:109 | LR: 0.0000498 | Loss : 0.2532 | Val loss: 0.2531
2026-01-10 00:58:42.550916 | Epoch:110 | LR: 0.0000498 | Loss : 0.2459 | Val loss: 0.2411
2026-01-10 00:58:46.732539 | Epoch:111 | LR: 0.0000498 | Loss : 0.2451 | Val loss: 0.2458
2026-01-10 00:58:50.883273 | Epoch:112 | LR: 0.0000498 | Loss : 0.2453 | Val loss: 0.2489
2026-01-10 00:58:55.067865 | Epoch:113 | LR: 0.0000498 | Loss : 0.2396 | Val loss: 0.2409
2026-01-10 00:58:59.341003 | Epoch:114 | LR: 0.0000498 | Loss : 0.2401 | Val loss: 0.2348
2026-01-10 00:59:03.639094 | Epoch:115 | LR: 0.0000498 | Loss : 0.2382 | Val loss: 0.2328
2026-01-10 00:59:07.926066 | Epoch:116 | LR: 0.0000498 | Loss : 0.2370 | Val loss: 0.2351
2026-01-10 00:59:12.164009 | Epoch:117 | LR: 0.0000498 | Loss : 0.2370 | Val loss: 0.2332
2026-01-10 00:59:16.300204 | Epoch:118 | LR: 0.0000498 | Loss : 0.2347 | Val loss: 0.2328
2026-01-10 00:59:20.399371 | Epoch:119 | LR: 0.0000498 | Loss : 0.2275 | Val loss: 0.2208
2026-01-10 00:59:24.645211 | Epoch:120 | LR: 0.0000498 | Loss : 0.2289 | Val loss: 0.2307
2026-01-10 00:59:28.802455 | Epoch:121 | LR: 0.0000497 | Loss : 0.2274 | Val loss: 0.2294
2026-01-10 00:59:32.988080 | Epoch:122 | LR: 0.0000497 | Loss : 0.2267 | Val loss: 0.2291
2026-01-10 00:59:37.207111 | Epoch:123 | LR: 0.0000497 | Loss : 0.2269 | Val loss: 0.2314
2026-01-10 00:59:41.430764 | Epoch:124 | LR: 0.0000497 | Loss : 0.2298 | Val loss: 0.2239
2026-01-10 00:59:45.665380 | Epoch:125 | LR: 0.0000497 | Loss : 0.2249 | Val loss: 0.2134
2026-01-10 00:59:49.902052 | Epoch:126 | LR: 0.0000497 | Loss : 0.2228 | Val loss: 0.2118
2026-01-10 00:59:54.091604 | Epoch:127 | LR: 0.0000497 | Loss : 0.2235 | Val loss: 0.2226
2026-01-10 00:59:58.256752 | Epoch:128 | LR: 0.0000497 | Loss : 0.2203 | Val loss: 0.2193
2026-01-10 01:00:02.400318 | Epoch:129 | LR: 0.0000497 | Loss : 0.2191 | Val loss: 0.2215
2026-01-10 01:00:06.633520 | Epoch:130 | LR: 0.0000497 | Loss : 0.2158 | Val loss: 0.2146
2026-01-10 01:00:10.900115 | Epoch:131 | LR: 0.0000497 | Loss : 0.2157 | Val loss: 0.2158
2026-01-10 01:00:15.152654 | Epoch:132 | LR: 0.0000497 | Loss : 0.2105 | Val loss: 0.2166
2026-01-10 01:00:19.606543 | Epoch:133 | LR: 0.0000497 | Loss : 0.2148 | Val loss: 0.2090
2026-01-10 01:00:23.797500 | Epoch:134 | LR: 0.0000497 | Loss : 0.2104 | Val loss: 0.2146
2026-01-10 01:00:27.925226 | Epoch:135 | LR: 0.0000497 | Loss : 0.2147 | Val loss: 0.2078
2026-01-10 01:00:32.099228 | Epoch:136 | LR: 0.0000497 | Loss : 0.2117 | Val loss: 0.2008
2026-01-10 01:00:36.298971 | Epoch:137 | LR: 0.0000497 | Loss : 0.2112 | Val loss: 0.2038
2026-01-10 01:00:40.483930 | Epoch:138 | LR: 0.0000497 | Loss : 0.2064 | Val loss: 0.2054
2026-01-10 01:00:44.666299 | Epoch:139 | LR: 0.0000497 | Loss : 0.2019 | Val loss: 0.2093
2026-01-10 01:00:48.881337 | Epoch:140 | LR: 0.0000497 | Loss : 0.2060 | Val loss: 0.2086
2026-01-10 01:00:53.101663 | Epoch:141 | LR: 0.0000497 | Loss : 0.2083 | Val loss: 0.2050
2026-01-10 01:00:57.327045 | Epoch:142 | LR: 0.0000496 | Loss : 0.2029 | Val loss: 0.1994
2026-01-10 01:01:01.534934 | Epoch:143 | LR: 0.0000496 | Loss : 0.1993 | Val loss: 0.2044
2026-01-10 01:01:05.757331 | Epoch:144 | LR: 0.0000496 | Loss : 0.2037 | Val loss: 0.2009
2026-01-10 01:01:10.260347 | Epoch:145 | LR: 0.0000496 | Loss : 0.2014 | Val loss: 0.1918
2026-01-10 01:01:14.589865 | Epoch:146 | LR: 0.0000496 | Loss : 0.1995 | Val loss: 0.1997
2026-01-10 01:01:18.805977 | Epoch:147 | LR: 0.0000496 | Loss : 0.1999 | Val loss: 0.1926
2026-01-10 01:01:23.064346 | Epoch:148 | LR: 0.0000496 | Loss : 0.1981 | Val loss: 0.1959
2026-01-10 01:01:27.202367 | Epoch:149 | LR: 0.0000496 | Loss : 0.1990 | Val loss: 0.1955
2026-01-10 01:01:31.293654 | Epoch:150 | LR: 0.0000496 | Loss : 0.1954 | Val loss: 0.1938
2026-01-10 01:01:35.445538 | Epoch:151 | LR: 0.0000496 | Loss : 0.1945 | Val loss: 0.1910
2026-01-10 01:01:39.599809 | Epoch:152 | LR: 0.0000496 | Loss : 0.1930 | Val loss: 0.1909
2026-01-10 01:01:43.821927 | Epoch:153 | LR: 0.0000496 | Loss : 0.1959 | Val loss: 0.1923
2026-01-10 01:01:48.013543 | Epoch:154 | LR: 0.0000496 | Loss : 0.1876 | Val loss: 0.1909
2026-01-10 01:01:52.250998 | Epoch:155 | LR: 0.0000496 | Loss : 0.1943 | Val loss: 0.1893
2026-01-10 01:01:56.487049 | Epoch:156 | LR: 0.0000496 | Loss : 0.1904 | Val loss: 0.1961
2026-01-10 01:02:00.711923 | Epoch:157 | LR: 0.0000496 | Loss : 0.1899 | Val loss: 0.1930
2026-01-10 01:02:04.896348 | Epoch:158 | LR: 0.0000496 | Loss : 0.1878 | Val loss: 0.1882
2026-01-10 01:02:09.099964 | Epoch:159 | LR: 0.0000496 | Loss : 0.1866 | Val loss: 0.1889
2026-01-10 01:02:13.352613 | Epoch:160 | LR: 0.0000495 | Loss : 0.1807 | Val loss: 0.1907
2026-01-10 01:02:17.589867 | Epoch:161 | LR: 0.0000495 | Loss : 0.1871 | Val loss: 0.1901
2026-01-10 01:02:21.860770 | Epoch:162 | LR: 0.0000495 | Loss : 0.1909 | Val loss: 0.1947
2026-01-10 01:02:26.142246 | Epoch:163 | LR: 0.0000495 | Loss : 0.1883 | Val loss: 0.1788
2026-01-10 01:02:30.320559 | Epoch:164 | LR: 0.0000495 | Loss : 0.1850 | Val loss: 0.1831
2026-01-10 01:02:34.464685 | Epoch:165 | LR: 0.0000495 | Loss : 0.1811 | Val loss: 0.1835
2026-01-10 01:02:38.593949 | Epoch:166 | LR: 0.0000495 | Loss : 0.1825 | Val loss: 0.1839
2026-01-10 01:02:42.748267 | Epoch:167 | LR: 0.0000495 | Loss : 0.1779 | Val loss: 0.1928
2026-01-10 01:02:46.914283 | Epoch:168 | LR: 0.0000495 | Loss : 0.1809 | Val loss: 0.1862
2026-01-10 01:02:51.114209 | Epoch:169 | LR: 0.0000495 | Loss : 0.1806 | Val loss: 0.1742
2026-01-10 01:02:55.316211 | Epoch:170 | LR: 0.0000495 | Loss : 0.1787 | Val loss: 0.1793
2026-01-10 01:02:59.506338 | Epoch:171 | LR: 0.0000495 | Loss : 0.1810 | Val loss: 0.1796
2026-01-10 01:03:03.685217 | Epoch:172 | LR: 0.0000495 | Loss : 0.1789 | Val loss: 0.1875
2026-01-10 01:03:07.859970 | Epoch:173 | LR: 0.0000495 | Loss : 0.1824 | Val loss: 0.1779
2026-01-10 01:03:12.016812 | Epoch:174 | LR: 0.0000495 | Loss : 0.1770 | Val loss: 0.1731
2026-01-10 01:03:16.261178 | Epoch:175 | LR: 0.0000495 | Loss : 0.1793 | Val loss: 0.1761
2026-01-10 01:03:20.431508 | Epoch:176 | LR: 0.0000494 | Loss : 0.1782 | Val loss: 0.1828
2026-01-10 01:03:24.706091 | Epoch:177 | LR: 0.0000494 | Loss : 0.1769 | Val loss: 0.1743
2026-01-10 01:03:28.953930 | Epoch:178 | LR: 0.0000494 | Loss : 0.1759 | Val loss: 0.1708
2026-01-10 01:03:33.170784 | Epoch:179 | LR: 0.0000494 | Loss : 0.1749 | Val loss: 0.1749
2026-01-10 01:03:37.307475 | Epoch:180 | LR: 0.0000494 | Loss : 0.1737 | Val loss: 0.1753
2026-01-10 01:03:41.450457 | Epoch:181 | LR: 0.0000494 | Loss : 0.1732 | Val loss: 0.1742
2026-01-10 01:03:45.589921 | Epoch:182 | LR: 0.0000494 | Loss : 0.1732 | Val loss: 0.1727
2026-01-10 01:03:49.778589 | Epoch:183 | LR: 0.0000494 | Loss : 0.1676 | Val loss: 0.1697
2026-01-10 01:03:53.955862 | Epoch:184 | LR: 0.0000494 | Loss : 0.1722 | Val loss: 0.1687
2026-01-10 01:03:58.139726 | Epoch:185 | LR: 0.0000494 | Loss : 0.1721 | Val loss: 0.1764
2026-01-10 01:04:02.305049 | Epoch:186 | LR: 0.0000494 | Loss : 0.1755 | Val loss: 0.1667
2026-01-10 01:04:06.482061 | Epoch:187 | LR: 0.0000494 | Loss : 0.1719 | Val loss: 0.1748
2026-01-10 01:04:10.686449 | Epoch:188 | LR: 0.0000494 | Loss : 0.1693 | Val loss: 0.1598
2026-01-10 01:04:14.893421 | Epoch:189 | LR: 0.0000494 | Loss : 0.1693 | Val loss: 0.1753
2026-01-10 01:04:19.079114 | Epoch:190 | LR: 0.0000493 | Loss : 0.1710 | Val loss: 0.1712
2026-01-10 01:04:23.267204 | Epoch:191 | LR: 0.0000493 | Loss : 0.1735 | Val loss: 0.1666
2026-01-10 01:04:27.728818 | Epoch:192 | LR: 0.0000493 | Loss : 0.1683 | Val loss: 0.1710
2026-01-10 01:04:31.993766 | Epoch:193 | LR: 0.0000493 | Loss : 0.1661 | Val loss: 0.1661
2026-01-10 01:04:36.286387 | Epoch:194 | LR: 0.0000493 | Loss : 0.1640 | Val loss: 0.1687
2026-01-10 01:04:40.422710 | Epoch:195 | LR: 0.0000493 | Loss : 0.1663 | Val loss: 0.1675
2026-01-10 01:04:44.540868 | Epoch:196 | LR: 0.0000493 | Loss : 0.1636 | Val loss: 0.1650
2026-01-10 01:04:48.778987 | Epoch:197 | LR: 0.0000493 | Loss : 0.1718 | Val loss: 0.1609
2026-01-10 01:04:52.947779 | Epoch:198 | LR: 0.0000493 | Loss : 0.1658 | Val loss: 0.1604
2026-01-10 01:04:57.211524 | Epoch:199 | LR: 0.0000493 | Loss : 0.1649 | Val loss: 0.1627
2026-01-10 01:05:01.406662 | Epoch:200 | LR: 0.0000493 | Loss : 0.1673 | Val loss: 0.1751
2026-01-10 01:05:05.607301 | Epoch:201 | LR: 0.0000493 | Loss : 0.1638 | Val loss: 0.1721
2026-01-10 01:05:09.812356 | Epoch:202 | LR: 0.0000493 | Loss : 0.1618 | Val loss: 0.1680
2026-01-10 01:05:15.087744 | Epoch:203 | LR: 0.0000493 | Loss : 0.1601 | Val loss: 0.1661
2026-01-10 01:05:19.235935 | Epoch:204 | LR: 0.0000492 | Loss : 0.1589 | Val loss: 0.1600
2026-01-10 01:05:23.396950 | Epoch:205 | LR: 0.0000492 | Loss : 0.1596 | Val loss: 0.1551
2026-01-10 01:05:27.629216 | Epoch:206 | LR: 0.0000492 | Loss : 0.1568 | Val loss: 0.1638
2026-01-10 01:05:31.849033 | Epoch:207 | LR: 0.0000492 | Loss : 0.1578 | Val loss: 0.1529
2026-01-10 01:05:36.092227 | Epoch:208 | LR: 0.0000492 | Loss : 0.1604 | Val loss: 0.1628
2026-01-10 01:05:40.327687 | Epoch:209 | LR: 0.0000492 | Loss : 0.1597 | Val loss: 0.1595
2026-01-10 01:05:44.772374 | Epoch:210 | LR: 0.0000492 | Loss : 0.1595 | Val loss: 0.1613
2026-01-10 01:05:48.869155 | Epoch:211 | LR: 0.0000492 | Loss : 0.1573 | Val loss: 0.1550
2026-01-10 01:05:53.038410 | Epoch:212 | LR: 0.0000492 | Loss : 0.1570 | Val loss: 0.1642
2026-01-10 01:05:57.187634 | Epoch:213 | LR: 0.0000492 | Loss : 0.1583 | Val loss: 0.1572
2026-01-10 01:06:01.352935 | Epoch:214 | LR: 0.0000492 | Loss : 0.1572 | Val loss: 0.1528
2026-01-10 01:06:05.529432 | Epoch:215 | LR: 0.0000492 | Loss : 0.1580 | Val loss: 0.1594
2026-01-10 01:06:09.687690 | Epoch:216 | LR: 0.0000491 | Loss : 0.1545 | Val loss: 0.1581
2026-01-10 01:06:13.926727 | Epoch:217 | LR: 0.0000491 | Loss : 0.1565 | Val loss: 0.1593
2026-01-10 01:06:18.148558 | Epoch:218 | LR: 0.0000491 | Loss : 0.1573 | Val loss: 0.1543
2026-01-10 01:06:22.364069 | Epoch:219 | LR: 0.0000491 | Loss : 0.1579 | Val loss: 0.1537
2026-01-10 01:06:26.582342 | Epoch:220 | LR: 0.0000491 | Loss : 0.1559 | Val loss: 0.1511
2026-01-10 01:06:30.848112 | Epoch:221 | LR: 0.0000491 | Loss : 0.1558 | Val loss: 0.1504
2026-01-10 01:06:35.063655 | Epoch:222 | LR: 0.0000491 | Loss : 0.1513 | Val loss: 0.1537
2026-01-10 01:06:39.201568 | Epoch:223 | LR: 0.0000491 | Loss : 0.1544 | Val loss: 0.1587
2026-01-10 01:06:43.338600 | Epoch:224 | LR: 0.0000491 | Loss : 0.1562 | Val loss: 0.1571
2026-01-10 01:06:47.543947 | Epoch:225 | LR: 0.0000491 | Loss : 0.1551 | Val loss: 0.1467
2026-01-10 01:06:51.711744 | Epoch:226 | LR: 0.0000491 | Loss : 0.1564 | Val loss: 0.1563
2026-01-10 01:06:55.848628 | Epoch:227 | LR: 0.0000491 | Loss : 0.1549 | Val loss: 0.1503
2026-01-10 01:07:00.059045 | Epoch:228 | LR: 0.0000490 | Loss : 0.1551 | Val loss: 0.1518
2026-01-10 01:07:04.304178 | Epoch:229 | LR: 0.0000490 | Loss : 0.1521 | Val loss: 0.1521
2026-01-10 01:07:08.495239 | Epoch:230 | LR: 0.0000490 | Loss : 0.1545 | Val loss: 0.1562
2026-01-10 01:07:12.690723 | Epoch:231 | LR: 0.0000490 | Loss : 0.1500 | Val loss: 0.1566
2026-01-10 01:07:16.897776 | Epoch:232 | LR: 0.0000490 | Loss : 0.1506 | Val loss: 0.1529
2026-01-10 01:07:21.107510 | Epoch:233 | LR: 0.0000490 | Loss : 0.1534 | Val loss: 0.1484
2026-01-10 01:07:25.300476 | Epoch:234 | LR: 0.0000490 | Loss : 0.1478 | Val loss: 0.1466
2026-01-10 01:07:29.438125 | Epoch:235 | LR: 0.0000490 | Loss : 0.1465 | Val loss: 0.1490
2026-01-10 01:07:33.635533 | Epoch:236 | LR: 0.0000490 | Loss : 0.1493 | Val loss: 0.1498
2026-01-10 01:07:37.808895 | Epoch:237 | LR: 0.0000490 | Loss : 0.1543 | Val loss: 0.1425
2026-01-10 01:07:42.106089 | Epoch:238 | LR: 0.0000490 | Loss : 0.1509 | Val loss: 0.1513
2026-01-10 01:07:46.308532 | Epoch:239 | LR: 0.0000490 | Loss : 0.1491 | Val loss: 0.1489
2026-01-10 01:07:50.510241 | Epoch:240 | LR: 0.0000489 | Loss : 0.1467 | Val loss: 0.1484
2026-01-10 01:07:54.625709 | Epoch:241 | LR: 0.0000489 | Loss : 0.1450 | Val loss: 0.1470
2026-01-10 01:07:58.735898 | Epoch:242 | LR: 0.0000489 | Loss : 0.1484 | Val loss: 0.1416
2026-01-10 01:08:02.854613 | Epoch:243 | LR: 0.0000489 | Loss : 0.1487 | Val loss: 0.1513
2026-01-10 01:08:06.989777 | Epoch:244 | LR: 0.0000489 | Loss : 0.1503 | Val loss: 0.1460
2026-01-10 01:08:11.161146 | Epoch:245 | LR: 0.0000489 | Loss : 0.1455 | Val loss: 0.1466
2026-01-10 01:08:15.316296 | Epoch:246 | LR: 0.0000489 | Loss : 0.1473 | Val loss: 0.1518
2026-01-10 01:08:19.482446 | Epoch:247 | LR: 0.0000489 | Loss : 0.1502 | Val loss: 0.1554
2026-01-10 01:08:23.674403 | Epoch:248 | LR: 0.0000489 | Loss : 0.1472 | Val loss: 0.1453
2026-01-10 01:08:27.890748 | Epoch:249 | LR: 0.0000489 | Loss : 0.1475 | Val loss: 0.1451
2026-01-10 01:08:32.073847 | Epoch:250 | LR: 0.0000488 | Loss : 0.1455 | Val loss: 0.1487
2026-01-10 01:08:36.228343 | Epoch:251 | LR: 0.0000488 | Loss : 0.1444 | Val loss: 0.1504
2026-01-10 01:08:40.678566 | Epoch:252 | LR: 0.0000488 | Loss : 0.1478 | Val loss: 0.1461
2026-01-10 01:08:44.917312 | Epoch:253 | LR: 0.0000488 | Loss : 0.1453 | Val loss: 0.1438
2026-01-10 01:08:49.108514 | Epoch:254 | LR: 0.0000488 | Loss : 0.1424 | Val loss: 0.1480
2026-01-10 01:08:53.375093 | Epoch:255 | LR: 0.0000488 | Loss : 0.1457 | Val loss: 0.1413
2026-01-10 01:08:57.856099 | Epoch:256 | LR: 0.0000488 | Loss : 0.1461 | Val loss: 0.1382
2026-01-10 01:09:02.016053 | Epoch:257 | LR: 0.0000488 | Loss : 0.1449 | Val loss: 0.1511
2026-01-10 01:09:06.140918 | Epoch:258 | LR: 0.0000488 | Loss : 0.1463 | Val loss: 0.1447
2026-01-10 01:09:10.297388 | Epoch:259 | LR: 0.0000488 | Loss : 0.1458 | Val loss: 0.1441
2026-01-10 01:09:14.479025 | Epoch:260 | LR: 0.0000488 | Loss : 0.1428 | Val loss: 0.1434
2026-01-10 01:09:18.660477 | Epoch:261 | LR: 0.0000487 | Loss : 0.1413 | Val loss: 0.1430
2026-01-10 01:09:22.847589 | Epoch:262 | LR: 0.0000487 | Loss : 0.1417 | Val loss: 0.1417
2026-01-10 01:09:27.047366 | Epoch:263 | LR: 0.0000487 | Loss : 0.1420 | Val loss: 0.1422
2026-01-10 01:09:31.247742 | Epoch:264 | LR: 0.0000487 | Loss : 0.1402 | Val loss: 0.1401
2026-01-10 01:09:35.471076 | Epoch:265 | LR: 0.0000487 | Loss : 0.1410 | Val loss: 0.1474
2026-01-10 01:09:39.628988 | Epoch:266 | LR: 0.0000487 | Loss : 0.1418 | Val loss: 0.1456
2026-01-10 01:09:43.788425 | Epoch:267 | LR: 0.0000487 | Loss : 0.1421 | Val loss: 0.1372
2026-01-10 01:09:47.996858 | Epoch:268 | LR: 0.0000487 | Loss : 0.1411 | Val loss: 0.1387
2026-01-10 01:09:52.182820 | Epoch:269 | LR: 0.0000487 | Loss : 0.1461 | Val loss: 0.1383
2026-01-10 01:09:56.390851 | Epoch:270 | LR: 0.0000487 | Loss : 0.1378 | Val loss: 0.1376
2026-01-10 01:10:00.651568 | Epoch:271 | LR: 0.0000486 | Loss : 0.1376 | Val loss: 0.1341
2026-01-10 01:10:04.930697 | Epoch:272 | LR: 0.0000486 | Loss : 0.1374 | Val loss: 0.1358
2026-01-10 01:10:09.086190 | Epoch:273 | LR: 0.0000486 | Loss : 0.1386 | Val loss: 0.1361
2026-01-10 01:10:13.212914 | Epoch:274 | LR: 0.0000486 | Loss : 0.1365 | Val loss: 0.1405
2026-01-10 01:10:17.363755 | Epoch:275 | LR: 0.0000486 | Loss : 0.1374 | Val loss: 0.1393
2026-01-10 01:10:21.548067 | Epoch:276 | LR: 0.0000486 | Loss : 0.1349 | Val loss: 0.1321
2026-01-10 01:10:25.744601 | Epoch:277 | LR: 0.0000486 | Loss : 0.1366 | Val loss: 0.1392
2026-01-10 01:10:29.938869 | Epoch:278 | LR: 0.0000486 | Loss : 0.1410 | Val loss: 0.1441
2026-01-10 01:10:34.151196 | Epoch:279 | LR: 0.0000486 | Loss : 0.1410 | Val loss: 0.1318
2026-01-10 01:10:38.367182 | Epoch:280 | LR: 0.0000485 | Loss : 0.1399 | Val loss: 0.1429
2026-01-10 01:10:42.556037 | Epoch:281 | LR: 0.0000485 | Loss : 0.1385 | Val loss: 0.1342
2026-01-10 01:10:46.704540 | Epoch:282 | LR: 0.0000485 | Loss : 0.1349 | Val loss: 0.1369
2026-01-10 01:10:50.845868 | Epoch:283 | LR: 0.0000485 | Loss : 0.1396 | Val loss: 0.1294
2026-01-10 01:10:55.092134 | Epoch:284 | LR: 0.0000485 | Loss : 0.1371 | Val loss: 0.1371
2026-01-10 01:10:59.279973 | Epoch:285 | LR: 0.0000485 | Loss : 0.1357 | Val loss: 0.1395
2026-01-10 01:11:03.475566 | Epoch:286 | LR: 0.0000485 | Loss : 0.1378 | Val loss: 0.1338
2026-01-10 01:11:07.747805 | Epoch:287 | LR: 0.0000485 | Loss : 0.1398 | Val loss: 0.1333
2026-01-10 01:11:11.962078 | Epoch:288 | LR: 0.0000485 | Loss : 0.1366 | Val loss: 0.1347
2026-01-10 01:11:16.108440 | Epoch:289 | LR: 0.0000485 | Loss : 0.1391 | Val loss: 0.1370
2026-01-10 01:11:20.243992 | Epoch:290 | LR: 0.0000484 | Loss : 0.1365 | Val loss: 0.1400
2026-01-10 01:11:24.390269 | Epoch:291 | LR: 0.0000484 | Loss : 0.1387 | Val loss: 0.1332
2026-01-10 01:11:28.586141 | Epoch:292 | LR: 0.0000484 | Loss : 0.1367 | Val loss: 0.1316
2026-01-10 01:11:32.781981 | Epoch:293 | LR: 0.0000484 | Loss : 0.1357 | Val loss: 0.1373
2026-01-10 01:11:37.081907 | Epoch:294 | LR: 0.0000484 | Loss : 0.1320 | Val loss: 0.1303
2026-01-10 01:11:41.309973 | Epoch:295 | LR: 0.0000484 | Loss : 0.1333 | Val loss: 0.1322
2026-01-10 01:11:45.528032 | Epoch:296 | LR: 0.0000484 | Loss : 0.1326 | Val loss: 0.1324
2026-01-10 01:11:49.717320 | Epoch:297 | LR: 0.0000484 | Loss : 0.1365 | Val loss: 0.1366
2026-01-10 01:11:53.877276 | Epoch:298 | LR: 0.0000484 | Loss : 0.1367 | Val loss: 0.1304
2026-01-10 01:11:58.055488 | Epoch:299 | LR: 0.0000483 | Loss : 0.1318 | Val loss: 0.1291
2026-01-10 01:12:02.286902 | Epoch:300 | LR: 0.0000483 | Loss : 0.1361 | Val loss: 0.1389
2026-01-10 01:12:06.476430 | Epoch:301 | LR: 0.0000483 | Loss : 0.1356 | Val loss: 0.1380
2026-01-10 01:12:10.715214 | Epoch:302 | LR: 0.0000483 | Loss : 0.1349 | Val loss: 0.1324
2026-01-10 01:12:15.008069 | Epoch:303 | LR: 0.0000483 | Loss : 0.1338 | Val loss: 0.1312
2026-01-10 01:12:20.355765 | Epoch:304 | LR: 0.0000483 | Loss : 0.1360 | Val loss: 0.1358
2026-01-10 01:12:24.512734 | Epoch:305 | LR: 0.0000483 | Loss : 0.1330 | Val loss: 0.1347
2026-01-10 01:12:28.685855 | Epoch:306 | LR: 0.0000483 | Loss : 0.1379 | Val loss: 0.1354
2026-01-10 01:12:32.857779 | Epoch:307 | LR: 0.0000482 | Loss : 0.1329 | Val loss: 0.1355
2026-01-10 01:12:37.131755 | Epoch:308 | LR: 0.0000482 | Loss : 0.1352 | Val loss: 0.1295
2026-01-10 01:12:41.311466 | Epoch:309 | LR: 0.0000482 | Loss : 0.1342 | Val loss: 0.1382
2026-01-10 01:12:45.519167 | Epoch:310 | LR: 0.0000482 | Loss : 0.1338 | Val loss: 0.1293
2026-01-10 01:12:49.767182 | Epoch:311 | LR: 0.0000482 | Loss : 0.1315 | Val loss: 0.1302
2026-01-10 01:12:53.982928 | Epoch:312 | LR: 0.0000482 | Loss : 0.1345 | Val loss: 0.1280
2026-01-10 01:12:58.145530 | Epoch:313 | LR: 0.0000482 | Loss : 0.1305 | Val loss: 0.1274
2026-01-10 01:13:02.372669 | Epoch:314 | LR: 0.0000482 | Loss : 0.1339 | Val loss: 0.1328
2026-01-10 01:13:06.553004 | Epoch:315 | LR: 0.0000482 | Loss : 0.1241 | Val loss: 0.1317
2026-01-10 01:13:10.993193 | Epoch:316 | LR: 0.0000481 | Loss : 0.1341 | Val loss: 0.1241
2026-01-10 01:13:15.459152 | Epoch:317 | LR: 0.0000481 | Loss : 0.1313 | Val loss: 0.1286
2026-01-10 01:13:19.769570 | Epoch:318 | LR: 0.0000481 | Loss : 0.1260 | Val loss: 0.1246
2026-01-10 01:13:24.038363 | Epoch:319 | LR: 0.0000481 | Loss : 0.1244 | Val loss: 0.1343
2026-01-10 01:13:28.152469 | Epoch:320 | LR: 0.0000481 | Loss : 0.1305 | Val loss: 0.1282
2026-01-10 01:13:32.269886 | Epoch:321 | LR: 0.0000481 | Loss : 0.1335 | Val loss: 0.1262
2026-01-10 01:13:36.389433 | Epoch:322 | LR: 0.0000481 | Loss : 0.1316 | Val loss: 0.1281
2026-01-10 01:13:40.566792 | Epoch:323 | LR: 0.0000481 | Loss : 0.1324 | Val loss: 0.1343
2026-01-10 01:13:44.699318 | Epoch:324 | LR: 0.0000480 | Loss : 0.1282 | Val loss: 0.1297
2026-01-10 01:13:48.920037 | Epoch:325 | LR: 0.0000480 | Loss : 0.1303 | Val loss: 0.1314
2026-01-10 01:13:53.125032 | Epoch:326 | LR: 0.0000480 | Loss : 0.1293 | Val loss: 0.1290
2026-01-10 01:13:57.310660 | Epoch:327 | LR: 0.0000480 | Loss : 0.1309 | Val loss: 0.1280
2026-01-10 01:14:01.476792 | Epoch:328 | LR: 0.0000480 | Loss : 0.1236 | Val loss: 0.1303
2026-01-10 01:14:05.638841 | Epoch:329 | LR: 0.0000480 | Loss : 0.1240 | Val loss: 0.1232
2026-01-10 01:14:09.896676 | Epoch:330 | LR: 0.0000480 | Loss : 0.1257 | Val loss: 0.1243
2026-01-10 01:14:14.058094 | Epoch:331 | LR: 0.0000480 | Loss : 0.1290 | Val loss: 0.1234
2026-01-10 01:14:18.305559 | Epoch:332 | LR: 0.0000479 | Loss : 0.1304 | Val loss: 0.1298
2026-01-10 01:14:22.601945 | Epoch:333 | LR: 0.0000479 | Loss : 0.1254 | Val loss: 0.1294
2026-01-10 01:14:26.897291 | Epoch:334 | LR: 0.0000479 | Loss : 0.1243 | Val loss: 0.1345
2026-01-10 01:14:31.098947 | Epoch:335 | LR: 0.0000479 | Loss : 0.1300 | Val loss: 0.1322
2026-01-10 01:14:35.241290 | Epoch:336 | LR: 0.0000479 | Loss : 0.1273 | Val loss: 0.1272
2026-01-10 01:14:39.368112 | Epoch:337 | LR: 0.0000479 | Loss : 0.1294 | Val loss: 0.1255
2026-01-10 01:14:43.570491 | Epoch:338 | LR: 0.0000479 | Loss : 0.1282 | Val loss: 0.1291
2026-01-10 01:14:47.733962 | Epoch:339 | LR: 0.0000479 | Loss : 0.1247 | Val loss: 0.1224
2026-01-10 01:14:51.950710 | Epoch:340 | LR: 0.0000478 | Loss : 0.1244 | Val loss: 0.1300
2026-01-10 01:14:56.156192 | Epoch:341 | LR: 0.0000478 | Loss : 0.1219 | Val loss: 0.1298
2026-01-10 01:15:00.368394 | Epoch:342 | LR: 0.0000478 | Loss : 0.1259 | Val loss: 0.1230
2026-01-10 01:15:04.581592 | Epoch:343 | LR: 0.0000478 | Loss : 0.1245 | Val loss: 0.1217
2026-01-10 01:15:08.786927 | Epoch:344 | LR: 0.0000478 | Loss : 0.1228 | Val loss: 0.1267
2026-01-10 01:15:12.973517 | Epoch:345 | LR: 0.0000478 | Loss : 0.1232 | Val loss: 0.1256
2026-01-10 01:15:17.146880 | Epoch:346 | LR: 0.0000478 | Loss : 0.1173 | Val loss: 0.1203
2026-01-10 01:15:21.430603 | Epoch:347 | LR: 0.0000478 | Loss : 0.1280 | Val loss: 0.1267
2026-01-10 01:15:25.633955 | Epoch:348 | LR: 0.0000477 | Loss : 0.1274 | Val loss: 0.1310
2026-01-10 01:15:29.897189 | Epoch:349 | LR: 0.0000477 | Loss : 0.1209 | Val loss: 0.1237
2026-01-10 01:15:34.160091 | Epoch:350 | LR: 0.0000477 | Loss : 0.1266 | Val loss: 0.1225
2026-01-10 01:15:38.297659 | Epoch:351 | LR: 0.0000477 | Loss : 0.1222 | Val loss: 0.1365
2026-01-10 01:15:42.397872 | Epoch:352 | LR: 0.0000477 | Loss : 0.1287 | Val loss: 0.1284
2026-01-10 01:15:46.512928 | Epoch:353 | LR: 0.0000477 | Loss : 0.1245 | Val loss: 0.1259
2026-01-10 01:15:50.655803 | Epoch:354 | LR: 0.0000477 | Loss : 0.1276 | Val loss: 0.1274
2026-01-10 01:15:54.797322 | Epoch:355 | LR: 0.0000476 | Loss : 0.1264 | Val loss: 0.1167
2026-01-10 01:15:59.048370 | Epoch:356 | LR: 0.0000476 | Loss : 0.1266 | Val loss: 0.1274
2026-01-10 01:16:03.202500 | Epoch:357 | LR: 0.0000476 | Loss : 0.1239 | Val loss: 0.1203
2026-01-10 01:16:07.366712 | Epoch:358 | LR: 0.0000476 | Loss : 0.1208 | Val loss: 0.1324
2026-01-10 01:16:11.746933 | Epoch:359 | LR: 0.0000476 | Loss : 0.1247 | Val loss: 0.1238
2026-01-10 01:16:15.915597 | Epoch:360 | LR: 0.0000476 | Loss : 0.1213 | Val loss: 0.1139
2026-01-10 01:16:20.188493 | Epoch:361 | LR: 0.0000476 | Loss : 0.1217 | Val loss: 0.1209
2026-01-10 01:16:24.284646 | Epoch:362 | LR: 0.0000476 | Loss : 0.1180 | Val loss: 0.1209
2026-01-10 01:16:28.573687 | Epoch:363 | LR: 0.0000475 | Loss : 0.1236 | Val loss: 0.1261
2026-01-10 01:16:32.840312 | Epoch:364 | LR: 0.0000475 | Loss : 0.1227 | Val loss: 0.1237
2026-01-10 01:16:37.039441 | Epoch:365 | LR: 0.0000475 | Loss : 0.1201 | Val loss: 0.1169
2026-01-10 01:16:41.245884 | Epoch:366 | LR: 0.0000475 | Loss : 0.1200 | Val loss: 0.1171
2026-01-10 01:16:45.389118 | Epoch:367 | LR: 0.0000475 | Loss : 0.1237 | Val loss: 0.1242
2026-01-10 01:16:49.477135 | Epoch:368 | LR: 0.0000475 | Loss : 0.1223 | Val loss: 0.1368
2026-01-10 01:16:53.601017 | Epoch:369 | LR: 0.0000475 | Loss : 0.1230 | Val loss: 0.1205
2026-01-10 01:16:57.736244 | Epoch:370 | LR: 0.0000474 | Loss : 0.1184 | Val loss: 0.1191
2026-01-10 01:17:01.875885 | Epoch:371 | LR: 0.0000474 | Loss : 0.1257 | Val loss: 0.1211
2026-01-10 01:17:06.015884 | Epoch:372 | LR: 0.0000474 | Loss : 0.1185 | Val loss: 0.1211
2026-01-10 01:17:10.215213 | Epoch:373 | LR: 0.0000474 | Loss : 0.1156 | Val loss: 0.1208
2026-01-10 01:17:14.406761 | Epoch:374 | LR: 0.0000474 | Loss : 0.1215 | Val loss: 0.1190
2026-01-10 01:17:18.585532 | Epoch:375 | LR: 0.0000474 | Loss : 0.1237 | Val loss: 0.1239
2026-01-10 01:17:22.800788 | Epoch:376 | LR: 0.0000474 | Loss : 0.1177 | Val loss: 0.1261
2026-01-10 01:17:27.019089 | Epoch:377 | LR: 0.0000473 | Loss : 0.1183 | Val loss: 0.1219
2026-01-10 01:17:31.214190 | Epoch:378 | LR: 0.0000473 | Loss : 0.1193 | Val loss: 0.1187
2026-01-10 01:17:35.395184 | Epoch:379 | LR: 0.0000473 | Loss : 0.1239 | Val loss: 0.1242
2026-01-10 01:17:39.560863 | Epoch:380 | LR: 0.0000473 | Loss : 0.1190 | Val loss: 0.1148
2026-01-10 01:17:44.047286 | Epoch:381 | LR: 0.0000473 | Loss : 0.1228 | Val loss: 0.1195
2026-01-10 01:17:48.258215 | Epoch:382 | LR: 0.0000473 | Loss : 0.1228 | Val loss: 0.1196
2026-01-10 01:17:52.378295 | Epoch:383 | LR: 0.0000473 | Loss : 0.1209 | Val loss: 0.1139
2026-01-10 01:17:56.479031 | Epoch:384 | LR: 0.0000472 | Loss : 0.1208 | Val loss: 0.1198
2026-01-10 01:18:00.675549 | Epoch:385 | LR: 0.0000472 | Loss : 0.1214 | Val loss: 0.1198
2026-01-10 01:18:04.816172 | Epoch:386 | LR: 0.0000472 | Loss : 0.1199 | Val loss: 0.1187
2026-01-10 01:18:08.973837 | Epoch:387 | LR: 0.0000472 | Loss : 0.1203 | Val loss: 0.1216
2026-01-10 01:18:13.211997 | Epoch:388 | LR: 0.0000472 | Loss : 0.1204 | Val loss: 0.1179
2026-01-10 01:18:17.391898 | Epoch:389 | LR: 0.0000472 | Loss : 0.1205 | Val loss: 0.1179
2026-01-10 01:18:21.576103 | Epoch:390 | LR: 0.0000472 | Loss : 0.1159 | Val loss: 0.1241
2026-01-10 01:18:25.777656 | Epoch:391 | LR: 0.0000471 | Loss : 0.1223 | Val loss: 0.1225
2026-01-10 01:18:29.960546 | Epoch:392 | LR: 0.0000471 | Loss : 0.1172 | Val loss: 0.1160
2026-01-10 01:18:34.129810 | Epoch:393 | LR: 0.0000471 | Loss : 0.1177 | Val loss: 0.1155
2026-01-10 01:18:38.366266 | Epoch:394 | LR: 0.0000471 | Loss : 0.1163 | Val loss: 0.1101
2026-01-10 01:18:42.655017 | Epoch:395 | LR: 0.0000471 | Loss : 0.1203 | Val loss: 0.1126
2026-01-10 01:18:46.841411 | Epoch:396 | LR: 0.0000471 | Loss : 0.1182 | Val loss: 0.1185
2026-01-10 01:18:51.052437 | Epoch:397 | LR: 0.0000471 | Loss : 0.1221 | Val loss: 0.1213
2026-01-10 01:18:55.227881 | Epoch:398 | LR: 0.0000470 | Loss : 0.1172 | Val loss: 0.1206
2026-01-10 01:18:59.301824 | Epoch:399 | LR: 0.0000470 | Loss : 0.1117 | Val loss: 0.1168
2026-01-10 01:19:03.402065 | Epoch:400 | LR: 0.0000470 | Loss : 0.1195 | Val loss: 0.1149
2026-01-10 01:19:07.547852 | Epoch:401 | LR: 0.0000470 | Loss : 0.1185 | Val loss: 0.1316
2026-01-10 01:19:11.713849 | Epoch:402 | LR: 0.0000470 | Loss : 0.1188 | Val loss: 0.1166
2026-01-10 01:19:15.874430 | Epoch:403 | LR: 0.0000470 | Loss : 0.1172 | Val loss: 0.1105
2026-01-10 01:19:21.120973 | Epoch:404 | LR: 0.0000470 | Loss : 0.1155 | Val loss: 0.1184
2026-01-10 01:19:25.294515 | Epoch:405 | LR: 0.0000469 | Loss : 0.1169 | Val loss: 0.1148
2026-01-10 01:19:29.487123 | Epoch:406 | LR: 0.0000469 | Loss : 0.1147 | Val loss: 0.1173
2026-01-10 01:19:33.660595 | Epoch:407 | LR: 0.0000469 | Loss : 0.1208 | Val loss: 0.1175
2026-01-10 01:19:37.824062 | Epoch:408 | LR: 0.0000469 | Loss : 0.1130 | Val loss: 0.1100
2026-01-10 01:19:41.975952 | Epoch:409 | LR: 0.0000469 | Loss : 0.1151 | Val loss: 0.1147
2026-01-10 01:19:46.171253 | Epoch:410 | LR: 0.0000469 | Loss : 0.1152 | Val loss: 0.1102
2026-01-10 01:19:50.377881 | Epoch:411 | LR: 0.0000468 | Loss : 0.1168 | Val loss: 0.1213
2026-01-10 01:19:54.527871 | Epoch:412 | LR: 0.0000468 | Loss : 0.1163 | Val loss: 0.1074
2026-01-10 01:19:58.764888 | Epoch:413 | LR: 0.0000468 | Loss : 0.1129 | Val loss: 0.1097
2026-01-10 01:20:02.867358 | Epoch:414 | LR: 0.0000468 | Loss : 0.1183 | Val loss: 0.1200
2026-01-10 01:20:06.927844 | Epoch:415 | LR: 0.0000468 | Loss : 0.1211 | Val loss: 0.1204
2026-01-10 01:20:10.998523 | Epoch:416 | LR: 0.0000468 | Loss : 0.1168 | Val loss: 0.1117
2026-01-10 01:20:15.078214 | Epoch:417 | LR: 0.0000468 | Loss : 0.1188 | Val loss: 0.1162
2026-01-10 01:20:19.247820 | Epoch:418 | LR: 0.0000467 | Loss : 0.1148 | Val loss: 0.1174
2026-01-10 01:20:23.453959 | Epoch:419 | LR: 0.0000467 | Loss : 0.1148 | Val loss: 0.1149
2026-01-10 01:20:27.742328 | Epoch:420 | LR: 0.0000467 | Loss : 0.1155 | Val loss: 0.1166
2026-01-10 01:20:31.958768 | Epoch:421 | LR: 0.0000467 | Loss : 0.1114 | Val loss: 0.1077
2026-01-10 01:20:36.166711 | Epoch:422 | LR: 0.0000467 | Loss : 0.1110 | Val loss: 0.1144
2026-01-10 01:20:40.373888 | Epoch:423 | LR: 0.0000467 | Loss : 0.1110 | Val loss: 0.1015
2026-01-10 01:20:44.896788 | Epoch:424 | LR: 0.0000466 | Loss : 0.1138 | Val loss: 0.1186
2026-01-10 01:20:49.142058 | Epoch:425 | LR: 0.0000466 | Loss : 0.1159 | Val loss: 0.1121
2026-01-10 01:20:53.347211 | Epoch:426 | LR: 0.0000466 | Loss : 0.1111 | Val loss: 0.1112
2026-01-10 01:20:57.555179 | Epoch:427 | LR: 0.0000466 | Loss : 0.1133 | Val loss: 0.1146
2026-01-10 01:21:01.722294 | Epoch:428 | LR: 0.0000466 | Loss : 0.1124 | Val loss: 0.1152
2026-01-10 01:21:05.976362 | Epoch:429 | LR: 0.0000466 | Loss : 0.1132 | Val loss: 0.1117
2026-01-10 01:21:10.102047 | Epoch:430 | LR: 0.0000465 | Loss : 0.1161 | Val loss: 0.1197
2026-01-10 01:21:14.220597 | Epoch:431 | LR: 0.0000465 | Loss : 0.1163 | Val loss: 0.1186
2026-01-10 01:21:18.364199 | Epoch:432 | LR: 0.0000465 | Loss : 0.1134 | Val loss: 0.1188
2026-01-10 01:21:22.770026 | Epoch:433 | LR: 0.0000465 | Loss : 0.1136 | Val loss: 0.1141
2026-01-10 01:21:26.940405 | Epoch:434 | LR: 0.0000465 | Loss : 0.1150 | Val loss: 0.1071
2026-01-10 01:21:31.112360 | Epoch:435 | LR: 0.0000465 | Loss : 0.1121 | Val loss: 0.1133
2026-01-10 01:21:35.280157 | Epoch:436 | LR: 0.0000465 | Loss : 0.1132 | Val loss: 0.1112
2026-01-10 01:21:39.486660 | Epoch:437 | LR: 0.0000464 | Loss : 0.1140 | Val loss: 0.1166
2026-01-10 01:21:43.729472 | Epoch:438 | LR: 0.0000464 | Loss : 0.1085 | Val loss: 0.1166
2026-01-10 01:21:47.946567 | Epoch:439 | LR: 0.0000464 | Loss : 0.1090 | Val loss: 0.1133
2026-01-10 01:21:52.142828 | Epoch:440 | LR: 0.0000464 | Loss : 0.1122 | Val loss: 0.1096
2026-01-10 01:21:56.370196 | Epoch:441 | LR: 0.0000464 | Loss : 0.1100 | Val loss: 0.1058
2026-01-10 01:22:00.634835 | Epoch:442 | LR: 0.0000464 | Loss : 0.1105 | Val loss: 0.1165
2026-01-10 01:22:04.775403 | Epoch:443 | LR: 0.0000463 | Loss : 0.1097 | Val loss: 0.1079
2026-01-10 01:22:08.992758 | Epoch:444 | LR: 0.0000463 | Loss : 0.1108 | Val loss: 0.1144
2026-01-10 01:22:13.209344 | Epoch:445 | LR: 0.0000463 | Loss : 0.1113 | Val loss: 0.1119
2026-01-10 01:22:17.402533 | Epoch:446 | LR: 0.0000463 | Loss : 0.1130 | Val loss: 0.1118
2026-01-10 01:22:21.523244 | Epoch:447 | LR: 0.0000463 | Loss : 0.1154 | Val loss: 0.1140
2026-01-10 01:22:25.678035 | Epoch:448 | LR: 0.0000463 | Loss : 0.1115 | Val loss: 0.1096
2026-01-10 01:22:29.856754 | Epoch:449 | LR: 0.0000462 | Loss : 0.1158 | Val loss: 0.1068
2026-01-10 01:22:34.052613 | Epoch:450 | LR: 0.0000462 | Loss : 0.1108 | Val loss: 0.1083
2026-01-10 01:22:38.236991 | Epoch:451 | LR: 0.0000462 | Loss : 0.1093 | Val loss: 0.1070
2026-01-10 01:22:42.445145 | Epoch:452 | LR: 0.0000462 | Loss : 0.1137 | Val loss: 0.1124
2026-01-10 01:22:46.648592 | Epoch:453 | LR: 0.0000462 | Loss : 0.1118 | Val loss: 0.1119
2026-01-10 01:22:50.830457 | Epoch:454 | LR: 0.0000462 | Loss : 0.1103 | Val loss: 0.1125
2026-01-10 01:22:55.037180 | Epoch:455 | LR: 0.0000461 | Loss : 0.1131 | Val loss: 0.1160
2026-01-10 01:22:59.219210 | Epoch:456 | LR: 0.0000461 | Loss : 0.1060 | Val loss: 0.1095
2026-01-10 01:23:03.446465 | Epoch:457 | LR: 0.0000461 | Loss : 0.1122 | Val loss: 0.1062
2026-01-10 01:23:07.678548 | Epoch:458 | LR: 0.0000461 | Loss : 0.1105 | Val loss: 0.1129
2026-01-10 01:23:11.863566 | Epoch:459 | LR: 0.0000461 | Loss : 0.1109 | Val loss: 0.1029
2026-01-10 01:23:16.143101 | Epoch:460 | LR: 0.0000461 | Loss : 0.1102 | Val loss: 0.1144
2026-01-10 01:23:20.388963 | Epoch:461 | LR: 0.0000460 | Loss : 0.1105 | Val loss: 0.1062
2026-01-10 01:23:24.523709 | Epoch:462 | LR: 0.0000460 | Loss : 0.1058 | Val loss: 0.1028
2026-01-10 01:23:28.676729 | Epoch:463 | LR: 0.0000460 | Loss : 0.1063 | Val loss: 0.1072
2026-01-10 01:23:32.918258 | Epoch:464 | LR: 0.0000460 | Loss : 0.1104 | Val loss: 0.1081
2026-01-10 01:23:37.109541 | Epoch:465 | LR: 0.0000460 | Loss : 0.1063 | Val loss: 0.1142
2026-01-10 01:23:41.551774 | Epoch:466 | LR: 0.0000460 | Loss : 0.1065 | Val loss: 0.1080
2026-01-10 01:23:45.786592 | Epoch:467 | LR: 0.0000459 | Loss : 0.1120 | Val loss: 0.1176
2026-01-10 01:23:50.000706 | Epoch:468 | LR: 0.0000459 | Loss : 0.1091 | Val loss: 0.1039
2026-01-10 01:23:54.183792 | Epoch:469 | LR: 0.0000459 | Loss : 0.1093 | Val loss: 0.1044
2026-01-10 01:23:58.397141 | Epoch:470 | LR: 0.0000459 | Loss : 0.1074 | Val loss: 0.1131
2026-01-10 01:24:02.590939 | Epoch:471 | LR: 0.0000459 | Loss : 0.1107 | Val loss: 0.1022
2026-01-10 01:24:06.877759 | Epoch:472 | LR: 0.0000458 | Loss : 0.1116 | Val loss: 0.1042
2026-01-10 01:24:11.369979 | Epoch:473 | LR: 0.0000458 | Loss : 0.1130 | Val loss: 0.1132
2026-01-10 01:24:15.570479 | Epoch:474 | LR: 0.0000458 | Loss : 0.1076 | Val loss: 0.1132
2026-01-10 01:24:19.768801 | Epoch:475 | LR: 0.0000458 | Loss : 0.1097 | Val loss: 0.1119
2026-01-10 01:24:23.949918 | Epoch:476 | LR: 0.0000458 | Loss : 0.1077 | Val loss: 0.1108
2026-01-10 01:24:28.143666 | Epoch:477 | LR: 0.0000458 | Loss : 0.1060 | Val loss: 0.1115
2026-01-10 01:24:32.311568 | Epoch:478 | LR: 0.0000457 | Loss : 0.1057 | Val loss: 0.1051
2026-01-10 01:24:36.429190 | Epoch:479 | LR: 0.0000457 | Loss : 0.1045 | Val loss: 0.1033
2026-01-10 01:24:40.601347 | Epoch:480 | LR: 0.0000457 | Loss : 0.1035 | Val loss: 0.1101
2026-01-10 01:24:44.805966 | Epoch:481 | LR: 0.0000457 | Loss : 0.1075 | Val loss: 0.1055
2026-01-10 01:24:49.182111 | Epoch:482 | LR: 0.0000457 | Loss : 0.1020 | Val loss: 0.1044
2026-01-10 01:24:53.444015 | Epoch:483 | LR: 0.0000457 | Loss : 0.1048 | Val loss: 0.1076
2026-01-10 01:24:57.652173 | Epoch:484 | LR: 0.0000456 | Loss : 0.1088 | Val loss: 0.1086
2026-01-10 01:25:01.875836 | Epoch:485 | LR: 0.0000456 | Loss : 0.1056 | Val loss: 0.1056
2026-01-10 01:25:06.087257 | Epoch:486 | LR: 0.0000456 | Loss : 0.1045 | Val loss: 0.1059
2026-01-10 01:25:10.297267 | Epoch:487 | LR: 0.0000456 | Loss : 0.1052 | Val loss: 0.1006
2026-01-10 01:25:14.566429 | Epoch:488 | LR: 0.0000456 | Loss : 0.1058 | Val loss: 0.1036
2026-01-10 01:25:18.754189 | Epoch:489 | LR: 0.0000455 | Loss : 0.1061 | Val loss: 0.1051
2026-01-10 01:25:22.994749 | Epoch:490 | LR: 0.0000455 | Loss : 0.1043 | Val loss: 0.1050
2026-01-10 01:25:27.157571 | Epoch:491 | LR: 0.0000455 | Loss : 0.1086 | Val loss: 0.1046
2026-01-10 01:25:31.271452 | Epoch:492 | LR: 0.0000455 | Loss : 0.1054 | Val loss: 0.1023
2026-01-10 01:25:35.510568 | Epoch:493 | LR: 0.0000455 | Loss : 0.1052 | Val loss: 0.1076
2026-01-10 01:25:39.603473 | Epoch:494 | LR: 0.0000455 | Loss : 0.1068 | Val loss: 0.1018
2026-01-10 01:25:43.694829 | Epoch:495 | LR: 0.0000454 | Loss : 0.1070 | Val loss: 0.1047
2026-01-10 01:25:47.924252 | Epoch:496 | LR: 0.0000454 | Loss : 0.1037 | Val loss: 0.1055
2026-01-10 01:25:52.282477 | Epoch:497 | LR: 0.0000454 | Loss : 0.1095 | Val loss: 0.1044
2026-01-10 01:25:56.460261 | Epoch:498 | LR: 0.0000454 | Loss : 0.1094 | Val loss: 0.1114
2026-01-10 01:26:00.611920 | Epoch:499 | LR: 0.0000454 | Loss : 0.1047 | Val loss: 0.1036
2026-01-10 01:26:04.828825 | Epoch:500 | LR: 0.0000453 | Loss : 0.1094 | Val loss: 0.1035
2026-01-10 01:26:09.029329 | Epoch:501 | LR: 0.0000453 | Loss : 0.1025 | Val loss: 0.1089
2026-01-10 01:26:13.212101 | Epoch:502 | LR: 0.0000453 | Loss : 0.1049 | Val loss: 0.1107
2026-01-10 01:26:17.420571 | Epoch:503 | LR: 0.0000453 | Loss : 0.1054 | Val loss: 0.1046
2026-01-10 01:26:22.809270 | Epoch:504 | LR: 0.0000453 | Loss : 0.1030 | Val loss: 0.1024
2026-01-10 01:26:26.998518 | Epoch:505 | LR: 0.0000453 | Loss : 0.1049 | Val loss: 0.1043
2026-01-10 01:26:31.138941 | Epoch:506 | LR: 0.0000452 | Loss : 0.1067 | Val loss: 0.0956
2026-01-10 01:26:35.305880 | Epoch:507 | LR: 0.0000452 | Loss : 0.1034 | Val loss: 0.1068
2026-01-10 01:26:39.578646 | Epoch:508 | LR: 0.0000452 | Loss : 0.1084 | Val loss: 0.1046
2026-01-10 01:26:43.701799 | Epoch:509 | LR: 0.0000452 | Loss : 0.1043 | Val loss: 0.1046
2026-01-10 01:26:47.815324 | Epoch:510 | LR: 0.0000452 | Loss : 0.1033 | Val loss: 0.1002
2026-01-10 01:26:52.023158 | Epoch:511 | LR: 0.0000451 | Loss : 0.1033 | Val loss: 0.0966
2026-01-10 01:26:56.158090 | Epoch:512 | LR: 0.0000451 | Loss : 0.1039 | Val loss: 0.1027
2026-01-10 01:27:00.322986 | Epoch:513 | LR: 0.0000451 | Loss : 0.0994 | Val loss: 0.0931
2026-01-10 01:27:04.558636 | Epoch:514 | LR: 0.0000451 | Loss : 0.1039 | Val loss: 0.1032
2026-01-10 01:27:08.725294 | Epoch:515 | LR: 0.0000451 | Loss : 0.1014 | Val loss: 0.1036
2026-01-10 01:27:12.917597 | Epoch:516 | LR: 0.0000451 | Loss : 0.1016 | Val loss: 0.1084
2026-01-10 01:27:17.111588 | Epoch:517 | LR: 0.0000450 | Loss : 0.1040 | Val loss: 0.1052
2026-01-10 01:27:21.305812 | Epoch:518 | LR: 0.0000450 | Loss : 0.1012 | Val loss: 0.1033
2026-01-10 01:27:25.531191 | Epoch:519 | LR: 0.0000450 | Loss : 0.0998 | Val loss: 0.1046
2026-01-10 01:27:29.737235 | Epoch:520 | LR: 0.0000450 | Loss : 0.1051 | Val loss: 0.1038
2026-01-10 01:27:33.880806 | Epoch:521 | LR: 0.0000450 | Loss : 0.1049 | Val loss: 0.0995
2026-01-10 01:27:38.119730 | Epoch:522 | LR: 0.0000449 | Loss : 0.1030 | Val loss: 0.0988
2026-01-10 01:27:42.210628 | Epoch:523 | LR: 0.0000449 | Loss : 0.0993 | Val loss: 0.1033
2026-01-10 01:27:46.396507 | Epoch:524 | LR: 0.0000449 | Loss : 0.1056 | Val loss: 0.1119
2026-01-10 01:27:50.455899 | Epoch:525 | LR: 0.0000449 | Loss : 0.1029 | Val loss: 0.1009
2026-01-10 01:27:54.515007 | Epoch:526 | LR: 0.0000449 | Loss : 0.1029 | Val loss: 0.1034
2026-01-10 01:27:58.619820 | Epoch:527 | LR: 0.0000448 | Loss : 0.1050 | Val loss: 0.1030
2026-01-10 01:28:02.779982 | Epoch:528 | LR: 0.0000448 | Loss : 0.1034 | Val loss: 0.0993
2026-01-10 01:28:06.949334 | Epoch:529 | LR: 0.0000448 | Loss : 0.1037 | Val loss: 0.1095
2026-01-10 01:28:11.130149 | Epoch:530 | LR: 0.0000448 | Loss : 0.1040 | Val loss: 0.1041
2026-01-10 01:28:15.558476 | Epoch:531 | LR: 0.0000448 | Loss : 0.0982 | Val loss: 0.0982
2026-01-10 01:28:19.784507 | Epoch:532 | LR: 0.0000447 | Loss : 0.1005 | Val loss: 0.1009
2026-01-10 01:28:24.001458 | Epoch:533 | LR: 0.0000447 | Loss : 0.0981 | Val loss: 0.1036
2026-01-10 01:28:28.184231 | Epoch:534 | LR: 0.0000447 | Loss : 0.1006 | Val loss: 0.1011
2026-01-10 01:28:32.379924 | Epoch:535 | LR: 0.0000447 | Loss : 0.1014 | Val loss: 0.0981
2026-01-10 01:28:36.558010 | Epoch:536 | LR: 0.0000447 | Loss : 0.0966 | Val loss: 0.0956
2026-01-10 01:28:40.706196 | Epoch:537 | LR: 0.0000446 | Loss : 0.1061 | Val loss: 0.1052
2026-01-10 01:28:44.835977 | Epoch:538 | LR: 0.0000446 | Loss : 0.0992 | Val loss: 0.0997
2026-01-10 01:28:49.016481 | Epoch:539 | LR: 0.0000446 | Loss : 0.1016 | Val loss: 0.0978
2026-01-10 01:28:53.196487 | Epoch:540 | LR: 0.0000446 | Loss : 0.1006 | Val loss: 0.0976
2026-01-10 01:28:57.366606 | Epoch:541 | LR: 0.0000446 | Loss : 0.0968 | Val loss: 0.1012
2026-01-10 01:29:01.399061 | Epoch:542 | LR: 0.0000446 | Loss : 0.0992 | Val loss: 0.1039
2026-01-10 01:29:05.476293 | Epoch:543 | LR: 0.0000445 | Loss : 0.0989 | Val loss: 0.0946
2026-01-10 01:29:09.879662 | Epoch:544 | LR: 0.0000445 | Loss : 0.1021 | Val loss: 0.0993
2026-01-10 01:29:14.022100 | Epoch:545 | LR: 0.0000445 | Loss : 0.0988 | Val loss: 0.0979
2026-01-10 01:29:18.166098 | Epoch:546 | LR: 0.0000445 | Loss : 0.0966 | Val loss: 0.1030
2026-01-10 01:29:22.299191 | Epoch:547 | LR: 0.0000445 | Loss : 0.0993 | Val loss: 0.0993
2026-01-10 01:29:26.495391 | Epoch:548 | LR: 0.0000444 | Loss : 0.0967 | Val loss: 0.1045
2026-01-10 01:29:30.678518 | Epoch:549 | LR: 0.0000444 | Loss : 0.1016 | Val loss: 0.1012
2026-01-10 01:29:34.862092 | Epoch:550 | LR: 0.0000444 | Loss : 0.0989 | Val loss: 0.0987
2026-01-10 01:29:39.040366 | Epoch:551 | LR: 0.0000444 | Loss : 0.0962 | Val loss: 0.0992
2026-01-10 01:29:43.212204 | Epoch:552 | LR: 0.0000444 | Loss : 0.1049 | Val loss: 0.1062
2026-01-10 01:29:47.311951 | Epoch:553 | LR: 0.0000443 | Loss : 0.0963 | Val loss: 0.1000
2026-01-10 01:29:51.409000 | Epoch:554 | LR: 0.0000443 | Loss : 0.0982 | Val loss: 0.0929
2026-01-10 01:29:55.488223 | Epoch:555 | LR: 0.0000443 | Loss : 0.0987 | Val loss: 0.0990
2026-01-10 01:29:59.583382 | Epoch:556 | LR: 0.0000443 | Loss : 0.0973 | Val loss: 0.1015
2026-01-10 01:30:03.734746 | Epoch:557 | LR: 0.0000443 | Loss : 0.0956 | Val loss: 0.0983
2026-01-10 01:30:07.805389 | Epoch:558 | LR: 0.0000442 | Loss : 0.0948 | Val loss: 0.0996
2026-01-10 01:30:11.872815 | Epoch:559 | LR: 0.0000442 | Loss : 0.0966 | Val loss: 0.1001
2026-01-10 01:30:16.000760 | Epoch:560 | LR: 0.0000442 | Loss : 0.0984 | Val loss: 0.1009
2026-01-10 01:30:20.213506 | Epoch:561 | LR: 0.0000442 | Loss : 0.0939 | Val loss: 0.0926
2026-01-10 01:30:24.418619 | Epoch:562 | LR: 0.0000442 | Loss : 0.0979 | Val loss: 0.0975
2026-01-10 01:30:28.560503 | Epoch:563 | LR: 0.0000441 | Loss : 0.1006 | Val loss: 0.0937
2026-01-10 01:30:32.754475 | Epoch:564 | LR: 0.0000441 | Loss : 0.0975 | Val loss: 0.1036
2026-01-10 01:30:36.930572 | Epoch:565 | LR: 0.0000441 | Loss : 0.0977 | Val loss: 0.1023
2026-01-10 01:30:41.093194 | Epoch:566 | LR: 0.0000441 | Loss : 0.0925 | Val loss: 0.0981
2026-01-10 01:30:45.264309 | Epoch:567 | LR: 0.0000441 | Loss : 0.0941 | Val loss: 0.0947
2026-01-10 01:30:49.464227 | Epoch:568 | LR: 0.0000440 | Loss : 0.0976 | Val loss: 0.0913
2026-01-10 01:30:53.592369 | Epoch:569 | LR: 0.0000440 | Loss : 0.0957 | Val loss: 0.0991
2026-01-10 01:30:57.727972 | Epoch:570 | LR: 0.0000440 | Loss : 0.0980 | Val loss: 0.0975
2026-01-10 01:31:01.880324 | Epoch:571 | LR: 0.0000440 | Loss : 0.0958 | Val loss: 0.0991
2026-01-10 01:31:06.097785 | Epoch:572 | LR: 0.0000439 | Loss : 0.0963 | Val loss: 0.0975
2026-01-10 01:31:10.472714 | Epoch:573 | LR: 0.0000439 | Loss : 0.0964 | Val loss: 0.0949
2026-01-10 01:31:14.585873 | Epoch:574 | LR: 0.0000439 | Loss : 0.1020 | Val loss: 0.0964
2026-01-10 01:31:18.628677 | Epoch:575 | LR: 0.0000439 | Loss : 0.0973 | Val loss: 0.1010
2026-01-10 01:31:22.718936 | Epoch:576 | LR: 0.0000439 | Loss : 0.0936 | Val loss: 0.0965
2026-01-10 01:31:26.841056 | Epoch:577 | LR: 0.0000438 | Loss : 0.0974 | Val loss: 0.0972
2026-01-10 01:31:30.967960 | Epoch:578 | LR: 0.0000438 | Loss : 0.0970 | Val loss: 0.0978
2026-01-10 01:31:35.144652 | Epoch:579 | LR: 0.0000438 | Loss : 0.0965 | Val loss: 0.0977
2026-01-10 01:31:39.302903 | Epoch:580 | LR: 0.0000438 | Loss : 0.0955 | Val loss: 0.0913
2026-01-10 01:31:43.492422 | Epoch:581 | LR: 0.0000438 | Loss : 0.0998 | Val loss: 0.0996
2026-01-10 01:31:47.680970 | Epoch:582 | LR: 0.0000437 | Loss : 0.0940 | Val loss: 0.1041
2026-01-10 01:31:51.892054 | Epoch:583 | LR: 0.0000437 | Loss : 0.0927 | Val loss: 0.0909
2026-01-10 01:31:56.150603 | Epoch:584 | LR: 0.0000437 | Loss : 0.0972 | Val loss: 0.0968
2026-01-10 01:32:00.338605 | Epoch:585 | LR: 0.0000437 | Loss : 0.0907 | Val loss: 0.0950
2026-01-10 01:32:04.450875 | Epoch:586 | LR: 0.0000437 | Loss : 0.0959 | Val loss: 0.0953
2026-01-10 01:32:08.573497 | Epoch:587 | LR: 0.0000436 | Loss : 0.0951 | Val loss: 0.0887
2026-01-10 01:32:12.753679 | Epoch:588 | LR: 0.0000436 | Loss : 0.0946 | Val loss: 0.0921
2026-01-10 01:32:16.923934 | Epoch:589 | LR: 0.0000436 | Loss : 0.0959 | Val loss: 0.0892
2026-01-10 01:32:20.990702 | Epoch:590 | LR: 0.0000436 | Loss : 0.0931 | Val loss: 0.0935
2026-01-10 01:32:25.071124 | Epoch:591 | LR: 0.0000436 | Loss : 0.0951 | Val loss: 0.0955
2026-01-10 01:32:29.173845 | Epoch:592 | LR: 0.0000435 | Loss : 0.0934 | Val loss: 0.0971
2026-01-10 01:32:33.291319 | Epoch:593 | LR: 0.0000435 | Loss : 0.0989 | Val loss: 0.0972
2026-01-10 01:32:37.463612 | Epoch:594 | LR: 0.0000435 | Loss : 0.0924 | Val loss: 0.0954
2026-01-10 01:32:41.627645 | Epoch:595 | LR: 0.0000435 | Loss : 0.0923 | Val loss: 0.0934
2026-01-10 01:32:45.806218 | Epoch:596 | LR: 0.0000434 | Loss : 0.0947 | Val loss: 0.0932
2026-01-10 01:32:50.005660 | Epoch:597 | LR: 0.0000434 | Loss : 0.0948 | Val loss: 0.0900
2026-01-10 01:32:54.190840 | Epoch:598 | LR: 0.0000434 | Loss : 0.0894 | Val loss: 0.0876
2026-01-10 01:32:58.404808 | Epoch:599 | LR: 0.0000434 | Loss : 0.0934 | Val loss: 0.0889
2026-01-10 01:33:02.634147 | Epoch:600 | LR: 0.0000434 | Loss : 0.0944 | Val loss: 0.0929
2026-01-10 01:33:06.765275 | Epoch:601 | LR: 0.0000433 | Loss : 0.0892 | Val loss: 0.0915
2026-01-10 01:33:10.874794 | Epoch:602 | LR: 0.0000433 | Loss : 0.0952 | Val loss: 0.0929
2026-01-10 01:33:15.192870 | Epoch:603 | LR: 0.0000433 | Loss : 0.0925 | Val loss: 0.0890
2026-01-10 01:33:19.341804 | Epoch:604 | LR: 0.0000433 | Loss : 0.0955 | Val loss: 0.0934
2026-01-10 01:33:23.440404 | Epoch:605 | LR: 0.0000433 | Loss : 0.0972 | Val loss: 0.0959
2026-01-10 01:33:27.603640 | Epoch:606 | LR: 0.0000432 | Loss : 0.0947 | Val loss: 0.0933
2026-01-10 01:33:31.705417 | Epoch:607 | LR: 0.0000432 | Loss : 0.0944 | Val loss: 0.0990
2026-01-10 01:33:35.817981 | Epoch:608 | LR: 0.0000432 | Loss : 0.0957 | Val loss: 0.0921
2026-01-10 01:33:39.961292 | Epoch:609 | LR: 0.0000432 | Loss : 0.0911 | Val loss: 0.0936
2026-01-10 01:33:44.120139 | Epoch:610 | LR: 0.0000431 | Loss : 0.0960 | Val loss: 0.0910
2026-01-10 01:33:48.279321 | Epoch:611 | LR: 0.0000431 | Loss : 0.0892 | Val loss: 0.0946
2026-01-10 01:33:52.427742 | Epoch:612 | LR: 0.0000431 | Loss : 0.0903 | Val loss: 0.0900
2026-01-10 01:33:56.584850 | Epoch:613 | LR: 0.0000431 | Loss : 0.0955 | Val loss: 0.0915
2026-01-10 01:34:00.744956 | Epoch:614 | LR: 0.0000431 | Loss : 0.0924 | Val loss: 0.0907
2026-01-10 01:34:04.928287 | Epoch:615 | LR: 0.0000430 | Loss : 0.0967 | Val loss: 0.0886
2026-01-10 01:34:09.101477 | Epoch:616 | LR: 0.0000430 | Loss : 0.0910 | Val loss: 0.0937
2026-01-10 01:34:13.214528 | Epoch:617 | LR: 0.0000430 | Loss : 0.0914 | Val loss: 0.0901
2026-01-10 01:34:18.414813 | Epoch:618 | LR: 0.0000430 | Loss : 0.0922 | Val loss: 0.0941
2026-01-10 01:34:22.445259 | Epoch:619 | LR: 0.0000429 | Loss : 0.0916 | Val loss: 0.0883
2026-01-10 01:34:26.642531 | Epoch:620 | LR: 0.0000429 | Loss : 0.0931 | Val loss: 0.0972
2026-01-10 01:34:30.716225 | Epoch:621 | LR: 0.0000429 | Loss : 0.0955 | Val loss: 0.0979
2026-01-10 01:34:34.894020 | Epoch:622 | LR: 0.0000429 | Loss : 0.0933 | Val loss: 0.0939
2026-01-10 01:34:39.035113 | Epoch:623 | LR: 0.0000429 | Loss : 0.0931 | Val loss: 0.0901
2026-01-10 01:34:43.241976 | Epoch:624 | LR: 0.0000428 | Loss : 0.0918 | Val loss: 0.0889
2026-01-10 01:34:47.389514 | Epoch:625 | LR: 0.0000428 | Loss : 0.0934 | Val loss: 0.0924
2026-01-10 01:34:51.555636 | Epoch:626 | LR: 0.0000428 | Loss : 0.0907 | Val loss: 0.0903
2026-01-10 01:34:55.751121 | Epoch:627 | LR: 0.0000428 | Loss : 0.0899 | Val loss: 0.0944
2026-01-10 01:34:59.959257 | Epoch:628 | LR: 0.0000427 | Loss : 0.0933 | Val loss: 0.0915
2026-01-10 01:35:04.158226 | Epoch:629 | LR: 0.0000427 | Loss : 0.0919 | Val loss: 0.0940
2026-01-10 01:35:08.369958 | Epoch:630 | LR: 0.0000427 | Loss : 0.0906 | Val loss: 0.0946
2026-01-10 01:35:12.535171 | Epoch:631 | LR: 0.0000427 | Loss : 0.0909 | Val loss: 0.0876
2026-01-10 01:35:16.674164 | Epoch:632 | LR: 0.0000427 | Loss : 0.0895 | Val loss: 0.0847
2026-01-10 01:35:20.865067 | Epoch:633 | LR: 0.0000426 | Loss : 0.0934 | Val loss: 0.0912
2026-01-10 01:35:24.994616 | Epoch:634 | LR: 0.0000426 | Loss : 0.0909 | Val loss: 0.0839
2026-01-10 01:35:29.196127 | Epoch:635 | LR: 0.0000426 | Loss : 0.0898 | Val loss: 0.0936
2026-01-10 01:35:33.362510 | Epoch:636 | LR: 0.0000426 | Loss : 0.0905 | Val loss: 0.0928
2026-01-10 01:35:37.415929 | Epoch:637 | LR: 0.0000425 | Loss : 0.0921 | Val loss: 0.0924
2026-01-10 01:35:41.760693 | Epoch:638 | LR: 0.0000425 | Loss : 0.0849 | Val loss: 0.0900
2026-01-10 01:35:45.907388 | Epoch:639 | LR: 0.0000425 | Loss : 0.0927 | Val loss: 0.0885
2026-01-10 01:35:50.125861 | Epoch:640 | LR: 0.0000425 | Loss : 0.0880 | Val loss: 0.0884
2026-01-10 01:35:54.302721 | Epoch:641 | LR: 0.0000425 | Loss : 0.0880 | Val loss: 0.0809
2026-01-10 01:35:58.515017 | Epoch:642 | LR: 0.0000424 | Loss : 0.0900 | Val loss: 0.0917
2026-01-10 01:36:02.711570 | Epoch:643 | LR: 0.0000424 | Loss : 0.0893 | Val loss: 0.0872
2026-01-10 01:36:06.908735 | Epoch:644 | LR: 0.0000424 | Loss : 0.0892 | Val loss: 0.0897
2026-01-10 01:36:11.082220 | Epoch:645 | LR: 0.0000424 | Loss : 0.0888 | Val loss: 0.0894
2026-01-10 01:36:15.249151 | Epoch:646 | LR: 0.0000423 | Loss : 0.0878 | Val loss: 0.0908
2026-01-10 01:36:19.505402 | Epoch:647 | LR: 0.0000423 | Loss : 0.0872 | Val loss: 0.0943
2026-01-10 01:36:23.668348 | Epoch:648 | LR: 0.0000423 | Loss : 0.0891 | Val loss: 0.0889
2026-01-10 01:36:27.795676 | Epoch:649 | LR: 0.0000423 | Loss : 0.0866 | Val loss: 0.0879
2026-01-10 01:36:32.022482 | Epoch:650 | LR: 0.0000423 | Loss : 0.0885 | Val loss: 0.0899
2026-01-10 01:36:36.168932 | Epoch:651 | LR: 0.0000422 | Loss : 0.0894 | Val loss: 0.0892
2026-01-10 01:36:40.353901 | Epoch:652 | LR: 0.0000422 | Loss : 0.0870 | Val loss: 0.0856
2026-01-10 01:36:44.465550 | Epoch:653 | LR: 0.0000422 | Loss : 0.0916 | Val loss: 0.0874
2026-01-10 01:36:48.608403 | Epoch:654 | LR: 0.0000422 | Loss : 0.0856 | Val loss: 0.0816
2026-01-10 01:36:52.750220 | Epoch:655 | LR: 0.0000421 | Loss : 0.0868 | Val loss: 0.0871
2026-01-10 01:36:56.923418 | Epoch:656 | LR: 0.0000421 | Loss : 0.0929 | Val loss: 0.0824
2026-01-10 01:37:01.111522 | Epoch:657 | LR: 0.0000421 | Loss : 0.0879 | Val loss: 0.0933
2026-01-10 01:37:05.310462 | Epoch:658 | LR: 0.0000421 | Loss : 0.0886 | Val loss: 0.0860
2026-01-10 01:37:09.497073 | Epoch:659 | LR: 0.0000420 | Loss : 0.0881 | Val loss: 0.0844
2026-01-10 01:37:13.768771 | Epoch:660 | LR: 0.0000420 | Loss : 0.0862 | Val loss: 0.0938
2026-01-10 01:37:18.246946 | Epoch:661 | LR: 0.0000420 | Loss : 0.0862 | Val loss: 0.0824
2026-01-10 01:37:22.415253 | Epoch:662 | LR: 0.0000420 | Loss : 0.0865 | Val loss: 0.0842
2026-01-10 01:37:26.623663 | Epoch:663 | LR: 0.0000420 | Loss : 0.0866 | Val loss: 0.0873
2026-01-10 01:37:30.755946 | Epoch:664 | LR: 0.0000419 | Loss : 0.0844 | Val loss: 0.0865
2026-01-10 01:37:34.885554 | Epoch:665 | LR: 0.0000419 | Loss : 0.0878 | Val loss: 0.0897
2026-01-10 01:37:39.047201 | Epoch:666 | LR: 0.0000419 | Loss : 0.0843 | Val loss: 0.0871
2026-01-10 01:37:43.186899 | Epoch:667 | LR: 0.0000419 | Loss : 0.0881 | Val loss: 0.0882
2026-01-10 01:37:47.265990 | Epoch:668 | LR: 0.0000418 | Loss : 0.0866 | Val loss: 0.0843
2026-01-10 01:37:51.363709 | Epoch:669 | LR: 0.0000418 | Loss : 0.0872 | Val loss: 0.0905
2026-01-10 01:37:55.552623 | Epoch:670 | LR: 0.0000418 | Loss : 0.0871 | Val loss: 0.0869
2026-01-10 01:37:59.714465 | Epoch:671 | LR: 0.0000418 | Loss : 0.0853 | Val loss: 0.0884
2026-01-10 01:38:03.868743 | Epoch:672 | LR: 0.0000417 | Loss : 0.0889 | Val loss: 0.0847
2026-01-10 01:38:08.070018 | Epoch:673 | LR: 0.0000417 | Loss : 0.0853 | Val loss: 0.0948
2026-01-10 01:38:12.274958 | Epoch:674 | LR: 0.0000417 | Loss : 0.0932 | Val loss: 0.0909
2026-01-10 01:38:16.496151 | Epoch:675 | LR: 0.0000417 | Loss : 0.0917 | Val loss: 0.0855
2026-01-10 01:38:20.727280 | Epoch:676 | LR: 0.0000417 | Loss : 0.0869 | Val loss: 0.0826
2026-01-10 01:38:24.948245 | Epoch:677 | LR: 0.0000416 | Loss : 0.0880 | Val loss: 0.0912
2026-01-10 01:38:29.116135 | Epoch:678 | LR: 0.0000416 | Loss : 0.0874 | Val loss: 0.0873
2026-01-10 01:38:33.284391 | Epoch:679 | LR: 0.0000416 | Loss : 0.0821 | Val loss: 0.0880
2026-01-10 01:38:37.737738 | Epoch:680 | LR: 0.0000416 | Loss : 0.0847 | Val loss: 0.0872
2026-01-10 01:38:41.857551 | Epoch:681 | LR: 0.0000415 | Loss : 0.0865 | Val loss: 0.0801
2026-01-10 01:38:46.155043 | Epoch:682 | LR: 0.0000415 | Loss : 0.0874 | Val loss: 0.0796
2026-01-10 01:38:50.274327 | Epoch:683 | LR: 0.0000415 | Loss : 0.0853 | Val loss: 0.0804
2026-01-10 01:38:54.481710 | Epoch:684 | LR: 0.0000415 | Loss : 0.0875 | Val loss: 0.0831
2026-01-10 01:38:58.625008 | Epoch:685 | LR: 0.0000414 | Loss : 0.0809 | Val loss: 0.0818
2026-01-10 01:39:02.824992 | Epoch:686 | LR: 0.0000414 | Loss : 0.0843 | Val loss: 0.0953
2026-01-10 01:39:06.989033 | Epoch:687 | LR: 0.0000414 | Loss : 0.0828 | Val loss: 0.0872
2026-01-10 01:39:11.183700 | Epoch:688 | LR: 0.0000414 | Loss : 0.0895 | Val loss: 0.0865
2026-01-10 01:39:15.371079 | Epoch:689 | LR: 0.0000413 | Loss : 0.0849 | Val loss: 0.0820
2026-01-10 01:39:19.581838 | Epoch:690 | LR: 0.0000413 | Loss : 0.0865 | Val loss: 0.0854
2026-01-10 01:39:23.776559 | Epoch:691 | LR: 0.0000413 | Loss : 0.0852 | Val loss: 0.0870
2026-01-10 01:39:28.001209 | Epoch:692 | LR: 0.0000413 | Loss : 0.0809 | Val loss: 0.0830
2026-01-10 01:39:32.189841 | Epoch:693 | LR: 0.0000412 | Loss : 0.0853 | Val loss: 0.0830
2026-01-10 01:39:36.324941 | Epoch:694 | LR: 0.0000412 | Loss : 0.0851 | Val loss: 0.0882
2026-01-10 01:39:40.455666 | Epoch:695 | LR: 0.0000412 | Loss : 0.0874 | Val loss: 0.0853
2026-01-10 01:39:44.617928 | Epoch:696 | LR: 0.0000412 | Loss : 0.0856 | Val loss: 0.0837
2026-01-10 01:39:48.827237 | Epoch:697 | LR: 0.0000412 | Loss : 0.0871 | Val loss: 0.0846
2026-01-10 01:39:52.890649 | Epoch:698 | LR: 0.0000411 | Loss : 0.0856 | Val loss: 0.0904
2026-01-10 01:39:57.135217 | Epoch:699 | LR: 0.0000411 | Loss : 0.0874 | Val loss: 0.0876
2026-01-10 01:40:01.285069 | Epoch:700 | LR: 0.0000411 | Loss : 0.0844 | Val loss: 0.0809
2026-01-10 01:40:05.466366 | Epoch:701 | LR: 0.0000411 | Loss : 0.0843 | Val loss: 0.0851
2026-01-10 01:40:09.646177 | Epoch:702 | LR: 0.0000410 | Loss : 0.0836 | Val loss: 0.0819
2026-01-10 01:40:13.843809 | Epoch:703 | LR: 0.0000410 | Loss : 0.0854 | Val loss: 0.0819
2026-01-10 01:40:18.056862 | Epoch:704 | LR: 0.0000410 | Loss : 0.0878 | Val loss: 0.0860
2026-01-10 01:40:22.264086 | Epoch:705 | LR: 0.0000410 | Loss : 0.0855 | Val loss: 0.0864
2026-01-10 01:40:26.476578 | Epoch:706 | LR: 0.0000409 | Loss : 0.0850 | Val loss: 0.0826
2026-01-10 01:40:30.678478 | Epoch:707 | LR: 0.0000409 | Loss : 0.0865 | Val loss: 0.0832
2026-01-10 01:40:34.846066 | Epoch:708 | LR: 0.0000409 | Loss : 0.0881 | Val loss: 0.0861
2026-01-10 01:40:38.990588 | Epoch:709 | LR: 0.0000409 | Loss : 0.0857 | Val loss: 0.0792
2026-01-10 01:40:43.115325 | Epoch:710 | LR: 0.0000408 | Loss : 0.0834 | Val loss: 0.0859
2026-01-10 01:40:47.263526 | Epoch:711 | LR: 0.0000408 | Loss : 0.0814 | Val loss: 0.0854
2026-01-10 01:40:51.416540 | Epoch:712 | LR: 0.0000408 | Loss : 0.0818 | Val loss: 0.0795
2026-01-10 01:40:55.616745 | Epoch:713 | LR: 0.0000408 | Loss : 0.0826 | Val loss: 0.0808
2026-01-10 01:40:59.809490 | Epoch:714 | LR: 0.0000407 | Loss : 0.0841 | Val loss: 0.0812
2026-01-10 01:41:03.907744 | Epoch:715 | LR: 0.0000407 | Loss : 0.0816 | Val loss: 0.0821
2026-01-10 01:41:08.066968 | Epoch:716 | LR: 0.0000407 | Loss : 0.0817 | Val loss: 0.0797
2026-01-10 01:41:12.214686 | Epoch:717 | LR: 0.0000407 | Loss : 0.0836 | Val loss: 0.0853
2026-01-10 01:41:16.386711 | Epoch:718 | LR: 0.0000406 | Loss : 0.0864 | Val loss: 0.0855
2026-01-10 01:41:20.571747 | Epoch:719 | LR: 0.0000406 | Loss : 0.0830 | Val loss: 0.0842
2026-01-10 01:41:24.777189 | Epoch:720 | LR: 0.0000406 | Loss : 0.0808 | Val loss: 0.0824
2026-01-10 01:41:29.007153 | Epoch:721 | LR: 0.0000406 | Loss : 0.0802 | Val loss: 0.0810
2026-01-10 01:41:33.222513 | Epoch:722 | LR: 0.0000405 | Loss : 0.0832 | Val loss: 0.0878
2026-01-10 01:41:37.433362 | Epoch:723 | LR: 0.0000405 | Loss : 0.0841 | Val loss: 0.0809
2026-01-10 01:41:41.845143 | Epoch:724 | LR: 0.0000405 | Loss : 0.0874 | Val loss: 0.0839
2026-01-10 01:41:45.975666 | Epoch:725 | LR: 0.0000405 | Loss : 0.0838 | Val loss: 0.0811
2026-01-10 01:41:50.078595 | Epoch:726 | LR: 0.0000404 | Loss : 0.0821 | Val loss: 0.0836
2026-01-10 01:41:54.222596 | Epoch:727 | LR: 0.0000404 | Loss : 0.0810 | Val loss: 0.0771
2026-01-10 01:41:59.425711 | Epoch:728 | LR: 0.0000404 | Loss : 0.0815 | Val loss: 0.0845
2026-01-10 01:42:03.780972 | Epoch:729 | LR: 0.0000404 | Loss : 0.0784 | Val loss: 0.0782
2026-01-10 01:42:07.896265 | Epoch:730 | LR: 0.0000403 | Loss : 0.0797 | Val loss: 0.0820
2026-01-10 01:42:12.015559 | Epoch:731 | LR: 0.0000403 | Loss : 0.0819 | Val loss: 0.0786
2026-01-10 01:42:16.190130 | Epoch:732 | LR: 0.0000403 | Loss : 0.0829 | Val loss: 0.0890
2026-01-10 01:42:20.392614 | Epoch:733 | LR: 0.0000403 | Loss : 0.0818 | Val loss: 0.0879
2026-01-10 01:42:24.567121 | Epoch:734 | LR: 0.0000402 | Loss : 0.0814 | Val loss: 0.0806
2026-01-10 01:42:28.758374 | Epoch:735 | LR: 0.0000402 | Loss : 0.0847 | Val loss: 0.0868
2026-01-10 01:42:32.968093 | Epoch:736 | LR: 0.0000402 | Loss : 0.0831 | Val loss: 0.0763
2026-01-10 01:42:37.180296 | Epoch:737 | LR: 0.0000402 | Loss : 0.0813 | Val loss: 0.0858
2026-01-10 01:42:41.396856 | Epoch:738 | LR: 0.0000401 | Loss : 0.0804 | Val loss: 0.0805
2026-01-10 01:42:45.558775 | Epoch:739 | LR: 0.0000401 | Loss : 0.0804 | Val loss: 0.0813
2026-01-10 01:42:49.678841 | Epoch:740 | LR: 0.0000401 | Loss : 0.0803 | Val loss: 0.0808
2026-01-10 01:42:53.796593 | Epoch:741 | LR: 0.0000401 | Loss : 0.0815 | Val loss: 0.0811
2026-01-10 01:42:57.927103 | Epoch:742 | LR: 0.0000400 | Loss : 0.0779 | Val loss: 0.0781
2026-01-10 01:43:02.020060 | Epoch:743 | LR: 0.0000400 | Loss : 0.0766 | Val loss: 0.0820
2026-01-10 01:43:06.267580 | Epoch:744 | LR: 0.0000400 | Loss : 0.0813 | Val loss: 0.0802
2026-01-10 01:43:10.604081 | Epoch:745 | LR: 0.0000400 | Loss : 0.0768 | Val loss: 0.0772
2026-01-10 01:43:14.752182 | Epoch:746 | LR: 0.0000399 | Loss : 0.0795 | Val loss: 0.0753
2026-01-10 01:43:18.939156 | Epoch:747 | LR: 0.0000399 | Loss : 0.0787 | Val loss: 0.0810
2026-01-10 01:43:23.145993 | Epoch:748 | LR: 0.0000399 | Loss : 0.0832 | Val loss: 0.0798
2026-01-10 01:43:27.349662 | Epoch:749 | LR: 0.0000399 | Loss : 0.0816 | Val loss: 0.0802
2026-01-10 01:43:31.560984 | Epoch:750 | LR: 0.0000398 | Loss : 0.0818 | Val loss: 0.0813
2026-01-10 01:43:35.797793 | Epoch:751 | LR: 0.0000398 | Loss : 0.0818 | Val loss: 0.0829
2026-01-10 01:43:39.997103 | Epoch:752 | LR: 0.0000398 | Loss : 0.0814 | Val loss: 0.0788
2026-01-10 01:43:44.212180 | Epoch:753 | LR: 0.0000398 | Loss : 0.0793 | Val loss: 0.0772
2026-01-10 01:43:48.385638 | Epoch:754 | LR: 0.0000397 | Loss : 0.0793 | Val loss: 0.0796
2026-01-10 01:43:52.522174 | Epoch:755 | LR: 0.0000397 | Loss : 0.0814 | Val loss: 0.0780
2026-01-10 01:43:56.642621 | Epoch:756 | LR: 0.0000397 | Loss : 0.0778 | Val loss: 0.0788
2026-01-10 01:44:00.778211 | Epoch:757 | LR: 0.0000397 | Loss : 0.0780 | Val loss: 0.0786
2026-01-10 01:44:04.923179 | Epoch:758 | LR: 0.0000396 | Loss : 0.0821 | Val loss: 0.0783
2026-01-10 01:44:09.064649 | Epoch:759 | LR: 0.0000396 | Loss : 0.0771 | Val loss: 0.0782
2026-01-10 01:44:13.306810 | Epoch:760 | LR: 0.0000396 | Loss : 0.0796 | Val loss: 0.0822
2026-01-10 01:44:17.423983 | Epoch:761 | LR: 0.0000396 | Loss : 0.0808 | Val loss: 0.0716
2026-01-10 01:44:21.629966 | Epoch:762 | LR: 0.0000395 | Loss : 0.0769 | Val loss: 0.0759
2026-01-10 01:44:25.809045 | Epoch:763 | LR: 0.0000395 | Loss : 0.0802 | Val loss: 0.0742
2026-01-10 01:44:29.984593 | Epoch:764 | LR: 0.0000395 | Loss : 0.0812 | Val loss: 0.0791
2026-01-10 01:44:34.174525 | Epoch:765 | LR: 0.0000395 | Loss : 0.0805 | Val loss: 0.0903
2026-01-10 01:44:38.399333 | Epoch:766 | LR: 0.0000394 | Loss : 0.0809 | Val loss: 0.0754
2026-01-10 01:44:42.637289 | Epoch:767 | LR: 0.0000394 | Loss : 0.0781 | Val loss: 0.0796
2026-01-10 01:44:46.854008 | Epoch:768 | LR: 0.0000394 | Loss : 0.0794 | Val loss: 0.0808
2026-01-10 01:44:51.048134 | Epoch:769 | LR: 0.0000394 | Loss : 0.0767 | Val loss: 0.0744
2026-01-10 01:44:55.205989 | Epoch:770 | LR: 0.0000393 | Loss : 0.0779 | Val loss: 0.0837
2026-01-10 01:44:59.324426 | Epoch:771 | LR: 0.0000393 | Loss : 0.0770 | Val loss: 0.0752
2026-01-10 01:45:03.423625 | Epoch:772 | LR: 0.0000393 | Loss : 0.0743 | Val loss: 0.0750
2026-01-10 01:45:07.638706 | Epoch:773 | LR: 0.0000393 | Loss : 0.0778 | Val loss: 0.0730
2026-01-10 01:45:11.833237 | Epoch:774 | LR: 0.0000392 | Loss : 0.0746 | Val loss: 0.0770
2026-01-10 01:45:16.025263 | Epoch:775 | LR: 0.0000392 | Loss : 0.0774 | Val loss: 0.0750
2026-01-10 01:45:20.223927 | Epoch:776 | LR: 0.0000392 | Loss : 0.0786 | Val loss: 0.0721
2026-01-10 01:45:24.376807 | Epoch:777 | LR: 0.0000391 | Loss : 0.0779 | Val loss: 0.0745
2026-01-10 01:45:28.538996 | Epoch:778 | LR: 0.0000391 | Loss : 0.0757 | Val loss: 0.0780
2026-01-10 01:45:32.705435 | Epoch:779 | LR: 0.0000391 | Loss : 0.0740 | Val loss: 0.0775
2026-01-10 01:45:36.901130 | Epoch:780 | LR: 0.0000391 | Loss : 0.0771 | Val loss: 0.0815
2026-01-10 01:45:41.092801 | Epoch:781 | LR: 0.0000390 | Loss : 0.0769 | Val loss: 0.0723
2026-01-10 01:45:45.318271 | Epoch:782 | LR: 0.0000390 | Loss : 0.0761 | Val loss: 0.0745
2026-01-10 01:45:49.527276 | Epoch:783 | LR: 0.0000390 | Loss : 0.0737 | Val loss: 0.0844
2026-01-10 01:45:53.724342 | Epoch:784 | LR: 0.0000390 | Loss : 0.0762 | Val loss: 0.0823
2026-01-10 01:45:58.188951 | Epoch:785 | LR: 0.0000389 | Loss : 0.0774 | Val loss: 0.0792
2026-01-10 01:46:02.315702 | Epoch:786 | LR: 0.0000389 | Loss : 0.0775 | Val loss: 0.0812
2026-01-10 01:46:06.692002 | Epoch:787 | LR: 0.0000389 | Loss : 0.0767 | Val loss: 0.0735
2026-01-10 01:46:10.783367 | Epoch:788 | LR: 0.0000389 | Loss : 0.0770 | Val loss: 0.0773
2026-01-10 01:46:14.958786 | Epoch:789 | LR: 0.0000388 | Loss : 0.0759 | Val loss: 0.0767
2026-01-10 01:46:19.036739 | Epoch:790 | LR: 0.0000388 | Loss : 0.0754 | Val loss: 0.0821
2026-01-10 01:46:23.243370 | Epoch:791 | LR: 0.0000388 | Loss : 0.0771 | Val loss: 0.0808
2026-01-10 01:46:27.386403 | Epoch:792 | LR: 0.0000388 | Loss : 0.0739 | Val loss: 0.0758
2026-01-10 01:46:31.518791 | Epoch:793 | LR: 0.0000387 | Loss : 0.0782 | Val loss: 0.0786
2026-01-10 01:46:35.685435 | Epoch:794 | LR: 0.0000387 | Loss : 0.0778 | Val loss: 0.0763
2026-01-10 01:46:39.865927 | Epoch:795 | LR: 0.0000387 | Loss : 0.0772 | Val loss: 0.0782
2026-01-10 01:46:44.065136 | Epoch:796 | LR: 0.0000387 | Loss : 0.0760 | Val loss: 0.0779
2026-01-10 01:46:48.285942 | Epoch:797 | LR: 0.0000386 | Loss : 0.0737 | Val loss: 0.0764
2026-01-10 01:46:52.525194 | Epoch:798 | LR: 0.0000386 | Loss : 0.0739 | Val loss: 0.0781
2026-01-10 01:46:56.725186 | Epoch:799 | LR: 0.0000386 | Loss : 0.0749 | Val loss: 0.0747
2026-01-10 01:47:01.001253 | Epoch:800 | LR: 0.0000385 | Loss : 0.0735 | Val loss: 0.0789
2026-01-10 01:47:05.185296 | Epoch:801 | LR: 0.0000385 | Loss : 0.0771 | Val loss: 0.0795
2026-01-10 01:47:09.306944 | Epoch:802 | LR: 0.0000385 | Loss : 0.0760 | Val loss: 0.0696
2026-01-10 01:47:13.458133 | Epoch:803 | LR: 0.0000385 | Loss : 0.0735 | Val loss: 0.0747
2026-01-10 01:47:17.533480 | Epoch:804 | LR: 0.0000384 | Loss : 0.0748 | Val loss: 0.0744
2026-01-10 01:47:21.689793 | Epoch:805 | LR: 0.0000384 | Loss : 0.0764 | Val loss: 0.0784
2026-01-10 01:47:25.817215 | Epoch:806 | LR: 0.0000384 | Loss : 0.0721 | Val loss: 0.0721
2026-01-10 01:47:30.035247 | Epoch:807 | LR: 0.0000384 | Loss : 0.0740 | Val loss: 0.0758
2026-01-10 01:47:34.174852 | Epoch:808 | LR: 0.0000383 | Loss : 0.0742 | Val loss: 0.0755
2026-01-10 01:47:38.318926 | Epoch:809 | LR: 0.0000383 | Loss : 0.0777 | Val loss: 0.0719
2026-01-10 01:47:42.465951 | Epoch:810 | LR: 0.0000383 | Loss : 0.0737 | Val loss: 0.0719
2026-01-10 01:47:46.631765 | Epoch:811 | LR: 0.0000383 | Loss : 0.0723 | Val loss: 0.0722
2026-01-10 01:47:50.810342 | Epoch:812 | LR: 0.0000382 | Loss : 0.0752 | Val loss: 0.0713
2026-01-10 01:47:55.013445 | Epoch:813 | LR: 0.0000382 | Loss : 0.0735 | Val loss: 0.0722
2026-01-10 01:47:59.227289 | Epoch:814 | LR: 0.0000382 | Loss : 0.0756 | Val loss: 0.0758
2026-01-10 01:48:03.418407 | Epoch:815 | LR: 0.0000381 | Loss : 0.0751 | Val loss: 0.0814
2026-01-10 01:48:07.620192 | Epoch:816 | LR: 0.0000381 | Loss : 0.0758 | Val loss: 0.0719
2026-01-10 01:48:11.779731 | Epoch:817 | LR: 0.0000381 | Loss : 0.0755 | Val loss: 0.0771
2026-01-10 01:48:15.930714 | Epoch:818 | LR: 0.0000381 | Loss : 0.0739 | Val loss: 0.0782
2026-01-10 01:48:20.011116 | Epoch:819 | LR: 0.0000380 | Loss : 0.0732 | Val loss: 0.0708
2026-01-10 01:48:24.070512 | Epoch:820 | LR: 0.0000380 | Loss : 0.0760 | Val loss: 0.0751
2026-01-10 01:48:28.111226 | Epoch:821 | LR: 0.0000380 | Loss : 0.0745 | Val loss: 0.0735
2026-01-10 01:48:32.299709 | Epoch:822 | LR: 0.0000380 | Loss : 0.0705 | Val loss: 0.0739
2026-01-10 01:48:36.502233 | Epoch:823 | LR: 0.0000379 | Loss : 0.0724 | Val loss: 0.0769
2026-01-10 01:48:40.693555 | Epoch:824 | LR: 0.0000379 | Loss : 0.0750 | Val loss: 0.0740
2026-01-10 01:48:44.946812 | Epoch:825 | LR: 0.0000379 | Loss : 0.0719 | Val loss: 0.0759
2026-01-10 01:48:49.139445 | Epoch:826 | LR: 0.0000379 | Loss : 0.0736 | Val loss: 0.0740
2026-01-10 01:48:53.330385 | Epoch:827 | LR: 0.0000378 | Loss : 0.0740 | Val loss: 0.0732
2026-01-10 01:48:57.555425 | Epoch:828 | LR: 0.0000378 | Loss : 0.0746 | Val loss: 0.0727
2026-01-10 01:49:01.780268 | Epoch:829 | LR: 0.0000378 | Loss : 0.0748 | Val loss: 0.0744
2026-01-10 01:49:06.010892 | Epoch:830 | LR: 0.0000377 | Loss : 0.0745 | Val loss: 0.0766
2026-01-10 01:49:10.215464 | Epoch:831 | LR: 0.0000377 | Loss : 0.0729 | Val loss: 0.0701
2026-01-10 01:49:14.356536 | Epoch:832 | LR: 0.0000377 | Loss : 0.0725 | Val loss: 0.0740
2026-01-10 01:49:18.469589 | Epoch:833 | LR: 0.0000377 | Loss : 0.0753 | Val loss: 0.0764
2026-01-10 01:49:22.666506 | Epoch:834 | LR: 0.0000376 | Loss : 0.0709 | Val loss: 0.0745
2026-01-10 01:49:26.740484 | Epoch:835 | LR: 0.0000376 | Loss : 0.0699 | Val loss: 0.0689
2026-01-10 01:49:30.828581 | Epoch:836 | LR: 0.0000376 | Loss : 0.0734 | Val loss: 0.0721
2026-01-10 01:49:36.163209 | Epoch:837 | LR: 0.0000376 | Loss : 0.0728 | Val loss: 0.0717
2026-01-10 01:49:40.294466 | Epoch:838 | LR: 0.0000375 | Loss : 0.0753 | Val loss: 0.0758
2026-01-10 01:49:44.466761 | Epoch:839 | LR: 0.0000375 | Loss : 0.0720 | Val loss: 0.0740
2026-01-10 01:49:48.636592 | Epoch:840 | LR: 0.0000375 | Loss : 0.0724 | Val loss: 0.0744
2026-01-10 01:49:52.813421 | Epoch:841 | LR: 0.0000374 | Loss : 0.0746 | Val loss: 0.0710
2026-01-10 01:49:57.239081 | Epoch:842 | LR: 0.0000374 | Loss : 0.0724 | Val loss: 0.0729
2026-01-10 01:50:01.448134 | Epoch:843 | LR: 0.0000374 | Loss : 0.0709 | Val loss: 0.0750
2026-01-10 01:50:05.692851 | Epoch:844 | LR: 0.0000374 | Loss : 0.0739 | Val loss: 0.0706
2026-01-10 01:50:09.920713 | Epoch:845 | LR: 0.0000373 | Loss : 0.0730 | Val loss: 0.0683
2026-01-10 01:50:14.120899 | Epoch:846 | LR: 0.0000373 | Loss : 0.0685 | Val loss: 0.0726
2026-01-10 01:50:18.299996 | Epoch:847 | LR: 0.0000373 | Loss : 0.0712 | Val loss: 0.0706
2026-01-10 01:50:22.436361 | Epoch:848 | LR: 0.0000373 | Loss : 0.0701 | Val loss: 0.0712
2026-01-10 01:50:26.545814 | Epoch:849 | LR: 0.0000372 | Loss : 0.0723 | Val loss: 0.0745
2026-01-10 01:50:30.644460 | Epoch:850 | LR: 0.0000372 | Loss : 0.0716 | Val loss: 0.0688
2026-01-10 01:50:34.800639 | Epoch:851 | LR: 0.0000372 | Loss : 0.0747 | Val loss: 0.0723
2026-01-10 01:50:39.257199 | Epoch:852 | LR: 0.0000371 | Loss : 0.0706 | Val loss: 0.0772
2026-01-10 01:50:43.372815 | Epoch:853 | LR: 0.0000371 | Loss : 0.0747 | Val loss: 0.0734
2026-01-10 01:50:47.521229 | Epoch:854 | LR: 0.0000371 | Loss : 0.0725 | Val loss: 0.0755
2026-01-10 01:50:51.696861 | Epoch:855 | LR: 0.0000371 | Loss : 0.0685 | Val loss: 0.0732
2026-01-10 01:50:55.897695 | Epoch:856 | LR: 0.0000370 | Loss : 0.0717 | Val loss: 0.0694
2026-01-10 01:51:00.105788 | Epoch:857 | LR: 0.0000370 | Loss : 0.0698 | Val loss: 0.0712
2026-01-10 01:51:04.386237 | Epoch:858 | LR: 0.0000370 | Loss : 0.0716 | Val loss: 0.0647
2026-01-10 01:51:08.607525 | Epoch:859 | LR: 0.0000369 | Loss : 0.0720 | Val loss: 0.0682
2026-01-10 01:51:12.867380 | Epoch:860 | LR: 0.0000369 | Loss : 0.0682 | Val loss: 0.0666
2026-01-10 01:51:17.098024 | Epoch:861 | LR: 0.0000369 | Loss : 0.0729 | Val loss: 0.0712
2026-01-10 01:51:21.313247 | Epoch:862 | LR: 0.0000369 | Loss : 0.0684 | Val loss: 0.0657
2026-01-10 01:51:25.475427 | Epoch:863 | LR: 0.0000368 | Loss : 0.0680 | Val loss: 0.0707
2026-01-10 01:51:29.672747 | Epoch:864 | LR: 0.0000368 | Loss : 0.0684 | Val loss: 0.0711
2026-01-10 01:51:33.833759 | Epoch:865 | LR: 0.0000368 | Loss : 0.0714 | Val loss: 0.0661
2026-01-10 01:51:37.987345 | Epoch:866 | LR: 0.0000368 | Loss : 0.0723 | Val loss: 0.0647
2026-01-10 01:51:42.159215 | Epoch:867 | LR: 0.0000367 | Loss : 0.0703 | Val loss: 0.0702
2026-01-10 01:51:46.370198 | Epoch:868 | LR: 0.0000367 | Loss : 0.0702 | Val loss: 0.0709
2026-01-10 01:51:50.528040 | Epoch:869 | LR: 0.0000367 | Loss : 0.0693 | Val loss: 0.0732
2026-01-10 01:51:54.700212 | Epoch:870 | LR: 0.0000366 | Loss : 0.0653 | Val loss: 0.0698
2026-01-10 01:51:58.901198 | Epoch:871 | LR: 0.0000366 | Loss : 0.0699 | Val loss: 0.0693
2026-01-10 01:52:03.118250 | Epoch:872 | LR: 0.0000366 | Loss : 0.0698 | Val loss: 0.0714
2026-01-10 01:52:07.317876 | Epoch:873 | LR: 0.0000366 | Loss : 0.0719 | Val loss: 0.0722
2026-01-10 01:52:11.507217 | Epoch:874 | LR: 0.0000365 | Loss : 0.0725 | Val loss: 0.0678
2026-01-10 01:52:15.820781 | Epoch:875 | LR: 0.0000365 | Loss : 0.0684 | Val loss: 0.0696
2026-01-10 01:52:20.087532 | Epoch:876 | LR: 0.0000365 | Loss : 0.0714 | Val loss: 0.0678
2026-01-10 01:52:24.302359 | Epoch:877 | LR: 0.0000364 | Loss : 0.0740 | Val loss: 0.0744
2026-01-10 01:52:28.467990 | Epoch:878 | LR: 0.0000364 | Loss : 0.0687 | Val loss: 0.0705
2026-01-10 01:52:32.667044 | Epoch:879 | LR: 0.0000364 | Loss : 0.0667 | Val loss: 0.0679
2026-01-10 01:52:36.781243 | Epoch:880 | LR: 0.0000364 | Loss : 0.0705 | Val loss: 0.0664
2026-01-10 01:52:41.059631 | Epoch:881 | LR: 0.0000363 | Loss : 0.0677 | Val loss: 0.0685
2026-01-10 01:52:45.222352 | Epoch:882 | LR: 0.0000363 | Loss : 0.0663 | Val loss: 0.0716
2026-01-10 01:52:49.449917 | Epoch:883 | LR: 0.0000363 | Loss : 0.0697 | Val loss: 0.0695
2026-01-10 01:52:53.624067 | Epoch:884 | LR: 0.0000362 | Loss : 0.0700 | Val loss: 0.0703
2026-01-10 01:52:57.787055 | Epoch:885 | LR: 0.0000362 | Loss : 0.0702 | Val loss: 0.0686
2026-01-10 01:53:01.972588 | Epoch:886 | LR: 0.0000362 | Loss : 0.0684 | Val loss: 0.0681
2026-01-10 01:53:06.155629 | Epoch:887 | LR: 0.0000362 | Loss : 0.0690 | Val loss: 0.0645
2026-01-10 01:53:10.344149 | Epoch:888 | LR: 0.0000361 | Loss : 0.0681 | Val loss: 0.0698
2026-01-10 01:53:14.821322 | Epoch:889 | LR: 0.0000361 | Loss : 0.0707 | Val loss: 0.0650
2026-01-10 01:53:19.043242 | Epoch:890 | LR: 0.0000361 | Loss : 0.0668 | Val loss: 0.0695
2026-01-10 01:53:23.247921 | Epoch:891 | LR: 0.0000361 | Loss : 0.0696 | Val loss: 0.0673
2026-01-10 01:53:27.448722 | Epoch:892 | LR: 0.0000360 | Loss : 0.0719 | Val loss: 0.0643
2026-01-10 01:53:31.622625 | Epoch:893 | LR: 0.0000360 | Loss : 0.0675 | Val loss: 0.0683
2026-01-10 01:53:35.994447 | Epoch:894 | LR: 0.0000360 | Loss : 0.0689 | Val loss: 0.0683
2026-01-10 01:53:40.156384 | Epoch:895 | LR: 0.0000359 | Loss : 0.0691 | Val loss: 0.0716
2026-01-10 01:53:44.366127 | Epoch:896 | LR: 0.0000359 | Loss : 0.0721 | Val loss: 0.0649
2026-01-10 01:53:48.576074 | Epoch:897 | LR: 0.0000359 | Loss : 0.0684 | Val loss: 0.0647
2026-01-10 01:53:52.705395 | Epoch:898 | LR: 0.0000359 | Loss : 0.0680 | Val loss: 0.0678
2026-01-10 01:53:56.890781 | Epoch:899 | LR: 0.0000358 | Loss : 0.0671 | Val loss: 0.0660
2026-01-10 01:54:00.993701 | Epoch:900 | LR: 0.0000358 | Loss : 0.0685 | Val loss: 0.0661
2026-01-10 01:54:05.318573 | Epoch:901 | LR: 0.0000358 | Loss : 0.0668 | Val loss: 0.0639
2026-01-10 01:54:09.499843 | Epoch:902 | LR: 0.0000357 | Loss : 0.0671 | Val loss: 0.0637
2026-01-10 01:54:13.657537 | Epoch:903 | LR: 0.0000357 | Loss : 0.0687 | Val loss: 0.0715
2026-01-10 01:54:17.855990 | Epoch:904 | LR: 0.0000357 | Loss : 0.0663 | Val loss: 0.0674
2026-01-10 01:54:22.067930 | Epoch:905 | LR: 0.0000357 | Loss : 0.0674 | Val loss: 0.0649
2026-01-10 01:54:26.294892 | Epoch:906 | LR: 0.0000356 | Loss : 0.0673 | Val loss: 0.0629
2026-01-10 01:54:30.500981 | Epoch:907 | LR: 0.0000356 | Loss : 0.0635 | Val loss: 0.0692
2026-01-10 01:54:34.715887 | Epoch:908 | LR: 0.0000356 | Loss : 0.0658 | Val loss: 0.0662
2026-01-10 01:54:38.875603 | Epoch:909 | LR: 0.0000355 | Loss : 0.0682 | Val loss: 0.0626
2026-01-10 01:54:43.008408 | Epoch:910 | LR: 0.0000355 | Loss : 0.0652 | Val loss: 0.0682
2026-01-10 01:54:47.272653 | Epoch:911 | LR: 0.0000355 | Loss : 0.0681 | Val loss: 0.0665
2026-01-10 01:54:51.393066 | Epoch:912 | LR: 0.0000355 | Loss : 0.0684 | Val loss: 0.0654
2026-01-10 01:54:55.506670 | Epoch:913 | LR: 0.0000354 | Loss : 0.0672 | Val loss: 0.0716
2026-01-10 01:54:59.614612 | Epoch:914 | LR: 0.0000354 | Loss : 0.0703 | Val loss: 0.0699
2026-01-10 01:55:03.890876 | Epoch:915 | LR: 0.0000354 | Loss : 0.0672 | Val loss: 0.0716
2026-01-10 01:55:08.062970 | Epoch:916 | LR: 0.0000353 | Loss : 0.0654 | Val loss: 0.0735
2026-01-10 01:55:12.258063 | Epoch:917 | LR: 0.0000353 | Loss : 0.0666 | Val loss: 0.0656
2026-01-10 01:55:16.435494 | Epoch:918 | LR: 0.0000353 | Loss : 0.0674 | Val loss: 0.0688
2026-01-10 01:55:20.623989 | Epoch:919 | LR: 0.0000353 | Loss : 0.0653 | Val loss: 0.0638
2026-01-10 01:55:24.837878 | Epoch:920 | LR: 0.0000352 | Loss : 0.0682 | Val loss: 0.0652
2026-01-10 01:55:29.047854 | Epoch:921 | LR: 0.0000352 | Loss : 0.0647 | Val loss: 0.0682
2026-01-10 01:55:33.308668 | Epoch:922 | LR: 0.0000352 | Loss : 0.0685 | Val loss: 0.0672
2026-01-10 01:55:37.506964 | Epoch:923 | LR: 0.0000351 | Loss : 0.0677 | Val loss: 0.0673
2026-01-10 01:55:41.713800 | Epoch:924 | LR: 0.0000351 | Loss : 0.0657 | Val loss: 0.0670
2026-01-10 01:55:45.902909 | Epoch:925 | LR: 0.0000351 | Loss : 0.0678 | Val loss: 0.0626
2026-01-10 01:55:49.982085 | Epoch:926 | LR: 0.0000351 | Loss : 0.0655 | Val loss: 0.0649
2026-01-10 01:55:54.150357 | Epoch:927 | LR: 0.0000350 | Loss : 0.0672 | Val loss: 0.0642
2026-01-10 01:55:58.362684 | Epoch:928 | LR: 0.0000350 | Loss : 0.0673 | Val loss: 0.0706
2026-01-10 01:56:02.547823 | Epoch:929 | LR: 0.0000350 | Loss : 0.0655 | Val loss: 0.0679
2026-01-10 01:56:06.701881 | Epoch:930 | LR: 0.0000349 | Loss : 0.0658 | Val loss: 0.0655
2026-01-10 01:56:10.927436 | Epoch:931 | LR: 0.0000349 | Loss : 0.0666 | Val loss: 0.0620
2026-01-10 01:56:15.099333 | Epoch:932 | LR: 0.0000349 | Loss : 0.0625 | Val loss: 0.0637
2026-01-10 01:56:19.382926 | Epoch:933 | LR: 0.0000348 | Loss : 0.0647 | Val loss: 0.0656
2026-01-10 01:56:23.574087 | Epoch:934 | LR: 0.0000348 | Loss : 0.0681 | Val loss: 0.0626
2026-01-10 01:56:27.761826 | Epoch:935 | LR: 0.0000348 | Loss : 0.0617 | Val loss: 0.0704
2026-01-10 01:56:31.981525 | Epoch:936 | LR: 0.0000348 | Loss : 0.0607 | Val loss: 0.0691
2026-01-10 01:56:36.203002 | Epoch:937 | LR: 0.0000347 | Loss : 0.0660 | Val loss: 0.0675
2026-01-10 01:56:40.393337 | Epoch:938 | LR: 0.0000347 | Loss : 0.0634 | Val loss: 0.0607
2026-01-10 01:56:44.582752 | Epoch:939 | LR: 0.0000347 | Loss : 0.0662 | Val loss: 0.0644
2026-01-10 01:56:48.771411 | Epoch:940 | LR: 0.0000346 | Loss : 0.0640 | Val loss: 0.0646
2026-01-10 01:56:52.926126 | Epoch:941 | LR: 0.0000346 | Loss : 0.0630 | Val loss: 0.0661
2026-01-10 01:56:58.344852 | Epoch:942 | LR: 0.0000346 | Loss : 0.0647 | Val loss: 0.0604
2026-01-10 01:57:02.515461 | Epoch:943 | LR: 0.0000346 | Loss : 0.0652 | Val loss: 0.0644
2026-01-10 01:57:06.636332 | Epoch:944 | LR: 0.0000345 | Loss : 0.0636 | Val loss: 0.0614
2026-01-10 01:57:10.829228 | Epoch:945 | LR: 0.0000345 | Loss : 0.0638 | Val loss: 0.0603
2026-01-10 01:57:15.062548 | Epoch:946 | LR: 0.0000345 | Loss : 0.0667 | Val loss: 0.0612
2026-01-10 01:57:19.259914 | Epoch:947 | LR: 0.0000344 | Loss : 0.0641 | Val loss: 0.0632
2026-01-10 01:57:23.697325 | Epoch:948 | LR: 0.0000344 | Loss : 0.0677 | Val loss: 0.0664
2026-01-10 01:57:27.960321 | Epoch:949 | LR: 0.0000344 | Loss : 0.0629 | Val loss: 0.0699
2026-01-10 01:57:32.216258 | Epoch:950 | LR: 0.0000344 | Loss : 0.0652 | Val loss: 0.0669
2026-01-10 01:57:36.461806 | Epoch:951 | LR: 0.0000343 | Loss : 0.0637 | Val loss: 0.0612
2026-01-10 01:57:40.747558 | Epoch:952 | LR: 0.0000343 | Loss : 0.0672 | Val loss: 0.0694
2026-01-10 01:57:44.998702 | Epoch:953 | LR: 0.0000343 | Loss : 0.0632 | Val loss: 0.0654
2026-01-10 01:57:49.243849 | Epoch:954 | LR: 0.0000342 | Loss : 0.0701 | Val loss: 0.0654
2026-01-10 01:57:53.486552 | Epoch:955 | LR: 0.0000342 | Loss : 0.0661 | Val loss: 0.0616
2026-01-10 01:57:57.696577 | Epoch:956 | LR: 0.0000342 | Loss : 0.0627 | Val loss: 0.0683
2026-01-10 01:58:01.902317 | Epoch:957 | LR: 0.0000341 | Loss : 0.0626 | Val loss: 0.0660
2026-01-10 01:58:06.039902 | Epoch:958 | LR: 0.0000341 | Loss : 0.0636 | Val loss: 0.0636
2026-01-10 01:58:10.302981 | Epoch:959 | LR: 0.0000341 | Loss : 0.0654 | Val loss: 0.0644
2026-01-10 01:58:14.417450 | Epoch:960 | LR: 0.0000341 | Loss : 0.0604 | Val loss: 0.0650
2026-01-10 01:58:18.693634 | Epoch:961 | LR: 0.0000340 | Loss : 0.0652 | Val loss: 0.0723
2026-01-10 01:58:22.941376 | Epoch:962 | LR: 0.0000340 | Loss : 0.0647 | Val loss: 0.0591
2026-01-10 01:58:27.158083 | Epoch:963 | LR: 0.0000340 | Loss : 0.0643 | Val loss: 0.0632
2026-01-10 01:58:31.387121 | Epoch:964 | LR: 0.0000339 | Loss : 0.0646 | Val loss: 0.0627
2026-01-10 01:58:35.630864 | Epoch:965 | LR: 0.0000339 | Loss : 0.0624 | Val loss: 0.0613
2026-01-10 01:58:39.966120 | Epoch:966 | LR: 0.0000339 | Loss : 0.0657 | Val loss: 0.0640
2026-01-10 01:58:44.249047 | Epoch:967 | LR: 0.0000339 | Loss : 0.0635 | Val loss: 0.0690
2026-01-10 01:58:48.579663 | Epoch:968 | LR: 0.0000338 | Loss : 0.0631 | Val loss: 0.0606
2026-01-10 01:58:52.856506 | Epoch:969 | LR: 0.0000338 | Loss : 0.0629 | Val loss: 0.0640
2026-01-10 01:58:57.117523 | Epoch:970 | LR: 0.0000338 | Loss : 0.0622 | Val loss: 0.0646
2026-01-10 01:59:01.399479 | Epoch:971 | LR: 0.0000337 | Loss : 0.0639 | Val loss: 0.0573
2026-01-10 01:59:05.603293 | Epoch:972 | LR: 0.0000337 | Loss : 0.0650 | Val loss: 0.0626
2026-01-10 01:59:09.829535 | Epoch:973 | LR: 0.0000337 | Loss : 0.0650 | Val loss: 0.0640
2026-01-10 01:59:14.018393 | Epoch:974 | LR: 0.0000336 | Loss : 0.0652 | Val loss: 0.0648
2026-01-10 01:59:18.196607 | Epoch:975 | LR: 0.0000336 | Loss : 0.0626 | Val loss: 0.0586
2026-01-10 01:59:22.429843 | Epoch:976 | LR: 0.0000336 | Loss : 0.0609 | Val loss: 0.0588
2026-01-10 01:59:26.677501 | Epoch:977 | LR: 0.0000336 | Loss : 0.0619 | Val loss: 0.0633
2026-01-10 01:59:30.924219 | Epoch:978 | LR: 0.0000335 | Loss : 0.0610 | Val loss: 0.0601
2026-01-10 01:59:35.140617 | Epoch:979 | LR: 0.0000335 | Loss : 0.0603 | Val loss: 0.0617
2026-01-10 01:59:39.580967 | Epoch:980 | LR: 0.0000335 | Loss : 0.0640 | Val loss: 0.0635
2026-01-10 01:59:43.817290 | Epoch:981 | LR: 0.0000334 | Loss : 0.0649 | Val loss: 0.0634
2026-01-10 01:59:48.158844 | Epoch:982 | LR: 0.0000334 | Loss : 0.0626 | Val loss: 0.0607
2026-01-10 01:59:52.462148 | Epoch:983 | LR: 0.0000334 | Loss : 0.0610 | Val loss: 0.0630
2026-01-10 01:59:56.731866 | Epoch:984 | LR: 0.0000334 | Loss : 0.0623 | Val loss: 0.0603
2026-01-10 02:00:01.014948 | Epoch:985 | LR: 0.0000333 | Loss : 0.0608 | Val loss: 0.0631
2026-01-10 02:00:05.258382 | Epoch:986 | LR: 0.0000333 | Loss : 0.0629 | Val loss: 0.0681
2026-01-10 02:00:09.483449 | Epoch:987 | LR: 0.0000333 | Loss : 0.0627 | Val loss: 0.0631
2026-01-10 02:00:13.668722 | Epoch:988 | LR: 0.0000332 | Loss : 0.0605 | Val loss: 0.0698
2026-01-10 02:00:17.914170 | Epoch:989 | LR: 0.0000332 | Loss : 0.0653 | Val loss: 0.0605
2026-01-10 02:00:22.096235 | Epoch:990 | LR: 0.0000332 | Loss : 0.0612 | Val loss: 0.0614
2026-01-10 02:00:26.279315 | Epoch:991 | LR: 0.0000331 | Loss : 0.0617 | Val loss: 0.0620
2026-01-10 02:00:30.526405 | Epoch:992 | LR: 0.0000331 | Loss : 0.0574 | Val loss: 0.0663
2026-01-10 02:00:34.715890 | Epoch:993 | LR: 0.0000331 | Loss : 0.0604 | Val loss: 0.0632
2026-01-10 02:00:38.942745 | Epoch:994 | LR: 0.0000331 | Loss : 0.0635 | Val loss: 0.0614
2026-01-10 02:00:43.175057 | Epoch:995 | LR: 0.0000330 | Loss : 0.0624 | Val loss: 0.0618
2026-01-10 02:00:47.395353 | Epoch:996 | LR: 0.0000330 | Loss : 0.0609 | Val loss: 0.0610
2026-01-10 02:00:51.651505 | Epoch:997 | LR: 0.0000330 | Loss : 0.0619 | Val loss: 0.0606
2026-01-10 02:00:56.004288 | Epoch:998 | LR: 0.0000329 | Loss : 0.0619 | Val loss: 0.0659
2026-01-10 02:01:00.273657 | Epoch:999 | LR: 0.0000329 | Loss : 0.0616 | Val loss: 0.0642
2026-01-10 02:01:04.565415 | Epoch:1000 | LR: 0.0000329 | Loss : 0.0602 | Val loss: 0.0591
2026-01-10 02:01:09.089582 | Epoch:1001 | LR: 0.0000328 | Loss : 0.0638 | Val loss: 0.0591
2026-01-10 02:01:13.323352 | Epoch:1002 | LR: 0.0000328 | Loss : 0.0603 | Val loss: 0.0628
2026-01-10 02:01:17.519563 | Epoch:1003 | LR: 0.0000328 | Loss : 0.0579 | Val loss: 0.0664
2026-01-10 02:01:21.678327 | Epoch:1004 | LR: 0.0000328 | Loss : 0.0599 | Val loss: 0.0586
2026-01-10 02:01:25.923934 | Epoch:1005 | LR: 0.0000327 | Loss : 0.0626 | Val loss: 0.0629
2026-01-10 02:01:30.068383 | Epoch:1006 | LR: 0.0000327 | Loss : 0.0599 | Val loss: 0.0635
2026-01-10 02:01:34.357997 | Epoch:1007 | LR: 0.0000327 | Loss : 0.0606 | Val loss: 0.0596
2026-01-10 02:01:38.588043 | Epoch:1008 | LR: 0.0000326 | Loss : 0.0637 | Val loss: 0.0593
2026-01-10 02:01:42.877300 | Epoch:1009 | LR: 0.0000326 | Loss : 0.0594 | Val loss: 0.0585
2026-01-10 02:01:47.127452 | Epoch:1010 | LR: 0.0000326 | Loss : 0.0623 | Val loss: 0.0622
2026-01-10 02:01:51.330299 | Epoch:1011 | LR: 0.0000325 | Loss : 0.0588 | Val loss: 0.0588
2026-01-10 02:01:55.597867 | Epoch:1012 | LR: 0.0000325 | Loss : 0.0608 | Val loss: 0.0627
2026-01-10 02:02:00.140442 | Epoch:1013 | LR: 0.0000325 | Loss : 0.0616 | Val loss: 0.0617
2026-01-10 02:02:04.442703 | Epoch:1014 | LR: 0.0000325 | Loss : 0.0643 | Val loss: 0.0594
2026-01-10 02:02:08.717325 | Epoch:1015 | LR: 0.0000324 | Loss : 0.0627 | Val loss: 0.0636
2026-01-10 02:02:12.992097 | Epoch:1016 | LR: 0.0000324 | Loss : 0.0626 | Val loss: 0.0608
2026-01-10 02:02:17.224527 | Epoch:1017 | LR: 0.0000324 | Loss : 0.0615 | Val loss: 0.0650
2026-01-10 02:02:21.436764 | Epoch:1018 | LR: 0.0000323 | Loss : 0.0636 | Val loss: 0.0614
2026-01-10 02:02:25.609250 | Epoch:1019 | LR: 0.0000323 | Loss : 0.0591 | Val loss: 0.0624
2026-01-10 02:02:29.778763 | Epoch:1020 | LR: 0.0000323 | Loss : 0.0619 | Val loss: 0.0618
2026-01-10 02:02:34.121400 | Epoch:1021 | LR: 0.0000322 | Loss : 0.0578 | Val loss: 0.0580
2026-01-10 02:02:38.323072 | Epoch:1022 | LR: 0.0000322 | Loss : 0.0580 | Val loss: 0.0635
2026-01-10 02:02:42.539142 | Epoch:1023 | LR: 0.0000322 | Loss : 0.0610 | Val loss: 0.0617
2026-01-10 02:02:46.744324 | Epoch:1024 | LR: 0.0000322 | Loss : 0.0608 | Val loss: 0.0631
2026-01-10 02:02:50.974424 | Epoch:1025 | LR: 0.0000321 | Loss : 0.0611 | Val loss: 0.0575
2026-01-10 02:02:55.235205 | Epoch:1026 | LR: 0.0000321 | Loss : 0.0589 | Val loss: 0.0608
2026-01-10 02:02:59.493836 | Epoch:1027 | LR: 0.0000321 | Loss : 0.0610 | Val loss: 0.0616
2026-01-10 02:03:03.783234 | Epoch:1028 | LR: 0.0000320 | Loss : 0.0592 | Val loss: 0.0594
2026-01-10 02:03:08.082352 | Epoch:1029 | LR: 0.0000320 | Loss : 0.0593 | Val loss: 0.0645
2026-01-10 02:03:12.399263 | Epoch:1030 | LR: 0.0000320 | Loss : 0.0619 | Val loss: 0.0601
2026-01-10 02:03:16.757072 | Epoch:1031 | LR: 0.0000319 | Loss : 0.0603 | Val loss: 0.0585
2026-01-10 02:03:21.066839 | Epoch:1032 | LR: 0.0000319 | Loss : 0.0550 | Val loss: 0.0609
2026-01-10 02:03:25.286421 | Epoch:1033 | LR: 0.0000319 | Loss : 0.0587 | Val loss: 0.0623
2026-01-10 02:03:29.484713 | Epoch:1034 | LR: 0.0000319 | Loss : 0.0578 | Val loss: 0.0528
2026-01-10 02:03:33.794797 | Epoch:1035 | LR: 0.0000318 | Loss : 0.0581 | Val loss: 0.0599
2026-01-10 02:03:37.943725 | Epoch:1036 | LR: 0.0000318 | Loss : 0.0589 | Val loss: 0.0587
2026-01-10 02:03:42.084669 | Epoch:1037 | LR: 0.0000318 | Loss : 0.0578 | Val loss: 0.0591
2026-01-10 02:03:46.385373 | Epoch:1038 | LR: 0.0000317 | Loss : 0.0583 | Val loss: 0.0567
2026-01-10 02:03:50.593011 | Epoch:1039 | LR: 0.0000317 | Loss : 0.0579 | Val loss: 0.0666
2026-01-10 02:03:54.816501 | Epoch:1040 | LR: 0.0000317 | Loss : 0.0590 | Val loss: 0.0588
2026-01-10 02:03:59.064803 | Epoch:1041 | LR: 0.0000316 | Loss : 0.0588 | Val loss: 0.0612
2026-01-10 02:04:03.271715 | Epoch:1042 | LR: 0.0000316 | Loss : 0.0593 | Val loss: 0.0562
2026-01-10 02:04:07.545482 | Epoch:1043 | LR: 0.0000316 | Loss : 0.0580 | Val loss: 0.0579
2026-01-10 02:04:11.812516 | Epoch:1044 | LR: 0.0000315 | Loss : 0.0622 | Val loss: 0.0576
2026-01-10 02:04:16.093281 | Epoch:1045 | LR: 0.0000315 | Loss : 0.0580 | Val loss: 0.0572
2026-01-10 02:04:20.370949 | Epoch:1046 | LR: 0.0000315 | Loss : 0.0588 | Val loss: 0.0583
2026-01-10 02:04:24.653335 | Epoch:1047 | LR: 0.0000315 | Loss : 0.0586 | Val loss: 0.0595
2026-01-10 02:04:28.940809 | Epoch:1048 | LR: 0.0000314 | Loss : 0.0613 | Val loss: 0.0569
2026-01-10 02:04:33.147620 | Epoch:1049 | LR: 0.0000314 | Loss : 0.0586 | Val loss: 0.0552
2026-01-10 02:04:37.358161 | Epoch:1050 | LR: 0.0000314 | Loss : 0.0586 | Val loss: 0.0576
2026-01-10 02:04:41.592465 | Epoch:1051 | LR: 0.0000313 | Loss : 0.0578 | Val loss: 0.0597
2026-01-10 02:04:45.735367 | Epoch:1052 | LR: 0.0000313 | Loss : 0.0608 | Val loss: 0.0661
2026-01-10 02:04:50.010456 | Epoch:1053 | LR: 0.0000313 | Loss : 0.0570 | Val loss: 0.0558
2026-01-10 02:04:54.211106 | Epoch:1054 | LR: 0.0000312 | Loss : 0.0595 | Val loss: 0.0589
2026-01-10 02:04:58.419228 | Epoch:1055 | LR: 0.0000312 | Loss : 0.0579 | Val loss: 0.0613
2026-01-10 02:05:02.667066 | Epoch:1056 | LR: 0.0000312 | Loss : 0.0590 | Val loss: 0.0586
2026-01-10 02:05:08.638374 | Epoch:1057 | LR: 0.0000312 | Loss : 0.0599 | Val loss: 0.0609
2026-01-10 02:05:12.919049 | Epoch:1058 | LR: 0.0000311 | Loss : 0.0570 | Val loss: 0.0579
2026-01-10 02:05:17.259465 | Epoch:1059 | LR: 0.0000311 | Loss : 0.0583 | Val loss: 0.0565
2026-01-10 02:05:21.526531 | Epoch:1060 | LR: 0.0000311 | Loss : 0.0572 | Val loss: 0.0595
2026-01-10 02:05:25.774727 | Epoch:1061 | LR: 0.0000310 | Loss : 0.0566 | Val loss: 0.0586
2026-01-10 02:05:30.028619 | Epoch:1062 | LR: 0.0000310 | Loss : 0.0579 | Val loss: 0.0564
2026-01-10 02:05:34.226725 | Epoch:1063 | LR: 0.0000310 | Loss : 0.0574 | Val loss: 0.0557
2026-01-10 02:05:38.404939 | Epoch:1064 | LR: 0.0000309 | Loss : 0.0576 | Val loss: 0.0548
2026-01-10 02:05:42.586302 | Epoch:1065 | LR: 0.0000309 | Loss : 0.0572 | Val loss: 0.0550
2026-01-10 02:05:47.013725 | Epoch:1066 | LR: 0.0000309 | Loss : 0.0577 | Val loss: 0.0621
2026-01-10 02:05:51.162898 | Epoch:1067 | LR: 0.0000308 | Loss : 0.0592 | Val loss: 0.0586
2026-01-10 02:05:55.398277 | Epoch:1068 | LR: 0.0000308 | Loss : 0.0561 | Val loss: 0.0564
2026-01-10 02:05:59.622132 | Epoch:1069 | LR: 0.0000308 | Loss : 0.0557 | Val loss: 0.0593
2026-01-10 02:06:03.819403 | Epoch:1070 | LR: 0.0000308 | Loss : 0.0556 | Val loss: 0.0546
2026-01-10 02:06:08.031729 | Epoch:1071 | LR: 0.0000307 | Loss : 0.0565 | Val loss: 0.0553
2026-01-10 02:06:12.294553 | Epoch:1072 | LR: 0.0000307 | Loss : 0.0530 | Val loss: 0.0578
2026-01-10 02:06:16.570998 | Epoch:1073 | LR: 0.0000307 | Loss : 0.0576 | Val loss: 0.0541
2026-01-10 02:06:20.846232 | Epoch:1074 | LR: 0.0000306 | Loss : 0.0572 | Val loss: 0.0543
2026-01-10 02:06:25.179466 | Epoch:1075 | LR: 0.0000306 | Loss : 0.0575 | Val loss: 0.0586
2026-01-10 02:06:29.454092 | Epoch:1076 | LR: 0.0000306 | Loss : 0.0584 | Val loss: 0.0522
2026-01-10 02:06:33.711457 | Epoch:1077 | LR: 0.0000305 | Loss : 0.0571 | Val loss: 0.0582
2026-01-10 02:06:37.930010 | Epoch:1078 | LR: 0.0000305 | Loss : 0.0565 | Val loss: 0.0551
2026-01-10 02:06:42.382683 | Epoch:1079 | LR: 0.0000305 | Loss : 0.0584 | Val loss: 0.0597
2026-01-10 02:06:46.550635 | Epoch:1080 | LR: 0.0000304 | Loss : 0.0561 | Val loss: 0.0553
2026-01-10 02:06:50.697600 | Epoch:1081 | LR: 0.0000304 | Loss : 0.0546 | Val loss: 0.0545
2026-01-10 02:06:54.908430 | Epoch:1082 | LR: 0.0000304 | Loss : 0.0541 | Val loss: 0.0570
2026-01-10 02:06:59.112458 | Epoch:1083 | LR: 0.0000304 | Loss : 0.0560 | Val loss: 0.0601
2026-01-10 02:07:03.306489 | Epoch:1084 | LR: 0.0000303 | Loss : 0.0587 | Val loss: 0.0566
2026-01-10 02:07:07.506095 | Epoch:1085 | LR: 0.0000303 | Loss : 0.0562 | Val loss: 0.0561
2026-01-10 02:07:11.810971 | Epoch:1086 | LR: 0.0000303 | Loss : 0.0560 | Val loss: 0.0530
2026-01-10 02:07:16.034381 | Epoch:1087 | LR: 0.0000302 | Loss : 0.0551 | Val loss: 0.0595
2026-01-10 02:07:20.294529 | Epoch:1088 | LR: 0.0000302 | Loss : 0.0550 | Val loss: 0.0567
2026-01-10 02:07:24.654927 | Epoch:1089 | LR: 0.0000302 | Loss : 0.0582 | Val loss: 0.0542
2026-01-10 02:07:28.935807 | Epoch:1090 | LR: 0.0000301 | Loss : 0.0589 | Val loss: 0.0528
2026-01-10 02:07:33.213261 | Epoch:1091 | LR: 0.0000301 | Loss : 0.0570 | Val loss: 0.0561
2026-01-10 02:07:37.467146 | Epoch:1092 | LR: 0.0000301 | Loss : 0.0563 | Val loss: 0.0577
2026-01-10 02:07:41.726628 | Epoch:1093 | LR: 0.0000300 | Loss : 0.0565 | Val loss: 0.0536
2026-01-10 02:07:45.922695 | Epoch:1094 | LR: 0.0000300 | Loss : 0.0561 | Val loss: 0.0521
2026-01-10 02:07:50.140056 | Epoch:1095 | LR: 0.0000300 | Loss : 0.0541 | Val loss: 0.0542
2026-01-10 02:07:54.382983 | Epoch:1096 | LR: 0.0000300 | Loss : 0.0563 | Val loss: 0.0563
2026-01-10 02:07:58.579463 | Epoch:1097 | LR: 0.0000299 | Loss : 0.0554 | Val loss: 0.0525
2026-01-10 02:08:02.791192 | Epoch:1098 | LR: 0.0000299 | Loss : 0.0557 | Val loss: 0.0555
2026-01-10 02:08:06.998291 | Epoch:1099 | LR: 0.0000299 | Loss : 0.0563 | Val loss: 0.0566
2026-01-10 02:08:11.254761 | Epoch:1100 | LR: 0.0000298 | Loss : 0.0613 | Val loss: 0.0574
2026-01-10 02:08:15.499009 | Epoch:1101 | LR: 0.0000298 | Loss : 0.0557 | Val loss: 0.0559
2026-01-10 02:08:19.679935 | Epoch:1102 | LR: 0.0000298 | Loss : 0.0562 | Val loss: 0.0546
2026-01-10 02:08:23.920884 | Epoch:1103 | LR: 0.0000297 | Loss : 0.0552 | Val loss: 0.0538
2026-01-10 02:08:28.232754 | Epoch:1104 | LR: 0.0000297 | Loss : 0.0562 | Val loss: 0.0563
2026-01-10 02:08:32.493092 | Epoch:1105 | LR: 0.0000297 | Loss : 0.0541 | Val loss: 0.0533
2026-01-10 02:08:36.760553 | Epoch:1106 | LR: 0.0000296 | Loss : 0.0538 | Val loss: 0.0562
2026-01-10 02:08:41.042709 | Epoch:1107 | LR: 0.0000296 | Loss : 0.0549 | Val loss: 0.0540
2026-01-10 02:08:45.588263 | Epoch:1108 | LR: 0.0000296 | Loss : 0.0547 | Val loss: 0.0558
2026-01-10 02:08:49.867715 | Epoch:1109 | LR: 0.0000296 | Loss : 0.0542 | Val loss: 0.0561
2026-01-10 02:08:54.104581 | Epoch:1110 | LR: 0.0000295 | Loss : 0.0564 | Val loss: 0.0543
2026-01-10 02:08:58.362070 | Epoch:1111 | LR: 0.0000295 | Loss : 0.0559 | Val loss: 0.0519
2026-01-10 02:09:02.602109 | Epoch:1112 | LR: 0.0000295 | Loss : 0.0524 | Val loss: 0.0554
2026-01-10 02:09:06.750656 | Epoch:1113 | LR: 0.0000294 | Loss : 0.0521 | Val loss: 0.0568
2026-01-10 02:09:10.893710 | Epoch:1114 | LR: 0.0000294 | Loss : 0.0543 | Val loss: 0.0564
2026-01-10 02:09:15.203316 | Epoch:1115 | LR: 0.0000294 | Loss : 0.0544 | Val loss: 0.0546
2026-01-10 02:09:19.414851 | Epoch:1116 | LR: 0.0000293 | Loss : 0.0556 | Val loss: 0.0528
2026-01-10 02:09:23.647724 | Epoch:1117 | LR: 0.0000293 | Loss : 0.0548 | Val loss: 0.0574
2026-01-10 02:09:27.907280 | Epoch:1118 | LR: 0.0000293 | Loss : 0.0545 | Val loss: 0.0528
2026-01-10 02:09:32.168946 | Epoch:1119 | LR: 0.0000292 | Loss : 0.0546 | Val loss: 0.0560
2026-01-10 02:09:36.427308 | Epoch:1120 | LR: 0.0000292 | Loss : 0.0545 | Val loss: 0.0548
2026-01-10 02:09:40.703270 | Epoch:1121 | LR: 0.0000292 | Loss : 0.0524 | Val loss: 0.0539
2026-01-10 02:09:44.974662 | Epoch:1122 | LR: 0.0000291 | Loss : 0.0550 | Val loss: 0.0551
2026-01-10 02:09:49.252034 | Epoch:1123 | LR: 0.0000291 | Loss : 0.0543 | Val loss: 0.0558
2026-01-10 02:09:53.517963 | Epoch:1124 | LR: 0.0000291 | Loss : 0.0548 | Val loss: 0.0516
2026-01-10 02:09:57.761423 | Epoch:1125 | LR: 0.0000291 | Loss : 0.0549 | Val loss: 0.0534
2026-01-10 02:10:02.020898 | Epoch:1126 | LR: 0.0000290 | Loss : 0.0533 | Val loss: 0.0517
2026-01-10 02:10:06.187159 | Epoch:1127 | LR: 0.0000290 | Loss : 0.0532 | Val loss: 0.0546
2026-01-10 02:10:10.394899 | Epoch:1128 | LR: 0.0000290 | Loss : 0.0532 | Val loss: 0.0537
2026-01-10 02:10:14.551690 | Epoch:1129 | LR: 0.0000289 | Loss : 0.0563 | Val loss: 0.0554
2026-01-10 02:10:18.852921 | Epoch:1130 | LR: 0.0000289 | Loss : 0.0552 | Val loss: 0.0568
2026-01-10 02:10:23.067604 | Epoch:1131 | LR: 0.0000289 | Loss : 0.0580 | Val loss: 0.0579
2026-01-10 02:10:27.320584 | Epoch:1132 | LR: 0.0000288 | Loss : 0.0544 | Val loss: 0.0536
2026-01-10 02:10:31.569055 | Epoch:1133 | LR: 0.0000288 | Loss : 0.0554 | Val loss: 0.0523
2026-01-10 02:10:35.815197 | Epoch:1134 | LR: 0.0000288 | Loss : 0.0507 | Val loss: 0.0562
2026-01-10 02:10:40.072962 | Epoch:1135 | LR: 0.0000287 | Loss : 0.0532 | Val loss: 0.0528
2026-01-10 02:10:44.327494 | Epoch:1136 | LR: 0.0000287 | Loss : 0.0537 | Val loss: 0.0548
2026-01-10 02:10:48.604081 | Epoch:1137 | LR: 0.0000287 | Loss : 0.0521 | Val loss: 0.0530
2026-01-10 02:10:52.858553 | Epoch:1138 | LR: 0.0000286 | Loss : 0.0511 | Val loss: 0.0547
2026-01-10 02:10:57.126882 | Epoch:1139 | LR: 0.0000286 | Loss : 0.0539 | Val loss: 0.0516
2026-01-10 02:11:01.368886 | Epoch:1140 | LR: 0.0000286 | Loss : 0.0555 | Val loss: 0.0524
2026-01-10 02:11:05.584361 | Epoch:1141 | LR: 0.0000286 | Loss : 0.0502 | Val loss: 0.0513
2026-01-10 02:11:09.734329 | Epoch:1142 | LR: 0.0000285 | Loss : 0.0535 | Val loss: 0.0529
2026-01-10 02:11:13.874879 | Epoch:1143 | LR: 0.0000285 | Loss : 0.0522 | Val loss: 0.0543
2026-01-10 02:11:18.023337 | Epoch:1144 | LR: 0.0000285 | Loss : 0.0552 | Val loss: 0.0546
2026-01-10 02:11:22.306649 | Epoch:1145 | LR: 0.0000284 | Loss : 0.0539 | Val loss: 0.0537
2026-01-10 02:11:26.507921 | Epoch:1146 | LR: 0.0000284 | Loss : 0.0526 | Val loss: 0.0527
2026-01-10 02:11:30.733246 | Epoch:1147 | LR: 0.0000284 | Loss : 0.0517 | Val loss: 0.0534
2026-01-10 02:11:34.987818 | Epoch:1148 | LR: 0.0000283 | Loss : 0.0531 | Val loss: 0.0515
2026-01-10 02:11:39.502911 | Epoch:1149 | LR: 0.0000283 | Loss : 0.0527 | Val loss: 0.0551
2026-01-10 02:11:43.777809 | Epoch:1150 | LR: 0.0000283 | Loss : 0.0520 | Val loss: 0.0545
2026-01-10 02:11:48.031836 | Epoch:1151 | LR: 0.0000282 | Loss : 0.0530 | Val loss: 0.0510
2026-01-10 02:11:52.368699 | Epoch:1152 | LR: 0.0000282 | Loss : 0.0529 | Val loss: 0.0532
2026-01-10 02:11:56.624868 | Epoch:1153 | LR: 0.0000282 | Loss : 0.0538 | Val loss: 0.0510
2026-01-10 02:12:00.871844 | Epoch:1154 | LR: 0.0000281 | Loss : 0.0544 | Val loss: 0.0520
2026-01-10 02:12:05.102076 | Epoch:1155 | LR: 0.0000281 | Loss : 0.0532 | Val loss: 0.0527
2026-01-10 02:12:09.322421 | Epoch:1156 | LR: 0.0000281 | Loss : 0.0523 | Val loss: 0.0509
2026-01-10 02:12:13.485274 | Epoch:1157 | LR: 0.0000281 | Loss : 0.0523 | Val loss: 0.0530
2026-01-10 02:12:17.632793 | Epoch:1158 | LR: 0.0000280 | Loss : 0.0510 | Val loss: 0.0533
2026-01-10 02:12:21.856221 | Epoch:1159 | LR: 0.0000280 | Loss : 0.0545 | Val loss: 0.0504
2026-01-10 02:12:26.086744 | Epoch:1160 | LR: 0.0000280 | Loss : 0.0530 | Val loss: 0.0511
2026-01-10 02:12:31.915313 | Epoch:1161 | LR: 0.0000279 | Loss : 0.0506 | Val loss: 0.0507
2026-01-10 02:12:36.196083 | Epoch:1162 | LR: 0.0000279 | Loss : 0.0526 | Val loss: 0.0505
2026-01-10 02:12:40.456966 | Epoch:1163 | LR: 0.0000279 | Loss : 0.0501 | Val loss: 0.0527
2026-01-10 02:12:44.730465 | Epoch:1164 | LR: 0.0000278 | Loss : 0.0526 | Val loss: 0.0534
2026-01-10 02:12:49.009771 | Epoch:1165 | LR: 0.0000278 | Loss : 0.0498 | Val loss: 0.0539
2026-01-10 02:12:53.290695 | Epoch:1166 | LR: 0.0000278 | Loss : 0.0509 | Val loss: 0.0531
2026-01-10 02:12:57.548625 | Epoch:1167 | LR: 0.0000277 | Loss : 0.0528 | Val loss: 0.0562
2026-01-10 02:13:01.807756 | Epoch:1168 | LR: 0.0000277 | Loss : 0.0518 | Val loss: 0.0494
2026-01-10 02:13:06.085121 | Epoch:1169 | LR: 0.0000277 | Loss : 0.0505 | Val loss: 0.0521
2026-01-10 02:13:10.345194 | Epoch:1170 | LR: 0.0000276 | Loss : 0.0511 | Val loss: 0.0498
2026-01-10 02:13:14.654109 | Epoch:1171 | LR: 0.0000276 | Loss : 0.0532 | Val loss: 0.0498
2026-01-10 02:13:18.851231 | Epoch:1172 | LR: 0.0000276 | Loss : 0.0509 | Val loss: 0.0540
2026-01-10 02:13:23.041292 | Epoch:1173 | LR: 0.0000276 | Loss : 0.0501 | Val loss: 0.0524
2026-01-10 02:13:27.235584 | Epoch:1174 | LR: 0.0000275 | Loss : 0.0513 | Val loss: 0.0503
2026-01-10 02:13:31.409766 | Epoch:1175 | LR: 0.0000275 | Loss : 0.0526 | Val loss: 0.0491
2026-01-10 02:13:35.653582 | Epoch:1176 | LR: 0.0000275 | Loss : 0.0527 | Val loss: 0.0560
2026-01-10 02:13:40.018194 | Epoch:1177 | LR: 0.0000274 | Loss : 0.0526 | Val loss: 0.0530
2026-01-10 02:13:44.189564 | Epoch:1178 | LR: 0.0000274 | Loss : 0.0547 | Val loss: 0.0515
2026-01-10 02:13:48.454218 | Epoch:1179 | LR: 0.0000274 | Loss : 0.0531 | Val loss: 0.0465
2026-01-10 02:13:52.784848 | Epoch:1180 | LR: 0.0000273 | Loss : 0.0500 | Val loss: 0.0545
2026-01-10 02:13:57.113528 | Epoch:1181 | LR: 0.0000273 | Loss : 0.0528 | Val loss: 0.0537
2026-01-10 02:14:01.382311 | Epoch:1182 | LR: 0.0000273 | Loss : 0.0510 | Val loss: 0.0491
2026-01-10 02:14:05.615238 | Epoch:1183 | LR: 0.0000272 | Loss : 0.0514 | Val loss: 0.0508
2026-01-10 02:14:09.849598 | Epoch:1184 | LR: 0.0000272 | Loss : 0.0513 | Val loss: 0.0487
2026-01-10 02:14:14.109385 | Epoch:1185 | LR: 0.0000272 | Loss : 0.0503 | Val loss: 0.0485
2026-01-10 02:14:18.361942 | Epoch:1186 | LR: 0.0000271 | Loss : 0.0498 | Val loss: 0.0490
2026-01-10 02:14:22.575169 | Epoch:1187 | LR: 0.0000271 | Loss : 0.0514 | Val loss: 0.0462
2026-01-10 02:14:26.849190 | Epoch:1188 | LR: 0.0000271 | Loss : 0.0520 | Val loss: 0.0479
2026-01-10 02:14:31.035682 | Epoch:1189 | LR: 0.0000271 | Loss : 0.0525 | Val loss: 0.0497
2026-01-10 02:14:35.276022 | Epoch:1190 | LR: 0.0000270 | Loss : 0.0513 | Val loss: 0.0494
2026-01-10 02:14:39.494022 | Epoch:1191 | LR: 0.0000270 | Loss : 0.0527 | Val loss: 0.0534
2026-01-10 02:14:43.774245 | Epoch:1192 | LR: 0.0000270 | Loss : 0.0494 | Val loss: 0.0530
2026-01-10 02:14:48.094710 | Epoch:1193 | LR: 0.0000269 | Loss : 0.0516 | Val loss: 0.0520
2026-01-10 02:14:52.336098 | Epoch:1194 | LR: 0.0000269 | Loss : 0.0512 | Val loss: 0.0537
2026-01-10 02:14:56.603971 | Epoch:1195 | LR: 0.0000269 | Loss : 0.0491 | Val loss: 0.0488
2026-01-10 02:15:00.883248 | Epoch:1196 | LR: 0.0000268 | Loss : 0.0509 | Val loss: 0.0503
2026-01-10 02:15:05.155131 | Epoch:1197 | LR: 0.0000268 | Loss : 0.0539 | Val loss: 0.0482
2026-01-10 02:15:09.385537 | Epoch:1198 | LR: 0.0000268 | Loss : 0.0485 | Val loss: 0.0505
2026-01-10 02:15:13.637941 | Epoch:1199 | LR: 0.0000267 | Loss : 0.0530 | Val loss: 0.0509
2026-01-10 02:15:17.888679 | Epoch:1200 | LR: 0.0000267 | Loss : 0.0495 | Val loss: 0.0513
2026-01-10 02:15:22.150731 | Epoch:1201 | LR: 0.0000267 | Loss : 0.0506 | Val loss: 0.0518
2026-01-10 02:15:26.416614 | Epoch:1202 | LR: 0.0000266 | Loss : 0.0503 | Val loss: 0.0512
2026-01-10 02:15:30.673220 | Epoch:1203 | LR: 0.0000266 | Loss : 0.0498 | Val loss: 0.0473
2026-01-10 02:15:34.867995 | Epoch:1204 | LR: 0.0000266 | Loss : 0.0478 | Val loss: 0.0474
2026-01-10 02:15:39.082177 | Epoch:1205 | LR: 0.0000265 | Loss : 0.0517 | Val loss: 0.0497
2026-01-10 02:15:43.252593 | Epoch:1206 | LR: 0.0000265 | Loss : 0.0527 | Val loss: 0.0512
2026-01-10 02:15:47.501847 | Epoch:1207 | LR: 0.0000265 | Loss : 0.0533 | Val loss: 0.0517
2026-01-10 02:15:51.810645 | Epoch:1208 | LR: 0.0000265 | Loss : 0.0497 | Val loss: 0.0468
2026-01-10 02:15:55.964790 | Epoch:1209 | LR: 0.0000264 | Loss : 0.0523 | Val loss: 0.0501
2026-01-10 02:16:00.216285 | Epoch:1210 | LR: 0.0000264 | Loss : 0.0507 | Val loss: 0.0484
2026-01-10 02:16:04.484623 | Epoch:1211 | LR: 0.0000264 | Loss : 0.0496 | Val loss: 0.0533
2026-01-10 02:16:08.754071 | Epoch:1212 | LR: 0.0000263 | Loss : 0.0491 | Val loss: 0.0501
2026-01-10 02:16:13.015121 | Epoch:1213 | LR: 0.0000263 | Loss : 0.0488 | Val loss: 0.0497
2026-01-10 02:16:17.254752 | Epoch:1214 | LR: 0.0000263 | Loss : 0.0503 | Val loss: 0.0530
2026-01-10 02:16:21.751911 | Epoch:1215 | LR: 0.0000262 | Loss : 0.0489 | Val loss: 0.0492
2026-01-10 02:16:26.010656 | Epoch:1216 | LR: 0.0000262 | Loss : 0.0504 | Val loss: 0.0511
2026-01-10 02:16:30.347826 | Epoch:1217 | LR: 0.0000262 | Loss : 0.0490 | Val loss: 0.0492
2026-01-10 02:16:34.558476 | Epoch:1218 | LR: 0.0000261 | Loss : 0.0482 | Val loss: 0.0466
2026-01-10 02:16:39.091038 | Epoch:1219 | LR: 0.0000261 | Loss : 0.0492 | Val loss: 0.0498
2026-01-10 02:16:43.270563 | Epoch:1220 | LR: 0.0000261 | Loss : 0.0495 | Val loss: 0.0497
2026-01-10 02:16:47.438991 | Epoch:1221 | LR: 0.0000260 | Loss : 0.0483 | Val loss: 0.0506
2026-01-10 02:16:51.691733 | Epoch:1222 | LR: 0.0000260 | Loss : 0.0494 | Val loss: 0.0517
2026-01-10 02:16:55.929430 | Epoch:1223 | LR: 0.0000260 | Loss : 0.0492 | Val loss: 0.0501
2026-01-10 02:17:00.165117 | Epoch:1224 | LR: 0.0000260 | Loss : 0.0486 | Val loss: 0.0460
2026-01-10 02:17:04.418214 | Epoch:1225 | LR: 0.0000259 | Loss : 0.0491 | Val loss: 0.0492
2026-01-10 02:17:08.689057 | Epoch:1226 | LR: 0.0000259 | Loss : 0.0496 | Val loss: 0.0496
2026-01-10 02:17:12.956476 | Epoch:1227 | LR: 0.0000259 | Loss : 0.0498 | Val loss: 0.0512
2026-01-10 02:17:17.233536 | Epoch:1228 | LR: 0.0000258 | Loss : 0.0495 | Val loss: 0.0479
2026-01-10 02:17:21.480255 | Epoch:1229 | LR: 0.0000258 | Loss : 0.0491 | Val loss: 0.0499
2026-01-10 02:17:25.721885 | Epoch:1230 | LR: 0.0000258 | Loss : 0.0468 | Val loss: 0.0512
2026-01-10 02:17:29.959884 | Epoch:1231 | LR: 0.0000257 | Loss : 0.0483 | Val loss: 0.0490
2026-01-10 02:17:34.197881 | Epoch:1232 | LR: 0.0000257 | Loss : 0.0479 | Val loss: 0.0480
2026-01-10 02:17:38.404756 | Epoch:1233 | LR: 0.0000257 | Loss : 0.0467 | Val loss: 0.0504
2026-01-10 02:17:42.583667 | Epoch:1234 | LR: 0.0000256 | Loss : 0.0499 | Val loss: 0.0481
2026-01-10 02:17:46.739552 | Epoch:1235 | LR: 0.0000256 | Loss : 0.0482 | Val loss: 0.0494
2026-01-10 02:17:50.897914 | Epoch:1236 | LR: 0.0000256 | Loss : 0.0478 | Val loss: 0.0447
2026-01-10 02:17:55.207149 | Epoch:1237 | LR: 0.0000255 | Loss : 0.0491 | Val loss: 0.0505
2026-01-10 02:17:59.484644 | Epoch:1238 | LR: 0.0000255 | Loss : 0.0493 | Val loss: 0.0465
2026-01-10 02:18:03.807890 | Epoch:1239 | LR: 0.0000255 | Loss : 0.0473 | Val loss: 0.0468
2026-01-10 02:18:08.046262 | Epoch:1240 | LR: 0.0000254 | Loss : 0.0485 | Val loss: 0.0481
2026-01-10 02:18:12.282595 | Epoch:1241 | LR: 0.0000254 | Loss : 0.0471 | Val loss: 0.0502
2026-01-10 02:18:16.537742 | Epoch:1242 | LR: 0.0000254 | Loss : 0.0484 | Val loss: 0.0476
2026-01-10 02:18:20.824721 | Epoch:1243 | LR: 0.0000254 | Loss : 0.0485 | Val loss: 0.0455
2026-01-10 02:18:25.092229 | Epoch:1244 | LR: 0.0000253 | Loss : 0.0491 | Val loss: 0.0490
2026-01-10 02:18:29.381924 | Epoch:1245 | LR: 0.0000253 | Loss : 0.0470 | Val loss: 0.0471
2026-01-10 02:18:33.679835 | Epoch:1246 | LR: 0.0000253 | Loss : 0.0487 | Val loss: 0.0471
2026-01-10 02:18:37.985185 | Epoch:1247 | LR: 0.0000252 | Loss : 0.0516 | Val loss: 0.0475
2026-01-10 02:18:42.247468 | Epoch:1248 | LR: 0.0000252 | Loss : 0.0467 | Val loss: 0.0482
2026-01-10 02:18:46.472390 | Epoch:1249 | LR: 0.0000252 | Loss : 0.0472 | Val loss: 0.0472
2026-01-10 02:18:50.661914 | Epoch:1250 | LR: 0.0000251 | Loss : 0.0473 | Val loss: 0.0468
2026-01-10 02:18:54.830813 | Epoch:1251 | LR: 0.0000251 | Loss : 0.0463 | Val loss: 0.0459
2026-01-10 02:18:59.037336 | Epoch:1252 | LR: 0.0000251 | Loss : 0.0458 | Val loss: 0.0476
2026-01-10 02:19:03.327024 | Epoch:1253 | LR: 0.0000250 | Loss : 0.0474 | Val loss: 0.0450
2026-01-10 02:19:07.704763 | Epoch:1254 | LR: 0.0000250 | Loss : 0.0497 | Val loss: 0.0481
2026-01-10 02:19:11.954939 | Epoch:1255 | LR: 0.0000250 | Loss : 0.0478 | Val loss: 0.0486
2026-01-10 02:19:16.282387 | Epoch:1256 | LR: 0.0000249 | Loss : 0.0465 | Val loss: 0.0467
2026-01-10 02:19:20.545821 | Epoch:1257 | LR: 0.0000249 | Loss : 0.0465 | Val loss: 0.0464
2026-01-10 02:19:24.832324 | Epoch:1258 | LR: 0.0000249 | Loss : 0.0467 | Val loss: 0.0505
2026-01-10 02:19:29.092560 | Epoch:1259 | LR: 0.0000248 | Loss : 0.0485 | Val loss: 0.0482
2026-01-10 02:19:33.363483 | Epoch:1260 | LR: 0.0000248 | Loss : 0.0480 | Val loss: 0.0487
2026-01-10 02:19:37.637392 | Epoch:1261 | LR: 0.0000248 | Loss : 0.0492 | Val loss: 0.0464
2026-01-10 02:19:41.914829 | Epoch:1262 | LR: 0.0000248 | Loss : 0.0490 | Val loss: 0.0463
2026-01-10 02:19:46.198108 | Epoch:1263 | LR: 0.0000247 | Loss : 0.0485 | Val loss: 0.0521
2026-01-10 02:19:50.420457 | Epoch:1264 | LR: 0.0000247 | Loss : 0.0479 | Val loss: 0.0484
2026-01-10 02:19:54.602253 | Epoch:1265 | LR: 0.0000247 | Loss : 0.0496 | Val loss: 0.0454
2026-01-10 02:19:58.745747 | Epoch:1266 | LR: 0.0000246 | Loss : 0.0480 | Val loss: 0.0451
2026-01-10 02:20:04.333067 | Epoch:1267 | LR: 0.0000246 | Loss : 0.0466 | Val loss: 0.0504
2026-01-10 02:20:08.694755 | Epoch:1268 | LR: 0.0000246 | Loss : 0.0493 | Val loss: 0.0521
2026-01-10 02:20:12.946016 | Epoch:1269 | LR: 0.0000245 | Loss : 0.0447 | Val loss: 0.0470
2026-01-10 02:20:17.214653 | Epoch:1270 | LR: 0.0000245 | Loss : 0.0487 | Val loss: 0.0493
2026-01-10 02:20:21.506726 | Epoch:1271 | LR: 0.0000245 | Loss : 0.0470 | Val loss: 0.0477
2026-01-10 02:20:25.832775 | Epoch:1272 | LR: 0.0000244 | Loss : 0.0475 | Val loss: 0.0451
2026-01-10 02:20:30.199664 | Epoch:1273 | LR: 0.0000244 | Loss : 0.0494 | Val loss: 0.0481
2026-01-10 02:20:34.492445 | Epoch:1274 | LR: 0.0000244 | Loss : 0.0460 | Val loss: 0.0456
2026-01-10 02:20:38.772609 | Epoch:1275 | LR: 0.0000243 | Loss : 0.0475 | Val loss: 0.0441
2026-01-10 02:20:43.071349 | Epoch:1276 | LR: 0.0000243 | Loss : 0.0472 | Val loss: 0.0460
2026-01-10 02:20:47.357316 | Epoch:1277 | LR: 0.0000243 | Loss : 0.0473 | Val loss: 0.0484
2026-01-10 02:20:51.600624 | Epoch:1278 | LR: 0.0000242 | Loss : 0.0482 | Val loss: 0.0457
2026-01-10 02:20:55.822140 | Epoch:1279 | LR: 0.0000242 | Loss : 0.0492 | Val loss: 0.0490
2026-01-10 02:21:00.205528 | Epoch:1280 | LR: 0.0000242 | Loss : 0.0453 | Val loss: 0.0464
2026-01-10 02:21:04.387580 | Epoch:1281 | LR: 0.0000242 | Loss : 0.0478 | Val loss: 0.0455
2026-01-10 02:21:08.529193 | Epoch:1282 | LR: 0.0000241 | Loss : 0.0466 | Val loss: 0.0451
2026-01-10 02:21:12.858041 | Epoch:1283 | LR: 0.0000241 | Loss : 0.0475 | Val loss: 0.0483
2026-01-10 02:21:17.112400 | Epoch:1284 | LR: 0.0000241 | Loss : 0.0464 | Val loss: 0.0471
2026-01-10 02:21:21.399928 | Epoch:1285 | LR: 0.0000240 | Loss : 0.0482 | Val loss: 0.0478
2026-01-10 02:21:25.654527 | Epoch:1286 | LR: 0.0000240 | Loss : 0.0467 | Val loss: 0.0474
2026-01-10 02:21:29.901449 | Epoch:1287 | LR: 0.0000240 | Loss : 0.0467 | Val loss: 0.0471
2026-01-10 02:21:34.171999 | Epoch:1288 | LR: 0.0000239 | Loss : 0.0472 | Val loss: 0.0430
2026-01-10 02:21:38.447257 | Epoch:1289 | LR: 0.0000239 | Loss : 0.0453 | Val loss: 0.0452
2026-01-10 02:21:42.832741 | Epoch:1290 | LR: 0.0000239 | Loss : 0.0460 | Val loss: 0.0453
2026-01-10 02:21:47.200275 | Epoch:1291 | LR: 0.0000238 | Loss : 0.0465 | Val loss: 0.0493
2026-01-10 02:21:51.467866 | Epoch:1292 | LR: 0.0000238 | Loss : 0.0438 | Val loss: 0.0476
2026-01-10 02:21:55.750228 | Epoch:1293 | LR: 0.0000238 | Loss : 0.0457 | Val loss: 0.0460
2026-01-10 02:21:59.960193 | Epoch:1294 | LR: 0.0000237 | Loss : 0.0473 | Val loss: 0.0489
2026-01-10 02:22:04.213353 | Epoch:1295 | LR: 0.0000237 | Loss : 0.0469 | Val loss: 0.0461
2026-01-10 02:22:08.368658 | Epoch:1296 | LR: 0.0000237 | Loss : 0.0459 | Val loss: 0.0440
2026-01-10 02:22:12.519376 | Epoch:1297 | LR: 0.0000237 | Loss : 0.0486 | Val loss: 0.0448
2026-01-10 02:22:16.877985 | Epoch:1298 | LR: 0.0000236 | Loss : 0.0463 | Val loss: 0.0466
2026-01-10 02:22:21.080546 | Epoch:1299 | LR: 0.0000236 | Loss : 0.0482 | Val loss: 0.0446
2026-01-10 02:22:25.342745 | Epoch:1300 | LR: 0.0000236 | Loss : 0.0461 | Val loss: 0.0450
2026-01-10 02:22:29.627844 | Epoch:1301 | LR: 0.0000235 | Loss : 0.0464 | Val loss: 0.0464
2026-01-10 02:22:33.878011 | Epoch:1302 | LR: 0.0000235 | Loss : 0.0469 | Val loss: 0.0450
2026-01-10 02:22:38.139431 | Epoch:1303 | LR: 0.0000235 | Loss : 0.0452 | Val loss: 0.0466
2026-01-10 02:22:42.413569 | Epoch:1304 | LR: 0.0000234 | Loss : 0.0462 | Val loss: 0.0443
2026-01-10 02:22:46.652395 | Epoch:1305 | LR: 0.0000234 | Loss : 0.0466 | Val loss: 0.0448
2026-01-10 02:22:50.914058 | Epoch:1306 | LR: 0.0000234 | Loss : 0.0447 | Val loss: 0.0468
2026-01-10 02:22:55.190519 | Epoch:1307 | LR: 0.0000233 | Loss : 0.0473 | Val loss: 0.0469
2026-01-10 02:22:59.435387 | Epoch:1308 | LR: 0.0000233 | Loss : 0.0449 | Val loss: 0.0419
2026-01-10 02:23:03.654504 | Epoch:1309 | LR: 0.0000233 | Loss : 0.0462 | Val loss: 0.0459
2026-01-10 02:23:07.819161 | Epoch:1310 | LR: 0.0000232 | Loss : 0.0457 | Val loss: 0.0444
2026-01-10 02:23:11.980179 | Epoch:1311 | LR: 0.0000232 | Loss : 0.0454 | Val loss: 0.0459
2026-01-10 02:23:16.118731 | Epoch:1312 | LR: 0.0000232 | Loss : 0.0452 | Val loss: 0.0476
2026-01-10 02:23:20.319223 | Epoch:1313 | LR: 0.0000231 | Loss : 0.0439 | Val loss: 0.0435
2026-01-10 02:23:24.608046 | Epoch:1314 | LR: 0.0000231 | Loss : 0.0474 | Val loss: 0.0431
2026-01-10 02:23:28.801416 | Epoch:1315 | LR: 0.0000231 | Loss : 0.0458 | Val loss: 0.0491
2026-01-10 02:23:33.094619 | Epoch:1316 | LR: 0.0000231 | Loss : 0.0464 | Val loss: 0.0504
2026-01-10 02:23:37.373288 | Epoch:1317 | LR: 0.0000230 | Loss : 0.0454 | Val loss: 0.0428
2026-01-10 02:23:41.596319 | Epoch:1318 | LR: 0.0000230 | Loss : 0.0459 | Val loss: 0.0470
2026-01-10 02:23:45.843555 | Epoch:1319 | LR: 0.0000230 | Loss : 0.0427 | Val loss: 0.0447
2026-01-10 02:23:50.088264 | Epoch:1320 | LR: 0.0000229 | Loss : 0.0466 | Val loss: 0.0502
2026-01-10 02:23:54.383500 | Epoch:1321 | LR: 0.0000229 | Loss : 0.0445 | Val loss: 0.0444
2026-01-10 02:23:58.847584 | Epoch:1322 | LR: 0.0000229 | Loss : 0.0464 | Val loss: 0.0479
2026-01-10 02:24:03.129912 | Epoch:1323 | LR: 0.0000228 | Loss : 0.0436 | Val loss: 0.0449
2026-01-10 02:24:07.380546 | Epoch:1324 | LR: 0.0000228 | Loss : 0.0456 | Val loss: 0.0430
2026-01-10 02:24:11.554604 | Epoch:1325 | LR: 0.0000228 | Loss : 0.0464 | Val loss: 0.0402
2026-01-10 02:24:15.883426 | Epoch:1326 | LR: 0.0000227 | Loss : 0.0436 | Val loss: 0.0454
2026-01-10 02:24:20.094621 | Epoch:1327 | LR: 0.0000227 | Loss : 0.0450 | Val loss: 0.0472
2026-01-10 02:24:24.251735 | Epoch:1328 | LR: 0.0000227 | Loss : 0.0450 | Val loss: 0.0434
2026-01-10 02:24:28.526933 | Epoch:1329 | LR: 0.0000226 | Loss : 0.0454 | Val loss: 0.0453
2026-01-10 02:24:32.893536 | Epoch:1330 | LR: 0.0000226 | Loss : 0.0452 | Val loss: 0.0448
2026-01-10 02:24:37.157320 | Epoch:1331 | LR: 0.0000226 | Loss : 0.0453 | Val loss: 0.0418
2026-01-10 02:24:41.412412 | Epoch:1332 | LR: 0.0000226 | Loss : 0.0431 | Val loss: 0.0459
2026-01-10 02:24:45.664584 | Epoch:1333 | LR: 0.0000225 | Loss : 0.0440 | Val loss: 0.0456
2026-01-10 02:24:49.925889 | Epoch:1334 | LR: 0.0000225 | Loss : 0.0456 | Val loss: 0.0439
2026-01-10 02:24:54.186000 | Epoch:1335 | LR: 0.0000225 | Loss : 0.0435 | Val loss: 0.0441
2026-01-10 02:24:58.453342 | Epoch:1336 | LR: 0.0000224 | Loss : 0.0450 | Val loss: 0.0461
2026-01-10 02:25:02.724400 | Epoch:1337 | LR: 0.0000224 | Loss : 0.0463 | Val loss: 0.0446
2026-01-10 02:25:06.988967 | Epoch:1338 | LR: 0.0000224 | Loss : 0.0428 | Val loss: 0.0441
2026-01-10 02:25:11.239986 | Epoch:1339 | LR: 0.0000223 | Loss : 0.0437 | Val loss: 0.0422
2026-01-10 02:25:15.474567 | Epoch:1340 | LR: 0.0000223 | Loss : 0.0455 | Val loss: 0.0451
2026-01-10 02:25:20.033399 | Epoch:1341 | LR: 0.0000223 | Loss : 0.0434 | Val loss: 0.0498
2026-01-10 02:25:24.201727 | Epoch:1342 | LR: 0.0000222 | Loss : 0.0445 | Val loss: 0.0450
2026-01-10 02:25:28.522169 | Epoch:1343 | LR: 0.0000222 | Loss : 0.0412 | Val loss: 0.0450
2026-01-10 02:25:32.740582 | Epoch:1344 | LR: 0.0000222 | Loss : 0.0428 | Val loss: 0.0427
2026-01-10 02:25:37.167315 | Epoch:1345 | LR: 0.0000221 | Loss : 0.0430 | Val loss: 0.0463
2026-01-10 02:25:41.426239 | Epoch:1346 | LR: 0.0000221 | Loss : 0.0427 | Val loss: 0.0424
2026-01-10 02:25:45.695258 | Epoch:1347 | LR: 0.0000221 | Loss : 0.0434 | Val loss: 0.0404
2026-01-10 02:25:49.978097 | Epoch:1348 | LR: 0.0000220 | Loss : 0.0445 | Val loss: 0.0495
2026-01-10 02:25:54.256983 | Epoch:1349 | LR: 0.0000220 | Loss : 0.0449 | Val loss: 0.0419
2026-01-10 02:25:58.528110 | Epoch:1350 | LR: 0.0000220 | Loss : 0.0449 | Val loss: 0.0452
2026-01-10 02:26:02.775672 | Epoch:1351 | LR: 0.0000220 | Loss : 0.0440 | Val loss: 0.0422
2026-01-10 02:26:07.032923 | Epoch:1352 | LR: 0.0000219 | Loss : 0.0440 | Val loss: 0.0462
2026-01-10 02:26:11.308526 | Epoch:1353 | LR: 0.0000219 | Loss : 0.0430 | Val loss: 0.0431
2026-01-10 02:26:15.589071 | Epoch:1354 | LR: 0.0000219 | Loss : 0.0431 | Val loss: 0.0447
2026-01-10 02:26:19.843981 | Epoch:1355 | LR: 0.0000218 | Loss : 0.0439 | Val loss: 0.0424
2026-01-10 02:26:24.099735 | Epoch:1356 | LR: 0.0000218 | Loss : 0.0446 | Val loss: 0.0440
2026-01-10 02:26:28.269722 | Epoch:1357 | LR: 0.0000218 | Loss : 0.0468 | Val loss: 0.0446
2026-01-10 02:26:32.479797 | Epoch:1358 | LR: 0.0000217 | Loss : 0.0432 | Val loss: 0.0463
2026-01-10 02:26:36.711921 | Epoch:1359 | LR: 0.0000217 | Loss : 0.0441 | Val loss: 0.0418
2026-01-10 02:26:40.990815 | Epoch:1360 | LR: 0.0000217 | Loss : 0.0430 | Val loss: 0.0444
2026-01-10 02:26:45.215787 | Epoch:1361 | LR: 0.0000216 | Loss : 0.0413 | Val loss: 0.0442
2026-01-10 02:26:49.436395 | Epoch:1362 | LR: 0.0000216 | Loss : 0.0430 | Val loss: 0.0430
2026-01-10 02:26:53.682002 | Epoch:1363 | LR: 0.0000216 | Loss : 0.0425 | Val loss: 0.0448
2026-01-10 02:26:57.941499 | Epoch:1364 | LR: 0.0000215 | Loss : 0.0415 | Val loss: 0.0443
2026-01-10 02:27:02.164738 | Epoch:1365 | LR: 0.0000215 | Loss : 0.0432 | Val loss: 0.0417
2026-01-10 02:27:06.487969 | Epoch:1366 | LR: 0.0000215 | Loss : 0.0452 | Val loss: 0.0413
2026-01-10 02:27:10.734722 | Epoch:1367 | LR: 0.0000215 | Loss : 0.0425 | Val loss: 0.0411
2026-01-10 02:27:14.989131 | Epoch:1368 | LR: 0.0000214 | Loss : 0.0452 | Val loss: 0.0479
2026-01-10 02:27:19.250120 | Epoch:1369 | LR: 0.0000214 | Loss : 0.0420 | Val loss: 0.0461
2026-01-10 02:27:23.496041 | Epoch:1370 | LR: 0.0000214 | Loss : 0.0440 | Val loss: 0.0436
2026-01-10 02:27:27.721924 | Epoch:1371 | LR: 0.0000213 | Loss : 0.0432 | Val loss: 0.0424
2026-01-10 02:27:33.556684 | Epoch:1372 | LR: 0.0000213 | Loss : 0.0428 | Val loss: 0.0446
2026-01-10 02:27:37.729151 | Epoch:1373 | LR: 0.0000213 | Loss : 0.0450 | Val loss: 0.0403
2026-01-10 02:27:41.993658 | Epoch:1374 | LR: 0.0000212 | Loss : 0.0434 | Val loss: 0.0437
2026-01-10 02:27:46.207285 | Epoch:1375 | LR: 0.0000212 | Loss : 0.0434 | Val loss: 0.0452
2026-01-10 02:27:50.470329 | Epoch:1376 | LR: 0.0000212 | Loss : 0.0426 | Val loss: 0.0418
2026-01-10 02:27:54.809980 | Epoch:1377 | LR: 0.0000211 | Loss : 0.0427 | Val loss: 0.0449
2026-01-10 02:27:59.083635 | Epoch:1378 | LR: 0.0000211 | Loss : 0.0422 | Val loss: 0.0400
2026-01-10 02:28:03.299246 | Epoch:1379 | LR: 0.0000211 | Loss : 0.0441 | Val loss: 0.0430
2026-01-10 02:28:07.551557 | Epoch:1380 | LR: 0.0000211 | Loss : 0.0434 | Val loss: 0.0397
2026-01-10 02:28:11.798128 | Epoch:1381 | LR: 0.0000210 | Loss : 0.0437 | Val loss: 0.0425
2026-01-10 02:28:16.016657 | Epoch:1382 | LR: 0.0000210 | Loss : 0.0419 | Val loss: 0.0404
2026-01-10 02:28:20.263454 | Epoch:1383 | LR: 0.0000210 | Loss : 0.0445 | Val loss: 0.0419
2026-01-10 02:28:24.507901 | Epoch:1384 | LR: 0.0000209 | Loss : 0.0413 | Val loss: 0.0403
2026-01-10 02:28:28.755028 | Epoch:1385 | LR: 0.0000209 | Loss : 0.0438 | Val loss: 0.0436
2026-01-10 02:28:33.005846 | Epoch:1386 | LR: 0.0000209 | Loss : 0.0454 | Val loss: 0.0442
2026-01-10 02:28:37.253257 | Epoch:1387 | LR: 0.0000208 | Loss : 0.0415 | Val loss: 0.0448
2026-01-10 02:28:41.449986 | Epoch:1388 | LR: 0.0000208 | Loss : 0.0423 | Val loss: 0.0427
2026-01-10 02:28:45.636112 | Epoch:1389 | LR: 0.0000208 | Loss : 0.0417 | Val loss: 0.0415
2026-01-10 02:28:49.848178 | Epoch:1390 | LR: 0.0000207 | Loss : 0.0426 | Val loss: 0.0402
2026-01-10 02:28:54.090255 | Epoch:1391 | LR: 0.0000207 | Loss : 0.0428 | Val loss: 0.0457
2026-01-10 02:28:58.395860 | Epoch:1392 | LR: 0.0000207 | Loss : 0.0409 | Val loss: 0.0416
2026-01-10 02:29:02.813988 | Epoch:1393 | LR: 0.0000206 | Loss : 0.0416 | Val loss: 0.0457
2026-01-10 02:29:07.075817 | Epoch:1394 | LR: 0.0000206 | Loss : 0.0430 | Val loss: 0.0447
2026-01-10 02:29:11.270502 | Epoch:1395 | LR: 0.0000206 | Loss : 0.0424 | Val loss: 0.0435
2026-01-10 02:29:15.504087 | Epoch:1396 | LR: 0.0000206 | Loss : 0.0418 | Val loss: 0.0416
2026-01-10 02:29:19.726933 | Epoch:1397 | LR: 0.0000205 | Loss : 0.0412 | Val loss: 0.0414
2026-01-10 02:29:23.981697 | Epoch:1398 | LR: 0.0000205 | Loss : 0.0397 | Val loss: 0.0406
2026-01-10 02:29:28.522722 | Epoch:1399 | LR: 0.0000205 | Loss : 0.0423 | Val loss: 0.0456
2026-01-10 02:29:32.790158 | Epoch:1400 | LR: 0.0000204 | Loss : 0.0427 | Val loss: 0.0403
2026-01-10 02:29:37.048974 | Epoch:1401 | LR: 0.0000204 | Loss : 0.0410 | Val loss: 0.0390
2026-01-10 02:29:41.297492 | Epoch:1402 | LR: 0.0000204 | Loss : 0.0417 | Val loss: 0.0451
2026-01-10 02:29:45.525563 | Epoch:1403 | LR: 0.0000203 | Loss : 0.0412 | Val loss: 0.0440
2026-01-10 02:29:49.722969 | Epoch:1404 | LR: 0.0000203 | Loss : 0.0426 | Val loss: 0.0433
2026-01-10 02:29:53.926822 | Epoch:1405 | LR: 0.0000203 | Loss : 0.0405 | Val loss: 0.0417
2026-01-10 02:29:58.161197 | Epoch:1406 | LR: 0.0000202 | Loss : 0.0421 | Val loss: 0.0410
2026-01-10 02:30:02.550385 | Epoch:1407 | LR: 0.0000202 | Loss : 0.0418 | Val loss: 0.0423
2026-01-10 02:30:06.825608 | Epoch:1408 | LR: 0.0000202 | Loss : 0.0419 | Val loss: 0.0437
2026-01-10 02:30:11.098842 | Epoch:1409 | LR: 0.0000202 | Loss : 0.0407 | Val loss: 0.0442
2026-01-10 02:30:15.408340 | Epoch:1410 | LR: 0.0000201 | Loss : 0.0430 | Val loss: 0.0399
2026-01-10 02:30:19.644262 | Epoch:1411 | LR: 0.0000201 | Loss : 0.0399 | Val loss: 0.0390
2026-01-10 02:30:23.856189 | Epoch:1412 | LR: 0.0000201 | Loss : 0.0422 | Val loss: 0.0416
2026-01-10 02:30:28.115603 | Epoch:1413 | LR: 0.0000200 | Loss : 0.0421 | Val loss: 0.0422
2026-01-10 02:30:32.450357 | Epoch:1414 | LR: 0.0000200 | Loss : 0.0420 | Val loss: 0.0420
2026-01-10 02:30:36.703275 | Epoch:1415 | LR: 0.0000200 | Loss : 0.0429 | Val loss: 0.0442
2026-01-10 02:30:41.037715 | Epoch:1416 | LR: 0.0000199 | Loss : 0.0409 | Val loss: 0.0393
2026-01-10 02:30:45.264284 | Epoch:1417 | LR: 0.0000199 | Loss : 0.0435 | Val loss: 0.0428
2026-01-10 02:30:49.483767 | Epoch:1418 | LR: 0.0000199 | Loss : 0.0399 | Val loss: 0.0398
2026-01-10 02:30:53.649708 | Epoch:1419 | LR: 0.0000198 | Loss : 0.0415 | Val loss: 0.0419
2026-01-10 02:30:57.919642 | Epoch:1420 | LR: 0.0000198 | Loss : 0.0429 | Val loss: 0.0422
2026-01-10 02:31:02.146351 | Epoch:1421 | LR: 0.0000198 | Loss : 0.0409 | Val loss: 0.0435
2026-01-10 02:31:06.517124 | Epoch:1422 | LR: 0.0000197 | Loss : 0.0426 | Val loss: 0.0425
2026-01-10 02:31:10.815565 | Epoch:1423 | LR: 0.0000197 | Loss : 0.0401 | Val loss: 0.0392
2026-01-10 02:31:15.114483 | Epoch:1424 | LR: 0.0000197 | Loss : 0.0409 | Val loss: 0.0405
2026-01-10 02:31:19.394342 | Epoch:1425 | LR: 0.0000197 | Loss : 0.0414 | Val loss: 0.0394
2026-01-10 02:31:23.630099 | Epoch:1426 | LR: 0.0000196 | Loss : 0.0417 | Val loss: 0.0399
2026-01-10 02:31:27.864868 | Epoch:1427 | LR: 0.0000196 | Loss : 0.0411 | Val loss: 0.0411
2026-01-10 02:31:32.139608 | Epoch:1428 | LR: 0.0000196 | Loss : 0.0408 | Val loss: 0.0437
2026-01-10 02:31:36.404460 | Epoch:1429 | LR: 0.0000195 | Loss : 0.0431 | Val loss: 0.0420
2026-01-10 02:31:40.719968 | Epoch:1430 | LR: 0.0000195 | Loss : 0.0411 | Val loss: 0.0437
2026-01-10 02:31:44.984437 | Epoch:1431 | LR: 0.0000195 | Loss : 0.0422 | Val loss: 0.0423
2026-01-10 02:31:49.208967 | Epoch:1432 | LR: 0.0000194 | Loss : 0.0410 | Val loss: 0.0404
2026-01-10 02:31:53.404378 | Epoch:1433 | LR: 0.0000194 | Loss : 0.0417 | Val loss: 0.0418
2026-01-10 02:31:57.605175 | Epoch:1434 | LR: 0.0000194 | Loss : 0.0405 | Val loss: 0.0391
2026-01-10 02:32:01.877702 | Epoch:1435 | LR: 0.0000193 | Loss : 0.0410 | Val loss: 0.0426
2026-01-10 02:32:06.120056 | Epoch:1436 | LR: 0.0000193 | Loss : 0.0426 | Val loss: 0.0412
2026-01-10 02:32:10.529400 | Epoch:1437 | LR: 0.0000193 | Loss : 0.0404 | Val loss: 0.0394
2026-01-10 02:32:14.821306 | Epoch:1438 | LR: 0.0000193 | Loss : 0.0397 | Val loss: 0.0435
2026-01-10 02:32:19.102870 | Epoch:1439 | LR: 0.0000192 | Loss : 0.0379 | Val loss: 0.0398
2026-01-10 02:32:23.376815 | Epoch:1440 | LR: 0.0000192 | Loss : 0.0412 | Val loss: 0.0427
2026-01-10 02:32:27.617455 | Epoch:1441 | LR: 0.0000192 | Loss : 0.0404 | Val loss: 0.0417
2026-01-10 02:32:31.865920 | Epoch:1442 | LR: 0.0000191 | Loss : 0.0425 | Val loss: 0.0410
2026-01-10 02:32:36.200336 | Epoch:1443 | LR: 0.0000191 | Loss : 0.0415 | Val loss: 0.0414
2026-01-10 02:32:40.516220 | Epoch:1444 | LR: 0.0000191 | Loss : 0.0408 | Val loss: 0.0454
2026-01-10 02:32:44.797587 | Epoch:1445 | LR: 0.0000190 | Loss : 0.0404 | Val loss: 0.0413
2026-01-10 02:32:49.070973 | Epoch:1446 | LR: 0.0000190 | Loss : 0.0428 | Val loss: 0.0394
2026-01-10 02:32:53.314878 | Epoch:1447 | LR: 0.0000190 | Loss : 0.0405 | Val loss: 0.0415
2026-01-10 02:32:57.512985 | Epoch:1448 | LR: 0.0000190 | Loss : 0.0408 | Val loss: 0.0406
2026-01-10 02:33:01.703066 | Epoch:1449 | LR: 0.0000189 | Loss : 0.0406 | Val loss: 0.0402
2026-01-10 02:33:05.959640 | Epoch:1450 | LR: 0.0000189 | Loss : 0.0401 | Val loss: 0.0432
2026-01-10 02:33:10.192318 | Epoch:1451 | LR: 0.0000189 | Loss : 0.0389 | Val loss: 0.0396
2026-01-10 02:33:14.511704 | Epoch:1452 | LR: 0.0000188 | Loss : 0.0390 | Val loss: 0.0392
2026-01-10 02:33:18.854989 | Epoch:1453 | LR: 0.0000188 | Loss : 0.0405 | Val loss: 0.0428
2026-01-10 02:33:23.124162 | Epoch:1454 | LR: 0.0000188 | Loss : 0.0413 | Val loss: 0.0395
2026-01-10 02:33:27.385305 | Epoch:1455 | LR: 0.0000187 | Loss : 0.0398 | Val loss: 0.0438
2026-01-10 02:33:31.831708 | Epoch:1456 | LR: 0.0000187 | Loss : 0.0412 | Val loss: 0.0390
2026-01-10 02:33:36.166458 | Epoch:1457 | LR: 0.0000187 | Loss : 0.0398 | Val loss: 0.0409
2026-01-10 02:33:40.427028 | Epoch:1458 | LR: 0.0000186 | Loss : 0.0390 | Val loss: 0.0369
2026-01-10 02:33:44.700122 | Epoch:1459 | LR: 0.0000186 | Loss : 0.0418 | Val loss: 0.0390
2026-01-10 02:33:49.050497 | Epoch:1460 | LR: 0.0000186 | Loss : 0.0412 | Val loss: 0.0385
2026-01-10 02:33:53.311146 | Epoch:1461 | LR: 0.0000186 | Loss : 0.0397 | Val loss: 0.0383
2026-01-10 02:33:57.608821 | Epoch:1462 | LR: 0.0000185 | Loss : 0.0413 | Val loss: 0.0417
2026-01-10 02:34:01.822583 | Epoch:1463 | LR: 0.0000185 | Loss : 0.0419 | Val loss: 0.0401
2026-01-10 02:34:06.021482 | Epoch:1464 | LR: 0.0000185 | Loss : 0.0394 | Val loss: 0.0398
2026-01-10 02:34:10.239770 | Epoch:1465 | LR: 0.0000184 | Loss : 0.0401 | Val loss: 0.0395
2026-01-10 02:34:14.491837 | Epoch:1466 | LR: 0.0000184 | Loss : 0.0410 | Val loss: 0.0418
2026-01-10 02:34:18.674078 | Epoch:1467 | LR: 0.0000184 | Loss : 0.0404 | Val loss: 0.0413
2026-01-10 02:34:23.032588 | Epoch:1468 | LR: 0.0000183 | Loss : 0.0419 | Val loss: 0.0405
2026-01-10 02:34:27.256412 | Epoch:1469 | LR: 0.0000183 | Loss : 0.0388 | Val loss: 0.0373
2026-01-10 02:34:31.545463 | Epoch:1470 | LR: 0.0000183 | Loss : 0.0389 | Val loss: 0.0396
2026-01-10 02:34:35.795432 | Epoch:1471 | LR: 0.0000183 | Loss : 0.0399 | Val loss: 0.0420
2026-01-10 02:34:40.001698 | Epoch:1472 | LR: 0.0000182 | Loss : 0.0397 | Val loss: 0.0396
2026-01-10 02:34:44.230457 | Epoch:1473 | LR: 0.0000182 | Loss : 0.0394 | Val loss: 0.0382
2026-01-10 02:34:48.491467 | Epoch:1474 | LR: 0.0000182 | Loss : 0.0384 | Val loss: 0.0410
2026-01-10 02:34:52.750261 | Epoch:1475 | LR: 0.0000181 | Loss : 0.0412 | Val loss: 0.0407
2026-01-10 02:34:57.009530 | Epoch:1476 | LR: 0.0000181 | Loss : 0.0415 | Val loss: 0.0395
2026-01-10 02:35:01.266450 | Epoch:1477 | LR: 0.0000181 | Loss : 0.0401 | Val loss: 0.0409
2026-01-10 02:35:05.567194 | Epoch:1478 | LR: 0.0000180 | Loss : 0.0409 | Val loss: 0.0386
2026-01-10 02:35:09.788945 | Epoch:1479 | LR: 0.0000180 | Loss : 0.0399 | Val loss: 0.0381
2026-01-10 02:35:14.010825 | Epoch:1480 | LR: 0.0000180 | Loss : 0.0401 | Val loss: 0.0366
2026-01-10 02:35:20.195476 | Epoch:1481 | LR: 0.0000179 | Loss : 0.0395 | Val loss: 0.0361
2026-01-10 02:35:24.535735 | Epoch:1482 | LR: 0.0000179 | Loss : 0.0403 | Val loss: 0.0395
2026-01-10 02:35:28.807260 | Epoch:1483 | LR: 0.0000179 | Loss : 0.0392 | Val loss: 0.0359
2026-01-10 02:35:33.151096 | Epoch:1484 | LR: 0.0000179 | Loss : 0.0393 | Val loss: 0.0410
2026-01-10 02:35:37.443451 | Epoch:1485 | LR: 0.0000178 | Loss : 0.0387 | Val loss: 0.0427
2026-01-10 02:35:41.638887 | Epoch:1486 | LR: 0.0000178 | Loss : 0.0396 | Val loss: 0.0396
2026-01-10 02:35:45.839459 | Epoch:1487 | LR: 0.0000178 | Loss : 0.0403 | Val loss: 0.0401
2026-01-10 02:35:50.097556 | Epoch:1488 | LR: 0.0000177 | Loss : 0.0399 | Val loss: 0.0383
2026-01-10 02:35:54.332016 | Epoch:1489 | LR: 0.0000177 | Loss : 0.0381 | Val loss: 0.0370
2026-01-10 02:35:58.570114 | Epoch:1490 | LR: 0.0000177 | Loss : 0.0406 | Val loss: 0.0412
2026-01-10 02:36:02.824539 | Epoch:1491 | LR: 0.0000176 | Loss : 0.0414 | Val loss: 0.0408
2026-01-10 02:36:07.075057 | Epoch:1492 | LR: 0.0000176 | Loss : 0.0400 | Val loss: 0.0395
2026-01-10 02:36:11.373337 | Epoch:1493 | LR: 0.0000176 | Loss : 0.0407 | Val loss: 0.0392
2026-01-10 02:36:15.873302 | Epoch:1494 | LR: 0.0000176 | Loss : 0.0371 | Val loss: 0.0392
2026-01-10 02:36:20.164575 | Epoch:1495 | LR: 0.0000175 | Loss : 0.0388 | Val loss: 0.0410
2026-01-10 02:36:24.426125 | Epoch:1496 | LR: 0.0000175 | Loss : 0.0391 | Val loss: 0.0387
2026-01-10 02:36:28.698395 | Epoch:1497 | LR: 0.0000175 | Loss : 0.0394 | Val loss: 0.0432
2026-01-10 02:36:32.961895 | Epoch:1498 | LR: 0.0000174 | Loss : 0.0382 | Val loss: 0.0402
2026-01-10 02:36:37.280920 | Epoch:1499 | LR: 0.0000174 | Loss : 0.0378 | Val loss: 0.0414
2026-01-10 02:36:41.584461 | Epoch:1500 | LR: 0.0000174 | Loss : 0.0398 | Val loss: 0.0386
2026-01-10 02:36:45.771018 | Epoch:1501 | LR: 0.0000173 | Loss : 0.0387 | Val loss: 0.0381
2026-01-10 02:36:50.003561 | Epoch:1502 | LR: 0.0000173 | Loss : 0.0399 | Val loss: 0.0368
2026-01-10 02:36:54.251940 | Epoch:1503 | LR: 0.0000173 | Loss : 0.0391 | Val loss: 0.0383
2026-01-10 02:36:58.539616 | Epoch:1504 | LR: 0.0000173 | Loss : 0.0401 | Val loss: 0.0358
2026-01-10 02:37:02.806310 | Epoch:1505 | LR: 0.0000172 | Loss : 0.0374 | Val loss: 0.0407
2026-01-10 02:37:07.067716 | Epoch:1506 | LR: 0.0000172 | Loss : 0.0407 | Val loss: 0.0394
2026-01-10 02:37:11.347087 | Epoch:1507 | LR: 0.0000172 | Loss : 0.0409 | Val loss: 0.0377
2026-01-10 02:37:15.632775 | Epoch:1508 | LR: 0.0000171 | Loss : 0.0382 | Val loss: 0.0404
2026-01-10 02:37:19.938662 | Epoch:1509 | LR: 0.0000171 | Loss : 0.0377 | Val loss: 0.0393
2026-01-10 02:37:24.201078 | Epoch:1510 | LR: 0.0000171 | Loss : 0.0374 | Val loss: 0.0399
2026-01-10 02:37:28.394532 | Epoch:1511 | LR: 0.0000170 | Loss : 0.0400 | Val loss: 0.0389
2026-01-10 02:37:32.656732 | Epoch:1512 | LR: 0.0000170 | Loss : 0.0391 | Val loss: 0.0390
2026-01-10 02:37:36.845912 | Epoch:1513 | LR: 0.0000170 | Loss : 0.0373 | Val loss: 0.0408
2026-01-10 02:37:41.123535 | Epoch:1514 | LR: 0.0000170 | Loss : 0.0382 | Val loss: 0.0412
2026-01-10 02:37:45.489661 | Epoch:1515 | LR: 0.0000169 | Loss : 0.0375 | Val loss: 0.0379
2026-01-10 02:37:49.739609 | Epoch:1516 | LR: 0.0000169 | Loss : 0.0409 | Val loss: 0.0412
2026-01-10 02:37:53.926463 | Epoch:1517 | LR: 0.0000169 | Loss : 0.0383 | Val loss: 0.0400
2026-01-10 02:37:58.134694 | Epoch:1518 | LR: 0.0000168 | Loss : 0.0384 | Val loss: 0.0381
2026-01-10 02:38:02.432891 | Epoch:1519 | LR: 0.0000168 | Loss : 0.0394 | Val loss: 0.0382
2026-01-10 02:38:06.686561 | Epoch:1520 | LR: 0.0000168 | Loss : 0.0372 | Val loss: 0.0377
2026-01-10 02:38:11.017652 | Epoch:1521 | LR: 0.0000167 | Loss : 0.0385 | Val loss: 0.0345
2026-01-10 02:38:15.280939 | Epoch:1522 | LR: 0.0000167 | Loss : 0.0380 | Val loss: 0.0427
2026-01-10 02:38:19.817969 | Epoch:1523 | LR: 0.0000167 | Loss : 0.0377 | Val loss: 0.0375
2026-01-10 02:38:24.114650 | Epoch:1524 | LR: 0.0000167 | Loss : 0.0398 | Val loss: 0.0388
2026-01-10 02:38:28.386467 | Epoch:1525 | LR: 0.0000166 | Loss : 0.0373 | Val loss: 0.0374
2026-01-10 02:38:32.653786 | Epoch:1526 | LR: 0.0000166 | Loss : 0.0385 | Val loss: 0.0379
2026-01-10 02:38:36.890688 | Epoch:1527 | LR: 0.0000166 | Loss : 0.0389 | Val loss: 0.0373
2026-01-10 02:38:41.206292 | Epoch:1528 | LR: 0.0000165 | Loss : 0.0370 | Val loss: 0.0377
2026-01-10 02:38:45.468432 | Epoch:1529 | LR: 0.0000165 | Loss : 0.0369 | Val loss: 0.0396
2026-01-10 02:38:49.785724 | Epoch:1530 | LR: 0.0000165 | Loss : 0.0373 | Val loss: 0.0404
2026-01-10 02:38:54.081027 | Epoch:1531 | LR: 0.0000165 | Loss : 0.0404 | Val loss: 0.0372
2026-01-10 02:38:58.232815 | Epoch:1532 | LR: 0.0000164 | Loss : 0.0396 | Val loss: 0.0365
2026-01-10 02:39:02.391927 | Epoch:1533 | LR: 0.0000164 | Loss : 0.0379 | Val loss: 0.0352
2026-01-10 02:39:06.679945 | Epoch:1534 | LR: 0.0000164 | Loss : 0.0376 | Val loss: 0.0403
2026-01-10 02:39:10.985392 | Epoch:1535 | LR: 0.0000163 | Loss : 0.0366 | Val loss: 0.0381
2026-01-10 02:39:15.444803 | Epoch:1536 | LR: 0.0000163 | Loss : 0.0380 | Val loss: 0.0386
2026-01-10 02:39:19.685583 | Epoch:1537 | LR: 0.0000163 | Loss : 0.0381 | Val loss: 0.0368
2026-01-10 02:39:23.942578 | Epoch:1538 | LR: 0.0000162 | Loss : 0.0377 | Val loss: 0.0345
2026-01-10 02:39:28.193935 | Epoch:1539 | LR: 0.0000162 | Loss : 0.0382 | Val loss: 0.0351
2026-01-10 02:39:32.446655 | Epoch:1540 | LR: 0.0000162 | Loss : 0.0369 | Val loss: 0.0363
2026-01-10 02:39:36.680546 | Epoch:1541 | LR: 0.0000162 | Loss : 0.0373 | Val loss: 0.0352
2026-01-10 02:39:40.931309 | Epoch:1542 | LR: 0.0000161 | Loss : 0.0357 | Val loss: 0.0359
2026-01-10 02:39:45.180079 | Epoch:1543 | LR: 0.0000161 | Loss : 0.0394 | Val loss: 0.0362
2026-01-10 02:39:49.459584 | Epoch:1544 | LR: 0.0000161 | Loss : 0.0361 | Val loss: 0.0354
2026-01-10 02:39:53.791150 | Epoch:1545 | LR: 0.0000160 | Loss : 0.0393 | Val loss: 0.0386
2026-01-10 02:39:58.030855 | Epoch:1546 | LR: 0.0000160 | Loss : 0.0368 | Val loss: 0.0360
2026-01-10 02:40:02.330340 | Epoch:1547 | LR: 0.0000160 | Loss : 0.0381 | Val loss: 0.0393
2026-01-10 02:40:06.513752 | Epoch:1548 | LR: 0.0000159 | Loss : 0.0394 | Val loss: 0.0365
2026-01-10 02:40:10.743221 | Epoch:1549 | LR: 0.0000159 | Loss : 0.0364 | Val loss: 0.0380
2026-01-10 02:40:14.952584 | Epoch:1550 | LR: 0.0000159 | Loss : 0.0365 | Val loss: 0.0374
2026-01-10 02:40:19.184946 | Epoch:1551 | LR: 0.0000159 | Loss : 0.0373 | Val loss: 0.0363
2026-01-10 02:40:23.432633 | Epoch:1552 | LR: 0.0000158 | Loss : 0.0363 | Val loss: 0.0357
2026-01-10 02:40:27.748472 | Epoch:1553 | LR: 0.0000158 | Loss : 0.0345 | Val loss: 0.0385
2026-01-10 02:40:32.022250 | Epoch:1554 | LR: 0.0000158 | Loss : 0.0364 | Val loss: 0.0366
2026-01-10 02:40:36.308749 | Epoch:1555 | LR: 0.0000157 | Loss : 0.0358 | Val loss: 0.0355
2026-01-10 02:40:40.592329 | Epoch:1556 | LR: 0.0000157 | Loss : 0.0374 | Val loss: 0.0394
2026-01-10 02:40:44.847671 | Epoch:1557 | LR: 0.0000157 | Loss : 0.0379 | Val loss: 0.0374
2026-01-10 02:40:49.035186 | Epoch:1558 | LR: 0.0000157 | Loss : 0.0353 | Val loss: 0.0355
2026-01-10 02:40:53.298880 | Epoch:1559 | LR: 0.0000156 | Loss : 0.0365 | Val loss: 0.0353
2026-01-10 02:40:57.542597 | Epoch:1560 | LR: 0.0000156 | Loss : 0.0377 | Val loss: 0.0353
2026-01-10 02:41:01.722717 | Epoch:1561 | LR: 0.0000156 | Loss : 0.0352 | Val loss: 0.0345
2026-01-10 02:41:06.012692 | Epoch:1562 | LR: 0.0000155 | Loss : 0.0374 | Val loss: 0.0354
2026-01-10 02:41:10.232533 | Epoch:1563 | LR: 0.0000155 | Loss : 0.0380 | Val loss: 0.0364
2026-01-10 02:41:14.390073 | Epoch:1564 | LR: 0.0000155 | Loss : 0.0372 | Val loss: 0.0384
2026-01-10 02:41:18.575592 | Epoch:1565 | LR: 0.0000155 | Loss : 0.0363 | Val loss: 0.0387
2026-01-10 02:41:22.792871 | Epoch:1566 | LR: 0.0000154 | Loss : 0.0349 | Val loss: 0.0364
2026-01-10 02:41:27.028475 | Epoch:1567 | LR: 0.0000154 | Loss : 0.0358 | Val loss: 0.0368
2026-01-10 02:41:31.275006 | Epoch:1568 | LR: 0.0000154 | Loss : 0.0375 | Val loss: 0.0340
2026-01-10 02:41:35.530939 | Epoch:1569 | LR: 0.0000153 | Loss : 0.0371 | Val loss: 0.0350
2026-01-10 02:41:39.795599 | Epoch:1570 | LR: 0.0000153 | Loss : 0.0373 | Val loss: 0.0372
2026-01-10 02:41:44.075654 | Epoch:1571 | LR: 0.0000153 | Loss : 0.0384 | Val loss: 0.0380
2026-01-10 02:41:48.322723 | Epoch:1572 | LR: 0.0000152 | Loss : 0.0373 | Val loss: 0.0341
2026-01-10 02:41:52.573272 | Epoch:1573 | LR: 0.0000152 | Loss : 0.0377 | Val loss: 0.0380
2026-01-10 02:41:56.820348 | Epoch:1574 | LR: 0.0000152 | Loss : 0.0364 | Val loss: 0.0366
2026-01-10 02:42:01.074798 | Epoch:1575 | LR: 0.0000152 | Loss : 0.0376 | Val loss: 0.0359
2026-01-10 02:42:05.336142 | Epoch:1576 | LR: 0.0000151 | Loss : 0.0362 | Val loss: 0.0391
2026-01-10 02:42:09.577632 | Epoch:1577 | LR: 0.0000151 | Loss : 0.0368 | Val loss: 0.0366
2026-01-10 02:42:13.802886 | Epoch:1578 | LR: 0.0000151 | Loss : 0.0365 | Val loss: 0.0373
2026-01-10 02:42:18.103245 | Epoch:1579 | LR: 0.0000150 | Loss : 0.0363 | Val loss: 0.0399
2026-01-10 02:42:22.289504 | Epoch:1580 | LR: 0.0000150 | Loss : 0.0372 | Val loss: 0.0376
2026-01-10 02:42:26.483848 | Epoch:1581 | LR: 0.0000150 | Loss : 0.0366 | Val loss: 0.0355
2026-01-10 02:42:30.808892 | Epoch:1582 | LR: 0.0000150 | Loss : 0.0354 | Val loss: 0.0363
2026-01-10 02:42:35.047144 | Epoch:1583 | LR: 0.0000149 | Loss : 0.0358 | Val loss: 0.0343
2026-01-10 02:42:39.278195 | Epoch:1584 | LR: 0.0000149 | Loss : 0.0369 | Val loss: 0.0375
2026-01-10 02:42:43.537146 | Epoch:1585 | LR: 0.0000149 | Loss : 0.0353 | Val loss: 0.0365
2026-01-10 02:42:47.794351 | Epoch:1586 | LR: 0.0000148 | Loss : 0.0354 | Val loss: 0.0380
2026-01-10 02:42:52.071102 | Epoch:1587 | LR: 0.0000148 | Loss : 0.0357 | Val loss: 0.0388
2026-01-10 02:42:56.335474 | Epoch:1588 | LR: 0.0000148 | Loss : 0.0372 | Val loss: 0.0374
2026-01-10 02:43:00.579982 | Epoch:1589 | LR: 0.0000148 | Loss : 0.0348 | Val loss: 0.0357
2026-01-10 02:43:04.824946 | Epoch:1590 | LR: 0.0000147 | Loss : 0.0355 | Val loss: 0.0369
2026-01-10 02:43:09.082297 | Epoch:1591 | LR: 0.0000147 | Loss : 0.0370 | Val loss: 0.0347
2026-01-10 02:43:13.353641 | Epoch:1592 | LR: 0.0000147 | Loss : 0.0356 | Val loss: 0.0359
2026-01-10 02:43:17.491404 | Epoch:1593 | LR: 0.0000146 | Loss : 0.0355 | Val loss: 0.0347
2026-01-10 02:43:21.762014 | Epoch:1594 | LR: 0.0000146 | Loss : 0.0372 | Val loss: 0.0339
2026-01-10 02:43:25.934743 | Epoch:1595 | LR: 0.0000146 | Loss : 0.0367 | Val loss: 0.0357
2026-01-10 02:43:30.124816 | Epoch:1596 | LR: 0.0000146 | Loss : 0.0365 | Val loss: 0.0340
2026-01-10 02:43:34.334425 | Epoch:1597 | LR: 0.0000145 | Loss : 0.0362 | Val loss: 0.0353
2026-01-10 02:43:38.559871 | Epoch:1598 | LR: 0.0000145 | Loss : 0.0373 | Val loss: 0.0362
2026-01-10 02:43:42.798833 | Epoch:1599 | LR: 0.0000145 | Loss : 0.0363 | Val loss: 0.0373
2026-01-10 02:43:47.030066 | Epoch:1600 | LR: 0.0000144 | Loss : 0.0364 | Val loss: 0.0345
2026-01-10 02:43:51.482601 | Epoch:1601 | LR: 0.0000144 | Loss : 0.0363 | Val loss: 0.0352
2026-01-10 02:43:55.737815 | Epoch:1602 | LR: 0.0000144 | Loss : 0.0355 | Val loss: 0.0360
2026-01-10 02:44:00.000314 | Epoch:1603 | LR: 0.0000144 | Loss : 0.0358 | Val loss: 0.0342
2026-01-10 02:44:06.102461 | Epoch:1604 | LR: 0.0000143 | Loss : 0.0359 | Val loss: 0.0340
2026-01-10 02:44:10.372655 | Epoch:1605 | LR: 0.0000143 | Loss : 0.0354 | Val loss: 0.0371
2026-01-10 02:44:14.644795 | Epoch:1606 | LR: 0.0000143 | Loss : 0.0355 | Val loss: 0.0376
2026-01-10 02:44:18.897752 | Epoch:1607 | LR: 0.0000142 | Loss : 0.0365 | Val loss: 0.0370
2026-01-10 02:44:23.107493 | Epoch:1608 | LR: 0.0000142 | Loss : 0.0355 | Val loss: 0.0390
2026-01-10 02:44:27.283107 | Epoch:1609 | LR: 0.0000142 | Loss : 0.0355 | Val loss: 0.0389
2026-01-10 02:44:31.519144 | Epoch:1610 | LR: 0.0000142 | Loss : 0.0360 | Val loss: 0.0361
2026-01-10 02:44:35.770432 | Epoch:1611 | LR: 0.0000141 | Loss : 0.0361 | Val loss: 0.0365
2026-01-10 02:44:39.964620 | Epoch:1612 | LR: 0.0000141 | Loss : 0.0341 | Val loss: 0.0355
2026-01-10 02:44:44.164322 | Epoch:1613 | LR: 0.0000141 | Loss : 0.0359 | Val loss: 0.0364
2026-01-10 02:44:48.373476 | Epoch:1614 | LR: 0.0000140 | Loss : 0.0349 | Val loss: 0.0346
2026-01-10 02:44:52.599748 | Epoch:1615 | LR: 0.0000140 | Loss : 0.0366 | Val loss: 0.0388
2026-01-10 02:44:56.834750 | Epoch:1616 | LR: 0.0000140 | Loss : 0.0346 | Val loss: 0.0378
2026-01-10 02:45:01.063559 | Epoch:1617 | LR: 0.0000140 | Loss : 0.0365 | Val loss: 0.0365
2026-01-10 02:45:05.325637 | Epoch:1618 | LR: 0.0000139 | Loss : 0.0370 | Val loss: 0.0370
2026-01-10 02:45:09.570375 | Epoch:1619 | LR: 0.0000139 | Loss : 0.0343 | Val loss: 0.0335
2026-01-10 02:45:14.038810 | Epoch:1620 | LR: 0.0000139 | Loss : 0.0361 | Val loss: 0.0344
2026-01-10 02:45:18.283302 | Epoch:1621 | LR: 0.0000138 | Loss : 0.0364 | Val loss: 0.0354
2026-01-10 02:45:22.537951 | Epoch:1622 | LR: 0.0000138 | Loss : 0.0352 | Val loss: 0.0353
2026-01-10 02:45:26.785936 | Epoch:1623 | LR: 0.0000138 | Loss : 0.0360 | Val loss: 0.0363
2026-01-10 02:45:30.975143 | Epoch:1624 | LR: 0.0000138 | Loss : 0.0346 | Val loss: 0.0361
2026-01-10 02:45:35.258581 | Epoch:1625 | LR: 0.0000137 | Loss : 0.0372 | Val loss: 0.0343
2026-01-10 02:45:39.392386 | Epoch:1626 | LR: 0.0000137 | Loss : 0.0344 | Val loss: 0.0370
2026-01-10 02:45:43.545087 | Epoch:1627 | LR: 0.0000137 | Loss : 0.0359 | Val loss: 0.0363
2026-01-10 02:45:47.737104 | Epoch:1628 | LR: 0.0000136 | Loss : 0.0356 | Val loss: 0.0332
2026-01-10 02:45:52.003635 | Epoch:1629 | LR: 0.0000136 | Loss : 0.0349 | Val loss: 0.0352
2026-01-10 02:45:56.247729 | Epoch:1630 | LR: 0.0000136 | Loss : 0.0340 | Val loss: 0.0377
2026-01-10 02:46:00.492794 | Epoch:1631 | LR: 0.0000136 | Loss : 0.0344 | Val loss: 0.0342
2026-01-10 02:46:04.814093 | Epoch:1632 | LR: 0.0000135 | Loss : 0.0334 | Val loss: 0.0353
2026-01-10 02:46:09.090325 | Epoch:1633 | LR: 0.0000135 | Loss : 0.0351 | Val loss: 0.0378
2026-01-10 02:46:13.352609 | Epoch:1634 | LR: 0.0000135 | Loss : 0.0353 | Val loss: 0.0349
2026-01-10 02:46:17.635668 | Epoch:1635 | LR: 0.0000135 | Loss : 0.0352 | Val loss: 0.0358
2026-01-10 02:46:21.881640 | Epoch:1636 | LR: 0.0000134 | Loss : 0.0347 | Val loss: 0.0325
2026-01-10 02:46:26.166624 | Epoch:1637 | LR: 0.0000134 | Loss : 0.0353 | Val loss: 0.0369
2026-01-10 02:46:30.424045 | Epoch:1638 | LR: 0.0000134 | Loss : 0.0356 | Val loss: 0.0365
2026-01-10 02:46:34.631369 | Epoch:1639 | LR: 0.0000133 | Loss : 0.0339 | Val loss: 0.0378
2026-01-10 02:46:38.933477 | Epoch:1640 | LR: 0.0000133 | Loss : 0.0351 | Val loss: 0.0367
2026-01-10 02:46:43.078510 | Epoch:1641 | LR: 0.0000133 | Loss : 0.0362 | Val loss: 0.0334
2026-01-10 02:46:47.264938 | Epoch:1642 | LR: 0.0000133 | Loss : 0.0372 | Val loss: 0.0367
2026-01-10 02:46:51.697759 | Epoch:1643 | LR: 0.0000132 | Loss : 0.0349 | Val loss: 0.0353
2026-01-10 02:46:55.922323 | Epoch:1644 | LR: 0.0000132 | Loss : 0.0355 | Val loss: 0.0350
2026-01-10 02:47:00.210886 | Epoch:1645 | LR: 0.0000132 | Loss : 0.0347 | Val loss: 0.0366
2026-01-10 02:47:04.469147 | Epoch:1646 | LR: 0.0000131 | Loss : 0.0365 | Val loss: 0.0381
2026-01-10 02:47:08.723825 | Epoch:1647 | LR: 0.0000131 | Loss : 0.0361 | Val loss: 0.0369
2026-01-10 02:47:12.983238 | Epoch:1648 | LR: 0.0000131 | Loss : 0.0345 | Val loss: 0.0335
2026-01-10 02:47:17.232608 | Epoch:1649 | LR: 0.0000131 | Loss : 0.0348 | Val loss: 0.0342
2026-01-10 02:47:21.464165 | Epoch:1650 | LR: 0.0000130 | Loss : 0.0345 | Val loss: 0.0335
2026-01-10 02:47:25.763528 | Epoch:1651 | LR: 0.0000130 | Loss : 0.0331 | Val loss: 0.0345
2026-01-10 02:47:30.060595 | Epoch:1652 | LR: 0.0000130 | Loss : 0.0358 | Val loss: 0.0335
2026-01-10 02:47:34.346403 | Epoch:1653 | LR: 0.0000130 | Loss : 0.0357 | Val loss: 0.0343
2026-01-10 02:47:38.598390 | Epoch:1654 | LR: 0.0000129 | Loss : 0.0367 | Val loss: 0.0346
2026-01-10 02:47:42.824762 | Epoch:1655 | LR: 0.0000129 | Loss : 0.0349 | Val loss: 0.0344
2026-01-10 02:47:47.091507 | Epoch:1656 | LR: 0.0000129 | Loss : 0.0350 | Val loss: 0.0364
2026-01-10 02:47:51.240780 | Epoch:1657 | LR: 0.0000128 | Loss : 0.0345 | Val loss: 0.0334
2026-01-10 02:47:55.447850 | Epoch:1658 | LR: 0.0000128 | Loss : 0.0355 | Val loss: 0.0355
2026-01-10 02:47:59.632638 | Epoch:1659 | LR: 0.0000128 | Loss : 0.0345 | Val loss: 0.0358
2026-01-10 02:48:03.837294 | Epoch:1660 | LR: 0.0000128 | Loss : 0.0357 | Val loss: 0.0329
2026-01-10 02:48:08.118442 | Epoch:1661 | LR: 0.0000127 | Loss : 0.0380 | Val loss: 0.0352
2026-01-10 02:48:12.365176 | Epoch:1662 | LR: 0.0000127 | Loss : 0.0340 | Val loss: 0.0370
2026-01-10 02:48:16.631681 | Epoch:1663 | LR: 0.0000127 | Loss : 0.0351 | Val loss: 0.0379
2026-01-10 02:48:20.898710 | Epoch:1664 | LR: 0.0000126 | Loss : 0.0356 | Val loss: 0.0347
2026-01-10 02:48:25.144034 | Epoch:1665 | LR: 0.0000126 | Loss : 0.0337 | Val loss: 0.0349
2026-01-10 02:48:29.391569 | Epoch:1666 | LR: 0.0000126 | Loss : 0.0348 | Val loss: 0.0384
2026-01-10 02:48:33.591715 | Epoch:1667 | LR: 0.0000126 | Loss : 0.0360 | Val loss: 0.0364
2026-01-10 02:48:37.842869 | Epoch:1668 | LR: 0.0000125 | Loss : 0.0352 | Val loss: 0.0357
2026-01-10 02:48:42.144921 | Epoch:1669 | LR: 0.0000125 | Loss : 0.0341 | Val loss: 0.0355
2026-01-10 02:48:46.352828 | Epoch:1670 | LR: 0.0000125 | Loss : 0.0346 | Val loss: 0.0337
2026-01-10 02:48:50.664607 | Epoch:1671 | LR: 0.0000125 | Loss : 0.0337 | Val loss: 0.0362
2026-01-10 02:48:54.871703 | Epoch:1672 | LR: 0.0000124 | Loss : 0.0335 | Val loss: 0.0343
2026-01-10 02:48:59.060544 | Epoch:1673 | LR: 0.0000124 | Loss : 0.0355 | Val loss: 0.0372
2026-01-10 02:49:03.242524 | Epoch:1674 | LR: 0.0000124 | Loss : 0.0363 | Val loss: 0.0340
2026-01-10 02:49:07.436361 | Epoch:1675 | LR: 0.0000123 | Loss : 0.0357 | Val loss: 0.0333
2026-01-10 02:49:11.643709 | Epoch:1676 | LR: 0.0000123 | Loss : 0.0351 | Val loss: 0.0325
2026-01-10 02:49:15.898468 | Epoch:1677 | LR: 0.0000123 | Loss : 0.0347 | Val loss: 0.0320
2026-01-10 02:49:20.156592 | Epoch:1678 | LR: 0.0000123 | Loss : 0.0338 | Val loss: 0.0390
2026-01-10 02:49:24.409867 | Epoch:1679 | LR: 0.0000122 | Loss : 0.0347 | Val loss: 0.0326
2026-01-10 02:49:28.729558 | Epoch:1680 | LR: 0.0000122 | Loss : 0.0339 | Val loss: 0.0332
2026-01-10 02:49:32.980370 | Epoch:1681 | LR: 0.0000122 | Loss : 0.0356 | Val loss: 0.0349
2026-01-10 02:49:37.231072 | Epoch:1682 | LR: 0.0000122 | Loss : 0.0352 | Val loss: 0.0318
2026-01-10 02:49:41.415286 | Epoch:1683 | LR: 0.0000121 | Loss : 0.0347 | Val loss: 0.0334
2026-01-10 02:49:45.687320 | Epoch:1684 | LR: 0.0000121 | Loss : 0.0352 | Val loss: 0.0344
2026-01-10 02:49:49.861241 | Epoch:1685 | LR: 0.0000121 | Loss : 0.0331 | Val loss: 0.0325
2026-01-10 02:49:54.121815 | Epoch:1686 | LR: 0.0000121 | Loss : 0.0341 | Val loss: 0.0329
2026-01-10 02:49:58.388587 | Epoch:1687 | LR: 0.0000120 | Loss : 0.0347 | Val loss: 0.0326
2026-01-10 02:50:02.545888 | Epoch:1688 | LR: 0.0000120 | Loss : 0.0343 | Val loss: 0.0325
2026-01-10 02:50:06.783552 | Epoch:1689 | LR: 0.0000120 | Loss : 0.0356 | Val loss: 0.0359
2026-01-10 02:50:11.066700 | Epoch:1690 | LR: 0.0000119 | Loss : 0.0348 | Val loss: 0.0306
2026-01-10 02:50:15.271803 | Epoch:1691 | LR: 0.0000119 | Loss : 0.0338 | Val loss: 0.0332
2026-01-10 02:50:19.485861 | Epoch:1692 | LR: 0.0000119 | Loss : 0.0328 | Val loss: 0.0360
2026-01-10 02:50:23.966313 | Epoch:1693 | LR: 0.0000119 | Loss : 0.0354 | Val loss: 0.0337
2026-01-10 02:50:28.212299 | Epoch:1694 | LR: 0.0000118 | Loss : 0.0338 | Val loss: 0.0340
2026-01-10 02:50:32.472390 | Epoch:1695 | LR: 0.0000118 | Loss : 0.0349 | Val loss: 0.0368
2026-01-10 02:50:36.736863 | Epoch:1696 | LR: 0.0000118 | Loss : 0.0361 | Val loss: 0.0338
2026-01-10 02:50:41.025992 | Epoch:1697 | LR: 0.0000118 | Loss : 0.0328 | Val loss: 0.0339
2026-01-10 02:50:45.269514 | Epoch:1698 | LR: 0.0000117 | Loss : 0.0338 | Val loss: 0.0351
2026-01-10 02:50:49.527337 | Epoch:1699 | LR: 0.0000117 | Loss : 0.0332 | Val loss: 0.0326
2026-01-10 02:50:53.852332 | Epoch:1700 | LR: 0.0000117 | Loss : 0.0332 | Val loss: 0.0350
2026-01-10 02:50:58.082572 | Epoch:1701 | LR: 0.0000116 | Loss : 0.0344 | Val loss: 0.0357
2026-01-10 02:51:02.399523 | Epoch:1702 | LR: 0.0000116 | Loss : 0.0340 | Val loss: 0.0350
2026-01-10 02:51:06.536991 | Epoch:1703 | LR: 0.0000116 | Loss : 0.0351 | Val loss: 0.0339
2026-01-10 02:51:10.732754 | Epoch:1704 | LR: 0.0000116 | Loss : 0.0324 | Val loss: 0.0318
2026-01-10 02:51:16.782052 | Epoch:1705 | LR: 0.0000115 | Loss : 0.0337 | Val loss: 0.0337
2026-01-10 02:51:21.016704 | Epoch:1706 | LR: 0.0000115 | Loss : 0.0309 | Val loss: 0.0326
2026-01-10 02:51:25.258181 | Epoch:1707 | LR: 0.0000115 | Loss : 0.0326 | Val loss: 0.0340
2026-01-10 02:51:29.688849 | Epoch:1708 | LR: 0.0000115 | Loss : 0.0333 | Val loss: 0.0346
2026-01-10 02:51:33.929889 | Epoch:1709 | LR: 0.0000114 | Loss : 0.0327 | Val loss: 0.0332
2026-01-10 02:51:38.187506 | Epoch:1710 | LR: 0.0000114 | Loss : 0.0344 | Val loss: 0.0321
2026-01-10 02:51:42.459933 | Epoch:1711 | LR: 0.0000114 | Loss : 0.0327 | Val loss: 0.0350
2026-01-10 02:51:46.712210 | Epoch:1712 | LR: 0.0000114 | Loss : 0.0339 | Val loss: 0.0335
2026-01-10 02:51:50.983625 | Epoch:1713 | LR: 0.0000113 | Loss : 0.0349 | Val loss: 0.0339
2026-01-10 02:51:55.253503 | Epoch:1714 | LR: 0.0000113 | Loss : 0.0343 | Val loss: 0.0334
2026-01-10 02:51:59.505134 | Epoch:1715 | LR: 0.0000113 | Loss : 0.0334 | Val loss: 0.0312
2026-01-10 02:52:03.760034 | Epoch:1716 | LR: 0.0000113 | Loss : 0.0345 | Val loss: 0.0357
2026-01-10 02:52:07.941906 | Epoch:1717 | LR: 0.0000112 | Loss : 0.0333 | Val loss: 0.0379
2026-01-10 02:52:12.199088 | Epoch:1718 | LR: 0.0000112 | Loss : 0.0334 | Val loss: 0.0341
2026-01-10 02:52:16.432980 | Epoch:1719 | LR: 0.0000112 | Loss : 0.0335 | Val loss: 0.0334
2026-01-10 02:52:20.627013 | Epoch:1720 | LR: 0.0000111 | Loss : 0.0349 | Val loss: 0.0319
2026-01-10 02:52:24.844734 | Epoch:1721 | LR: 0.0000111 | Loss : 0.0321 | Val loss: 0.0316
2026-01-10 02:52:29.152662 | Epoch:1722 | LR: 0.0000111 | Loss : 0.0330 | Val loss: 0.0323
2026-01-10 02:52:33.388694 | Epoch:1723 | LR: 0.0000111 | Loss : 0.0354 | Val loss: 0.0332
2026-01-10 02:52:37.627606 | Epoch:1724 | LR: 0.0000110 | Loss : 0.0332 | Val loss: 0.0347
2026-01-10 02:52:41.872638 | Epoch:1725 | LR: 0.0000110 | Loss : 0.0343 | Val loss: 0.0333
2026-01-10 02:52:46.124831 | Epoch:1726 | LR: 0.0000110 | Loss : 0.0341 | Val loss: 0.0357
2026-01-10 02:52:50.381449 | Epoch:1727 | LR: 0.0000110 | Loss : 0.0325 | Val loss: 0.0331
2026-01-10 02:52:54.640160 | Epoch:1728 | LR: 0.0000109 | Loss : 0.0347 | Val loss: 0.0313
2026-01-10 02:52:58.906838 | Epoch:1729 | LR: 0.0000109 | Loss : 0.0322 | Val loss: 0.0329
2026-01-10 02:53:03.178342 | Epoch:1730 | LR: 0.0000109 | Loss : 0.0327 | Val loss: 0.0326
2026-01-10 02:53:07.474191 | Epoch:1731 | LR: 0.0000109 | Loss : 0.0333 | Val loss: 0.0339
2026-01-10 02:53:11.706140 | Epoch:1732 | LR: 0.0000108 | Loss : 0.0325 | Val loss: 0.0309
2026-01-10 02:53:16.042401 | Epoch:1733 | LR: 0.0000108 | Loss : 0.0315 | Val loss: 0.0330
2026-01-10 02:53:20.266981 | Epoch:1734 | LR: 0.0000108 | Loss : 0.0327 | Val loss: 0.0365
2026-01-10 02:53:24.412945 | Epoch:1735 | LR: 0.0000108 | Loss : 0.0343 | Val loss: 0.0313
2026-01-10 02:53:28.591864 | Epoch:1736 | LR: 0.0000107 | Loss : 0.0328 | Val loss: 0.0323
2026-01-10 02:53:32.815808 | Epoch:1737 | LR: 0.0000107 | Loss : 0.0321 | Val loss: 0.0319
2026-01-10 02:53:37.037433 | Epoch:1738 | LR: 0.0000107 | Loss : 0.0337 | Val loss: 0.0350
2026-01-10 02:53:41.283758 | Epoch:1739 | LR: 0.0000107 | Loss : 0.0313 | Val loss: 0.0330
2026-01-10 02:53:45.533726 | Epoch:1740 | LR: 0.0000106 | Loss : 0.0344 | Val loss: 0.0310
2026-01-10 02:53:49.793976 | Epoch:1741 | LR: 0.0000106 | Loss : 0.0328 | Val loss: 0.0348
2026-01-10 02:53:54.066296 | Epoch:1742 | LR: 0.0000106 | Loss : 0.0352 | Val loss: 0.0366
2026-01-10 02:53:58.348362 | Epoch:1743 | LR: 0.0000105 | Loss : 0.0328 | Val loss: 0.0335
2026-01-10 02:54:02.619580 | Epoch:1744 | LR: 0.0000105 | Loss : 0.0318 | Val loss: 0.0314
2026-01-10 02:54:06.889222 | Epoch:1745 | LR: 0.0000105 | Loss : 0.0331 | Val loss: 0.0354
2026-01-10 02:54:11.137862 | Epoch:1746 | LR: 0.0000105 | Loss : 0.0328 | Val loss: 0.0330
2026-01-10 02:54:15.354922 | Epoch:1747 | LR: 0.0000104 | Loss : 0.0335 | Val loss: 0.0331
2026-01-10 02:54:19.555306 | Epoch:1748 | LR: 0.0000104 | Loss : 0.0336 | Val loss: 0.0316
2026-01-10 02:54:23.860795 | Epoch:1749 | LR: 0.0000104 | Loss : 0.0325 | Val loss: 0.0312
2026-01-10 02:54:28.379482 | Epoch:1750 | LR: 0.0000104 | Loss : 0.0347 | Val loss: 0.0330
2026-01-10 02:54:32.553285 | Epoch:1751 | LR: 0.0000103 | Loss : 0.0333 | Val loss: 0.0314
2026-01-10 02:54:36.757612 | Epoch:1752 | LR: 0.0000103 | Loss : 0.0345 | Val loss: 0.0322
2026-01-10 02:54:40.986661 | Epoch:1753 | LR: 0.0000103 | Loss : 0.0333 | Val loss: 0.0321
2026-01-10 02:54:45.223104 | Epoch:1754 | LR: 0.0000103 | Loss : 0.0323 | Val loss: 0.0343
2026-01-10 02:54:49.468423 | Epoch:1755 | LR: 0.0000102 | Loss : 0.0317 | Val loss: 0.0357
2026-01-10 02:54:53.725386 | Epoch:1756 | LR: 0.0000102 | Loss : 0.0338 | Val loss: 0.0328
2026-01-10 02:54:57.987464 | Epoch:1757 | LR: 0.0000102 | Loss : 0.0313 | Val loss: 0.0348
2026-01-10 02:55:02.266758 | Epoch:1758 | LR: 0.0000102 | Loss : 0.0343 | Val loss: 0.0317
2026-01-10 02:55:06.531676 | Epoch:1759 | LR: 0.0000101 | Loss : 0.0317 | Val loss: 0.0322
2026-01-10 02:55:10.808375 | Epoch:1760 | LR: 0.0000101 | Loss : 0.0321 | Val loss: 0.0339
2026-01-10 02:55:15.067495 | Epoch:1761 | LR: 0.0000101 | Loss : 0.0326 | Val loss: 0.0353
2026-01-10 02:55:19.299883 | Epoch:1762 | LR: 0.0000101 | Loss : 0.0302 | Val loss: 0.0324
2026-01-10 02:55:23.475353 | Epoch:1763 | LR: 0.0000100 | Loss : 0.0325 | Val loss: 0.0345
2026-01-10 02:55:27.699186 | Epoch:1764 | LR: 0.0000100 | Loss : 0.0316 | Val loss: 0.0320
2026-01-10 02:55:31.997116 | Epoch:1765 | LR: 0.0000100 | Loss : 0.0308 | Val loss: 0.0322
2026-01-10 02:55:36.156680 | Epoch:1766 | LR: 0.0000100 | Loss : 0.0349 | Val loss: 0.0335
2026-01-10 02:55:40.382443 | Epoch:1767 | LR: 0.0000099 | Loss : 0.0309 | Val loss: 0.0313
2026-01-10 02:55:44.574087 | Epoch:1768 | LR: 0.0000099 | Loss : 0.0329 | Val loss: 0.0325
2026-01-10 02:55:48.789964 | Epoch:1769 | LR: 0.0000099 | Loss : 0.0323 | Val loss: 0.0309
2026-01-10 02:55:53.058854 | Epoch:1770 | LR: 0.0000099 | Loss : 0.0316 | Val loss: 0.0316
2026-01-10 02:55:57.314331 | Epoch:1771 | LR: 0.0000098 | Loss : 0.0315 | Val loss: 0.0339
2026-01-10 02:56:01.574302 | Epoch:1772 | LR: 0.0000098 | Loss : 0.0346 | Val loss: 0.0321
2026-01-10 02:56:05.820205 | Epoch:1773 | LR: 0.0000098 | Loss : 0.0344 | Val loss: 0.0329
2026-01-10 02:56:10.159774 | Epoch:1774 | LR: 0.0000098 | Loss : 0.0330 | Val loss: 0.0354
2026-01-10 02:56:14.386062 | Epoch:1775 | LR: 0.0000097 | Loss : 0.0327 | Val loss: 0.0319
2026-01-10 02:56:18.664695 | Epoch:1776 | LR: 0.0000097 | Loss : 0.0340 | Val loss: 0.0309
2026-01-10 02:56:23.067240 | Epoch:1777 | LR: 0.0000097 | Loss : 0.0321 | Val loss: 0.0337
2026-01-10 02:56:27.260079 | Epoch:1778 | LR: 0.0000097 | Loss : 0.0321 | Val loss: 0.0355
2026-01-10 02:56:31.470443 | Epoch:1779 | LR: 0.0000096 | Loss : 0.0322 | Val loss: 0.0335
2026-01-10 02:56:35.726793 | Epoch:1780 | LR: 0.0000096 | Loss : 0.0327 | Val loss: 0.0341
2026-01-10 02:56:39.874942 | Epoch:1781 | LR: 0.0000096 | Loss : 0.0314 | Val loss: 0.0315
2026-01-10 02:56:44.067665 | Epoch:1782 | LR: 0.0000096 | Loss : 0.0322 | Val loss: 0.0333
2026-01-10 02:56:48.296557 | Epoch:1783 | LR: 0.0000095 | Loss : 0.0315 | Val loss: 0.0326
2026-01-10 02:56:52.533754 | Epoch:1784 | LR: 0.0000095 | Loss : 0.0330 | Val loss: 0.0320
2026-01-10 02:56:56.776075 | Epoch:1785 | LR: 0.0000095 | Loss : 0.0342 | Val loss: 0.0325
2026-01-10 02:57:01.039164 | Epoch:1786 | LR: 0.0000095 | Loss : 0.0299 | Val loss: 0.0310
2026-01-10 02:57:05.301569 | Epoch:1787 | LR: 0.0000094 | Loss : 0.0326 | Val loss: 0.0326
2026-01-10 02:57:09.561020 | Epoch:1788 | LR: 0.0000094 | Loss : 0.0311 | Val loss: 0.0320
2026-01-10 02:57:13.814580 | Epoch:1789 | LR: 0.0000094 | Loss : 0.0322 | Val loss: 0.0315
2026-01-10 02:57:18.155303 | Epoch:1790 | LR: 0.0000094 | Loss : 0.0329 | Val loss: 0.0318
2026-01-10 02:57:22.404673 | Epoch:1791 | LR: 0.0000093 | Loss : 0.0315 | Val loss: 0.0332
2026-01-10 02:57:26.587647 | Epoch:1792 | LR: 0.0000093 | Loss : 0.0318 | Val loss: 0.0321
2026-01-10 02:57:30.833432 | Epoch:1793 | LR: 0.0000093 | Loss : 0.0319 | Val loss: 0.0314
2026-01-10 02:57:35.077145 | Epoch:1794 | LR: 0.0000093 | Loss : 0.0320 | Val loss: 0.0308
2026-01-10 02:57:39.302495 | Epoch:1795 | LR: 0.0000092 | Loss : 0.0307 | Val loss: 0.0356
2026-01-10 02:57:43.648180 | Epoch:1796 | LR: 0.0000092 | Loss : 0.0325 | Val loss: 0.0334
2026-01-10 02:57:47.801045 | Epoch:1797 | LR: 0.0000092 | Loss : 0.0314 | Val loss: 0.0329
2026-01-10 02:57:52.080010 | Epoch:1798 | LR: 0.0000092 | Loss : 0.0325 | Val loss: 0.0316
2026-01-10 02:57:56.289944 | Epoch:1799 | LR: 0.0000091 | Loss : 0.0327 | Val loss: 0.0328
2026-01-10 02:58:00.497875 | Epoch:1800 | LR: 0.0000091 | Loss : 0.0322 | Val loss: 0.0316
2026-01-10 02:58:04.731485 | Epoch:1801 | LR: 0.0000091 | Loss : 0.0317 | Val loss: 0.0314
2026-01-10 02:58:08.971472 | Epoch:1802 | LR: 0.0000091 | Loss : 0.0337 | Val loss: 0.0310
2026-01-10 02:58:13.229837 | Epoch:1803 | LR: 0.0000090 | Loss : 0.0318 | Val loss: 0.0314
2026-01-10 02:58:17.505300 | Epoch:1804 | LR: 0.0000090 | Loss : 0.0311 | Val loss: 0.0332
2026-01-10 02:58:21.762135 | Epoch:1805 | LR: 0.0000090 | Loss : 0.0315 | Val loss: 0.0333
2026-01-10 02:58:26.033182 | Epoch:1806 | LR: 0.0000090 | Loss : 0.0311 | Val loss: 0.0296
2026-01-10 02:58:32.553777 | Epoch:1807 | LR: 0.0000090 | Loss : 0.0328 | Val loss: 0.0302
2026-01-10 02:58:36.810364 | Epoch:1808 | LR: 0.0000089 | Loss : 0.0312 | Val loss: 0.0313
2026-01-10 02:58:41.057490 | Epoch:1809 | LR: 0.0000089 | Loss : 0.0324 | Val loss: 0.0321
2026-01-10 02:58:45.248341 | Epoch:1810 | LR: 0.0000089 | Loss : 0.0330 | Val loss: 0.0292
2026-01-10 02:58:49.521321 | Epoch:1811 | LR: 0.0000089 | Loss : 0.0324 | Val loss: 0.0320
2026-01-10 02:58:53.724128 | Epoch:1812 | LR: 0.0000088 | Loss : 0.0321 | Val loss: 0.0323
2026-01-10 02:58:57.912431 | Epoch:1813 | LR: 0.0000088 | Loss : 0.0341 | Val loss: 0.0326
2026-01-10 02:59:02.095058 | Epoch:1814 | LR: 0.0000088 | Loss : 0.0306 | Val loss: 0.0350
2026-01-10 02:59:06.534411 | Epoch:1815 | LR: 0.0000088 | Loss : 0.0323 | Val loss: 0.0311
2026-01-10 02:59:10.855111 | Epoch:1816 | LR: 0.0000087 | Loss : 0.0311 | Val loss: 0.0323
2026-01-10 02:59:15.092905 | Epoch:1817 | LR: 0.0000087 | Loss : 0.0320 | Val loss: 0.0313
2026-01-10 02:59:19.356475 | Epoch:1818 | LR: 0.0000087 | Loss : 0.0326 | Val loss: 0.0304
2026-01-10 02:59:23.639514 | Epoch:1819 | LR: 0.0000087 | Loss : 0.0302 | Val loss: 0.0319
2026-01-10 02:59:27.915948 | Epoch:1820 | LR: 0.0000086 | Loss : 0.0327 | Val loss: 0.0329
2026-01-10 02:59:32.196200 | Epoch:1821 | LR: 0.0000086 | Loss : 0.0324 | Val loss: 0.0303
2026-01-10 02:59:36.470752 | Epoch:1822 | LR: 0.0000086 | Loss : 0.0332 | Val loss: 0.0333
2026-01-10 02:59:40.728899 | Epoch:1823 | LR: 0.0000086 | Loss : 0.0325 | Val loss: 0.0310
2026-01-10 02:59:44.885401 | Epoch:1824 | LR: 0.0000085 | Loss : 0.0312 | Val loss: 0.0313
2026-01-10 02:59:49.152912 | Epoch:1825 | LR: 0.0000085 | Loss : 0.0317 | Val loss: 0.0313
2026-01-10 02:59:53.390923 | Epoch:1826 | LR: 0.0000085 | Loss : 0.0321 | Val loss: 0.0307
2026-01-10 02:59:57.640370 | Epoch:1827 | LR: 0.0000085 | Loss : 0.0324 | Val loss: 0.0293
2026-01-10 03:00:01.784606 | Epoch:1828 | LR: 0.0000084 | Loss : 0.0326 | Val loss: 0.0315
2026-01-10 03:00:05.953122 | Epoch:1829 | LR: 0.0000084 | Loss : 0.0309 | Val loss: 0.0337
2026-01-10 03:00:10.133989 | Epoch:1830 | LR: 0.0000084 | Loss : 0.0321 | Val loss: 0.0298
2026-01-10 03:00:14.339086 | Epoch:1831 | LR: 0.0000084 | Loss : 0.0320 | Val loss: 0.0348
2026-01-10 03:00:18.589338 | Epoch:1832 | LR: 0.0000084 | Loss : 0.0306 | Val loss: 0.0293
2026-01-10 03:00:22.828567 | Epoch:1833 | LR: 0.0000083 | Loss : 0.0301 | Val loss: 0.0318
2026-01-10 03:00:27.086439 | Epoch:1834 | LR: 0.0000083 | Loss : 0.0321 | Val loss: 0.0304
2026-01-10 03:00:31.344702 | Epoch:1835 | LR: 0.0000083 | Loss : 0.0321 | Val loss: 0.0323
2026-01-10 03:00:35.621048 | Epoch:1836 | LR: 0.0000083 | Loss : 0.0310 | Val loss: 0.0320
2026-01-10 03:00:39.874612 | Epoch:1837 | LR: 0.0000082 | Loss : 0.0315 | Val loss: 0.0315
2026-01-10 03:00:44.146465 | Epoch:1838 | LR: 0.0000082 | Loss : 0.0316 | Val loss: 0.0325
2026-01-10 03:00:48.379942 | Epoch:1839 | LR: 0.0000082 | Loss : 0.0322 | Val loss: 0.0302
2026-01-10 03:00:52.802149 | Epoch:1840 | LR: 0.0000082 | Loss : 0.0313 | Val loss: 0.0314
2026-01-10 03:00:56.987939 | Epoch:1841 | LR: 0.0000081 | Loss : 0.0319 | Val loss: 0.0318
2026-01-10 03:01:01.316077 | Epoch:1842 | LR: 0.0000081 | Loss : 0.0331 | Val loss: 0.0298
2026-01-10 03:01:05.461429 | Epoch:1843 | LR: 0.0000081 | Loss : 0.0315 | Val loss: 0.0304
2026-01-10 03:01:09.648525 | Epoch:1844 | LR: 0.0000081 | Loss : 0.0308 | Val loss: 0.0320
2026-01-10 03:01:13.854685 | Epoch:1845 | LR: 0.0000081 | Loss : 0.0311 | Val loss: 0.0310
2026-01-10 03:01:18.115944 | Epoch:1846 | LR: 0.0000080 | Loss : 0.0315 | Val loss: 0.0298
2026-01-10 03:01:22.336211 | Epoch:1847 | LR: 0.0000080 | Loss : 0.0311 | Val loss: 0.0341
2026-01-10 03:01:26.569488 | Epoch:1848 | LR: 0.0000080 | Loss : 0.0314 | Val loss: 0.0313
2026-01-10 03:01:30.809329 | Epoch:1849 | LR: 0.0000080 | Loss : 0.0313 | Val loss: 0.0323
2026-01-10 03:01:35.053472 | Epoch:1850 | LR: 0.0000079 | Loss : 0.0312 | Val loss: 0.0313
2026-01-10 03:01:39.304386 | Epoch:1851 | LR: 0.0000079 | Loss : 0.0304 | Val loss: 0.0294
2026-01-10 03:01:43.568646 | Epoch:1852 | LR: 0.0000079 | Loss : 0.0335 | Val loss: 0.0288
2026-01-10 03:01:47.783512 | Epoch:1853 | LR: 0.0000079 | Loss : 0.0313 | Val loss: 0.0325
2026-01-10 03:01:52.043166 | Epoch:1854 | LR: 0.0000078 | Loss : 0.0316 | Val loss: 0.0313
2026-01-10 03:01:56.285341 | Epoch:1855 | LR: 0.0000078 | Loss : 0.0306 | Val loss: 0.0326
2026-01-10 03:02:00.488685 | Epoch:1856 | LR: 0.0000078 | Loss : 0.0288 | Val loss: 0.0326
2026-01-10 03:02:05.023507 | Epoch:1857 | LR: 0.0000078 | Loss : 0.0315 | Val loss: 0.0312
2026-01-10 03:02:09.294492 | Epoch:1858 | LR: 0.0000078 | Loss : 0.0306 | Val loss: 0.0289
2026-01-10 03:02:13.576753 | Epoch:1859 | LR: 0.0000077 | Loss : 0.0296 | Val loss: 0.0308
2026-01-10 03:02:17.795866 | Epoch:1860 | LR: 0.0000077 | Loss : 0.0334 | Val loss: 0.0309
2026-01-10 03:02:22.011918 | Epoch:1861 | LR: 0.0000077 | Loss : 0.0284 | Val loss: 0.0309
2026-01-10 03:02:26.243624 | Epoch:1862 | LR: 0.0000077 | Loss : 0.0313 | Val loss: 0.0305
2026-01-10 03:02:30.484235 | Epoch:1863 | LR: 0.0000076 | Loss : 0.0297 | Val loss: 0.0312
2026-01-10 03:02:34.716517 | Epoch:1864 | LR: 0.0000076 | Loss : 0.0301 | Val loss: 0.0314
2026-01-10 03:02:38.950791 | Epoch:1865 | LR: 0.0000076 | Loss : 0.0306 | Val loss: 0.0293
2026-01-10 03:02:43.202444 | Epoch:1866 | LR: 0.0000076 | Loss : 0.0302 | Val loss: 0.0315
2026-01-10 03:02:47.466506 | Epoch:1867 | LR: 0.0000075 | Loss : 0.0298 | Val loss: 0.0320
2026-01-10 03:02:51.730112 | Epoch:1868 | LR: 0.0000075 | Loss : 0.0324 | Val loss: 0.0325
2026-01-10 03:02:56.013350 | Epoch:1869 | LR: 0.0000075 | Loss : 0.0322 | Val loss: 0.0311
2026-01-10 03:03:00.253689 | Epoch:1870 | LR: 0.0000075 | Loss : 0.0311 | Val loss: 0.0305
2026-01-10 03:03:04.469191 | Epoch:1871 | LR: 0.0000075 | Loss : 0.0296 | Val loss: 0.0336
2026-01-10 03:03:08.712547 | Epoch:1872 | LR: 0.0000074 | Loss : 0.0311 | Val loss: 0.0304
2026-01-10 03:03:12.997179 | Epoch:1873 | LR: 0.0000074 | Loss : 0.0316 | Val loss: 0.0280
2026-01-10 03:03:17.149433 | Epoch:1874 | LR: 0.0000074 | Loss : 0.0304 | Val loss: 0.0296
2026-01-10 03:03:21.329500 | Epoch:1875 | LR: 0.0000074 | Loss : 0.0300 | Val loss: 0.0342
2026-01-10 03:03:25.536308 | Epoch:1876 | LR: 0.0000073 | Loss : 0.0311 | Val loss: 0.0339
2026-01-10 03:03:29.762838 | Epoch:1877 | LR: 0.0000073 | Loss : 0.0298 | Val loss: 0.0312
2026-01-10 03:03:33.999718 | Epoch:1878 | LR: 0.0000073 | Loss : 0.0313 | Val loss: 0.0297
2026-01-10 03:03:38.249674 | Epoch:1879 | LR: 0.0000073 | Loss : 0.0312 | Val loss: 0.0318
2026-01-10 03:03:42.516548 | Epoch:1880 | LR: 0.0000073 | Loss : 0.0317 | Val loss: 0.0329
2026-01-10 03:03:46.802027 | Epoch:1881 | LR: 0.0000072 | Loss : 0.0296 | Val loss: 0.0305
2026-01-10 03:03:51.065691 | Epoch:1882 | LR: 0.0000072 | Loss : 0.0307 | Val loss: 0.0330
2026-01-10 03:03:55.322361 | Epoch:1883 | LR: 0.0000072 | Loss : 0.0319 | Val loss: 0.0306
2026-01-10 03:03:59.601467 | Epoch:1884 | LR: 0.0000072 | Loss : 0.0313 | Val loss: 0.0307
2026-01-10 03:04:03.841388 | Epoch:1885 | LR: 0.0000071 | Loss : 0.0307 | Val loss: 0.0333
2026-01-10 03:04:08.050759 | Epoch:1886 | LR: 0.0000071 | Loss : 0.0307 | Val loss: 0.0298
2026-01-10 03:04:12.205624 | Epoch:1887 | LR: 0.0000071 | Loss : 0.0311 | Val loss: 0.0299
2026-01-10 03:04:16.485155 | Epoch:1888 | LR: 0.0000071 | Loss : 0.0314 | Val loss: 0.0307
2026-01-10 03:04:20.675043 | Epoch:1889 | LR: 0.0000071 | Loss : 0.0316 | Val loss: 0.0298
2026-01-10 03:04:24.849541 | Epoch:1890 | LR: 0.0000070 | Loss : 0.0307 | Val loss: 0.0265
2026-01-10 03:04:29.055125 | Epoch:1891 | LR: 0.0000070 | Loss : 0.0304 | Val loss: 0.0309
2026-01-10 03:04:33.272567 | Epoch:1892 | LR: 0.0000070 | Loss : 0.0301 | Val loss: 0.0310
2026-01-10 03:04:37.502715 | Epoch:1893 | LR: 0.0000070 | Loss : 0.0308 | Val loss: 0.0317
2026-01-10 03:04:41.783848 | Epoch:1894 | LR: 0.0000069 | Loss : 0.0307 | Val loss: 0.0326
2026-01-10 03:04:46.316681 | Epoch:1895 | LR: 0.0000069 | Loss : 0.0314 | Val loss: 0.0297
2026-01-10 03:04:50.589852 | Epoch:1896 | LR: 0.0000069 | Loss : 0.0303 | Val loss: 0.0306
2026-01-10 03:04:54.883373 | Epoch:1897 | LR: 0.0000069 | Loss : 0.0304 | Val loss: 0.0304
2026-01-10 03:04:59.144525 | Epoch:1898 | LR: 0.0000069 | Loss : 0.0291 | Val loss: 0.0275
2026-01-10 03:05:03.464348 | Epoch:1899 | LR: 0.0000068 | Loss : 0.0300 | Val loss: 0.0302
2026-01-10 03:05:07.718021 | Epoch:1900 | LR: 0.0000068 | Loss : 0.0305 | Val loss: 0.0316
2026-01-10 03:05:11.974231 | Epoch:1901 | LR: 0.0000068 | Loss : 0.0303 | Val loss: 0.0281
2026-01-10 03:05:16.216810 | Epoch:1902 | LR: 0.0000068 | Loss : 0.0312 | Val loss: 0.0304
2026-01-10 03:05:20.426103 | Epoch:1903 | LR: 0.0000068 | Loss : 0.0311 | Val loss: 0.0310
2026-01-10 03:05:24.721488 | Epoch:1904 | LR: 0.0000067 | Loss : 0.0292 | Val loss: 0.0325
2026-01-10 03:05:28.894265 | Epoch:1905 | LR: 0.0000067 | Loss : 0.0304 | Val loss: 0.0300
2026-01-10 03:05:33.077469 | Epoch:1906 | LR: 0.0000067 | Loss : 0.0318 | Val loss: 0.0285
2026-01-10 03:05:37.290114 | Epoch:1907 | LR: 0.0000067 | Loss : 0.0328 | Val loss: 0.0316
2026-01-10 03:05:41.498587 | Epoch:1908 | LR: 0.0000066 | Loss : 0.0308 | Val loss: 0.0321
2026-01-10 03:05:45.715279 | Epoch:1909 | LR: 0.0000066 | Loss : 0.0304 | Val loss: 0.0312
2026-01-10 03:05:50.004204 | Epoch:1910 | LR: 0.0000066 | Loss : 0.0307 | Val loss: 0.0329
2026-01-10 03:05:54.245894 | Epoch:1911 | LR: 0.0000066 | Loss : 0.0302 | Val loss: 0.0321
2026-01-10 03:05:58.523133 | Epoch:1912 | LR: 0.0000066 | Loss : 0.0299 | Val loss: 0.0289
2026-01-10 03:06:02.803947 | Epoch:1913 | LR: 0.0000065 | Loss : 0.0294 | Val loss: 0.0282
2026-01-10 03:06:07.083379 | Epoch:1914 | LR: 0.0000065 | Loss : 0.0293 | Val loss: 0.0310
2026-01-10 03:06:11.366845 | Epoch:1915 | LR: 0.0000065 | Loss : 0.0311 | Val loss: 0.0319
2026-01-10 03:06:15.617061 | Epoch:1916 | LR: 0.0000065 | Loss : 0.0308 | Val loss: 0.0308
2026-01-10 03:06:19.858269 | Epoch:1917 | LR: 0.0000065 | Loss : 0.0301 | Val loss: 0.0308
2026-01-10 03:06:24.056282 | Epoch:1918 | LR: 0.0000064 | Loss : 0.0295 | Val loss: 0.0302
2026-01-10 03:06:28.311274 | Epoch:1919 | LR: 0.0000064 | Loss : 0.0295 | Val loss: 0.0305
2026-01-10 03:06:32.468485 | Epoch:1920 | LR: 0.0000064 | Loss : 0.0305 | Val loss: 0.0290
2026-01-10 03:06:36.657243 | Epoch:1921 | LR: 0.0000064 | Loss : 0.0294 | Val loss: 0.0289
2026-01-10 03:06:43.078698 | Epoch:1922 | LR: 0.0000064 | Loss : 0.0310 | Val loss: 0.0281
2026-01-10 03:06:47.309859 | Epoch:1923 | LR: 0.0000063 | Loss : 0.0297 | Val loss: 0.0308
2026-01-10 03:06:51.528762 | Epoch:1924 | LR: 0.0000063 | Loss : 0.0296 | Val loss: 0.0312
2026-01-10 03:06:55.757940 | Epoch:1925 | LR: 0.0000063 | Loss : 0.0321 | Val loss: 0.0302
2026-01-10 03:07:00.018578 | Epoch:1926 | LR: 0.0000063 | Loss : 0.0299 | Val loss: 0.0318
2026-01-10 03:07:04.298227 | Epoch:1927 | LR: 0.0000062 | Loss : 0.0307 | Val loss: 0.0292
2026-01-10 03:07:08.638980 | Epoch:1928 | LR: 0.0000062 | Loss : 0.0336 | Val loss: 0.0264
2026-01-10 03:07:12.914910 | Epoch:1929 | LR: 0.0000062 | Loss : 0.0334 | Val loss: 0.0298
2026-01-10 03:07:17.194832 | Epoch:1930 | LR: 0.0000062 | Loss : 0.0300 | Val loss: 0.0336
2026-01-10 03:07:21.395226 | Epoch:1931 | LR: 0.0000062 | Loss : 0.0302 | Val loss: 0.0304
2026-01-10 03:07:25.579136 | Epoch:1932 | LR: 0.0000061 | Loss : 0.0301 | Val loss: 0.0297
2026-01-10 03:07:29.816160 | Epoch:1933 | LR: 0.0000061 | Loss : 0.0316 | Val loss: 0.0307
2026-01-10 03:07:34.030548 | Epoch:1934 | LR: 0.0000061 | Loss : 0.0303 | Val loss: 0.0312
2026-01-10 03:07:38.262809 | Epoch:1935 | LR: 0.0000061 | Loss : 0.0310 | Val loss: 0.0306
2026-01-10 03:07:42.402690 | Epoch:1936 | LR: 0.0000061 | Loss : 0.0315 | Val loss: 0.0311
2026-01-10 03:07:46.644997 | Epoch:1937 | LR: 0.0000060 | Loss : 0.0307 | Val loss: 0.0317
2026-01-10 03:07:50.886464 | Epoch:1938 | LR: 0.0000060 | Loss : 0.0314 | Val loss: 0.0271
2026-01-10 03:07:55.133839 | Epoch:1939 | LR: 0.0000060 | Loss : 0.0298 | Val loss: 0.0283
2026-01-10 03:07:59.388062 | Epoch:1940 | LR: 0.0000060 | Loss : 0.0285 | Val loss: 0.0300
2026-01-10 03:08:03.643918 | Epoch:1941 | LR: 0.0000060 | Loss : 0.0286 | Val loss: 0.0294
2026-01-10 03:08:07.884476 | Epoch:1942 | LR: 0.0000059 | Loss : 0.0301 | Val loss: 0.0289
2026-01-10 03:08:12.147806 | Epoch:1943 | LR: 0.0000059 | Loss : 0.0296 | Val loss: 0.0299
2026-01-10 03:08:16.405600 | Epoch:1944 | LR: 0.0000059 | Loss : 0.0295 | Val loss: 0.0315
2026-01-10 03:08:20.669320 | Epoch:1945 | LR: 0.0000059 | Loss : 0.0317 | Val loss: 0.0295
2026-01-10 03:08:24.892210 | Epoch:1946 | LR: 0.0000059 | Loss : 0.0305 | Val loss: 0.0299
2026-01-10 03:08:29.085420 | Epoch:1947 | LR: 0.0000058 | Loss : 0.0292 | Val loss: 0.0290
2026-01-10 03:08:33.269578 | Epoch:1948 | LR: 0.0000058 | Loss : 0.0296 | Val loss: 0.0310
2026-01-10 03:08:37.489491 | Epoch:1949 | LR: 0.0000058 | Loss : 0.0301 | Val loss: 0.0316
2026-01-10 03:08:41.690635 | Epoch:1950 | LR: 0.0000058 | Loss : 0.0312 | Val loss: 0.0305
2026-01-10 03:08:45.828438 | Epoch:1951 | LR: 0.0000058 | Loss : 0.0293 | Val loss: 0.0273
2026-01-10 03:08:50.014195 | Epoch:1952 | LR: 0.0000057 | Loss : 0.0309 | Val loss: 0.0313
2026-01-10 03:08:54.264296 | Epoch:1953 | LR: 0.0000057 | Loss : 0.0294 | Val loss: 0.0302
2026-01-10 03:08:58.486213 | Epoch:1954 | LR: 0.0000057 | Loss : 0.0290 | Val loss: 0.0304
2026-01-10 03:09:02.729074 | Epoch:1955 | LR: 0.0000057 | Loss : 0.0301 | Val loss: 0.0320
2026-01-10 03:09:06.982284 | Epoch:1956 | LR: 0.0000057 | Loss : 0.0281 | Val loss: 0.0312
2026-01-10 03:09:11.234074 | Epoch:1957 | LR: 0.0000056 | Loss : 0.0308 | Val loss: 0.0288
2026-01-10 03:09:15.481625 | Epoch:1958 | LR: 0.0000056 | Loss : 0.0298 | Val loss: 0.0284
2026-01-10 03:09:19.731994 | Epoch:1959 | LR: 0.0000056 | Loss : 0.0301 | Val loss: 0.0307
2026-01-10 03:09:23.986184 | Epoch:1960 | LR: 0.0000056 | Loss : 0.0303 | Val loss: 0.0293
2026-01-10 03:09:28.224081 | Epoch:1961 | LR: 0.0000056 | Loss : 0.0284 | Val loss: 0.0307
2026-01-10 03:09:32.436703 | Epoch:1962 | LR: 0.0000055 | Loss : 0.0293 | Val loss: 0.0288
2026-01-10 03:09:36.759099 | Epoch:1963 | LR: 0.0000055 | Loss : 0.0298 | Val loss: 0.0289
2026-01-10 03:09:41.185243 | Epoch:1964 | LR: 0.0000055 | Loss : 0.0291 | Val loss: 0.0303
2026-01-10 03:09:45.554304 | Epoch:1965 | LR: 0.0000055 | Loss : 0.0299 | Val loss: 0.0306
2026-01-10 03:09:49.680093 | Epoch:1966 | LR: 0.0000055 | Loss : 0.0295 | Val loss: 0.0301
2026-01-10 03:09:53.834121 | Epoch:1967 | LR: 0.0000054 | Loss : 0.0301 | Val loss: 0.0290
2026-01-10 03:09:58.021313 | Epoch:1968 | LR: 0.0000054 | Loss : 0.0289 | Val loss: 0.0322
2026-01-10 03:10:02.238924 | Epoch:1969 | LR: 0.0000054 | Loss : 0.0299 | Val loss: 0.0286
2026-01-10 03:10:06.488427 | Epoch:1970 | LR: 0.0000054 | Loss : 0.0300 | Val loss: 0.0302
2026-01-10 03:10:10.760937 | Epoch:1971 | LR: 0.0000054 | Loss : 0.0303 | Val loss: 0.0309
2026-01-10 03:10:15.031863 | Epoch:1972 | LR: 0.0000053 | Loss : 0.0296 | Val loss: 0.0299
2026-01-10 03:10:19.302416 | Epoch:1973 | LR: 0.0000053 | Loss : 0.0298 | Val loss: 0.0280
2026-01-10 03:10:23.803757 | Epoch:1974 | LR: 0.0000053 | Loss : 0.0297 | Val loss: 0.0311
2026-01-10 03:10:28.085903 | Epoch:1975 | LR: 0.0000053 | Loss : 0.0293 | Val loss: 0.0304
2026-01-10 03:10:32.334027 | Epoch:1976 | LR: 0.0000053 | Loss : 0.0285 | Val loss: 0.0287
2026-01-10 03:10:36.566571 | Epoch:1977 | LR: 0.0000052 | Loss : 0.0296 | Val loss: 0.0304
2026-01-10 03:10:40.822058 | Epoch:1978 | LR: 0.0000052 | Loss : 0.0291 | Val loss: 0.0306
2026-01-10 03:10:45.008825 | Epoch:1979 | LR: 0.0000052 | Loss : 0.0298 | Val loss: 0.0287
2026-01-10 03:10:49.259526 | Epoch:1980 | LR: 0.0000052 | Loss : 0.0298 | Val loss: 0.0307
2026-01-10 03:10:53.454879 | Epoch:1981 | LR: 0.0000052 | Loss : 0.0299 | Val loss: 0.0296
2026-01-10 03:10:57.587496 | Epoch:1982 | LR: 0.0000051 | Loss : 0.0287 | Val loss: 0.0310
2026-01-10 03:11:01.753445 | Epoch:1983 | LR: 0.0000051 | Loss : 0.0305 | Val loss: 0.0317
2026-01-10 03:11:05.974748 | Epoch:1984 | LR: 0.0000051 | Loss : 0.0305 | Val loss: 0.0320
2026-01-10 03:11:10.181266 | Epoch:1985 | LR: 0.0000051 | Loss : 0.0311 | Val loss: 0.0311
2026-01-10 03:11:14.394862 | Epoch:1986 | LR: 0.0000051 | Loss : 0.0309 | Val loss: 0.0310
2026-01-10 03:11:18.684425 | Epoch:1987 | LR: 0.0000050 | Loss : 0.0297 | Val loss: 0.0280
2026-01-10 03:11:22.946743 | Epoch:1988 | LR: 0.0000050 | Loss : 0.0301 | Val loss: 0.0332
2026-01-10 03:11:27.223382 | Epoch:1989 | LR: 0.0000050 | Loss : 0.0301 | Val loss: 0.0288
2026-01-10 03:11:31.484994 | Epoch:1990 | LR: 0.0000050 | Loss : 0.0300 | Val loss: 0.0297
2026-01-10 03:11:35.732490 | Epoch:1991 | LR: 0.0000050 | Loss : 0.0293 | Val loss: 0.0308
2026-01-10 03:11:39.969159 | Epoch:1992 | LR: 0.0000050 | Loss : 0.0300 | Val loss: 0.0303
2026-01-10 03:11:44.167518 | Epoch:1993 | LR: 0.0000049 | Loss : 0.0289 | Val loss: 0.0312
2026-01-10 03:11:48.453592 | Epoch:1994 | LR: 0.0000049 | Loss : 0.0299 | Val loss: 0.0302
2026-01-10 03:11:52.606647 | Epoch:1995 | LR: 0.0000049 | Loss : 0.0303 | Val loss: 0.0287
2026-01-10 03:11:56.919938 | Epoch:1996 | LR: 0.0000049 | Loss : 0.0292 | Val loss: 0.0292
2026-01-10 03:12:01.072048 | Epoch:1997 | LR: 0.0000049 | Loss : 0.0297 | Val loss: 0.0297
2026-01-10 03:12:05.242508 | Epoch:1998 | LR: 0.0000048 | Loss : 0.0299 | Val loss: 0.0284
2026-01-10 03:12:09.426188 | Epoch:1999 | LR: 0.0000048 | Loss : 0.0301 | Val loss: 0.0315
2026-01-10 03:12:13.632449 | Epoch:2000 | LR: 0.0000048 | Loss : 0.0288 | Val loss: 0.0286
2026-01-10 03:12:17.853503 | Epoch:2001 | LR: 0.0000048 | Loss : 0.0292 | Val loss: 0.0295
2026-01-10 03:12:22.092171 | Epoch:2002 | LR: 0.0000048 | Loss : 0.0300 | Val loss: 0.0281
2026-01-10 03:12:26.329346 | Epoch:2003 | LR: 0.0000047 | Loss : 0.0297 | Val loss: 0.0307
2026-01-10 03:12:30.573840 | Epoch:2004 | LR: 0.0000047 | Loss : 0.0300 | Val loss: 0.0283
2026-01-10 03:12:34.837896 | Epoch:2005 | LR: 0.0000047 | Loss : 0.0306 | Val loss: 0.0293
2026-01-10 03:12:39.086984 | Epoch:2006 | LR: 0.0000047 | Loss : 0.0287 | Val loss: 0.0306
2026-01-10 03:12:43.344001 | Epoch:2007 | LR: 0.0000047 | Loss : 0.0285 | Val loss: 0.0303
2026-01-10 03:12:47.569132 | Epoch:2008 | LR: 0.0000047 | Loss : 0.0292 | Val loss: 0.0300
2026-01-10 03:12:51.766237 | Epoch:2009 | LR: 0.0000046 | Loss : 0.0289 | Val loss: 0.0287
2026-01-10 03:12:55.999557 | Epoch:2010 | LR: 0.0000046 | Loss : 0.0285 | Val loss: 0.0303
2026-01-10 03:13:00.171594 | Epoch:2011 | LR: 0.0000046 | Loss : 0.0300 | Val loss: 0.0285
2026-01-10 03:13:04.433923 | Epoch:2012 | LR: 0.0000046 | Loss : 0.0287 | Val loss: 0.0293
2026-01-10 03:13:08.641080 | Epoch:2013 | LR: 0.0000046 | Loss : 0.0285 | Val loss: 0.0295
2026-01-10 03:13:12.820925 | Epoch:2014 | LR: 0.0000045 | Loss : 0.0301 | Val loss: 0.0284
2026-01-10 03:13:17.027527 | Epoch:2015 | LR: 0.0000045 | Loss : 0.0290 | Val loss: 0.0263
2026-01-10 03:13:21.260594 | Epoch:2016 | LR: 0.0000045 | Loss : 0.0298 | Val loss: 0.0306
2026-01-10 03:13:25.496452 | Epoch:2017 | LR: 0.0000045 | Loss : 0.0301 | Val loss: 0.0310
2026-01-10 03:13:29.766110 | Epoch:2018 | LR: 0.0000045 | Loss : 0.0282 | Val loss: 0.0286
2026-01-10 03:13:34.035139 | Epoch:2019 | LR: 0.0000045 | Loss : 0.0278 | Val loss: 0.0297
2026-01-10 03:13:38.273258 | Epoch:2020 | LR: 0.0000044 | Loss : 0.0278 | Val loss: 0.0281
2026-01-10 03:13:42.535100 | Epoch:2021 | LR: 0.0000044 | Loss : 0.0301 | Val loss: 0.0296
2026-01-10 03:13:46.793561 | Epoch:2022 | LR: 0.0000044 | Loss : 0.0305 | Val loss: 0.0315
2026-01-10 03:13:51.023317 | Epoch:2023 | LR: 0.0000044 | Loss : 0.0284 | Val loss: 0.0307
2026-01-10 03:13:55.207443 | Epoch:2024 | LR: 0.0000044 | Loss : 0.0288 | Val loss: 0.0275
2026-01-10 03:13:59.465328 | Epoch:2025 | LR: 0.0000044 | Loss : 0.0300 | Val loss: 0.0291
2026-01-10 03:14:03.663968 | Epoch:2026 | LR: 0.0000043 | Loss : 0.0294 | Val loss: 0.0277
2026-01-10 03:14:07.856741 | Epoch:2027 | LR: 0.0000043 | Loss : 0.0285 | Val loss: 0.0296
2026-01-10 03:14:12.087946 | Epoch:2028 | LR: 0.0000043 | Loss : 0.0291 | Val loss: 0.0293
2026-01-10 03:14:16.457087 | Epoch:2029 | LR: 0.0000043 | Loss : 0.0279 | Val loss: 0.0303
2026-01-10 03:14:20.636097 | Epoch:2030 | LR: 0.0000043 | Loss : 0.0298 | Val loss: 0.0291
2026-01-10 03:14:24.840983 | Epoch:2031 | LR: 0.0000042 | Loss : 0.0299 | Val loss: 0.0294
2026-01-10 03:14:29.070650 | Epoch:2032 | LR: 0.0000042 | Loss : 0.0287 | Val loss: 0.0283
2026-01-10 03:14:33.327527 | Epoch:2033 | LR: 0.0000042 | Loss : 0.0297 | Val loss: 0.0292
2026-01-10 03:14:37.579392 | Epoch:2034 | LR: 0.0000042 | Loss : 0.0290 | Val loss: 0.0287
2026-01-10 03:14:41.843518 | Epoch:2035 | LR: 0.0000042 | Loss : 0.0287 | Val loss: 0.0281
2026-01-10 03:14:46.103840 | Epoch:2036 | LR: 0.0000042 | Loss : 0.0287 | Val loss: 0.0271
2026-01-10 03:14:50.365767 | Epoch:2037 | LR: 0.0000041 | Loss : 0.0283 | Val loss: 0.0304
2026-01-10 03:14:54.582634 | Epoch:2038 | LR: 0.0000041 | Loss : 0.0291 | Val loss: 0.0268
2026-01-10 03:14:58.814284 | Epoch:2039 | LR: 0.0000041 | Loss : 0.0286 | Val loss: 0.0283
2026-01-10 03:15:02.984548 | Epoch:2040 | LR: 0.0000041 | Loss : 0.0297 | Val loss: 0.0313
2026-01-10 03:15:07.156605 | Epoch:2041 | LR: 0.0000041 | Loss : 0.0288 | Val loss: 0.0312
2026-01-10 03:15:11.343933 | Epoch:2042 | LR: 0.0000041 | Loss : 0.0292 | Val loss: 0.0290
2026-01-10 03:15:15.556962 | Epoch:2043 | LR: 0.0000040 | Loss : 0.0308 | Val loss: 0.0288
2026-01-10 03:15:19.728102 | Epoch:2044 | LR: 0.0000040 | Loss : 0.0294 | Val loss: 0.0301
2026-01-10 03:15:23.907613 | Epoch:2045 | LR: 0.0000040 | Loss : 0.0269 | Val loss: 0.0280
2026-01-10 03:15:28.098569 | Epoch:2046 | LR: 0.0000040 | Loss : 0.0289 | Val loss: 0.0288
2026-01-10 03:15:32.321796 | Epoch:2047 | LR: 0.0000040 | Loss : 0.0278 | Val loss: 0.0274
2026-01-10 03:15:36.557703 | Epoch:2048 | LR: 0.0000040 | Loss : 0.0298 | Val loss: 0.0292
2026-01-10 03:15:40.803050 | Epoch:2049 | LR: 0.0000039 | Loss : 0.0306 | Val loss: 0.0267
2026-01-10 03:15:45.060961 | Epoch:2050 | LR: 0.0000039 | Loss : 0.0288 | Val loss: 0.0275
2026-01-10 03:15:49.362730 | Epoch:2051 | LR: 0.0000039 | Loss : 0.0289 | Val loss: 0.0311
2026-01-10 03:15:53.633670 | Epoch:2052 | LR: 0.0000039 | Loss : 0.0300 | Val loss: 0.0281
2026-01-10 03:15:57.890640 | Epoch:2053 | LR: 0.0000039 | Loss : 0.0291 | Val loss: 0.0291
2026-01-10 03:16:02.122138 | Epoch:2054 | LR: 0.0000038 | Loss : 0.0292 | Val loss: 0.0308
2026-01-10 03:16:06.385145 | Epoch:2055 | LR: 0.0000038 | Loss : 0.0289 | Val loss: 0.0276
2026-01-10 03:16:10.563487 | Epoch:2056 | LR: 0.0000038 | Loss : 0.0288 | Val loss: 0.0263
2026-01-10 03:16:14.735742 | Epoch:2057 | LR: 0.0000038 | Loss : 0.0293 | Val loss: 0.0284
2026-01-10 03:16:19.137848 | Epoch:2058 | LR: 0.0000038 | Loss : 0.0289 | Val loss: 0.0281
2026-01-10 03:16:23.307746 | Epoch:2059 | LR: 0.0000038 | Loss : 0.0297 | Val loss: 0.0279
2026-01-10 03:16:27.513963 | Epoch:2060 | LR: 0.0000037 | Loss : 0.0299 | Val loss: 0.0289
2026-01-10 03:16:31.788372 | Epoch:2061 | LR: 0.0000037 | Loss : 0.0279 | Val loss: 0.0295
2026-01-10 03:16:36.349584 | Epoch:2062 | LR: 0.0000037 | Loss : 0.0289 | Val loss: 0.0287
2026-01-10 03:16:40.649068 | Epoch:2063 | LR: 0.0000037 | Loss : 0.0276 | Val loss: 0.0289
2026-01-10 03:16:44.944580 | Epoch:2064 | LR: 0.0000037 | Loss : 0.0280 | Val loss: 0.0285
2026-01-10 03:16:49.270978 | Epoch:2065 | LR: 0.0000037 | Loss : 0.0300 | Val loss: 0.0271
2026-01-10 03:16:53.601821 | Epoch:2066 | LR: 0.0000037 | Loss : 0.0277 | Val loss: 0.0313
2026-01-10 03:16:57.932557 | Epoch:2067 | LR: 0.0000036 | Loss : 0.0285 | Val loss: 0.0291
2026-01-10 03:17:02.209230 | Epoch:2068 | LR: 0.0000036 | Loss : 0.0298 | Val loss: 0.0317
2026-01-10 03:17:06.445415 | Epoch:2069 | LR: 0.0000036 | Loss : 0.0269 | Val loss: 0.0285
2026-01-10 03:17:10.647748 | Epoch:2070 | LR: 0.0000036 | Loss : 0.0290 | Val loss: 0.0294
2026-01-10 03:17:15.165322 | Epoch:2071 | LR: 0.0000036 | Loss : 0.0273 | Val loss: 0.0283
2026-01-10 03:17:19.455038 | Epoch:2072 | LR: 0.0000036 | Loss : 0.0280 | Val loss: 0.0278
2026-01-10 03:17:23.815381 | Epoch:2073 | LR: 0.0000035 | Loss : 0.0280 | Val loss: 0.0281
2026-01-10 03:17:28.047342 | Epoch:2074 | LR: 0.0000035 | Loss : 0.0289 | Val loss: 0.0296
2026-01-10 03:17:32.270318 | Epoch:2075 | LR: 0.0000035 | Loss : 0.0291 | Val loss: 0.0285
2026-01-10 03:17:36.508968 | Epoch:2076 | LR: 0.0000035 | Loss : 0.0292 | Val loss: 0.0277
2026-01-10 03:17:40.768894 | Epoch:2077 | LR: 0.0000035 | Loss : 0.0291 | Val loss: 0.0275
2026-01-10 03:17:45.049783 | Epoch:2078 | LR: 0.0000035 | Loss : 0.0294 | Val loss: 0.0309
2026-01-10 03:17:49.358672 | Epoch:2079 | LR: 0.0000034 | Loss : 0.0299 | Val loss: 0.0299
2026-01-10 03:17:53.674956 | Epoch:2080 | LR: 0.0000034 | Loss : 0.0291 | Val loss: 0.0259
2026-01-10 03:18:00.349825 | Epoch:2081 | LR: 0.0000034 | Loss : 0.0292 | Val loss: 0.0302
2026-01-10 03:18:04.656050 | Epoch:2082 | LR: 0.0000034 | Loss : 0.0297 | Val loss: 0.0293
2026-01-10 03:18:08.926748 | Epoch:2083 | LR: 0.0000034 | Loss : 0.0289 | Val loss: 0.0293
2026-01-10 03:18:13.149092 | Epoch:2084 | LR: 0.0000034 | Loss : 0.0284 | Val loss: 0.0275
2026-01-10 03:18:17.365341 | Epoch:2085 | LR: 0.0000033 | Loss : 0.0287 | Val loss: 0.0294
2026-01-10 03:18:21.562575 | Epoch:2086 | LR: 0.0000033 | Loss : 0.0290 | Val loss: 0.0291
2026-01-10 03:18:25.732659 | Epoch:2087 | LR: 0.0000033 | Loss : 0.0280 | Val loss: 0.0291
2026-01-10 03:18:29.943145 | Epoch:2088 | LR: 0.0000033 | Loss : 0.0300 | Val loss: 0.0274
2026-01-10 03:18:34.241609 | Epoch:2089 | LR: 0.0000033 | Loss : 0.0285 | Val loss: 0.0312
2026-01-10 03:18:38.447398 | Epoch:2090 | LR: 0.0000033 | Loss : 0.0282 | Val loss: 0.0285
2026-01-10 03:18:42.724755 | Epoch:2091 | LR: 0.0000033 | Loss : 0.0294 | Val loss: 0.0303
2026-01-10 03:18:47.004856 | Epoch:2092 | LR: 0.0000032 | Loss : 0.0299 | Val loss: 0.0270
2026-01-10 03:18:51.275549 | Epoch:2093 | LR: 0.0000032 | Loss : 0.0291 | Val loss: 0.0291
2026-01-10 03:18:55.558558 | Epoch:2094 | LR: 0.0000032 | Loss : 0.0285 | Val loss: 0.0277
2026-01-10 03:18:59.852669 | Epoch:2095 | LR: 0.0000032 | Loss : 0.0297 | Val loss: 0.0299
2026-01-10 03:19:04.137295 | Epoch:2096 | LR: 0.0000032 | Loss : 0.0293 | Val loss: 0.0281
2026-01-10 03:19:08.431591 | Epoch:2097 | LR: 0.0000032 | Loss : 0.0280 | Val loss: 0.0306
2026-01-10 03:19:12.723530 | Epoch:2098 | LR: 0.0000031 | Loss : 0.0285 | Val loss: 0.0305
2026-01-10 03:19:16.963967 | Epoch:2099 | LR: 0.0000031 | Loss : 0.0293 | Val loss: 0.0274
2026-01-10 03:19:21.170878 | Epoch:2100 | LR: 0.0000031 | Loss : 0.0277 | Val loss: 0.0279
2026-01-10 03:19:25.410051 | Epoch:2101 | LR: 0.0000031 | Loss : 0.0297 | Val loss: 0.0317
2026-01-10 03:19:29.597756 | Epoch:2102 | LR: 0.0000031 | Loss : 0.0304 | Val loss: 0.0285
2026-01-10 03:19:33.854545 | Epoch:2103 | LR: 0.0000031 | Loss : 0.0291 | Val loss: 0.0310
2026-01-10 03:19:38.063780 | Epoch:2104 | LR: 0.0000031 | Loss : 0.0288 | Val loss: 0.0287
2026-01-10 03:19:42.341913 | Epoch:2105 | LR: 0.0000030 | Loss : 0.0281 | Val loss: 0.0280
2026-01-10 03:19:46.575283 | Epoch:2106 | LR: 0.0000030 | Loss : 0.0278 | Val loss: 0.0307
2026-01-10 03:19:50.819028 | Epoch:2107 | LR: 0.0000030 | Loss : 0.0276 | Val loss: 0.0279
2026-01-10 03:19:55.061146 | Epoch:2108 | LR: 0.0000030 | Loss : 0.0267 | Val loss: 0.0296
2026-01-10 03:19:59.316622 | Epoch:2109 | LR: 0.0000030 | Loss : 0.0295 | Val loss: 0.0285
2026-01-10 03:20:03.583261 | Epoch:2110 | LR: 0.0000030 | Loss : 0.0298 | Val loss: 0.0298
2026-01-10 03:20:07.853151 | Epoch:2111 | LR: 0.0000029 | Loss : 0.0287 | Val loss: 0.0252
2026-01-10 03:20:12.147716 | Epoch:2112 | LR: 0.0000029 | Loss : 0.0292 | Val loss: 0.0313
2026-01-10 03:20:16.427782 | Epoch:2113 | LR: 0.0000029 | Loss : 0.0282 | Val loss: 0.0299
2026-01-10 03:20:20.690667 | Epoch:2114 | LR: 0.0000029 | Loss : 0.0279 | Val loss: 0.0268
2026-01-10 03:20:24.919513 | Epoch:2115 | LR: 0.0000029 | Loss : 0.0282 | Val loss: 0.0294
2026-01-10 03:20:29.157502 | Epoch:2116 | LR: 0.0000029 | Loss : 0.0289 | Val loss: 0.0303
2026-01-10 03:20:33.326149 | Epoch:2117 | LR: 0.0000029 | Loss : 0.0268 | Val loss: 0.0299
2026-01-10 03:20:37.580868 | Epoch:2118 | LR: 0.0000028 | Loss : 0.0283 | Val loss: 0.0278
2026-01-10 03:20:41.729502 | Epoch:2119 | LR: 0.0000028 | Loss : 0.0267 | Val loss: 0.0278
2026-01-10 03:20:46.026653 | Epoch:2120 | LR: 0.0000028 | Loss : 0.0280 | Val loss: 0.0275
2026-01-10 03:20:50.240596 | Epoch:2121 | LR: 0.0000028 | Loss : 0.0276 | Val loss: 0.0288
2026-01-10 03:20:54.476556 | Epoch:2122 | LR: 0.0000028 | Loss : 0.0290 | Val loss: 0.0285
2026-01-10 03:20:58.724034 | Epoch:2123 | LR: 0.0000028 | Loss : 0.0276 | Val loss: 0.0267
2026-01-10 03:21:02.955269 | Epoch:2124 | LR: 0.0000028 | Loss : 0.0282 | Val loss: 0.0285
2026-01-10 03:21:07.201616 | Epoch:2125 | LR: 0.0000027 | Loss : 0.0284 | Val loss: 0.0300
2026-01-10 03:21:11.464231 | Epoch:2126 | LR: 0.0000027 | Loss : 0.0287 | Val loss: 0.0284
2026-01-10 03:21:15.949097 | Epoch:2127 | LR: 0.0000027 | Loss : 0.0274 | Val loss: 0.0292
2026-01-10 03:21:20.188822 | Epoch:2128 | LR: 0.0000027 | Loss : 0.0276 | Val loss: 0.0300
2026-01-10 03:21:24.448586 | Epoch:2129 | LR: 0.0000027 | Loss : 0.0285 | Val loss: 0.0295
2026-01-10 03:21:28.651429 | Epoch:2130 | LR: 0.0000027 | Loss : 0.0278 | Val loss: 0.0276
2026-01-10 03:21:32.873347 | Epoch:2131 | LR: 0.0000027 | Loss : 0.0278 | Val loss: 0.0282
2026-01-10 03:21:37.018471 | Epoch:2132 | LR: 0.0000026 | Loss : 0.0296 | Val loss: 0.0272
2026-01-10 03:21:41.141967 | Epoch:2133 | LR: 0.0000026 | Loss : 0.0277 | Val loss: 0.0303
2026-01-10 03:21:45.352549 | Epoch:2134 | LR: 0.0000026 | Loss : 0.0281 | Val loss: 0.0314
2026-01-10 03:21:49.618707 | Epoch:2135 | LR: 0.0000026 | Loss : 0.0288 | Val loss: 0.0296
2026-01-10 03:21:54.118599 | Epoch:2136 | LR: 0.0000026 | Loss : 0.0285 | Val loss: 0.0281
2026-01-10 03:21:58.344493 | Epoch:2137 | LR: 0.0000026 | Loss : 0.0292 | Val loss: 0.0268
2026-01-10 03:22:02.577747 | Epoch:2138 | LR: 0.0000026 | Loss : 0.0278 | Val loss: 0.0264
2026-01-10 03:22:06.856736 | Epoch:2139 | LR: 0.0000025 | Loss : 0.0271 | Val loss: 0.0275
2026-01-10 03:22:11.101873 | Epoch:2140 | LR: 0.0000025 | Loss : 0.0287 | Val loss: 0.0288
2026-01-10 03:22:15.367215 | Epoch:2141 | LR: 0.0000025 | Loss : 0.0291 | Val loss: 0.0299
2026-01-10 03:22:19.648101 | Epoch:2142 | LR: 0.0000025 | Loss : 0.0278 | Val loss: 0.0285
2026-01-10 03:22:23.905461 | Epoch:2143 | LR: 0.0000025 | Loss : 0.0272 | Val loss: 0.0292
2026-01-10 03:22:28.169319 | Epoch:2144 | LR: 0.0000025 | Loss : 0.0280 | Val loss: 0.0293
2026-01-10 03:22:32.442262 | Epoch:2145 | LR: 0.0000025 | Loss : 0.0286 | Val loss: 0.0294
2026-01-10 03:22:36.768837 | Epoch:2146 | LR: 0.0000024 | Loss : 0.0271 | Val loss: 0.0274
2026-01-10 03:22:40.982883 | Epoch:2147 | LR: 0.0000024 | Loss : 0.0288 | Val loss: 0.0284
2026-01-10 03:22:45.157879 | Epoch:2148 | LR: 0.0000024 | Loss : 0.0282 | Val loss: 0.0277
2026-01-10 03:22:49.337398 | Epoch:2149 | LR: 0.0000024 | Loss : 0.0281 | Val loss: 0.0285
2026-01-10 03:22:53.531622 | Epoch:2150 | LR: 0.0000024 | Loss : 0.0287 | Val loss: 0.0321
2026-01-10 03:22:57.863726 | Epoch:2151 | LR: 0.0000024 | Loss : 0.0282 | Val loss: 0.0270
2026-01-10 03:23:02.084903 | Epoch:2152 | LR: 0.0000024 | Loss : 0.0272 | Val loss: 0.0273
2026-01-10 03:23:06.323501 | Epoch:2153 | LR: 0.0000024 | Loss : 0.0279 | Val loss: 0.0294
2026-01-10 03:23:10.584364 | Epoch:2154 | LR: 0.0000023 | Loss : 0.0280 | Val loss: 0.0282
2026-01-10 03:23:14.844497 | Epoch:2155 | LR: 0.0000023 | Loss : 0.0289 | Val loss: 0.0274
2026-01-10 03:23:19.107722 | Epoch:2156 | LR: 0.0000023 | Loss : 0.0291 | Val loss: 0.0297
2026-01-10 03:23:23.374989 | Epoch:2157 | LR: 0.0000023 | Loss : 0.0274 | Val loss: 0.0271
2026-01-10 03:23:27.638166 | Epoch:2158 | LR: 0.0000023 | Loss : 0.0294 | Val loss: 0.0257
2026-01-10 03:23:31.904955 | Epoch:2159 | LR: 0.0000023 | Loss : 0.0287 | Val loss: 0.0271
2026-01-10 03:23:36.168362 | Epoch:2160 | LR: 0.0000023 | Loss : 0.0296 | Val loss: 0.0276
2026-01-10 03:23:40.399720 | Epoch:2161 | LR: 0.0000022 | Loss : 0.0288 | Val loss: 0.0327
2026-01-10 03:23:44.597635 | Epoch:2162 | LR: 0.0000022 | Loss : 0.0282 | Val loss: 0.0288
2026-01-10 03:23:48.776290 | Epoch:2163 | LR: 0.0000022 | Loss : 0.0281 | Val loss: 0.0273
2026-01-10 03:23:52.927094 | Epoch:2164 | LR: 0.0000022 | Loss : 0.0273 | Val loss: 0.0286
2026-01-10 03:23:57.103644 | Epoch:2165 | LR: 0.0000022 | Loss : 0.0298 | Val loss: 0.0303
2026-01-10 03:24:01.349195 | Epoch:2166 | LR: 0.0000022 | Loss : 0.0282 | Val loss: 0.0268
2026-01-10 03:24:05.661588 | Epoch:2167 | LR: 0.0000022 | Loss : 0.0281 | Val loss: 0.0304
2026-01-10 03:24:09.906137 | Epoch:2168 | LR: 0.0000022 | Loss : 0.0264 | Val loss: 0.0270
2026-01-10 03:24:14.345085 | Epoch:2169 | LR: 0.0000021 | Loss : 0.0284 | Val loss: 0.0268
2026-01-10 03:24:18.609643 | Epoch:2170 | LR: 0.0000021 | Loss : 0.0293 | Val loss: 0.0266
2026-01-10 03:24:22.869918 | Epoch:2171 | LR: 0.0000021 | Loss : 0.0287 | Val loss: 0.0250
2026-01-10 03:24:27.150208 | Epoch:2172 | LR: 0.0000021 | Loss : 0.0287 | Val loss: 0.0268
2026-01-10 03:24:31.473208 | Epoch:2173 | LR: 0.0000021 | Loss : 0.0284 | Val loss: 0.0284
2026-01-10 03:24:35.747967 | Epoch:2174 | LR: 0.0000021 | Loss : 0.0282 | Val loss: 0.0263
2026-01-10 03:24:40.005546 | Epoch:2175 | LR: 0.0000021 | Loss : 0.0283 | Val loss: 0.0289
2026-01-10 03:24:44.268743 | Epoch:2176 | LR: 0.0000021 | Loss : 0.0280 | Val loss: 0.0289
2026-01-10 03:24:48.517718 | Epoch:2177 | LR: 0.0000020 | Loss : 0.0274 | Val loss: 0.0260
2026-01-10 03:24:52.959980 | Epoch:2178 | LR: 0.0000020 | Loss : 0.0287 | Val loss: 0.0272
2026-01-10 03:24:57.230137 | Epoch:2179 | LR: 0.0000020 | Loss : 0.0274 | Val loss: 0.0265
2026-01-10 03:25:01.426715 | Epoch:2180 | LR: 0.0000020 | Loss : 0.0281 | Val loss: 0.0292
2026-01-10 03:25:05.664238 | Epoch:2181 | LR: 0.0000020 | Loss : 0.0286 | Val loss: 0.0273
2026-01-10 03:25:09.918272 | Epoch:2182 | LR: 0.0000020 | Loss : 0.0282 | Val loss: 0.0270
2026-01-10 03:25:14.225532 | Epoch:2183 | LR: 0.0000020 | Loss : 0.0288 | Val loss: 0.0294
2026-01-10 03:25:18.461259 | Epoch:2184 | LR: 0.0000020 | Loss : 0.0279 | Val loss: 0.0278
2026-01-10 03:25:22.718294 | Epoch:2185 | LR: 0.0000019 | Loss : 0.0289 | Val loss: 0.0292
2026-01-10 03:25:26.978632 | Epoch:2186 | LR: 0.0000019 | Loss : 0.0283 | Val loss: 0.0271
2026-01-10 03:25:31.244227 | Epoch:2187 | LR: 0.0000019 | Loss : 0.0272 | Val loss: 0.0297
2026-01-10 03:25:35.534844 | Epoch:2188 | LR: 0.0000019 | Loss : 0.0287 | Val loss: 0.0278
2026-01-10 03:25:39.802573 | Epoch:2189 | LR: 0.0000019 | Loss : 0.0269 | Val loss: 0.0270
2026-01-10 03:25:44.045628 | Epoch:2190 | LR: 0.0000019 | Loss : 0.0283 | Val loss: 0.0268
2026-01-10 03:25:48.322753 | Epoch:2191 | LR: 0.0000019 | Loss : 0.0286 | Val loss: 0.0277
2026-01-10 03:25:52.576523 | Epoch:2192 | LR: 0.0000019 | Loss : 0.0287 | Val loss: 0.0296
2026-01-10 03:25:56.786364 | Epoch:2193 | LR: 0.0000018 | Loss : 0.0279 | Val loss: 0.0281
2026-01-10 03:26:00.962299 | Epoch:2194 | LR: 0.0000018 | Loss : 0.0271 | Val loss: 0.0276
2026-01-10 03:26:05.112440 | Epoch:2195 | LR: 0.0000018 | Loss : 0.0277 | Val loss: 0.0297
2026-01-10 03:26:09.365307 | Epoch:2196 | LR: 0.0000018 | Loss : 0.0274 | Val loss: 0.0283
2026-01-10 03:26:13.572811 | Epoch:2197 | LR: 0.0000018 | Loss : 0.0295 | Val loss: 0.0279
2026-01-10 03:26:17.931140 | Epoch:2198 | LR: 0.0000018 | Loss : 0.0275 | Val loss: 0.0264
2026-01-10 03:26:22.172664 | Epoch:2199 | LR: 0.0000018 | Loss : 0.0290 | Val loss: 0.0280
2026-01-10 03:26:26.478801 | Epoch:2200 | LR: 0.0000018 | Loss : 0.0285 | Val loss: 0.0254
2026-01-10 03:26:30.746630 | Epoch:2201 | LR: 0.0000018 | Loss : 0.0279 | Val loss: 0.0284
2026-01-10 03:26:35.019852 | Epoch:2202 | LR: 0.0000017 | Loss : 0.0281 | Val loss: 0.0264
2026-01-10 03:26:39.307293 | Epoch:2203 | LR: 0.0000017 | Loss : 0.0271 | Val loss: 0.0311
2026-01-10 03:26:43.550022 | Epoch:2204 | LR: 0.0000017 | Loss : 0.0280 | Val loss: 0.0288
2026-01-10 03:26:47.814954 | Epoch:2205 | LR: 0.0000017 | Loss : 0.0281 | Val loss: 0.0291
2026-01-10 03:26:52.089518 | Epoch:2206 | LR: 0.0000017 | Loss : 0.0262 | Val loss: 0.0293
2026-01-10 03:26:56.404270 | Epoch:2207 | LR: 0.0000017 | Loss : 0.0284 | Val loss: 0.0272
2026-01-10 03:27:00.626308 | Epoch:2208 | LR: 0.0000017 | Loss : 0.0277 | Val loss: 0.0265
2026-01-10 03:27:04.826451 | Epoch:2209 | LR: 0.0000017 | Loss : 0.0283 | Val loss: 0.0284
2026-01-10 03:27:08.996357 | Epoch:2210 | LR: 0.0000017 | Loss : 0.0283 | Val loss: 0.0274
2026-01-10 03:27:13.406409 | Epoch:2211 | LR: 0.0000016 | Loss : 0.0282 | Val loss: 0.0263
2026-01-10 03:27:17.645949 | Epoch:2212 | LR: 0.0000016 | Loss : 0.0283 | Val loss: 0.0268
2026-01-10 03:27:21.926212 | Epoch:2213 | LR: 0.0000016 | Loss : 0.0290 | Val loss: 0.0267
2026-01-10 03:27:26.252002 | Epoch:2214 | LR: 0.0000016 | Loss : 0.0283 | Val loss: 0.0290
2026-01-10 03:27:30.526678 | Epoch:2215 | LR: 0.0000016 | Loss : 0.0290 | Val loss: 0.0277
2026-01-10 03:27:34.797548 | Epoch:2216 | LR: 0.0000016 | Loss : 0.0283 | Val loss: 0.0278
2026-01-10 03:27:39.099921 | Epoch:2217 | LR: 0.0000016 | Loss : 0.0270 | Val loss: 0.0281
2026-01-10 03:27:43.374994 | Epoch:2218 | LR: 0.0000016 | Loss : 0.0274 | Val loss: 0.0255
2026-01-10 03:27:49.591360 | Epoch:2219 | LR: 0.0000016 | Loss : 0.0286 | Val loss: 0.0275
2026-01-10 03:27:53.889308 | Epoch:2220 | LR: 0.0000015 | Loss : 0.0287 | Val loss: 0.0287
2026-01-10 03:27:58.195795 | Epoch:2221 | LR: 0.0000015 | Loss : 0.0275 | Val loss: 0.0296
2026-01-10 03:28:02.482291 | Epoch:2222 | LR: 0.0000015 | Loss : 0.0285 | Val loss: 0.0283
2026-01-10 03:28:06.747950 | Epoch:2223 | LR: 0.0000015 | Loss : 0.0269 | Val loss: 0.0292
2026-01-10 03:28:10.977725 | Epoch:2224 | LR: 0.0000015 | Loss : 0.0269 | Val loss: 0.0275
2026-01-10 03:28:15.173418 | Epoch:2225 | LR: 0.0000015 | Loss : 0.0272 | Val loss: 0.0256
2026-01-10 03:28:19.442416 | Epoch:2226 | LR: 0.0000015 | Loss : 0.0265 | Val loss: 0.0275
2026-01-10 03:28:23.692074 | Epoch:2227 | LR: 0.0000015 | Loss : 0.0282 | Val loss: 0.0293
2026-01-10 03:28:28.021408 | Epoch:2228 | LR: 0.0000015 | Loss : 0.0289 | Val loss: 0.0269
2026-01-10 03:28:32.322314 | Epoch:2229 | LR: 0.0000014 | Loss : 0.0273 | Val loss: 0.0274
2026-01-10 03:28:36.612659 | Epoch:2230 | LR: 0.0000014 | Loss : 0.0274 | Val loss: 0.0290
2026-01-10 03:28:40.953628 | Epoch:2231 | LR: 0.0000014 | Loss : 0.0286 | Val loss: 0.0298
2026-01-10 03:28:45.233561 | Epoch:2232 | LR: 0.0000014 | Loss : 0.0282 | Val loss: 0.0278
2026-01-10 03:28:49.483634 | Epoch:2233 | LR: 0.0000014 | Loss : 0.0292 | Val loss: 0.0274
2026-01-10 03:28:53.723774 | Epoch:2234 | LR: 0.0000014 | Loss : 0.0287 | Val loss: 0.0278
2026-01-10 03:28:57.989173 | Epoch:2235 | LR: 0.0000014 | Loss : 0.0260 | Val loss: 0.0276
2026-01-10 03:29:02.265047 | Epoch:2236 | LR: 0.0000014 | Loss : 0.0287 | Val loss: 0.0252
2026-01-10 03:29:06.553262 | Epoch:2237 | LR: 0.0000014 | Loss : 0.0292 | Val loss: 0.0265
2026-01-10 03:29:10.806790 | Epoch:2238 | LR: 0.0000014 | Loss : 0.0276 | Val loss: 0.0277
2026-01-10 03:29:15.016672 | Epoch:2239 | LR: 0.0000013 | Loss : 0.0286 | Val loss: 0.0260
2026-01-10 03:29:19.207072 | Epoch:2240 | LR: 0.0000013 | Loss : 0.0272 | Val loss: 0.0275
2026-01-10 03:29:23.414305 | Epoch:2241 | LR: 0.0000013 | Loss : 0.0267 | Val loss: 0.0304
2026-01-10 03:29:27.653167 | Epoch:2242 | LR: 0.0000013 | Loss : 0.0285 | Val loss: 0.0269
2026-01-10 03:29:32.202889 | Epoch:2243 | LR: 0.0000013 | Loss : 0.0262 | Val loss: 0.0277
2026-01-10 03:29:36.555475 | Epoch:2244 | LR: 0.0000013 | Loss : 0.0273 | Val loss: 0.0270
2026-01-10 03:29:40.847495 | Epoch:2245 | LR: 0.0000013 | Loss : 0.0282 | Val loss: 0.0293
2026-01-10 03:29:45.127474 | Epoch:2246 | LR: 0.0000013 | Loss : 0.0285 | Val loss: 0.0286
2026-01-10 03:29:49.407932 | Epoch:2247 | LR: 0.0000013 | Loss : 0.0304 | Val loss: 0.0267
2026-01-10 03:29:53.680880 | Epoch:2248 | LR: 0.0000013 | Loss : 0.0277 | Val loss: 0.0287
2026-01-10 03:29:57.922868 | Epoch:2249 | LR: 0.0000012 | Loss : 0.0284 | Val loss: 0.0260
2026-01-10 03:30:02.173553 | Epoch:2250 | LR: 0.0000012 | Loss : 0.0282 | Val loss: 0.0252
2026-01-10 03:30:06.454108 | Epoch:2251 | LR: 0.0000012 | Loss : 0.0287 | Val loss: 0.0316
2026-01-10 03:30:10.742571 | Epoch:2252 | LR: 0.0000012 | Loss : 0.0285 | Val loss: 0.0253
2026-01-10 03:30:15.084971 | Epoch:2253 | LR: 0.0000012 | Loss : 0.0273 | Val loss: 0.0273
2026-01-10 03:30:19.334781 | Epoch:2254 | LR: 0.0000012 | Loss : 0.0279 | Val loss: 0.0269
2026-01-10 03:30:23.543254 | Epoch:2255 | LR: 0.0000012 | Loss : 0.0282 | Val loss: 0.0280
2026-01-10 03:30:27.747100 | Epoch:2256 | LR: 0.0000012 | Loss : 0.0291 | Val loss: 0.0283
2026-01-10 03:30:31.967975 | Epoch:2257 | LR: 0.0000012 | Loss : 0.0271 | Val loss: 0.0294
2026-01-10 03:30:36.218549 | Epoch:2258 | LR: 0.0000012 | Loss : 0.0269 | Val loss: 0.0274
2026-01-10 03:30:40.516636 | Epoch:2259 | LR: 0.0000011 | Loss : 0.0285 | Val loss: 0.0285
2026-01-10 03:30:44.799554 | Epoch:2260 | LR: 0.0000011 | Loss : 0.0274 | Val loss: 0.0258
2026-01-10 03:30:49.087550 | Epoch:2261 | LR: 0.0000011 | Loss : 0.0271 | Val loss: 0.0301
2026-01-10 03:30:53.367298 | Epoch:2262 | LR: 0.0000011 | Loss : 0.0271 | Val loss: 0.0266
2026-01-10 03:30:57.659080 | Epoch:2263 | LR: 0.0000011 | Loss : 0.0284 | Val loss: 0.0277
2026-01-10 03:31:01.904014 | Epoch:2264 | LR: 0.0000011 | Loss : 0.0282 | Val loss: 0.0262
2026-01-10 03:31:06.161265 | Epoch:2265 | LR: 0.0000011 | Loss : 0.0281 | Val loss: 0.0281
2026-01-10 03:31:10.427871 | Epoch:2266 | LR: 0.0000011 | Loss : 0.0283 | Val loss: 0.0274
2026-01-10 03:31:14.754426 | Epoch:2267 | LR: 0.0000011 | Loss : 0.0263 | Val loss: 0.0276
2026-01-10 03:31:19.054497 | Epoch:2268 | LR: 0.0000011 | Loss : 0.0286 | Val loss: 0.0295
2026-01-10 03:31:23.321865 | Epoch:2269 | LR: 0.0000011 | Loss : 0.0287 | Val loss: 0.0282
2026-01-10 03:31:27.546643 | Epoch:2270 | LR: 0.0000010 | Loss : 0.0267 | Val loss: 0.0270
2026-01-10 03:31:31.750686 | Epoch:2271 | LR: 0.0000010 | Loss : 0.0274 | Val loss: 0.0295
2026-01-10 03:31:35.991269 | Epoch:2272 | LR: 0.0000010 | Loss : 0.0285 | Val loss: 0.0272
2026-01-10 03:31:40.242144 | Epoch:2273 | LR: 0.0000010 | Loss : 0.0298 | Val loss: 0.0297
2026-01-10 03:31:44.642037 | Epoch:2274 | LR: 0.0000010 | Loss : 0.0277 | Val loss: 0.0275
2026-01-10 03:31:48.922194 | Epoch:2275 | LR: 0.0000010 | Loss : 0.0285 | Val loss: 0.0290
2026-01-10 03:31:53.212406 | Epoch:2276 | LR: 0.0000010 | Loss : 0.0282 | Val loss: 0.0263
2026-01-10 03:31:57.521708 | Epoch:2277 | LR: 0.0000010 | Loss : 0.0279 | Val loss: 0.0291
2026-01-10 03:32:01.795662 | Epoch:2278 | LR: 0.0000010 | Loss : 0.0280 | Val loss: 0.0292
2026-01-10 03:32:06.040117 | Epoch:2279 | LR: 0.0000010 | Loss : 0.0282 | Val loss: 0.0268
2026-01-10 03:32:10.287649 | Epoch:2280 | LR: 0.0000010 | Loss : 0.0277 | Val loss: 0.0274
2026-01-10 03:32:14.570025 | Epoch:2281 | LR: 0.0000009 | Loss : 0.0282 | Val loss: 0.0280
2026-01-10 03:32:18.891951 | Epoch:2282 | LR: 0.0000009 | Loss : 0.0270 | Val loss: 0.0277
2026-01-10 03:32:23.195160 | Epoch:2283 | LR: 0.0000009 | Loss : 0.0261 | Val loss: 0.0281
2026-01-10 03:32:27.455217 | Epoch:2284 | LR: 0.0000009 | Loss : 0.0268 | Val loss: 0.0273
2026-01-10 03:32:31.939846 | Epoch:2285 | LR: 0.0000009 | Loss : 0.0270 | Val loss: 0.0272
2026-01-10 03:32:36.136446 | Epoch:2286 | LR: 0.0000009 | Loss : 0.0285 | Val loss: 0.0274
2026-01-10 03:32:40.315111 | Epoch:2287 | LR: 0.0000009 | Loss : 0.0285 | Val loss: 0.0278
2026-01-10 03:32:44.569727 | Epoch:2288 | LR: 0.0000009 | Loss : 0.0274 | Val loss: 0.0271
2026-01-10 03:32:48.954342 | Epoch:2289 | LR: 0.0000009 | Loss : 0.0279 | Val loss: 0.0302
2026-01-10 03:32:53.218313 | Epoch:2290 | LR: 0.0000009 | Loss : 0.0283 | Val loss: 0.0257
2026-01-10 03:32:57.510606 | Epoch:2291 | LR: 0.0000009 | Loss : 0.0294 | Val loss: 0.0273
2026-01-10 03:33:02.042328 | Epoch:2292 | LR: 0.0000009 | Loss : 0.0278 | Val loss: 0.0284
2026-01-10 03:33:06.322478 | Epoch:2293 | LR: 0.0000008 | Loss : 0.0271 | Val loss: 0.0248
2026-01-10 03:33:10.656526 | Epoch:2294 | LR: 0.0000008 | Loss : 0.0267 | Val loss: 0.0285
2026-01-10 03:33:14.903353 | Epoch:2295 | LR: 0.0000008 | Loss : 0.0287 | Val loss: 0.0276
2026-01-10 03:33:19.151772 | Epoch:2296 | LR: 0.0000008 | Loss : 0.0265 | Val loss: 0.0273
2026-01-10 03:33:23.433384 | Epoch:2297 | LR: 0.0000008 | Loss : 0.0289 | Val loss: 0.0279
2026-01-10 03:33:27.707219 | Epoch:2298 | LR: 0.0000008 | Loss : 0.0273 | Val loss: 0.0270
2026-01-10 03:33:31.949684 | Epoch:2299 | LR: 0.0000008 | Loss : 0.0276 | Val loss: 0.0273
2026-01-10 03:33:36.144831 | Epoch:2300 | LR: 0.0000008 | Loss : 0.0282 | Val loss: 0.0292
2026-01-10 03:33:40.344864 | Epoch:2301 | LR: 0.0000008 | Loss : 0.0286 | Val loss: 0.0293
2026-01-10 03:33:44.599245 | Epoch:2302 | LR: 0.0000008 | Loss : 0.0280 | Val loss: 0.0272
2026-01-10 03:33:48.849201 | Epoch:2303 | LR: 0.0000008 | Loss : 0.0284 | Val loss: 0.0266
2026-01-10 03:33:53.154920 | Epoch:2304 | LR: 0.0000008 | Loss : 0.0273 | Val loss: 0.0303
2026-01-10 03:33:57.496787 | Epoch:2305 | LR: 0.0000008 | Loss : 0.0274 | Val loss: 0.0269
2026-01-10 03:34:01.825872 | Epoch:2306 | LR: 0.0000007 | Loss : 0.0277 | Val loss: 0.0272
2026-01-10 03:34:06.101110 | Epoch:2307 | LR: 0.0000007 | Loss : 0.0276 | Val loss: 0.0281
2026-01-10 03:34:10.373470 | Epoch:2308 | LR: 0.0000007 | Loss : 0.0272 | Val loss: 0.0264
2026-01-10 03:34:14.610268 | Epoch:2309 | LR: 0.0000007 | Loss : 0.0275 | Val loss: 0.0282
2026-01-10 03:34:18.855473 | Epoch:2310 | LR: 0.0000007 | Loss : 0.0292 | Val loss: 0.0254
2026-01-10 03:34:23.115844 | Epoch:2311 | LR: 0.0000007 | Loss : 0.0277 | Val loss: 0.0278
2026-01-10 03:34:27.427574 | Epoch:2312 | LR: 0.0000007 | Loss : 0.0278 | Val loss: 0.0275
2026-01-10 03:34:31.705220 | Epoch:2313 | LR: 0.0000007 | Loss : 0.0284 | Val loss: 0.0270
2026-01-10 03:34:35.950541 | Epoch:2314 | LR: 0.0000007 | Loss : 0.0287 | Val loss: 0.0301
2026-01-10 03:34:40.200246 | Epoch:2315 | LR: 0.0000007 | Loss : 0.0282 | Val loss: 0.0252
2026-01-10 03:34:44.468827 | Epoch:2316 | LR: 0.0000007 | Loss : 0.0277 | Val loss: 0.0259
2026-01-10 03:34:48.669810 | Epoch:2317 | LR: 0.0000007 | Loss : 0.0268 | Val loss: 0.0272
2026-01-10 03:34:52.895992 | Epoch:2318 | LR: 0.0000007 | Loss : 0.0281 | Val loss: 0.0281
2026-01-10 03:34:57.068190 | Epoch:2319 | LR: 0.0000006 | Loss : 0.0271 | Val loss: 0.0287
2026-01-10 03:35:01.445610 | Epoch:2320 | LR: 0.0000006 | Loss : 0.0285 | Val loss: 0.0259
2026-01-10 03:35:05.629555 | Epoch:2321 | LR: 0.0000006 | Loss : 0.0282 | Val loss: 0.0296
2026-01-10 03:35:09.891833 | Epoch:2322 | LR: 0.0000006 | Loss : 0.0275 | Val loss: 0.0286
2026-01-10 03:35:14.149665 | Epoch:2323 | LR: 0.0000006 | Loss : 0.0283 | Val loss: 0.0296
2026-01-10 03:35:18.362882 | Epoch:2324 | LR: 0.0000006 | Loss : 0.0283 | Val loss: 0.0271
2026-01-10 03:35:22.603461 | Epoch:2325 | LR: 0.0000006 | Loss : 0.0270 | Val loss: 0.0314
2026-01-10 03:35:26.857580 | Epoch:2326 | LR: 0.0000006 | Loss : 0.0282 | Val loss: 0.0262
2026-01-10 03:35:31.162885 | Epoch:2327 | LR: 0.0000006 | Loss : 0.0295 | Val loss: 0.0284
2026-01-10 03:35:35.448108 | Epoch:2328 | LR: 0.0000006 | Loss : 0.0265 | Val loss: 0.0270
2026-01-10 03:35:39.802253 | Epoch:2329 | LR: 0.0000006 | Loss : 0.0275 | Val loss: 0.0253
2026-01-10 03:35:44.037512 | Epoch:2330 | LR: 0.0000006 | Loss : 0.0275 | Val loss: 0.0266
2026-01-10 03:35:48.228771 | Epoch:2331 | LR: 0.0000006 | Loss : 0.0282 | Val loss: 0.0251
2026-01-10 03:35:52.423507 | Epoch:2332 | LR: 0.0000006 | Loss : 0.0275 | Val loss: 0.0279
2026-01-10 03:35:56.605008 | Epoch:2333 | LR: 0.0000006 | Loss : 0.0278 | Val loss: 0.0289
2026-01-10 03:36:00.849293 | Epoch:2334 | LR: 0.0000005 | Loss : 0.0269 | Val loss: 0.0290
2026-01-10 03:36:05.137804 | Epoch:2335 | LR: 0.0000005 | Loss : 0.0270 | Val loss: 0.0266
2026-01-10 03:36:09.470129 | Epoch:2336 | LR: 0.0000005 | Loss : 0.0291 | Val loss: 0.0269
2026-01-10 03:36:13.749764 | Epoch:2337 | LR: 0.0000005 | Loss : 0.0271 | Val loss: 0.0304
2026-01-10 03:36:18.023565 | Epoch:2338 | LR: 0.0000005 | Loss : 0.0283 | Val loss: 0.0276
2026-01-10 03:36:22.299659 | Epoch:2339 | LR: 0.0000005 | Loss : 0.0278 | Val loss: 0.0273
2026-01-10 03:36:26.560253 | Epoch:2340 | LR: 0.0000005 | Loss : 0.0272 | Val loss: 0.0274
2026-01-10 03:36:30.792892 | Epoch:2341 | LR: 0.0000005 | Loss : 0.0285 | Val loss: 0.0270
2026-01-10 03:36:35.046210 | Epoch:2342 | LR: 0.0000005 | Loss : 0.0256 | Val loss: 0.0302
2026-01-10 03:36:39.425959 | Epoch:2343 | LR: 0.0000005 | Loss : 0.0276 | Val loss: 0.0266
2026-01-10 03:36:43.691910 | Epoch:2344 | LR: 0.0000005 | Loss : 0.0270 | Val loss: 0.0282
2026-01-10 03:36:47.948376 | Epoch:2345 | LR: 0.0000005 | Loss : 0.0270 | Val loss: 0.0290
2026-01-10 03:36:52.157561 | Epoch:2346 | LR: 0.0000005 | Loss : 0.0248 | Val loss: 0.0278
2026-01-10 03:36:56.348284 | Epoch:2347 | LR: 0.0000005 | Loss : 0.0281 | Val loss: 0.0252
2026-01-10 03:37:00.572846 | Epoch:2348 | LR: 0.0000005 | Loss : 0.0294 | Val loss: 0.0284
2026-01-10 03:37:04.810118 | Epoch:2349 | LR: 0.0000005 | Loss : 0.0275 | Val loss: 0.0287
2026-01-10 03:37:09.308784 | Epoch:2350 | LR: 0.0000004 | Loss : 0.0283 | Val loss: 0.0290
2026-01-10 03:37:13.613587 | Epoch:2351 | LR: 0.0000004 | Loss : 0.0284 | Val loss: 0.0279
2026-01-10 03:37:17.888080 | Epoch:2352 | LR: 0.0000004 | Loss : 0.0277 | Val loss: 0.0274
2026-01-10 03:37:22.154968 | Epoch:2353 | LR: 0.0000004 | Loss : 0.0276 | Val loss: 0.0266
2026-01-10 03:37:26.455186 | Epoch:2354 | LR: 0.0000004 | Loss : 0.0262 | Val loss: 0.0285
2026-01-10 03:37:30.695573 | Epoch:2355 | LR: 0.0000004 | Loss : 0.0277 | Val loss: 0.0268
2026-01-10 03:37:34.922634 | Epoch:2356 | LR: 0.0000004 | Loss : 0.0275 | Val loss: 0.0292
2026-01-10 03:37:39.176097 | Epoch:2357 | LR: 0.0000004 | Loss : 0.0285 | Val loss: 0.0279
2026-01-10 03:37:43.543717 | Epoch:2358 | LR: 0.0000004 | Loss : 0.0273 | Val loss: 0.0283
2026-01-10 03:37:47.816991 | Epoch:2359 | LR: 0.0000004 | Loss : 0.0285 | Val loss: 0.0283
2026-01-10 03:37:52.197973 | Epoch:2360 | LR: 0.0000004 | Loss : 0.0283 | Val loss: 0.0286
2026-01-10 03:37:56.437973 | Epoch:2361 | LR: 0.0000004 | Loss : 0.0276 | Val loss: 0.0270
2026-01-10 03:38:00.896470 | Epoch:2362 | LR: 0.0000004 | Loss : 0.0273 | Val loss: 0.0280
2026-01-10 03:38:05.107574 | Epoch:2363 | LR: 0.0000004 | Loss : 0.0272 | Val loss: 0.0282
2026-01-10 03:38:09.346818 | Epoch:2364 | LR: 0.0000004 | Loss : 0.0274 | Val loss: 0.0254
2026-01-10 03:38:13.606449 | Epoch:2365 | LR: 0.0000004 | Loss : 0.0282 | Val loss: 0.0268
2026-01-10 03:38:17.986197 | Epoch:2366 | LR: 0.0000004 | Loss : 0.0273 | Val loss: 0.0258
2026-01-10 03:38:22.263573 | Epoch:2367 | LR: 0.0000004 | Loss : 0.0276 | Val loss: 0.0307
2026-01-10 03:38:26.555012 | Epoch:2368 | LR: 0.0000003 | Loss : 0.0279 | Val loss: 0.0279
2026-01-10 03:38:30.833805 | Epoch:2369 | LR: 0.0000003 | Loss : 0.0277 | Val loss: 0.0268
2026-01-10 03:38:35.065936 | Epoch:2370 | LR: 0.0000003 | Loss : 0.0282 | Val loss: 0.0301
2026-01-10 03:38:39.291399 | Epoch:2371 | LR: 0.0000003 | Loss : 0.0275 | Val loss: 0.0306
2026-01-10 03:38:43.580657 | Epoch:2372 | LR: 0.0000003 | Loss : 0.0272 | Val loss: 0.0277
2026-01-10 03:38:47.895820 | Epoch:2373 | LR: 0.0000003 | Loss : 0.0272 | Val loss: 0.0302
2026-01-10 03:38:52.155946 | Epoch:2374 | LR: 0.0000003 | Loss : 0.0284 | Val loss: 0.0265
2026-01-10 03:38:56.438064 | Epoch:2375 | LR: 0.0000003 | Loss : 0.0289 | Val loss: 0.0276
2026-01-10 03:39:00.682225 | Epoch:2376 | LR: 0.0000003 | Loss : 0.0284 | Val loss: 0.0270
2026-01-10 03:39:04.864429 | Epoch:2377 | LR: 0.0000003 | Loss : 0.0272 | Val loss: 0.0270
2026-01-10 03:39:09.067418 | Epoch:2378 | LR: 0.0000003 | Loss : 0.0276 | Val loss: 0.0281
2026-01-10 03:39:13.293276 | Epoch:2379 | LR: 0.0000003 | Loss : 0.0283 | Val loss: 0.0258
2026-01-10 03:39:17.623050 | Epoch:2380 | LR: 0.0000003 | Loss : 0.0279 | Val loss: 0.0271
2026-01-10 03:39:21.879594 | Epoch:2381 | LR: 0.0000003 | Loss : 0.0270 | Val loss: 0.0268
2026-01-10 03:39:26.140939 | Epoch:2382 | LR: 0.0000003 | Loss : 0.0272 | Val loss: 0.0283
2026-01-10 03:39:30.442697 | Epoch:2383 | LR: 0.0000003 | Loss : 0.0288 | Val loss: 0.0277
2026-01-10 03:39:34.726143 | Epoch:2384 | LR: 0.0000003 | Loss : 0.0258 | Val loss: 0.0256
2026-01-10 03:39:38.970703 | Epoch:2385 | LR: 0.0000003 | Loss : 0.0272 | Val loss: 0.0277
2026-01-10 03:39:43.218420 | Epoch:2386 | LR: 0.0000003 | Loss : 0.0287 | Val loss: 0.0252
2026-01-10 03:39:47.529182 | Epoch:2387 | LR: 0.0000003 | Loss : 0.0278 | Val loss: 0.0290
2026-01-10 03:39:51.799375 | Epoch:2388 | LR: 0.0000002 | Loss : 0.0271 | Val loss: 0.0291
2026-01-10 03:39:56.064965 | Epoch:2389 | LR: 0.0000002 | Loss : 0.0271 | Val loss: 0.0277
2026-01-10 03:40:00.323130 | Epoch:2390 | LR: 0.0000002 | Loss : 0.0279 | Val loss: 0.0267
2026-01-10 03:40:04.537105 | Epoch:2391 | LR: 0.0000002 | Loss : 0.0288 | Val loss: 0.0285
2026-01-10 03:40:08.965423 | Epoch:2392 | LR: 0.0000002 | Loss : 0.0265 | Val loss: 0.0271
2026-01-10 03:40:13.168295 | Epoch:2393 | LR: 0.0000002 | Loss : 0.0274 | Val loss: 0.0265
2026-01-10 03:40:17.456085 | Epoch:2394 | LR: 0.0000002 | Loss : 0.0264 | Val loss: 0.0292
2026-01-10 03:40:21.714471 | Epoch:2395 | LR: 0.0000002 | Loss : 0.0273 | Val loss: 0.0280
2026-01-10 03:40:26.025414 | Epoch:2396 | LR: 0.0000002 | Loss : 0.0265 | Val loss: 0.0264
2026-01-10 03:40:30.378772 | Epoch:2397 | LR: 0.0000002 | Loss : 0.0277 | Val loss: 0.0253
2026-01-10 03:40:34.671289 | Epoch:2398 | LR: 0.0000002 | Loss : 0.0291 | Val loss: 0.0288
2026-01-10 03:40:38.951826 | Epoch:2399 | LR: 0.0000002 | Loss : 0.0262 | Val loss: 0.0291
2026-01-10 03:40:43.186159 | Epoch:2400 | LR: 0.0000002 | Loss : 0.0280 | Val loss: 0.0298
2026-01-10 03:40:47.409121 | Epoch:2401 | LR: 0.0000002 | Loss : 0.0277 | Val loss: 0.0276
2026-01-10 03:40:51.889691 | Epoch:2402 | LR: 0.0000002 | Loss : 0.0273 | Val loss: 0.0269
2026-01-10 03:40:56.165367 | Epoch:2403 | LR: 0.0000002 | Loss : 0.0275 | Val loss: 0.0272
2026-01-10 03:41:00.436781 | Epoch:2404 | LR: 0.0000002 | Loss : 0.0290 | Val loss: 0.0296
2026-01-10 03:41:04.718316 | Epoch:2405 | LR: 0.0000002 | Loss : 0.0273 | Val loss: 0.0274
2026-01-10 03:41:08.966482 | Epoch:2406 | LR: 0.0000002 | Loss : 0.0277 | Val loss: 0.0297
2026-01-10 03:41:13.181048 | Epoch:2407 | LR: 0.0000002 | Loss : 0.0270 | Val loss: 0.0265
2026-01-10 03:41:17.403844 | Epoch:2408 | LR: 0.0000002 | Loss : 0.0281 | Val loss: 0.0271
2026-01-10 03:41:21.592144 | Epoch:2409 | LR: 0.0000002 | Loss : 0.0282 | Val loss: 0.0265
2026-01-10 03:41:25.913665 | Epoch:2410 | LR: 0.0000002 | Loss : 0.0278 | Val loss: 0.0282
2026-01-10 03:41:30.167558 | Epoch:2411 | LR: 0.0000002 | Loss : 0.0296 | Val loss: 0.0263
2026-01-10 03:41:34.525730 | Epoch:2412 | LR: 0.0000002 | Loss : 0.0271 | Val loss: 0.0263
2026-01-10 03:41:38.825923 | Epoch:2413 | LR: 0.0000002 | Loss : 0.0296 | Val loss: 0.0271
2026-01-10 03:41:43.109110 | Epoch:2414 | LR: 0.0000001 | Loss : 0.0276 | Val loss: 0.0278
2026-01-10 03:41:47.331761 | Epoch:2415 | LR: 0.0000001 | Loss : 0.0285 | Val loss: 0.0283
2026-01-10 03:41:51.562559 | Epoch:2416 | LR: 0.0000001 | Loss : 0.0262 | Val loss: 0.0268
2026-01-10 03:41:55.795392 | Epoch:2417 | LR: 0.0000001 | Loss : 0.0268 | Val loss: 0.0265
2026-01-10 03:42:00.082661 | Epoch:2418 | LR: 0.0000001 | Loss : 0.0270 | Val loss: 0.0309
2026-01-10 03:42:04.334883 | Epoch:2419 | LR: 0.0000001 | Loss : 0.0283 | Val loss: 0.0281
2026-01-10 03:42:08.602832 | Epoch:2420 | LR: 0.0000001 | Loss : 0.0269 | Val loss: 0.0283
2026-01-10 03:42:12.872494 | Epoch:2421 | LR: 0.0000001 | Loss : 0.0284 | Val loss: 0.0284
2026-01-10 03:42:17.116678 | Epoch:2422 | LR: 0.0000001 | Loss : 0.0261 | Val loss: 0.0280
2026-01-10 03:42:21.321301 | Epoch:2423 | LR: 0.0000001 | Loss : 0.0283 | Val loss: 0.0305
2026-01-10 03:42:25.557159 | Epoch:2424 | LR: 0.0000001 | Loss : 0.0272 | Val loss: 0.0288
2026-01-10 03:42:29.798206 | Epoch:2425 | LR: 0.0000001 | Loss : 0.0271 | Val loss: 0.0295
2026-01-10 03:42:34.039522 | Epoch:2426 | LR: 0.0000001 | Loss : 0.0264 | Val loss: 0.0287
2026-01-10 03:42:38.322144 | Epoch:2427 | LR: 0.0000001 | Loss : 0.0279 | Val loss: 0.0296
2026-01-10 03:42:42.715400 | Epoch:2428 | LR: 0.0000001 | Loss : 0.0276 | Val loss: 0.0250
2026-01-10 03:42:46.997794 | Epoch:2429 | LR: 0.0000001 | Loss : 0.0287 | Val loss: 0.0263
2026-01-10 03:42:51.241726 | Epoch:2430 | LR: 0.0000001 | Loss : 0.0268 | Val loss: 0.0287
2026-01-10 03:42:55.464641 | Epoch:2431 | LR: 0.0000001 | Loss : 0.0273 | Val loss: 0.0269
2026-01-10 03:42:59.698436 | Epoch:2432 | LR: 0.0000001 | Loss : 0.0290 | Val loss: 0.0271
2026-01-10 03:43:03.938107 | Epoch:2433 | LR: 0.0000001 | Loss : 0.0267 | Val loss: 0.0262
2026-01-10 03:43:08.188248 | Epoch:2434 | LR: 0.0000001 | Loss : 0.0273 | Val loss: 0.0278
2026-01-10 03:43:12.478063 | Epoch:2435 | LR: 0.0000001 | Loss : 0.0288 | Val loss: 0.0300
2026-01-10 03:43:16.757822 | Epoch:2436 | LR: 0.0000001 | Loss : 0.0278 | Val loss: 0.0274
2026-01-10 03:43:21.060001 | Epoch:2437 | LR: 0.0000001 | Loss : 0.0281 | Val loss: 0.0258
2026-01-10 03:43:25.266027 | Epoch:2438 | LR: 0.0000001 | Loss : 0.0267 | Val loss: 0.0269
2026-01-10 03:43:29.511144 | Epoch:2439 | LR: 0.0000001 | Loss : 0.0289 | Val loss: 0.0280
2026-01-10 03:43:33.760304 | Epoch:2440 | LR: 0.0000001 | Loss : 0.0273 | Val loss: 0.0272
2026-01-10 03:43:38.019782 | Epoch:2441 | LR: 0.0000001 | Loss : 0.0272 | Val loss: 0.0262
2026-01-10 03:43:42.516521 | Epoch:2442 | LR: 0.0000001 | Loss : 0.0271 | Val loss: 0.0263
2026-01-10 03:43:46.838951 | Epoch:2443 | LR: 0.0000001 | Loss : 0.0272 | Val loss: 0.0290
2026-01-10 03:43:51.159494 | Epoch:2444 | LR: 0.0000001 | Loss : 0.0285 | Val loss: 0.0289
2026-01-10 03:43:55.425987 | Epoch:2445 | LR: 0.0000001 | Loss : 0.0279 | Val loss: 0.0271
2026-01-10 03:43:59.652906 | Epoch:2446 | LR: 0.0000001 | Loss : 0.0265 | Val loss: 0.0266
2026-01-10 03:44:03.871825 | Epoch:2447 | LR: 0.0000001 | Loss : 0.0272 | Val loss: 0.0276
2026-01-10 03:44:08.100584 | Epoch:2448 | LR: 0.0000001 | Loss : 0.0275 | Val loss: 0.0280
2026-01-10 03:44:12.360056 | Epoch:2449 | LR: 0.0000001 | Loss : 0.0281 | Val loss: 0.0258
2026-01-10 03:44:16.637706 | Epoch:2450 | LR: 0.0000000 | Loss : 0.0264 | Val loss: 0.0259
2026-01-10 03:44:20.908435 | Epoch:2451 | LR: 0.0000000 | Loss : 0.0283 | Val loss: 0.0276
2026-01-10 03:44:25.173688 | Epoch:2452 | LR: 0.0000000 | Loss : 0.0274 | Val loss: 0.0259
2026-01-10 03:44:29.426819 | Epoch:2453 | LR: 0.0000000 | Loss : 0.0289 | Val loss: 0.0251
2026-01-10 03:44:33.639233 | Epoch:2454 | LR: 0.0000000 | Loss : 0.0263 | Val loss: 0.0255
2026-01-10 03:44:37.866705 | Epoch:2455 | LR: 0.0000000 | Loss : 0.0277 | Val loss: 0.0257
2026-01-10 03:44:42.149150 | Epoch:2456 | LR: 0.0000000 | Loss : 0.0277 | Val loss: 0.0302
2026-01-10 03:44:46.717148 | Epoch:2457 | LR: 0.0000000 | Loss : 0.0275 | Val loss: 0.0279
2026-01-10 03:44:50.985309 | Epoch:2458 | LR: 0.0000000 | Loss : 0.0280 | Val loss: 0.0280
2026-01-10 03:44:55.318437 | Epoch:2459 | LR: 0.0000000 | Loss : 0.0260 | Val loss: 0.0289
2026-01-10 03:44:59.667547 | Epoch:2460 | LR: 0.0000000 | Loss : 0.0267 | Val loss: 0.0274
2026-01-10 03:45:03.828821 | Epoch:2461 | LR: 0.0000000 | Loss : 0.0276 | Val loss: 0.0277
2026-01-10 03:45:08.052334 | Epoch:2462 | LR: 0.0000000 | Loss : 0.0277 | Val loss: 0.0292
2026-01-10 03:45:12.241175 | Epoch:2463 | LR: 0.0000000 | Loss : 0.0281 | Val loss: 0.0276
2026-01-10 03:45:16.478284 | Epoch:2464 | LR: 0.0000000 | Loss : 0.0291 | Val loss: 0.0280
2026-01-10 03:45:20.759815 | Epoch:2465 | LR: 0.0000000 | Loss : 0.0293 | Val loss: 0.0245
2026-01-10 03:45:25.017433 | Epoch:2466 | LR: 0.0000000 | Loss : 0.0278 | Val loss: 0.0287
2026-01-10 03:45:29.273323 | Epoch:2467 | LR: 0.0000000 | Loss : 0.0270 | Val loss: 0.0278
2026-01-10 03:45:33.560544 | Epoch:2468 | LR: 0.0000000 | Loss : 0.0282 | Val loss: 0.0272
2026-01-10 03:45:37.825226 | Epoch:2469 | LR: 0.0000000 | Loss : 0.0274 | Val loss: 0.0255
2026-01-10 03:45:42.054127 | Epoch:2470 | LR: 0.0000000 | Loss : 0.0275 | Val loss: 0.0263
2026-01-10 03:45:46.248432 | Epoch:2471 | LR: 0.0000000 | Loss : 0.0277 | Val loss: 0.0283
2026-01-10 03:45:50.514673 | Epoch:2472 | LR: 0.0000000 | Loss : 0.0271 | Val loss: 0.0287
2026-01-10 03:45:54.844991 | Epoch:2473 | LR: 0.0000000 | Loss : 0.0275 | Val loss: 0.0265
2026-01-10 03:45:59.119618 | Epoch:2474 | LR: 0.0000000 | Loss : 0.0276 | Val loss: 0.0277
2026-01-10 03:46:03.517225 | Epoch:2475 | LR: 0.0000000 | Loss : 0.0277 | Val loss: 0.0282
2026-01-10 03:46:07.775004 | Epoch:2476 | LR: 0.0000000 | Loss : 0.0292 | Val loss: 0.0290
2026-01-10 03:46:11.993122 | Epoch:2477 | LR: 0.0000000 | Loss : 0.0283 | Val loss: 0.0297
2026-01-10 03:46:16.200290 | Epoch:2478 | LR: 0.0000000 | Loss : 0.0262 | Val loss: 0.0267
2026-01-10 03:46:20.415759 | Epoch:2479 | LR: 0.0000000 | Loss : 0.0281 | Val loss: 0.0264
2026-01-10 03:46:24.665104 | Epoch:2480 | LR: 0.0000000 | Loss : 0.0278 | Val loss: 0.0275
2026-01-10 03:46:28.918660 | Epoch:2481 | LR: 0.0000000 | Loss : 0.0267 | Val loss: 0.0292
2026-01-10 03:46:33.424689 | Epoch:2482 | LR: 0.0000000 | Loss : 0.0279 | Val loss: 0.0260
2026-01-10 03:46:37.698645 | Epoch:2483 | LR: 0.0000000 | Loss : 0.0266 | Val loss: 0.0266
2026-01-10 03:46:41.968640 | Epoch:2484 | LR: 0.0000000 | Loss : 0.0291 | Val loss: 0.0279
2026-01-10 03:46:46.188169 | Epoch:2485 | LR: 0.0000000 | Loss : 0.0277 | Val loss: 0.0286
2026-01-10 03:46:50.427000 | Epoch:2486 | LR: 0.0000000 | Loss : 0.0274 | Val loss: 0.0263
2026-01-10 03:46:54.688671 | Epoch:2487 | LR: 0.0000000 | Loss : 0.0275 | Val loss: 0.0277
2026-01-10 03:46:59.005169 | Epoch:2488 | LR: 0.0000000 | Loss : 0.0274 | Val loss: 0.0275
2026-01-10 03:47:03.321545 | Epoch:2489 | LR: 0.0000000 | Loss : 0.0286 | Val loss: 0.0293
2026-01-10 03:47:07.680741 | Epoch:2490 | LR: 0.0000000 | Loss : 0.0275 | Val loss: 0.0292
2026-01-10 03:47:11.967986 | Epoch:2491 | LR: 0.0000000 | Loss : 0.0277 | Val loss: 0.0265
2026-01-10 03:47:16.199120 | Epoch:2492 | LR: 0.0000000 | Loss : 0.0260 | Val loss: 0.0276
2026-01-10 03:47:20.412390 | Epoch:2493 | LR: 0.0000000 | Loss : 0.0278 | Val loss: 0.0292
2026-01-10 03:47:24.635246 | Epoch:2494 | LR: 0.0000000 | Loss : 0.0279 | Val loss: 0.0270
2026-01-10 03:47:28.919201 | Epoch:2495 | LR: 0.0000000 | Loss : 0.0283 | Val loss: 0.0271
2026-01-10 03:47:33.160423 | Epoch:2496 | LR: 0.0000000 | Loss : 0.0275 | Val loss: 0.0277
2026-01-10 03:47:37.427810 | Epoch:2497 | LR: 0.0000000 | Loss : 0.0273 | Val loss: 0.0292
2026-01-10 03:47:41.703817 | Epoch:2498 | LR: 0.0000000 | Loss : 0.0282 | Val loss: 0.0258
2026-01-10 03:47:46.215134 | Epoch:2499 | LR: 0.0000000 | Loss : 0.0292 | Val loss: 0.0265
2026-01-10 03:47:50.472716 | Epoch:2500 | LR: 0.0000000 | Loss : 0.0280 | Val loss: 0.0292
2026-01-10 03:47:54.708564 | Epoch:2501 | LR: 0.0000000 | Loss : 0.0270 | Val loss: 0.0283
2026-01-10 03:47:58.961525 | Epoch:2502 | LR: 0.0000000 | Loss : 0.0273 | Val loss: 0.0293
2026-01-10 03:48:03.188303 | Epoch:2503 | LR: 0.0000000 | Loss : 0.0263 | Val loss: 0.0305
2026-01-10 03:48:07.448591 | Epoch:2504 | LR: 0.0000000 | Loss : 0.0271 | Val loss: 0.0283
2026-01-10 03:48:11.805921 | Epoch:2505 | LR: 0.0000000 | Loss : 0.0274 | Val loss: 0.0276
2026-01-10 03:48:16.169232 | Epoch:2506 | LR: 0.0000000 | Loss : 0.0267 | Val loss: 0.0286
2026-01-10 03:48:20.429325 | Epoch:2507 | LR: 0.0000000 | Loss : 0.0269 | Val loss: 0.0275
2026-01-10 03:48:24.669426 | Epoch:2508 | LR: 0.0000000 | Loss : 0.0260 | Val loss: 0.0283
2026-01-10 03:48:28.873225 | Epoch:2509 | LR: 0.0000000 | Loss : 0.0285 | Val loss: 0.0264
2026-01-10 03:48:33.146618 | Epoch:2510 | LR: 0.0000000 | Loss : 0.0279 | Val loss: 0.0283
2026-01-10 03:48:37.382960 | Epoch:2511 | LR: 0.0000000 | Loss : 0.0257 | Val loss: 0.0252
2026-01-10 03:48:41.638653 | Epoch:2512 | LR: 0.0000000 | Loss : 0.0272 | Val loss: 0.0272
2026-01-10 03:48:45.897052 | Epoch:2513 | LR: 0.0000000 | Loss : 0.0276 | Val loss: 0.0258
2026-01-10 03:48:50.155447 | Epoch:2514 | LR: 0.0000000 | Loss : 0.0271 | Val loss: 0.0267
2026-01-10 03:48:54.414116 | Epoch:2515 | LR: 0.0000000 | Loss : 0.0298 | Val loss: 0.0284
2026-01-10 03:48:58.653852 | Epoch:2516 | LR: 0.0000000 | Loss : 0.0275 | Val loss: 0.0260
2026-01-10 03:49:02.902278 | Epoch:2517 | LR: 0.0000000 | Loss : 0.0283 | Val loss: 0.0274
2026-01-10 03:49:07.161085 | Epoch:2518 | LR: 0.0000000 | Loss : 0.0268 | Val loss: 0.0280
2026-01-10 03:49:11.493431 | Epoch:2519 | LR: 0.0000000 | Loss : 0.0272 | Val loss: 0.0275
2026-01-10 03:49:15.767037 | Epoch:2520 | LR: 0.0000000 | Loss : 0.0272 | Val loss: 0.0295
2026-01-10 03:49:20.172041 | Epoch:2521 | LR: 0.0000000 | Loss : 0.0276 | Val loss: 0.0256
2026-01-10 03:49:24.668521 | Epoch:2522 | LR: 0.0000000 | Loss : 0.0282 | Val loss: 0.0267
2026-01-10 03:49:28.889174 | Epoch:2523 | LR: 0.0000000 | Loss : 0.0280 | Val loss: 0.0254
2026-01-10 03:49:33.095978 | Epoch:2524 | LR: 0.0000000 | Loss : 0.0282 | Val loss: 0.0266
2026-01-10 03:49:37.309437 | Epoch:2525 | LR: 0.0000000 | Loss : 0.0282 | Val loss: 0.0285
2026-01-10 03:49:41.555321 | Epoch:2526 | LR: 0.0000000 | Loss : 0.0290 | Val loss: 0.0269
2026-01-10 03:49:45.808068 | Epoch:2527 | LR: 0.0000000 | Loss : 0.0273 | Val loss: 0.0275
2026-01-10 03:49:50.093862 | Epoch:2528 | LR: 0.0000000 | Loss : 0.0267 | Val loss: 0.0291
2026-01-10 03:49:54.364822 | Epoch:2529 | LR: 0.0000000 | Loss : 0.0281 | Val loss: 0.0259
2026-01-10 03:49:58.638602 | Epoch:2530 | LR: 0.0000000 | Loss : 0.0270 | Val loss: 0.0269
2026-01-10 03:50:02.876329 | Epoch:2531 | LR: 0.0000000 | Loss : 0.0281 | Val loss: 0.0264
2026-01-10 03:50:07.109374 | Epoch:2532 | LR: 0.0000000 | Loss : 0.0280 | Val loss: 0.0267
2026-01-10 03:50:11.346525 | Epoch:2533 | LR: 0.0000000 | Loss : 0.0275 | Val loss: 0.0275
2026-01-10 03:50:15.640703 | Epoch:2534 | LR: 0.0000000 | Loss : 0.0277 | Val loss: 0.0296
2026-01-10 03:50:19.874655 | Epoch:2535 | LR: 0.0000000 | Loss : 0.0280 | Val loss: 0.0269
2026-01-10 03:50:24.238287 | Epoch:2536 | LR: 0.0000000 | Loss : 0.0284 | Val loss: 0.0278
2026-01-10 03:50:28.616238 | Epoch:2537 | LR: 0.0000000 | Loss : 0.0272 | Val loss: 0.0283
2026-01-10 03:50:32.868485 | Epoch:2538 | LR: 0.0000000 | Loss : 0.0279 | Val loss: 0.0277
2026-01-10 03:50:37.059712 | Epoch:2539 | LR: 0.0000000 | Loss : 0.0274 | Val loss: 0.0284
2026-01-10 03:50:41.268983 | Epoch:2540 | LR: 0.0000000 | Loss : 0.0278 | Val loss: 0.0256
2026-01-10 03:50:45.541651 | Epoch:2541 | LR: 0.0000000 | Loss : 0.0265 | Val loss: 0.0292
2026-01-10 03:50:49.784372 | Epoch:2542 | LR: 0.0000000 | Loss : 0.0266 | Val loss: 0.0263
2026-01-10 03:50:54.042534 | Epoch:2543 | LR: 0.0000000 | Loss : 0.0279 | Val loss: 0.0277
2026-01-10 03:50:58.298107 | Epoch:2544 | LR: 0.0000000 | Loss : 0.0265 | Val loss: 0.0298
2026-01-10 03:51:02.580028 | Epoch:2545 | LR: 0.0000000 | Loss : 0.0270 | Val loss: 0.0284
2026-01-10 03:51:06.847214 | Epoch:2546 | LR: 0.0000000 | Loss : 0.0282 | Val loss: 0.0272
2026-01-10 03:51:11.102581 | Epoch:2547 | LR: 0.0000000 | Loss : 0.0278 | Val loss: 0.0292
2026-01-10 03:51:15.349773 | Epoch:2548 | LR: 0.0000000 | Loss : 0.0282 | Val loss: 0.0295
2026-01-10 03:51:19.620597 | Epoch:2549 | LR: 0.0000000 | Loss : 0.0282 | Val loss: 0.0306
2026-01-10 03:51:23.892167 | Epoch:2550 | LR: 0.0000000 | Loss : 0.0269 | Val loss: 0.0295
2026-01-10 03:51:28.196405 | Epoch:2551 | LR: 0.0000001 | Loss : 0.0291 | Val loss: 0.0273
2026-01-10 03:51:32.592394 | Epoch:2552 | LR: 0.0000001 | Loss : 0.0277 | Val loss: 0.0265
2026-01-10 03:51:36.849315 | Epoch:2553 | LR: 0.0000001 | Loss : 0.0276 | Val loss: 0.0265
2026-01-10 03:51:41.058208 | Epoch:2554 | LR: 0.0000001 | Loss : 0.0286 | Val loss: 0.0302
2026-01-10 03:51:45.258501 | Epoch:2555 | LR: 0.0000001 | Loss : 0.0290 | Val loss: 0.0292
2026-01-10 03:51:49.530045 | Epoch:2556 | LR: 0.0000001 | Loss : 0.0283 | Val loss: 0.0264
2026-01-10 03:51:53.770602 | Epoch:2557 | LR: 0.0000001 | Loss : 0.0276 | Val loss: 0.0271
2026-01-10 03:51:58.024346 | Epoch:2558 | LR: 0.0000001 | Loss : 0.0275 | Val loss: 0.0278
2026-01-10 03:52:02.274585 | Epoch:2559 | LR: 0.0000001 | Loss : 0.0271 | Val loss: 0.0272
2026-01-10 03:52:06.557151 | Epoch:2560 | LR: 0.0000001 | Loss : 0.0274 | Val loss: 0.0246
2026-01-10 03:52:10.833964 | Epoch:2561 | LR: 0.0000001 | Loss : 0.0275 | Val loss: 0.0252
2026-01-10 03:52:15.323480 | Epoch:2562 | LR: 0.0000001 | Loss : 0.0268 | Val loss: 0.0274
2026-01-10 03:52:19.597074 | Epoch:2563 | LR: 0.0000001 | Loss : 0.0277 | Val loss: 0.0258
2026-01-10 03:52:24.105751 | Epoch:2564 | LR: 0.0000001 | Loss : 0.0277 | Val loss: 0.0272
2026-01-10 03:52:28.430088 | Epoch:2565 | LR: 0.0000001 | Loss : 0.0267 | Val loss: 0.0269
2026-01-10 03:52:32.722138 | Epoch:2566 | LR: 0.0000001 | Loss : 0.0285 | Val loss: 0.0266
2026-01-10 03:52:37.079945 | Epoch:2567 | LR: 0.0000001 | Loss : 0.0277 | Val loss: 0.0281
2026-01-10 03:52:41.378157 | Epoch:2568 | LR: 0.0000001 | Loss : 0.0265 | Val loss: 0.0274
2026-01-10 03:52:45.551810 | Epoch:2569 | LR: 0.0000001 | Loss : 0.0272 | Val loss: 0.0284
2026-01-10 03:52:49.733256 | Epoch:2570 | LR: 0.0000001 | Loss : 0.0265 | Val loss: 0.0258
2026-01-10 03:52:53.976646 | Epoch:2571 | LR: 0.0000001 | Loss : 0.0272 | Val loss: 0.0284
2026-01-10 03:52:58.210748 | Epoch:2572 | LR: 0.0000001 | Loss : 0.0269 | Val loss: 0.0259
2026-01-10 03:53:02.578868 | Epoch:2573 | LR: 0.0000001 | Loss : 0.0276 | Val loss: 0.0255
2026-01-10 03:53:06.832574 | Epoch:2574 | LR: 0.0000001 | Loss : 0.0265 | Val loss: 0.0261
2026-01-10 03:53:11.104541 | Epoch:2575 | LR: 0.0000001 | Loss : 0.0274 | Val loss: 0.0281
2026-01-10 03:53:15.357750 | Epoch:2576 | LR: 0.0000001 | Loss : 0.0280 | Val loss: 0.0262
2026-01-10 03:53:19.623909 | Epoch:2577 | LR: 0.0000001 | Loss : 0.0275 | Val loss: 0.0256
2026-01-10 03:53:23.882698 | Epoch:2578 | LR: 0.0000001 | Loss : 0.0271 | Val loss: 0.0270
2026-01-10 03:53:28.145662 | Epoch:2579 | LR: 0.0000001 | Loss : 0.0278 | Val loss: 0.0286
2026-01-10 03:53:32.421554 | Epoch:2580 | LR: 0.0000001 | Loss : 0.0272 | Val loss: 0.0298
2026-01-10 03:53:36.761423 | Epoch:2581 | LR: 0.0000001 | Loss : 0.0282 | Val loss: 0.0278
2026-01-10 03:53:41.045085 | Epoch:2582 | LR: 0.0000001 | Loss : 0.0276 | Val loss: 0.0303
2026-01-10 03:53:45.328298 | Epoch:2583 | LR: 0.0000001 | Loss : 0.0267 | Val loss: 0.0271
2026-01-10 03:53:49.633461 | Epoch:2584 | LR: 0.0000001 | Loss : 0.0276 | Val loss: 0.0285
2026-01-10 03:53:53.815086 | Epoch:2585 | LR: 0.0000001 | Loss : 0.0276 | Val loss: 0.0261
2026-01-10 03:53:58.065810 | Epoch:2586 | LR: 0.0000001 | Loss : 0.0272 | Val loss: 0.0275
2026-01-10 03:54:02.263576 | Epoch:2587 | LR: 0.0000002 | Loss : 0.0271 | Val loss: 0.0278
2026-01-10 03:54:06.500941 | Epoch:2588 | LR: 0.0000002 | Loss : 0.0277 | Val loss: 0.0262
2026-01-10 03:54:10.754387 | Epoch:2589 | LR: 0.0000002 | Loss : 0.0270 | Val loss: 0.0284
2026-01-10 03:54:15.016810 | Epoch:2590 | LR: 0.0000002 | Loss : 0.0263 | Val loss: 0.0263
2026-01-10 03:54:19.259336 | Epoch:2591 | LR: 0.0000002 | Loss : 0.0274 | Val loss: 0.0288
2026-01-10 03:54:23.540815 | Epoch:2592 | LR: 0.0000002 | Loss : 0.0283 | Val loss: 0.0261
2026-01-10 03:54:27.804306 | Epoch:2593 | LR: 0.0000002 | Loss : 0.0264 | Val loss: 0.0291
2026-01-10 03:54:32.065805 | Epoch:2594 | LR: 0.0000002 | Loss : 0.0272 | Val loss: 0.0269
2026-01-10 03:54:36.332408 | Epoch:2595 | LR: 0.0000002 | Loss : 0.0266 | Val loss: 0.0245
2026-01-10 03:54:40.608032 | Epoch:2596 | LR: 0.0000002 | Loss : 0.0273 | Val loss: 0.0277
2026-01-10 03:54:44.897930 | Epoch:2597 | LR: 0.0000002 | Loss : 0.0273 | Val loss: 0.0245
2026-01-10 03:54:49.138606 | Epoch:2598 | LR: 0.0000002 | Loss : 0.0286 | Val loss: 0.0273
2026-01-10 03:54:53.463131 | Epoch:2599 | LR: 0.0000002 | Loss : 0.0264 | Val loss: 0.0307
2026-01-10 03:54:57.664509 | Epoch:2600 | LR: 0.0000002 | Loss : 0.0275 | Val loss: 0.0273
2026-01-10 03:55:01.878828 | Epoch:2601 | LR: 0.0000002 | Loss : 0.0290 | Val loss: 0.0275
2026-01-10 03:55:06.320315 | Epoch:2602 | LR: 0.0000002 | Loss : 0.0274 | Val loss: 0.0261
2026-01-10 03:55:10.557394 | Epoch:2603 | LR: 0.0000002 | Loss : 0.0285 | Val loss: 0.0286
2026-01-10 03:55:14.791229 | Epoch:2604 | LR: 0.0000002 | Loss : 0.0284 | Val loss: 0.0304
2026-01-10 03:55:19.042715 | Epoch:2605 | LR: 0.0000002 | Loss : 0.0276 | Val loss: 0.0268
2026-01-10 03:55:23.522742 | Epoch:2606 | LR: 0.0000002 | Loss : 0.0289 | Val loss: 0.0268
2026-01-10 03:55:27.793132 | Epoch:2607 | LR: 0.0000002 | Loss : 0.0287 | Val loss: 0.0283
2026-01-10 03:55:32.058288 | Epoch:2608 | LR: 0.0000002 | Loss : 0.0275 | Val loss: 0.0272
2026-01-10 03:55:36.303678 | Epoch:2609 | LR: 0.0000002 | Loss : 0.0274 | Val loss: 0.0292
2026-01-10 03:55:40.589157 | Epoch:2610 | LR: 0.0000002 | Loss : 0.0281 | Val loss: 0.0268
2026-01-10 03:55:44.865164 | Epoch:2611 | LR: 0.0000002 | Loss : 0.0292 | Val loss: 0.0278
2026-01-10 03:55:49.147739 | Epoch:2612 | LR: 0.0000002 | Loss : 0.0279 | Val loss: 0.0262
2026-01-10 03:55:53.458809 | Epoch:2613 | LR: 0.0000003 | Loss : 0.0275 | Val loss: 0.0266
2026-01-10 03:55:57.697657 | Epoch:2614 | LR: 0.0000003 | Loss : 0.0280 | Val loss: 0.0294
2026-01-10 03:56:01.924525 | Epoch:2615 | LR: 0.0000003 | Loss : 0.0281 | Val loss: 0.0281
2026-01-10 03:56:06.182809 | Epoch:2616 | LR: 0.0000003 | Loss : 0.0284 | Val loss: 0.0289
2026-01-10 03:56:10.315411 | Epoch:2617 | LR: 0.0000003 | Loss : 0.0281 | Val loss: 0.0273
2026-01-10 03:56:14.501770 | Epoch:2618 | LR: 0.0000003 | Loss : 0.0278 | Val loss: 0.0309
2026-01-10 03:56:18.718111 | Epoch:2619 | LR: 0.0000003 | Loss : 0.0276 | Val loss: 0.0284
2026-01-10 03:56:22.948153 | Epoch:2620 | LR: 0.0000003 | Loss : 0.0274 | Val loss: 0.0281
2026-01-10 03:56:27.178598 | Epoch:2621 | LR: 0.0000003 | Loss : 0.0274 | Val loss: 0.0292
2026-01-10 03:56:31.421209 | Epoch:2622 | LR: 0.0000003 | Loss : 0.0280 | Val loss: 0.0272
2026-01-10 03:56:35.692051 | Epoch:2623 | LR: 0.0000003 | Loss : 0.0289 | Val loss: 0.0253
2026-01-10 03:56:39.961864 | Epoch:2624 | LR: 0.0000003 | Loss : 0.0270 | Val loss: 0.0275
2026-01-10 03:56:44.217951 | Epoch:2625 | LR: 0.0000003 | Loss : 0.0289 | Val loss: 0.0258
2026-01-10 03:56:48.542353 | Epoch:2626 | LR: 0.0000003 | Loss : 0.0282 | Val loss: 0.0279
2026-01-10 03:56:52.767021 | Epoch:2627 | LR: 0.0000003 | Loss : 0.0288 | Val loss: 0.0265
2026-01-10 03:56:57.015737 | Epoch:2628 | LR: 0.0000003 | Loss : 0.0267 | Val loss: 0.0275
2026-01-10 03:57:01.234351 | Epoch:2629 | LR: 0.0000003 | Loss : 0.0265 | Val loss: 0.0254
2026-01-10 03:57:05.484117 | Epoch:2630 | LR: 0.0000003 | Loss : 0.0275 | Val loss: 0.0304
2026-01-10 03:57:09.692481 | Epoch:2631 | LR: 0.0000003 | Loss : 0.0285 | Val loss: 0.0274
2026-01-10 03:57:13.937195 | Epoch:2632 | LR: 0.0000003 | Loss : 0.0263 | Val loss: 0.0280
2026-01-10 03:57:18.078445 | Epoch:2633 | LR: 0.0000004 | Loss : 0.0266 | Val loss: 0.0279
2026-01-10 03:57:22.247186 | Epoch:2634 | LR: 0.0000004 | Loss : 0.0277 | Val loss: 0.0295
2026-01-10 03:57:26.456717 | Epoch:2635 | LR: 0.0000004 | Loss : 0.0277 | Val loss: 0.0248
2026-01-10 03:57:30.696743 | Epoch:2636 | LR: 0.0000004 | Loss : 0.0276 | Val loss: 0.0256
2026-01-10 03:57:34.937699 | Epoch:2637 | LR: 0.0000004 | Loss : 0.0274 | Val loss: 0.0262
2026-01-10 03:57:39.178116 | Epoch:2638 | LR: 0.0000004 | Loss : 0.0265 | Val loss: 0.0296
2026-01-10 03:57:43.433265 | Epoch:2639 | LR: 0.0000004 | Loss : 0.0291 | Val loss: 0.0276
2026-01-10 03:57:47.711328 | Epoch:2640 | LR: 0.0000004 | Loss : 0.0295 | Val loss: 0.0259
2026-01-10 03:57:51.999413 | Epoch:2641 | LR: 0.0000004 | Loss : 0.0279 | Val loss: 0.0277
2026-01-10 03:57:56.614454 | Epoch:2642 | LR: 0.0000004 | Loss : 0.0276 | Val loss: 0.0299
2026-01-10 03:58:00.880341 | Epoch:2643 | LR: 0.0000004 | Loss : 0.0297 | Val loss: 0.0280
2026-01-10 03:58:05.105543 | Epoch:2644 | LR: 0.0000004 | Loss : 0.0280 | Val loss: 0.0296
2026-01-10 03:58:09.313327 | Epoch:2645 | LR: 0.0000004 | Loss : 0.0269 | Val loss: 0.0249
2026-01-10 03:58:13.542686 | Epoch:2646 | LR: 0.0000004 | Loss : 0.0264 | Val loss: 0.0277
2026-01-10 03:58:17.906139 | Epoch:2647 | LR: 0.0000004 | Loss : 0.0270 | Val loss: 0.0265
2026-01-10 03:58:22.125318 | Epoch:2648 | LR: 0.0000004 | Loss : 0.0273 | Val loss: 0.0259
2026-01-10 03:58:26.323270 | Epoch:2649 | LR: 0.0000004 | Loss : 0.0290 | Val loss: 0.0264
2026-01-10 03:58:30.554062 | Epoch:2650 | LR: 0.0000004 | Loss : 0.0273 | Val loss: 0.0256
2026-01-10 03:58:34.801061 | Epoch:2651 | LR: 0.0000005 | Loss : 0.0274 | Val loss: 0.0265
2026-01-10 03:58:39.056181 | Epoch:2652 | LR: 0.0000005 | Loss : 0.0280 | Val loss: 0.0280
2026-01-10 03:58:43.318727 | Epoch:2653 | LR: 0.0000005 | Loss : 0.0271 | Val loss: 0.0286
2026-01-10 03:58:47.609607 | Epoch:2654 | LR: 0.0000005 | Loss : 0.0281 | Val loss: 0.0281
2026-01-10 03:58:51.902353 | Epoch:2655 | LR: 0.0000005 | Loss : 0.0288 | Val loss: 0.0295
2026-01-10 03:58:56.183356 | Epoch:2656 | LR: 0.0000005 | Loss : 0.0277 | Val loss: 0.0274
2026-01-10 03:59:00.477595 | Epoch:2657 | LR: 0.0000005 | Loss : 0.0284 | Val loss: 0.0277
2026-01-10 03:59:04.772475 | Epoch:2658 | LR: 0.0000005 | Loss : 0.0284 | Val loss: 0.0281
2026-01-10 03:59:09.022365 | Epoch:2659 | LR: 0.0000005 | Loss : 0.0282 | Val loss: 0.0272
2026-01-10 03:59:13.280104 | Epoch:2660 | LR: 0.0000005 | Loss : 0.0270 | Val loss: 0.0263
2026-01-10 03:59:17.524419 | Epoch:2661 | LR: 0.0000005 | Loss : 0.0274 | Val loss: 0.0268
2026-01-10 03:59:21.839600 | Epoch:2662 | LR: 0.0000005 | Loss : 0.0281 | Val loss: 0.0283
2026-01-10 03:59:26.025868 | Epoch:2663 | LR: 0.0000005 | Loss : 0.0269 | Val loss: 0.0287
2026-01-10 03:59:30.286213 | Epoch:2664 | LR: 0.0000005 | Loss : 0.0273 | Val loss: 0.0278
2026-01-10 03:59:34.520139 | Epoch:2665 | LR: 0.0000005 | Loss : 0.0268 | Val loss: 0.0257
2026-01-10 03:59:38.753103 | Epoch:2666 | LR: 0.0000005 | Loss : 0.0278 | Val loss: 0.0274
2026-01-10 03:59:43.005853 | Epoch:2667 | LR: 0.0000006 | Loss : 0.0275 | Val loss: 0.0283
2026-01-10 03:59:47.260592 | Epoch:2668 | LR: 0.0000006 | Loss : 0.0280 | Val loss: 0.0271
2026-01-10 03:59:51.523089 | Epoch:2669 | LR: 0.0000006 | Loss : 0.0272 | Val loss: 0.0267
2026-01-10 03:59:55.807639 | Epoch:2670 | LR: 0.0000006 | Loss : 0.0273 | Val loss: 0.0268
2026-01-10 04:00:00.328339 | Epoch:2671 | LR: 0.0000006 | Loss : 0.0272 | Val loss: 0.0272
2026-01-10 04:00:04.641996 | Epoch:2672 | LR: 0.0000006 | Loss : 0.0289 | Val loss: 0.0263
2026-01-10 04:00:08.935556 | Epoch:2673 | LR: 0.0000006 | Loss : 0.0270 | Val loss: 0.0299
2026-01-10 04:00:13.178496 | Epoch:2674 | LR: 0.0000006 | Loss : 0.0271 | Val loss: 0.0278
2026-01-10 04:00:17.453822 | Epoch:2675 | LR: 0.0000006 | Loss : 0.0286 | Val loss: 0.0271
2026-01-10 04:00:21.668486 | Epoch:2676 | LR: 0.0000006 | Loss : 0.0264 | Val loss: 0.0288
2026-01-10 04:00:25.966971 | Epoch:2677 | LR: 0.0000006 | Loss : 0.0283 | Val loss: 0.0278
2026-01-10 04:00:30.211418 | Epoch:2678 | LR: 0.0000006 | Loss : 0.0274 | Val loss: 0.0276
2026-01-10 04:00:34.379003 | Epoch:2679 | LR: 0.0000006 | Loss : 0.0276 | Val loss: 0.0268
2026-01-10 04:00:38.615032 | Epoch:2680 | LR: 0.0000006 | Loss : 0.0290 | Val loss: 0.0282
2026-01-10 04:00:42.832783 | Epoch:2681 | LR: 0.0000006 | Loss : 0.0262 | Val loss: 0.0297
2026-01-10 04:00:47.310784 | Epoch:2682 | LR: 0.0000007 | Loss : 0.0270 | Val loss: 0.0268
2026-01-10 04:00:51.573412 | Epoch:2683 | LR: 0.0000007 | Loss : 0.0269 | Val loss: 0.0255
2026-01-10 04:00:55.858509 | Epoch:2684 | LR: 0.0000007 | Loss : 0.0286 | Val loss: 0.0270
2026-01-10 04:01:00.181144 | Epoch:2685 | LR: 0.0000007 | Loss : 0.0259 | Val loss: 0.0252
2026-01-10 04:01:04.450629 | Epoch:2686 | LR: 0.0000007 | Loss : 0.0266 | Val loss: 0.0284
2026-01-10 04:01:08.747424 | Epoch:2687 | LR: 0.0000007 | Loss : 0.0266 | Val loss: 0.0284
2026-01-10 04:01:13.068022 | Epoch:2688 | LR: 0.0000007 | Loss : 0.0271 | Val loss: 0.0269
2026-01-10 04:01:17.313188 | Epoch:2689 | LR: 0.0000007 | Loss : 0.0288 | Val loss: 0.0271
2026-01-10 04:01:21.535063 | Epoch:2690 | LR: 0.0000007 | Loss : 0.0257 | Val loss: 0.0286
2026-01-10 04:01:25.809309 | Epoch:2691 | LR: 0.0000007 | Loss : 0.0273 | Val loss: 0.0265
2026-01-10 04:01:30.056678 | Epoch:2692 | LR: 0.0000007 | Loss : 0.0265 | Val loss: 0.0263
2026-01-10 04:01:34.339171 | Epoch:2693 | LR: 0.0000007 | Loss : 0.0271 | Val loss: 0.0266
2026-01-10 04:01:38.489458 | Epoch:2694 | LR: 0.0000007 | Loss : 0.0266 | Val loss: 0.0291
2026-01-10 04:01:42.669857 | Epoch:2695 | LR: 0.0000008 | Loss : 0.0272 | Val loss: 0.0273
2026-01-10 04:01:46.883993 | Epoch:2696 | LR: 0.0000008 | Loss : 0.0267 | Val loss: 0.0273
2026-01-10 04:01:51.102691 | Epoch:2697 | LR: 0.0000008 | Loss : 0.0276 | Val loss: 0.0276
2026-01-10 04:01:55.337052 | Epoch:2698 | LR: 0.0000008 | Loss : 0.0273 | Val loss: 0.0261
2026-01-10 04:01:59.592517 | Epoch:2699 | LR: 0.0000008 | Loss : 0.0266 | Val loss: 0.0261
2026-01-10 04:02:03.866955 | Epoch:2700 | LR: 0.0000008 | Loss : 0.0280 | Val loss: 0.0281
2026-01-10 04:02:08.144510 | Epoch:2701 | LR: 0.0000008 | Loss : 0.0278 | Val loss: 0.0305
2026-01-10 04:02:12.427042 | Epoch:2702 | LR: 0.0000008 | Loss : 0.0274 | Val loss: 0.0240
2026-01-10 04:02:16.720863 | Epoch:2703 | LR: 0.0000008 | Loss : 0.0269 | Val loss: 0.0262
2026-01-10 04:02:20.972384 | Epoch:2704 | LR: 0.0000008 | Loss : 0.0270 | Val loss: 0.0278
2026-01-10 04:02:25.186522 | Epoch:2705 | LR: 0.0000008 | Loss : 0.0279 | Val loss: 0.0260
2026-01-10 04:02:29.381581 | Epoch:2706 | LR: 0.0000008 | Loss : 0.0265 | Val loss: 0.0269
2026-01-10 04:02:33.606985 | Epoch:2707 | LR: 0.0000008 | Loss : 0.0282 | Val loss: 0.0278
2026-01-10 04:02:37.838652 | Epoch:2708 | LR: 0.0000009 | Loss : 0.0274 | Val loss: 0.0262
2026-01-10 04:02:42.062602 | Epoch:2709 | LR: 0.0000009 | Loss : 0.0267 | Val loss: 0.0277
2026-01-10 04:02:46.209247 | Epoch:2710 | LR: 0.0000009 | Loss : 0.0284 | Val loss: 0.0275
2026-01-10 04:02:50.401124 | Epoch:2711 | LR: 0.0000009 | Loss : 0.0280 | Val loss: 0.0269
2026-01-10 04:02:54.632054 | Epoch:2712 | LR: 0.0000009 | Loss : 0.0268 | Val loss: 0.0256
2026-01-10 04:02:59.150287 | Epoch:2713 | LR: 0.0000009 | Loss : 0.0271 | Val loss: 0.0293
2026-01-10 04:03:03.420333 | Epoch:2714 | LR: 0.0000009 | Loss : 0.0263 | Val loss: 0.0256
2026-01-10 04:03:07.687533 | Epoch:2715 | LR: 0.0000009 | Loss : 0.0265 | Val loss: 0.0293
2026-01-10 04:03:11.992841 | Epoch:2716 | LR: 0.0000009 | Loss : 0.0253 | Val loss: 0.0260
2026-01-10 04:03:16.300625 | Epoch:2717 | LR: 0.0000009 | Loss : 0.0267 | Val loss: 0.0296
2026-01-10 04:03:20.592370 | Epoch:2718 | LR: 0.0000009 | Loss : 0.0270 | Val loss: 0.0262
2026-01-10 04:03:24.835134 | Epoch:2719 | LR: 0.0000009 | Loss : 0.0271 | Val loss: 0.0288
2026-01-10 04:03:29.044622 | Epoch:2720 | LR: 0.0000010 | Loss : 0.0259 | Val loss: 0.0267
2026-01-10 04:03:33.223715 | Epoch:2721 | LR: 0.0000010 | Loss : 0.0276 | Val loss: 0.0284
2026-01-10 04:03:37.754314 | Epoch:2722 | LR: 0.0000010 | Loss : 0.0270 | Val loss: 0.0285
2026-01-10 04:03:41.927445 | Epoch:2723 | LR: 0.0000010 | Loss : 0.0272 | Val loss: 0.0273
2026-01-10 04:03:46.181468 | Epoch:2724 | LR: 0.0000010 | Loss : 0.0287 | Val loss: 0.0264
2026-01-10 04:03:50.343795 | Epoch:2725 | LR: 0.0000010 | Loss : 0.0276 | Val loss: 0.0262
2026-01-10 04:03:54.559244 | Epoch:2726 | LR: 0.0000010 | Loss : 0.0277 | Val loss: 0.0281
2026-01-10 04:03:58.801279 | Epoch:2727 | LR: 0.0000010 | Loss : 0.0271 | Val loss: 0.0268
2026-01-10 04:04:03.045052 | Epoch:2728 | LR: 0.0000010 | Loss : 0.0286 | Val loss: 0.0268
2026-01-10 04:04:07.291153 | Epoch:2729 | LR: 0.0000010 | Loss : 0.0279 | Val loss: 0.0264
2026-01-10 04:04:11.560234 | Epoch:2730 | LR: 0.0000010 | Loss : 0.0276 | Val loss: 0.0276
2026-01-10 04:04:15.834221 | Epoch:2731 | LR: 0.0000011 | Loss : 0.0284 | Val loss: 0.0276
2026-01-10 04:04:20.114380 | Epoch:2732 | LR: 0.0000011 | Loss : 0.0275 | Val loss: 0.0298
2026-01-10 04:04:24.409618 | Epoch:2733 | LR: 0.0000011 | Loss : 0.0274 | Val loss: 0.0262
2026-01-10 04:04:28.664246 | Epoch:2734 | LR: 0.0000011 | Loss : 0.0271 | Val loss: 0.0290
2026-01-10 04:04:32.884773 | Epoch:2735 | LR: 0.0000011 | Loss : 0.0274 | Val loss: 0.0272
2026-01-10 04:04:37.073444 | Epoch:2736 | LR: 0.0000011 | Loss : 0.0276 | Val loss: 0.0266
2026-01-10 04:04:41.296007 | Epoch:2737 | LR: 0.0000011 | Loss : 0.0267 | Val loss: 0.0261
2026-01-10 04:04:45.502410 | Epoch:2738 | LR: 0.0000011 | Loss : 0.0287 | Val loss: 0.0258
2026-01-10 04:04:49.703853 | Epoch:2739 | LR: 0.0000011 | Loss : 0.0266 | Val loss: 0.0269
2026-01-10 04:04:53.907144 | Epoch:2740 | LR: 0.0000011 | Loss : 0.0277 | Val loss: 0.0272
2026-01-10 04:04:58.083794 | Epoch:2741 | LR: 0.0000011 | Loss : 0.0281 | Val loss: 0.0238
2026-01-10 04:05:02.282365 | Epoch:2742 | LR: 0.0000012 | Loss : 0.0279 | Val loss: 0.0290
2026-01-10 04:05:06.521901 | Epoch:2743 | LR: 0.0000012 | Loss : 0.0256 | Val loss: 0.0266
2026-01-10 04:05:10.786250 | Epoch:2744 | LR: 0.0000012 | Loss : 0.0270 | Val loss: 0.0264
2026-01-10 04:05:15.049336 | Epoch:2745 | LR: 0.0000012 | Loss : 0.0280 | Val loss: 0.0263
2026-01-10 04:05:19.333028 | Epoch:2746 | LR: 0.0000012 | Loss : 0.0267 | Val loss: 0.0275
2026-01-10 04:05:23.622423 | Epoch:2747 | LR: 0.0000012 | Loss : 0.0274 | Val loss: 0.0260
2026-01-10 04:05:27.898136 | Epoch:2748 | LR: 0.0000012 | Loss : 0.0278 | Val loss: 0.0271
2026-01-10 04:05:32.177350 | Epoch:2749 | LR: 0.0000012 | Loss : 0.0283 | Val loss: 0.0289
2026-01-10 04:05:36.401192 | Epoch:2750 | LR: 0.0000012 | Loss : 0.0271 | Val loss: 0.0263
2026-01-10 04:05:40.612471 | Epoch:2751 | LR: 0.0000012 | Loss : 0.0273 | Val loss: 0.0278
2026-01-10 04:05:44.801175 | Epoch:2752 | LR: 0.0000013 | Loss : 0.0276 | Val loss: 0.0276
2026-01-10 04:05:49.016157 | Epoch:2753 | LR: 0.0000013 | Loss : 0.0266 | Val loss: 0.0287
2026-01-10 04:05:53.163035 | Epoch:2754 | LR: 0.0000013 | Loss : 0.0289 | Val loss: 0.0287
2026-01-10 04:05:57.435118 | Epoch:2755 | LR: 0.0000013 | Loss : 0.0271 | Val loss: 0.0247
2026-01-10 04:06:01.589841 | Epoch:2756 | LR: 0.0000013 | Loss : 0.0277 | Val loss: 0.0271
2026-01-10 04:06:05.776355 | Epoch:2757 | LR: 0.0000013 | Loss : 0.0269 | Val loss: 0.0302
2026-01-10 04:06:09.995465 | Epoch:2758 | LR: 0.0000013 | Loss : 0.0266 | Val loss: 0.0297
2026-01-10 04:06:14.247204 | Epoch:2759 | LR: 0.0000013 | Loss : 0.0271 | Val loss: 0.0277
2026-01-10 04:06:18.482082 | Epoch:2760 | LR: 0.0000013 | Loss : 0.0282 | Val loss: 0.0281
2026-01-10 04:06:22.746478 | Epoch:2761 | LR: 0.0000013 | Loss : 0.0264 | Val loss: 0.0278
2026-01-10 04:06:27.281762 | Epoch:2762 | LR: 0.0000014 | Loss : 0.0267 | Val loss: 0.0269
2026-01-10 04:06:31.595091 | Epoch:2763 | LR: 0.0000014 | Loss : 0.0261 | Val loss: 0.0268
2026-01-10 04:06:35.929347 | Epoch:2764 | LR: 0.0000014 | Loss : 0.0278 | Val loss: 0.0291
2026-01-10 04:06:40.161990 | Epoch:2765 | LR: 0.0000014 | Loss : 0.0278 | Val loss: 0.0295
2026-01-10 04:06:44.365270 | Epoch:2766 | LR: 0.0000014 | Loss : 0.0283 | Val loss: 0.0258
2026-01-10 04:06:48.552018 | Epoch:2767 | LR: 0.0000014 | Loss : 0.0274 | Val loss: 0.0294
2026-01-10 04:06:52.793759 | Epoch:2768 | LR: 0.0000014 | Loss : 0.0276 | Val loss: 0.0275
2026-01-10 04:06:57.078003 | Epoch:2769 | LR: 0.0000014 | Loss : 0.0260 | Val loss: 0.0253
2026-01-10 04:07:01.269184 | Epoch:2770 | LR: 0.0000014 | Loss : 0.0266 | Val loss: 0.0274
2026-01-10 04:07:05.504105 | Epoch:2771 | LR: 0.0000014 | Loss : 0.0275 | Val loss: 0.0280
2026-01-10 04:07:09.695918 | Epoch:2772 | LR: 0.0000015 | Loss : 0.0257 | Val loss: 0.0273
2026-01-10 04:07:13.910625 | Epoch:2773 | LR: 0.0000015 | Loss : 0.0285 | Val loss: 0.0264
2026-01-10 04:07:18.137422 | Epoch:2774 | LR: 0.0000015 | Loss : 0.0277 | Val loss: 0.0267
2026-01-10 04:07:24.562326 | Epoch:2775 | LR: 0.0000015 | Loss : 0.0260 | Val loss: 0.0260
2026-01-10 04:07:28.852435 | Epoch:2776 | LR: 0.0000015 | Loss : 0.0264 | Val loss: 0.0278
2026-01-10 04:07:33.142343 | Epoch:2777 | LR: 0.0000015 | Loss : 0.0269 | Val loss: 0.0280
2026-01-10 04:07:37.683532 | Epoch:2778 | LR: 0.0000015 | Loss : 0.0261 | Val loss: 0.0292
2026-01-10 04:07:41.961156 | Epoch:2779 | LR: 0.0000015 | Loss : 0.0285 | Val loss: 0.0249
2026-01-10 04:07:46.210064 | Epoch:2780 | LR: 0.0000015 | Loss : 0.0263 | Val loss: 0.0253
2026-01-10 04:07:50.426786 | Epoch:2781 | LR: 0.0000016 | Loss : 0.0279 | Val loss: 0.0278
2026-01-10 04:07:54.600888 | Epoch:2782 | LR: 0.0000016 | Loss : 0.0277 | Val loss: 0.0273
2026-01-10 04:07:58.803172 | Epoch:2783 | LR: 0.0000016 | Loss : 0.0272 | Val loss: 0.0241
2026-01-10 04:08:03.003294 | Epoch:2784 | LR: 0.0000016 | Loss : 0.0260 | Val loss: 0.0277
2026-01-10 04:08:07.240862 | Epoch:2785 | LR: 0.0000016 | Loss : 0.0260 | Val loss: 0.0288
2026-01-10 04:08:11.425957 | Epoch:2786 | LR: 0.0000016 | Loss : 0.0285 | Val loss: 0.0256
2026-01-10 04:08:15.696627 | Epoch:2787 | LR: 0.0000016 | Loss : 0.0268 | Val loss: 0.0263
2026-01-10 04:08:19.909627 | Epoch:2788 | LR: 0.0000016 | Loss : 0.0276 | Val loss: 0.0266
2026-01-10 04:08:24.156553 | Epoch:2789 | LR: 0.0000016 | Loss : 0.0280 | Val loss: 0.0246
2026-01-10 04:08:28.395725 | Epoch:2790 | LR: 0.0000017 | Loss : 0.0268 | Val loss: 0.0272
2026-01-10 04:08:32.664035 | Epoch:2791 | LR: 0.0000017 | Loss : 0.0255 | Val loss: 0.0255
2026-01-10 04:08:36.896813 | Epoch:2792 | LR: 0.0000017 | Loss : 0.0270 | Val loss: 0.0284
2026-01-10 04:08:41.212933 | Epoch:2793 | LR: 0.0000017 | Loss : 0.0257 | Val loss: 0.0281
2026-01-10 04:08:45.489953 | Epoch:2794 | LR: 0.0000017 | Loss : 0.0270 | Val loss: 0.0304
2026-01-10 04:08:49.757823 | Epoch:2795 | LR: 0.0000017 | Loss : 0.0269 | Val loss: 0.0273
2026-01-10 04:08:54.011976 | Epoch:2796 | LR: 0.0000017 | Loss : 0.0263 | Val loss: 0.0280
2026-01-10 04:08:58.235672 | Epoch:2797 | LR: 0.0000017 | Loss : 0.0270 | Val loss: 0.0278
2026-01-10 04:09:02.423784 | Epoch:2798 | LR: 0.0000017 | Loss : 0.0277 | Val loss: 0.0259
2026-01-10 04:09:06.618060 | Epoch:2799 | LR: 0.0000018 | Loss : 0.0270 | Val loss: 0.0262
2026-01-10 04:09:10.819471 | Epoch:2800 | LR: 0.0000018 | Loss : 0.0266 | Val loss: 0.0271
2026-01-10 04:09:15.031256 | Epoch:2801 | LR: 0.0000018 | Loss : 0.0273 | Val loss: 0.0256
2026-01-10 04:09:19.277132 | Epoch:2802 | LR: 0.0000018 | Loss : 0.0261 | Val loss: 0.0238
2026-01-10 04:09:23.828626 | Epoch:2803 | LR: 0.0000018 | Loss : 0.0263 | Val loss: 0.0274
2026-01-10 04:09:28.066544 | Epoch:2804 | LR: 0.0000018 | Loss : 0.0271 | Val loss: 0.0255
2026-01-10 04:09:32.265692 | Epoch:2805 | LR: 0.0000018 | Loss : 0.0269 | Val loss: 0.0269
2026-01-10 04:09:36.530343 | Epoch:2806 | LR: 0.0000018 | Loss : 0.0256 | Val loss: 0.0263
2026-01-10 04:09:40.806102 | Epoch:2807 | LR: 0.0000018 | Loss : 0.0264 | Val loss: 0.0272
2026-01-10 04:09:45.083001 | Epoch:2808 | LR: 0.0000019 | Loss : 0.0264 | Val loss: 0.0262
2026-01-10 04:09:49.390995 | Epoch:2809 | LR: 0.0000019 | Loss : 0.0257 | Val loss: 0.0260
2026-01-10 04:09:53.724444 | Epoch:2810 | LR: 0.0000019 | Loss : 0.0263 | Val loss: 0.0268
2026-01-10 04:09:57.992585 | Epoch:2811 | LR: 0.0000019 | Loss : 0.0262 | Val loss: 0.0304
2026-01-10 04:10:02.230773 | Epoch:2812 | LR: 0.0000019 | Loss : 0.0283 | Val loss: 0.0267
2026-01-10 04:10:06.437801 | Epoch:2813 | LR: 0.0000019 | Loss : 0.0266 | Val loss: 0.0260
2026-01-10 04:10:10.623908 | Epoch:2814 | LR: 0.0000019 | Loss : 0.0275 | Val loss: 0.0292
2026-01-10 04:10:14.797164 | Epoch:2815 | LR: 0.0000019 | Loss : 0.0265 | Val loss: 0.0268
2026-01-10 04:10:19.067112 | Epoch:2816 | LR: 0.0000020 | Loss : 0.0255 | Val loss: 0.0265
2026-01-10 04:10:23.283814 | Epoch:2817 | LR: 0.0000020 | Loss : 0.0270 | Val loss: 0.0243
2026-01-10 04:10:27.589135 | Epoch:2818 | LR: 0.0000020 | Loss : 0.0269 | Val loss: 0.0252
2026-01-10 04:10:31.845316 | Epoch:2819 | LR: 0.0000020 | Loss : 0.0255 | Val loss: 0.0280
2026-01-10 04:10:36.353752 | Epoch:2820 | LR: 0.0000020 | Loss : 0.0260 | Val loss: 0.0268
2026-01-10 04:10:40.608061 | Epoch:2821 | LR: 0.0000020 | Loss : 0.0261 | Val loss: 0.0275
2026-01-10 04:10:44.889688 | Epoch:2822 | LR: 0.0000020 | Loss : 0.0271 | Val loss: 0.0249
2026-01-10 04:10:49.161830 | Epoch:2823 | LR: 0.0000020 | Loss : 0.0266 | Val loss: 0.0266
2026-01-10 04:10:53.450888 | Epoch:2824 | LR: 0.0000021 | Loss : 0.0275 | Val loss: 0.0277
2026-01-10 04:10:57.740065 | Epoch:2825 | LR: 0.0000021 | Loss : 0.0264 | Val loss: 0.0274
2026-01-10 04:11:02.031769 | Epoch:2826 | LR: 0.0000021 | Loss : 0.0274 | Val loss: 0.0273
2026-01-10 04:11:06.290149 | Epoch:2827 | LR: 0.0000021 | Loss : 0.0256 | Val loss: 0.0260
2026-01-10 04:11:10.547371 | Epoch:2828 | LR: 0.0000021 | Loss : 0.0274 | Val loss: 0.0265
2026-01-10 04:11:14.744189 | Epoch:2829 | LR: 0.0000021 | Loss : 0.0272 | Val loss: 0.0267
2026-01-10 04:11:18.904808 | Epoch:2830 | LR: 0.0000021 | Loss : 0.0263 | Val loss: 0.0277
2026-01-10 04:11:23.071970 | Epoch:2831 | LR: 0.0000021 | Loss : 0.0269 | Val loss: 0.0256
2026-01-10 04:11:27.311490 | Epoch:2832 | LR: 0.0000022 | Loss : 0.0280 | Val loss: 0.0261
2026-01-10 04:11:31.611427 | Epoch:2833 | LR: 0.0000022 | Loss : 0.0252 | Val loss: 0.0262
2026-01-10 04:11:35.851522 | Epoch:2834 | LR: 0.0000022 | Loss : 0.0274 | Val loss: 0.0264
2026-01-10 04:11:40.118407 | Epoch:2835 | LR: 0.0000022 | Loss : 0.0265 | Val loss: 0.0262
2026-01-10 04:11:44.372810 | Epoch:2836 | LR: 0.0000022 | Loss : 0.0262 | Val loss: 0.0261
2026-01-10 04:11:48.648085 | Epoch:2837 | LR: 0.0000022 | Loss : 0.0264 | Val loss: 0.0260
2026-01-10 04:11:52.930856 | Epoch:2838 | LR: 0.0000022 | Loss : 0.0280 | Val loss: 0.0255
2026-01-10 04:11:57.218681 | Epoch:2839 | LR: 0.0000022 | Loss : 0.0259 | Val loss: 0.0253
2026-01-10 04:12:01.478933 | Epoch:2840 | LR: 0.0000023 | Loss : 0.0267 | Val loss: 0.0260
2026-01-10 04:12:05.747491 | Epoch:2841 | LR: 0.0000023 | Loss : 0.0268 | Val loss: 0.0280
2026-01-10 04:12:10.092938 | Epoch:2842 | LR: 0.0000023 | Loss : 0.0267 | Val loss: 0.0294
2026-01-10 04:12:14.307379 | Epoch:2843 | LR: 0.0000023 | Loss : 0.0263 | Val loss: 0.0258
2026-01-10 04:12:18.496477 | Epoch:2844 | LR: 0.0000023 | Loss : 0.0271 | Val loss: 0.0253
2026-01-10 04:12:22.940533 | Epoch:2845 | LR: 0.0000023 | Loss : 0.0261 | Val loss: 0.0252
2026-01-10 04:12:27.149709 | Epoch:2846 | LR: 0.0000023 | Loss : 0.0265 | Val loss: 0.0274
2026-01-10 04:12:31.344751 | Epoch:2847 | LR: 0.0000024 | Loss : 0.0265 | Val loss: 0.0270
2026-01-10 04:12:35.625673 | Epoch:2848 | LR: 0.0000024 | Loss : 0.0271 | Val loss: 0.0266
2026-01-10 04:12:39.945008 | Epoch:2849 | LR: 0.0000024 | Loss : 0.0279 | Val loss: 0.0247
2026-01-10 04:12:44.207036 | Epoch:2850 | LR: 0.0000024 | Loss : 0.0270 | Val loss: 0.0270
2026-01-10 04:12:48.465784 | Epoch:2851 | LR: 0.0000024 | Loss : 0.0259 | Val loss: 0.0251
2026-01-10 04:12:52.740291 | Epoch:2852 | LR: 0.0000024 | Loss : 0.0268 | Val loss: 0.0256
2026-01-10 04:12:57.000212 | Epoch:2853 | LR: 0.0000024 | Loss : 0.0265 | Val loss: 0.0275
2026-01-10 04:13:01.269817 | Epoch:2854 | LR: 0.0000024 | Loss : 0.0251 | Val loss: 0.0277
2026-01-10 04:13:05.531928 | Epoch:2855 | LR: 0.0000025 | Loss : 0.0274 | Val loss: 0.0287
2026-01-10 04:13:09.784610 | Epoch:2856 | LR: 0.0000025 | Loss : 0.0262 | Val loss: 0.0286
2026-01-10 04:13:14.051603 | Epoch:2857 | LR: 0.0000025 | Loss : 0.0257 | Val loss: 0.0276
2026-01-10 04:13:18.288702 | Epoch:2858 | LR: 0.0000025 | Loss : 0.0276 | Val loss: 0.0263
2026-01-10 04:13:22.574369 | Epoch:2859 | LR: 0.0000025 | Loss : 0.0251 | Val loss: 0.0270
2026-01-10 04:13:26.786424 | Epoch:2860 | LR: 0.0000025 | Loss : 0.0278 | Val loss: 0.0258
2026-01-10 04:13:30.945509 | Epoch:2861 | LR: 0.0000025 | Loss : 0.0255 | Val loss: 0.0276
2026-01-10 04:13:35.115523 | Epoch:2862 | LR: 0.0000026 | Loss : 0.0257 | Val loss: 0.0265
2026-01-10 04:13:39.317721 | Epoch:2863 | LR: 0.0000026 | Loss : 0.0259 | Val loss: 0.0253
2026-01-10 04:13:43.673014 | Epoch:2864 | LR: 0.0000026 | Loss : 0.0254 | Val loss: 0.0233
2026-01-10 04:13:47.942838 | Epoch:2865 | LR: 0.0000026 | Loss : 0.0268 | Val loss: 0.0266
2026-01-10 04:13:52.197657 | Epoch:2866 | LR: 0.0000026 | Loss : 0.0269 | Val loss: 0.0261
2026-01-10 04:13:56.462705 | Epoch:2867 | LR: 0.0000026 | Loss : 0.0254 | Val loss: 0.0264
2026-01-10 04:14:00.748257 | Epoch:2868 | LR: 0.0000026 | Loss : 0.0246 | Val loss: 0.0275
2026-01-10 04:14:05.026950 | Epoch:2869 | LR: 0.0000027 | Loss : 0.0275 | Val loss: 0.0266
2026-01-10 04:14:09.274189 | Epoch:2870 | LR: 0.0000027 | Loss : 0.0261 | Val loss: 0.0238
2026-01-10 04:14:13.530514 | Epoch:2871 | LR: 0.0000027 | Loss : 0.0264 | Val loss: 0.0241
2026-01-10 04:14:17.778491 | Epoch:2872 | LR: 0.0000027 | Loss : 0.0264 | Val loss: 0.0252
2026-01-10 04:14:22.040810 | Epoch:2873 | LR: 0.0000027 | Loss : 0.0255 | Val loss: 0.0251
2026-01-10 04:14:26.298749 | Epoch:2874 | LR: 0.0000027 | Loss : 0.0251 | Val loss: 0.0251
2026-01-10 04:14:30.524158 | Epoch:2875 | LR: 0.0000027 | Loss : 0.0256 | Val loss: 0.0256
2026-01-10 04:14:34.680363 | Epoch:2876 | LR: 0.0000028 | Loss : 0.0272 | Val loss: 0.0259
2026-01-10 04:14:38.883670 | Epoch:2877 | LR: 0.0000028 | Loss : 0.0260 | Val loss: 0.0264
2026-01-10 04:14:43.107211 | Epoch:2878 | LR: 0.0000028 | Loss : 0.0259 | Val loss: 0.0226
2026-01-10 04:14:48.763764 | Epoch:2879 | LR: 0.0000028 | Loss : 0.0276 | Val loss: 0.0269
2026-01-10 04:14:53.068700 | Epoch:2880 | LR: 0.0000028 | Loss : 0.0261 | Val loss: 0.0276
2026-01-10 04:14:57.324794 | Epoch:2881 | LR: 0.0000028 | Loss : 0.0266 | Val loss: 0.0284
2026-01-10 04:15:01.600681 | Epoch:2882 | LR: 0.0000028 | Loss : 0.0258 | Val loss: 0.0274
2026-01-10 04:15:05.880008 | Epoch:2883 | LR: 0.0000029 | Loss : 0.0271 | Val loss: 0.0262
2026-01-10 04:15:10.154380 | Epoch:2884 | LR: 0.0000029 | Loss : 0.0266 | Val loss: 0.0272
2026-01-10 04:15:14.668248 | Epoch:2885 | LR: 0.0000029 | Loss : 0.0261 | Val loss: 0.0271
2026-01-10 04:15:18.907888 | Epoch:2886 | LR: 0.0000029 | Loss : 0.0254 | Val loss: 0.0270
2026-01-10 04:15:23.150502 | Epoch:2887 | LR: 0.0000029 | Loss : 0.0258 | Val loss: 0.0265
2026-01-10 04:15:27.408939 | Epoch:2888 | LR: 0.0000029 | Loss : 0.0255 | Val loss: 0.0258
2026-01-10 04:15:31.686898 | Epoch:2889 | LR: 0.0000029 | Loss : 0.0260 | Val loss: 0.0262
2026-01-10 04:15:35.925393 | Epoch:2890 | LR: 0.0000030 | Loss : 0.0264 | Val loss: 0.0253
2026-01-10 04:15:40.122412 | Epoch:2891 | LR: 0.0000030 | Loss : 0.0259 | Val loss: 0.0254
2026-01-10 04:15:44.276605 | Epoch:2892 | LR: 0.0000030 | Loss : 0.0257 | Val loss: 0.0271
2026-01-10 04:15:48.566852 | Epoch:2893 | LR: 0.0000030 | Loss : 0.0260 | Val loss: 0.0298
2026-01-10 04:15:52.913118 | Epoch:2894 | LR: 0.0000030 | Loss : 0.0263 | Val loss: 0.0268
2026-01-10 04:15:57.152918 | Epoch:2895 | LR: 0.0000030 | Loss : 0.0263 | Val loss: 0.0267
2026-01-10 04:16:01.386724 | Epoch:2896 | LR: 0.0000031 | Loss : 0.0264 | Val loss: 0.0257
2026-01-10 04:16:05.646431 | Epoch:2897 | LR: 0.0000031 | Loss : 0.0251 | Val loss: 0.0255
2026-01-10 04:16:09.900131 | Epoch:2898 | LR: 0.0000031 | Loss : 0.0253 | Val loss: 0.0260
2026-01-10 04:16:14.161246 | Epoch:2899 | LR: 0.0000031 | Loss : 0.0254 | Val loss: 0.0277
2026-01-10 04:16:18.433971 | Epoch:2900 | LR: 0.0000031 | Loss : 0.0255 | Val loss: 0.0254
2026-01-10 04:16:22.720382 | Epoch:2901 | LR: 0.0000031 | Loss : 0.0257 | Val loss: 0.0255
2026-01-10 04:16:26.975060 | Epoch:2902 | LR: 0.0000031 | Loss : 0.0258 | Val loss: 0.0255
2026-01-10 04:16:31.245438 | Epoch:2903 | LR: 0.0000032 | Loss : 0.0261 | Val loss: 0.0256
2026-01-10 04:16:35.466618 | Epoch:2904 | LR: 0.0000032 | Loss : 0.0243 | Val loss: 0.0261
2026-01-10 04:16:39.656658 | Epoch:2905 | LR: 0.0000032 | Loss : 0.0269 | Val loss: 0.0255
2026-01-10 04:16:43.857671 | Epoch:2906 | LR: 0.0000032 | Loss : 0.0266 | Val loss: 0.0278
2026-01-10 04:16:48.000864 | Epoch:2907 | LR: 0.0000032 | Loss : 0.0276 | Val loss: 0.0276
2026-01-10 04:16:52.141596 | Epoch:2908 | LR: 0.0000032 | Loss : 0.0256 | Val loss: 0.0257
2026-01-10 04:16:56.447123 | Epoch:2909 | LR: 0.0000033 | Loss : 0.0266 | Val loss: 0.0270
2026-01-10 04:17:00.670168 | Epoch:2910 | LR: 0.0000033 | Loss : 0.0265 | Val loss: 0.0267
2026-01-10 04:17:04.919640 | Epoch:2911 | LR: 0.0000033 | Loss : 0.0260 | Val loss: 0.0286
2026-01-10 04:17:09.182481 | Epoch:2912 | LR: 0.0000033 | Loss : 0.0248 | Val loss: 0.0234
2026-01-10 04:17:13.409094 | Epoch:2913 | LR: 0.0000033 | Loss : 0.0261 | Val loss: 0.0283
2026-01-10 04:17:17.689362 | Epoch:2914 | LR: 0.0000033 | Loss : 0.0257 | Val loss: 0.0239
2026-01-10 04:17:21.966004 | Epoch:2915 | LR: 0.0000033 | Loss : 0.0248 | Val loss: 0.0262
2026-01-10 04:17:26.243106 | Epoch:2916 | LR: 0.0000034 | Loss : 0.0260 | Val loss: 0.0261
2026-01-10 04:17:30.497083 | Epoch:2917 | LR: 0.0000034 | Loss : 0.0257 | Val loss: 0.0267
2026-01-10 04:17:34.751914 | Epoch:2918 | LR: 0.0000034 | Loss : 0.0248 | Val loss: 0.0259
2026-01-10 04:17:38.977746 | Epoch:2919 | LR: 0.0000034 | Loss : 0.0263 | Val loss: 0.0264
2026-01-10 04:17:43.198959 | Epoch:2920 | LR: 0.0000034 | Loss : 0.0254 | Val loss: 0.0283
2026-01-10 04:17:47.354200 | Epoch:2921 | LR: 0.0000034 | Loss : 0.0264 | Val loss: 0.0286
2026-01-10 04:17:51.581924 | Epoch:2922 | LR: 0.0000035 | Loss : 0.0247 | Val loss: 0.0248
2026-01-10 04:17:55.815161 | Epoch:2923 | LR: 0.0000035 | Loss : 0.0267 | Val loss: 0.0265
2026-01-10 04:18:00.049733 | Epoch:2924 | LR: 0.0000035 | Loss : 0.0262 | Val loss: 0.0282
2026-01-10 04:18:04.273518 | Epoch:2925 | LR: 0.0000035 | Loss : 0.0254 | Val loss: 0.0251
2026-01-10 04:18:08.501360 | Epoch:2926 | LR: 0.0000035 | Loss : 0.0250 | Val loss: 0.0240
2026-01-10 04:18:13.025143 | Epoch:2927 | LR: 0.0000035 | Loss : 0.0247 | Val loss: 0.0254
2026-01-10 04:18:17.288108 | Epoch:2928 | LR: 0.0000036 | Loss : 0.0268 | Val loss: 0.0260
2026-01-10 04:18:21.552514 | Epoch:2929 | LR: 0.0000036 | Loss : 0.0252 | Val loss: 0.0242
2026-01-10 04:18:25.799812 | Epoch:2930 | LR: 0.0000036 | Loss : 0.0269 | Val loss: 0.0247
2026-01-10 04:18:30.081083 | Epoch:2931 | LR: 0.0000036 | Loss : 0.0254 | Val loss: 0.0265
2026-01-10 04:18:34.341670 | Epoch:2932 | LR: 0.0000036 | Loss : 0.0250 | Val loss: 0.0271
2026-01-10 04:18:38.639698 | Epoch:2933 | LR: 0.0000036 | Loss : 0.0248 | Val loss: 0.0253
2026-01-10 04:18:42.890123 | Epoch:2934 | LR: 0.0000037 | Loss : 0.0255 | Val loss: 0.0253
2026-01-10 04:18:47.114661 | Epoch:2935 | LR: 0.0000037 | Loss : 0.0255 | Val loss: 0.0241
2026-01-10 04:18:51.277051 | Epoch:2936 | LR: 0.0000037 | Loss : 0.0265 | Val loss: 0.0253
2026-01-10 04:18:55.433937 | Epoch:2937 | LR: 0.0000037 | Loss : 0.0250 | Val loss: 0.0248
2026-01-10 04:18:59.635335 | Epoch:2938 | LR: 0.0000037 | Loss : 0.0253 | Val loss: 0.0265
2026-01-10 04:19:03.852887 | Epoch:2939 | LR: 0.0000037 | Loss : 0.0273 | Val loss: 0.0242
2026-01-10 04:19:08.101201 | Epoch:2940 | LR: 0.0000037 | Loss : 0.0260 | Val loss: 0.0253
2026-01-10 04:19:12.410224 | Epoch:2941 | LR: 0.0000038 | Loss : 0.0241 | Val loss: 0.0264
2026-01-10 04:19:16.660398 | Epoch:2942 | LR: 0.0000038 | Loss : 0.0249 | Val loss: 0.0252
2026-01-10 04:19:20.921697 | Epoch:2943 | LR: 0.0000038 | Loss : 0.0256 | Val loss: 0.0250
2026-01-10 04:19:25.187696 | Epoch:2944 | LR: 0.0000038 | Loss : 0.0252 | Val loss: 0.0263
2026-01-10 04:19:29.450944 | Epoch:2945 | LR: 0.0000038 | Loss : 0.0270 | Val loss: 0.0262
2026-01-10 04:19:33.740855 | Epoch:2946 | LR: 0.0000038 | Loss : 0.0249 | Val loss: 0.0257
2026-01-10 04:19:38.002252 | Epoch:2947 | LR: 0.0000039 | Loss : 0.0253 | Val loss: 0.0259
2026-01-10 04:19:42.245768 | Epoch:2948 | LR: 0.0000039 | Loss : 0.0261 | Val loss: 0.0283
2026-01-10 04:19:46.506248 | Epoch:2949 | LR: 0.0000039 | Loss : 0.0254 | Val loss: 0.0253
2026-01-10 04:19:50.760892 | Epoch:2950 | LR: 0.0000039 | Loss : 0.0261 | Val loss: 0.0245
2026-01-10 04:19:55.008261 | Epoch:2951 | LR: 0.0000039 | Loss : 0.0255 | Val loss: 0.0239
2026-01-10 04:19:59.179003 | Epoch:2952 | LR: 0.0000040 | Loss : 0.0263 | Val loss: 0.0261
2026-01-10 04:20:03.341942 | Epoch:2953 | LR: 0.0000040 | Loss : 0.0264 | Val loss: 0.0267
2026-01-10 04:20:07.539282 | Epoch:2954 | LR: 0.0000040 | Loss : 0.0272 | Val loss: 0.0270
2026-01-10 04:20:11.762639 | Epoch:2955 | LR: 0.0000040 | Loss : 0.0256 | Val loss: 0.0244
2026-01-10 04:20:16.275769 | Epoch:2956 | LR: 0.0000040 | Loss : 0.0254 | Val loss: 0.0242
2026-01-10 04:20:20.568155 | Epoch:2957 | LR: 0.0000040 | Loss : 0.0247 | Val loss: 0.0264
2026-01-10 04:20:24.829042 | Epoch:2958 | LR: 0.0000041 | Loss : 0.0253 | Val loss: 0.0254
2026-01-10 04:20:29.070386 | Epoch:2959 | LR: 0.0000041 | Loss : 0.0256 | Val loss: 0.0247
2026-01-10 04:20:33.349262 | Epoch:2960 | LR: 0.0000041 | Loss : 0.0253 | Val loss: 0.0260
2026-01-10 04:20:37.633096 | Epoch:2961 | LR: 0.0000041 | Loss : 0.0250 | Val loss: 0.0272
2026-01-10 04:20:41.879677 | Epoch:2962 | LR: 0.0000041 | Loss : 0.0250 | Val loss: 0.0254
2026-01-10 04:20:46.123979 | Epoch:2963 | LR: 0.0000041 | Loss : 0.0263 | Val loss: 0.0232
2026-01-10 04:20:50.466145 | Epoch:2964 | LR: 0.0000042 | Loss : 0.0243 | Val loss: 0.0265
2026-01-10 04:20:54.745805 | Epoch:2965 | LR: 0.0000042 | Loss : 0.0253 | Val loss: 0.0236
2026-01-10 04:20:59.005651 | Epoch:2966 | LR: 0.0000042 | Loss : 0.0255 | Val loss: 0.0286
2026-01-10 04:21:03.221767 | Epoch:2967 | LR: 0.0000042 | Loss : 0.0249 | Val loss: 0.0263
2026-01-10 04:21:07.377019 | Epoch:2968 | LR: 0.0000042 | Loss : 0.0249 | Val loss: 0.0240
2026-01-10 04:21:11.538441 | Epoch:2969 | LR: 0.0000042 | Loss : 0.0253 | Val loss: 0.0262
2026-01-10 04:21:15.736000 | Epoch:2970 | LR: 0.0000043 | Loss : 0.0247 | Val loss: 0.0241
2026-01-10 04:21:19.990481 | Epoch:2971 | LR: 0.0000043 | Loss : 0.0262 | Val loss: 0.0246
2026-01-10 04:21:24.350867 | Epoch:2972 | LR: 0.0000043 | Loss : 0.0243 | Val loss: 0.0279
2026-01-10 04:21:28.603358 | Epoch:2973 | LR: 0.0000043 | Loss : 0.0263 | Val loss: 0.0254
2026-01-10 04:21:32.877448 | Epoch:2974 | LR: 0.0000043 | Loss : 0.0246 | Val loss: 0.0236
2026-01-10 04:21:37.104768 | Epoch:2975 | LR: 0.0000044 | Loss : 0.0264 | Val loss: 0.0245
2026-01-10 04:21:41.373281 | Epoch:2976 | LR: 0.0000044 | Loss : 0.0246 | Val loss: 0.0248
2026-01-10 04:21:45.654400 | Epoch:2977 | LR: 0.0000044 | Loss : 0.0252 | Val loss: 0.0262
2026-01-10 04:21:49.912688 | Epoch:2978 | LR: 0.0000044 | Loss : 0.0239 | Val loss: 0.0262
2026-01-10 04:21:54.179077 | Epoch:2979 | LR: 0.0000044 | Loss : 0.0243 | Val loss: 0.0235
2026-01-10 04:21:58.445264 | Epoch:2980 | LR: 0.0000044 | Loss : 0.0251 | Val loss: 0.0258
2026-01-10 04:22:02.696991 | Epoch:2981 | LR: 0.0000045 | Loss : 0.0244 | Val loss: 0.0269
2026-01-10 04:22:06.901851 | Epoch:2982 | LR: 0.0000045 | Loss : 0.0243 | Val loss: 0.0262
2026-01-10 04:22:11.077146 | Epoch:2983 | LR: 0.0000045 | Loss : 0.0244 | Val loss: 0.0252
2026-01-10 04:22:15.222554 | Epoch:2984 | LR: 0.0000045 | Loss : 0.0252 | Val loss: 0.0251
2026-01-10 04:22:19.434520 | Epoch:2985 | LR: 0.0000045 | Loss : 0.0257 | Val loss: 0.0273
2026-01-10 04:22:23.636704 | Epoch:2986 | LR: 0.0000045 | Loss : 0.0248 | Val loss: 0.0249
2026-01-10 04:22:27.954811 | Epoch:2987 | LR: 0.0000046 | Loss : 0.0264 | Val loss: 0.0246
2026-01-10 04:22:32.284841 | Epoch:2988 | LR: 0.0000046 | Loss : 0.0248 | Val loss: 0.0248
2026-01-10 04:22:36.467949 | Epoch:2989 | LR: 0.0000046 | Loss : 0.0241 | Val loss: 0.0272
2026-01-10 04:22:40.742093 | Epoch:2990 | LR: 0.0000046 | Loss : 0.0247 | Val loss: 0.0248
2026-01-10 04:22:45.029273 | Epoch:2991 | LR: 0.0000046 | Loss : 0.0250 | Val loss: 0.0257
2026-01-10 04:22:49.547068 | Epoch:2992 | LR: 0.0000047 | Loss : 0.0241 | Val loss: 0.0246
2026-01-10 04:22:53.811300 | Epoch:2993 | LR: 0.0000047 | Loss : 0.0258 | Val loss: 0.0267
2026-01-10 04:22:58.042953 | Epoch:2994 | LR: 0.0000047 | Loss : 0.0244 | Val loss: 0.0245
2026-01-10 04:23:03.881908 | Epoch:2995 | LR: 0.0000047 | Loss : 0.0249 | Val loss: 0.0238
2026-01-10 04:23:08.148339 | Epoch:2996 | LR: 0.0000047 | Loss : 0.0252 | Val loss: 0.0244
2026-01-10 04:23:12.411161 | Epoch:2997 | LR: 0.0000047 | Loss : 0.0255 | Val loss: 0.0260
2026-01-10 04:23:16.643401 | Epoch:2998 | LR: 0.0000048 | Loss : 0.0244 | Val loss: 0.0275
2026-01-10 04:23:20.829105 | Epoch:2999 | LR: 0.0000048 | Loss : 0.0253 | Val loss: 0.0250
2026-01-10 04:23:25.010280 | Epoch:3000 | LR: 0.0000048 | Loss : 0.0252 | Val loss: 0.0260
2026-01-10 04:23:29.271403 | Epoch:3001 | LR: 0.0000048 | Loss : 0.0247 | Val loss: 0.0241
2026-01-10 04:23:33.503663 | Epoch:3002 | LR: 0.0000048 | Loss : 0.0253 | Val loss: 0.0240
2026-01-10 04:23:37.920861 | Epoch:3003 | LR: 0.0000049 | Loss : 0.0246 | Val loss: 0.0243
2026-01-10 04:23:42.191275 | Epoch:3004 | LR: 0.0000049 | Loss : 0.0254 | Val loss: 0.0239
2026-01-10 04:23:46.457640 | Epoch:3005 | LR: 0.0000049 | Loss : 0.0253 | Val loss: 0.0260
2026-01-10 04:23:50.730029 | Epoch:3006 | LR: 0.0000049 | Loss : 0.0250 | Val loss: 0.0247
2026-01-10 04:23:55.002908 | Epoch:3007 | LR: 0.0000049 | Loss : 0.0243 | Val loss: 0.0255
2026-01-10 04:23:59.248384 | Epoch:3008 | LR: 0.0000050 | Loss : 0.0269 | Val loss: 0.0247
2026-01-10 04:24:03.483166 | Epoch:3009 | LR: 0.0000050 | Loss : 0.0248 | Val loss: 0.0245
2026-01-10 04:24:07.811357 | Epoch:3010 | LR: 0.0000050 | Loss : 0.0250 | Val loss: 0.0252
2026-01-10 04:24:12.076016 | Epoch:3011 | LR: 0.0000050 | Loss : 0.0245 | Val loss: 0.0237
2026-01-10 04:24:16.333263 | Epoch:3012 | LR: 0.0000050 | Loss : 0.0257 | Val loss: 0.0238
2026-01-10 04:24:20.570136 | Epoch:3013 | LR: 0.0000050 | Loss : 0.0236 | Val loss: 0.0237
2026-01-10 04:24:24.747323 | Epoch:3014 | LR: 0.0000051 | Loss : 0.0259 | Val loss: 0.0231
2026-01-10 04:24:28.930451 | Epoch:3015 | LR: 0.0000051 | Loss : 0.0237 | Val loss: 0.0253
2026-01-10 04:24:33.192274 | Epoch:3016 | LR: 0.0000051 | Loss : 0.0239 | Val loss: 0.0252
2026-01-10 04:24:37.472601 | Epoch:3017 | LR: 0.0000051 | Loss : 0.0238 | Val loss: 0.0250
2026-01-10 04:24:41.796021 | Epoch:3018 | LR: 0.0000051 | Loss : 0.0245 | Val loss: 0.0251
2026-01-10 04:24:46.072635 | Epoch:3019 | LR: 0.0000052 | Loss : 0.0239 | Val loss: 0.0230
2026-01-10 04:24:50.338508 | Epoch:3020 | LR: 0.0000052 | Loss : 0.0236 | Val loss: 0.0258
2026-01-10 04:24:54.608276 | Epoch:3021 | LR: 0.0000052 | Loss : 0.0250 | Val loss: 0.0264
2026-01-10 04:24:58.883977 | Epoch:3022 | LR: 0.0000052 | Loss : 0.0237 | Val loss: 0.0240
2026-01-10 04:25:03.150223 | Epoch:3023 | LR: 0.0000052 | Loss : 0.0237 | Val loss: 0.0232
2026-01-10 04:25:07.391612 | Epoch:3024 | LR: 0.0000053 | Loss : 0.0257 | Val loss: 0.0250
2026-01-10 04:25:11.643163 | Epoch:3025 | LR: 0.0000053 | Loss : 0.0243 | Val loss: 0.0259
2026-01-10 04:25:15.892328 | Epoch:3026 | LR: 0.0000053 | Loss : 0.0244 | Val loss: 0.0239
2026-01-10 04:25:20.151924 | Epoch:3027 | LR: 0.0000053 | Loss : 0.0247 | Val loss: 0.0258
2026-01-10 04:25:24.415334 | Epoch:3028 | LR: 0.0000053 | Loss : 0.0248 | Val loss: 0.0250
2026-01-10 04:25:28.617589 | Epoch:3029 | LR: 0.0000054 | Loss : 0.0246 | Val loss: 0.0252
2026-01-10 04:25:33.057163 | Epoch:3030 | LR: 0.0000054 | Loss : 0.0254 | Val loss: 0.0233
2026-01-10 04:25:37.284750 | Epoch:3031 | LR: 0.0000054 | Loss : 0.0237 | Val loss: 0.0242
2026-01-10 04:25:41.521543 | Epoch:3032 | LR: 0.0000054 | Loss : 0.0247 | Val loss: 0.0222
2026-01-10 04:25:45.825978 | Epoch:3033 | LR: 0.0000054 | Loss : 0.0256 | Val loss: 0.0238
2026-01-10 04:25:50.448052 | Epoch:3034 | LR: 0.0000055 | Loss : 0.0242 | Val loss: 0.0231
2026-01-10 04:25:54.745607 | Epoch:3035 | LR: 0.0000055 | Loss : 0.0245 | Val loss: 0.0225
2026-01-10 04:25:59.056240 | Epoch:3036 | LR: 0.0000055 | Loss : 0.0245 | Val loss: 0.0243
2026-01-10 04:26:03.333244 | Epoch:3037 | LR: 0.0000055 | Loss : 0.0235 | Val loss: 0.0248
2026-01-10 04:26:07.583912 | Epoch:3038 | LR: 0.0000055 | Loss : 0.0236 | Val loss: 0.0233
2026-01-10 04:26:11.807365 | Epoch:3039 | LR: 0.0000056 | Loss : 0.0252 | Val loss: 0.0249
2026-01-10 04:26:16.050686 | Epoch:3040 | LR: 0.0000056 | Loss : 0.0254 | Val loss: 0.0247
2026-01-10 04:26:20.372564 | Epoch:3041 | LR: 0.0000056 | Loss : 0.0231 | Val loss: 0.0240
2026-01-10 04:26:24.641604 | Epoch:3042 | LR: 0.0000056 | Loss : 0.0244 | Val loss: 0.0243
2026-01-10 04:26:28.889165 | Epoch:3043 | LR: 0.0000056 | Loss : 0.0241 | Val loss: 0.0249
2026-01-10 04:26:33.112723 | Epoch:3044 | LR: 0.0000057 | Loss : 0.0247 | Val loss: 0.0225
2026-01-10 04:26:37.292227 | Epoch:3045 | LR: 0.0000057 | Loss : 0.0243 | Val loss: 0.0264
2026-01-10 04:26:41.498456 | Epoch:3046 | LR: 0.0000057 | Loss : 0.0242 | Val loss: 0.0256
2026-01-10 04:26:45.732106 | Epoch:3047 | LR: 0.0000057 | Loss : 0.0243 | Val loss: 0.0245
2026-01-10 04:26:50.031490 | Epoch:3048 | LR: 0.0000057 | Loss : 0.0240 | Val loss: 0.0227
2026-01-10 04:26:54.393745 | Epoch:3049 | LR: 0.0000058 | Loss : 0.0238 | Val loss: 0.0215
2026-01-10 04:26:58.672489 | Epoch:3050 | LR: 0.0000058 | Loss : 0.0262 | Val loss: 0.0241
2026-01-10 04:27:02.950378 | Epoch:3051 | LR: 0.0000058 | Loss : 0.0236 | Val loss: 0.0222
2026-01-10 04:27:07.227756 | Epoch:3052 | LR: 0.0000058 | Loss : 0.0233 | Val loss: 0.0270
2026-01-10 04:27:11.477492 | Epoch:3053 | LR: 0.0000058 | Loss : 0.0233 | Val loss: 0.0245
2026-01-10 04:27:15.724136 | Epoch:3054 | LR: 0.0000059 | Loss : 0.0229 | Val loss: 0.0226
2026-01-10 04:27:19.964649 | Epoch:3055 | LR: 0.0000059 | Loss : 0.0230 | Val loss: 0.0233
2026-01-10 04:27:24.213930 | Epoch:3056 | LR: 0.0000059 | Loss : 0.0232 | Val loss: 0.0239
2026-01-10 04:27:28.468836 | Epoch:3057 | LR: 0.0000059 | Loss : 0.0240 | Val loss: 0.0231
2026-01-10 04:27:32.738273 | Epoch:3058 | LR: 0.0000059 | Loss : 0.0231 | Val loss: 0.0239
2026-01-10 04:27:36.950951 | Epoch:3059 | LR: 0.0000060 | Loss : 0.0235 | Val loss: 0.0232
2026-01-10 04:27:41.129915 | Epoch:3060 | LR: 0.0000060 | Loss : 0.0242 | Val loss: 0.0245
2026-01-10 04:27:45.336076 | Epoch:3061 | LR: 0.0000060 | Loss : 0.0251 | Val loss: 0.0252
2026-01-10 04:27:49.585147 | Epoch:3062 | LR: 0.0000060 | Loss : 0.0251 | Val loss: 0.0258
2026-01-10 04:27:53.760781 | Epoch:3063 | LR: 0.0000060 | Loss : 0.0257 | Val loss: 0.0247
2026-01-10 04:27:58.144991 | Epoch:3064 | LR: 0.0000061 | Loss : 0.0242 | Val loss: 0.0253
2026-01-10 04:28:02.421290 | Epoch:3065 | LR: 0.0000061 | Loss : 0.0233 | Val loss: 0.0231
2026-01-10 04:28:06.704296 | Epoch:3066 | LR: 0.0000061 | Loss : 0.0248 | Val loss: 0.0257
2026-01-10 04:28:10.974447 | Epoch:3067 | LR: 0.0000061 | Loss : 0.0239 | Val loss: 0.0255
2026-01-10 04:28:15.266828 | Epoch:3068 | LR: 0.0000061 | Loss : 0.0233 | Val loss: 0.0233
2026-01-10 04:28:19.498108 | Epoch:3069 | LR: 0.0000062 | Loss : 0.0241 | Val loss: 0.0242
2026-01-10 04:28:23.985194 | Epoch:3070 | LR: 0.0000062 | Loss : 0.0236 | Val loss: 0.0239
2026-01-10 04:28:28.226549 | Epoch:3071 | LR: 0.0000062 | Loss : 0.0236 | Val loss: 0.0248
2026-01-10 04:28:32.480840 | Epoch:3072 | LR: 0.0000062 | Loss : 0.0241 | Val loss: 0.0234
2026-01-10 04:28:36.765273 | Epoch:3073 | LR: 0.0000062 | Loss : 0.0233 | Val loss: 0.0237
2026-01-10 04:28:40.999933 | Epoch:3074 | LR: 0.0000063 | Loss : 0.0236 | Val loss: 0.0227
2026-01-10 04:28:45.188687 | Epoch:3075 | LR: 0.0000063 | Loss : 0.0233 | Val loss: 0.0233
2026-01-10 04:28:49.464971 | Epoch:3076 | LR: 0.0000063 | Loss : 0.0244 | Val loss: 0.0243
2026-01-10 04:28:53.735857 | Epoch:3077 | LR: 0.0000063 | Loss : 0.0248 | Val loss: 0.0216
2026-01-10 04:28:57.986240 | Epoch:3078 | LR: 0.0000064 | Loss : 0.0235 | Val loss: 0.0236
2026-01-10 04:29:02.292813 | Epoch:3079 | LR: 0.0000064 | Loss : 0.0237 | Val loss: 0.0248
2026-01-10 04:29:06.654397 | Epoch:3080 | LR: 0.0000064 | Loss : 0.0259 | Val loss: 0.0232
2026-01-10 04:29:10.939573 | Epoch:3081 | LR: 0.0000064 | Loss : 0.0239 | Val loss: 0.0223
2026-01-10 04:29:15.228310 | Epoch:3082 | LR: 0.0000064 | Loss : 0.0240 | Val loss: 0.0230
2026-01-10 04:29:19.485456 | Epoch:3083 | LR: 0.0000065 | Loss : 0.0235 | Val loss: 0.0234
2026-01-10 04:29:23.737369 | Epoch:3084 | LR: 0.0000065 | Loss : 0.0237 | Val loss: 0.0230
2026-01-10 04:29:27.979197 | Epoch:3085 | LR: 0.0000065 | Loss : 0.0229 | Val loss: 0.0215
2026-01-10 04:29:32.218914 | Epoch:3086 | LR: 0.0000065 | Loss : 0.0253 | Val loss: 0.0242
2026-01-10 04:29:36.494235 | Epoch:3087 | LR: 0.0000065 | Loss : 0.0236 | Val loss: 0.0232
2026-01-10 04:29:40.786109 | Epoch:3088 | LR: 0.0000066 | Loss : 0.0226 | Val loss: 0.0235
2026-01-10 04:29:45.058544 | Epoch:3089 | LR: 0.0000066 | Loss : 0.0228 | Val loss: 0.0228
2026-01-10 04:29:49.258272 | Epoch:3090 | LR: 0.0000066 | Loss : 0.0242 | Val loss: 0.0225
2026-01-10 04:29:53.448233 | Epoch:3091 | LR: 0.0000066 | Loss : 0.0244 | Val loss: 0.0228
2026-01-10 04:29:57.673069 | Epoch:3092 | LR: 0.0000066 | Loss : 0.0236 | Val loss: 0.0213
2026-01-10 04:30:01.967662 | Epoch:3093 | LR: 0.0000067 | Loss : 0.0228 | Val loss: 0.0244
2026-01-10 04:30:06.229780 | Epoch:3094 | LR: 0.0000067 | Loss : 0.0229 | Val loss: 0.0235
2026-01-10 04:30:10.521014 | Epoch:3095 | LR: 0.0000067 | Loss : 0.0238 | Val loss: 0.0209
2026-01-10 04:30:14.837671 | Epoch:3096 | LR: 0.0000067 | Loss : 0.0226 | Val loss: 0.0241
2026-01-10 04:30:19.092174 | Epoch:3097 | LR: 0.0000068 | Loss : 0.0250 | Val loss: 0.0255
2026-01-10 04:30:23.283901 | Epoch:3098 | LR: 0.0000068 | Loss : 0.0232 | Val loss: 0.0239
2026-01-10 04:30:27.768313 | Epoch:3099 | LR: 0.0000068 | Loss : 0.0229 | Val loss: 0.0256
2026-01-10 04:30:31.992507 | Epoch:3100 | LR: 0.0000068 | Loss : 0.0243 | Val loss: 0.0249
2026-01-10 04:30:36.227825 | Epoch:3101 | LR: 0.0000068 | Loss : 0.0234 | Val loss: 0.0225
2026-01-10 04:30:40.497789 | Epoch:3102 | LR: 0.0000069 | Loss : 0.0230 | Val loss: 0.0231
2026-01-10 04:30:44.747367 | Epoch:3103 | LR: 0.0000069 | Loss : 0.0230 | Val loss: 0.0212
2026-01-10 04:30:49.026615 | Epoch:3104 | LR: 0.0000069 | Loss : 0.0245 | Val loss: 0.0235
2026-01-10 04:30:53.258708 | Epoch:3105 | LR: 0.0000069 | Loss : 0.0231 | Val loss: 0.0250
2026-01-10 04:30:57.445042 | Epoch:3106 | LR: 0.0000069 | Loss : 0.0224 | Val loss: 0.0248
2026-01-10 04:31:01.662272 | Epoch:3107 | LR: 0.0000070 | Loss : 0.0239 | Val loss: 0.0222
2026-01-10 04:31:05.906464 | Epoch:3108 | LR: 0.0000070 | Loss : 0.0228 | Val loss: 0.0237
2026-01-10 04:31:10.172912 | Epoch:3109 | LR: 0.0000070 | Loss : 0.0238 | Val loss: 0.0235
2026-01-10 04:31:14.520157 | Epoch:3110 | LR: 0.0000070 | Loss : 0.0218 | Val loss: 0.0235
2026-01-10 04:31:18.850061 | Epoch:3111 | LR: 0.0000071 | Loss : 0.0231 | Val loss: 0.0249
2026-01-10 04:31:23.126345 | Epoch:3112 | LR: 0.0000071 | Loss : 0.0248 | Val loss: 0.0244
2026-01-10 04:31:27.400310 | Epoch:3113 | LR: 0.0000071 | Loss : 0.0235 | Val loss: 0.0243
2026-01-10 04:31:31.637676 | Epoch:3114 | LR: 0.0000071 | Loss : 0.0231 | Val loss: 0.0229
2026-01-10 04:31:35.872115 | Epoch:3115 | LR: 0.0000071 | Loss : 0.0235 | Val loss: 0.0230
2026-01-10 04:31:40.134270 | Epoch:3116 | LR: 0.0000072 | Loss : 0.0238 | Val loss: 0.0227
2026-01-10 04:31:44.430423 | Epoch:3117 | LR: 0.0000072 | Loss : 0.0226 | Val loss: 0.0234
2026-01-10 04:31:48.699756 | Epoch:3118 | LR: 0.0000072 | Loss : 0.0240 | Val loss: 0.0203
2026-01-10 04:31:55.116625 | Epoch:3119 | LR: 0.0000072 | Loss : 0.0232 | Val loss: 0.0231
2026-01-10 04:31:59.346415 | Epoch:3120 | LR: 0.0000073 | Loss : 0.0232 | Val loss: 0.0243
2026-01-10 04:32:03.532469 | Epoch:3121 | LR: 0.0000073 | Loss : 0.0230 | Val loss: 0.0238
2026-01-10 04:32:07.758381 | Epoch:3122 | LR: 0.0000073 | Loss : 0.0249 | Val loss: 0.0228
2026-01-10 04:32:12.000471 | Epoch:3123 | LR: 0.0000073 | Loss : 0.0226 | Val loss: 0.0229
2026-01-10 04:32:16.334855 | Epoch:3124 | LR: 0.0000073 | Loss : 0.0235 | Val loss: 0.0245
2026-01-10 04:32:20.512543 | Epoch:3125 | LR: 0.0000074 | Loss : 0.0232 | Val loss: 0.0213
2026-01-10 04:32:24.859436 | Epoch:3126 | LR: 0.0000074 | Loss : 0.0228 | Val loss: 0.0240
2026-01-10 04:32:29.198683 | Epoch:3127 | LR: 0.0000074 | Loss : 0.0243 | Val loss: 0.0236
2026-01-10 04:32:33.472916 | Epoch:3128 | LR: 0.0000074 | Loss : 0.0225 | Val loss: 0.0243
2026-01-10 04:32:37.705870 | Epoch:3129 | LR: 0.0000075 | Loss : 0.0224 | Val loss: 0.0221
2026-01-10 04:32:41.910035 | Epoch:3130 | LR: 0.0000075 | Loss : 0.0223 | Val loss: 0.0219
2026-01-10 04:32:46.132757 | Epoch:3131 | LR: 0.0000075 | Loss : 0.0229 | Val loss: 0.0230
2026-01-10 04:32:50.415988 | Epoch:3132 | LR: 0.0000075 | Loss : 0.0239 | Val loss: 0.0233
2026-01-10 04:32:54.661223 | Epoch:3133 | LR: 0.0000075 | Loss : 0.0230 | Val loss: 0.0234
2026-01-10 04:32:58.914409 | Epoch:3134 | LR: 0.0000076 | Loss : 0.0231 | Val loss: 0.0220
2026-01-10 04:33:03.186722 | Epoch:3135 | LR: 0.0000076 | Loss : 0.0240 | Val loss: 0.0249
2026-01-10 04:33:07.667976 | Epoch:3136 | LR: 0.0000076 | Loss : 0.0231 | Val loss: 0.0236
2026-01-10 04:33:11.885101 | Epoch:3137 | LR: 0.0000076 | Loss : 0.0230 | Val loss: 0.0227
2026-01-10 04:33:16.109620 | Epoch:3138 | LR: 0.0000077 | Loss : 0.0236 | Val loss: 0.0244
2026-01-10 04:33:20.360310 | Epoch:3139 | LR: 0.0000077 | Loss : 0.0243 | Val loss: 0.0228
2026-01-10 04:33:24.614062 | Epoch:3140 | LR: 0.0000077 | Loss : 0.0218 | Val loss: 0.0233
2026-01-10 04:33:29.212698 | Epoch:3141 | LR: 0.0000077 | Loss : 0.0227 | Val loss: 0.0213
2026-01-10 04:33:33.573898 | Epoch:3142 | LR: 0.0000078 | Loss : 0.0233 | Val loss: 0.0253
2026-01-10 04:33:37.873500 | Epoch:3143 | LR: 0.0000078 | Loss : 0.0228 | Val loss: 0.0246
2026-01-10 04:33:42.121211 | Epoch:3144 | LR: 0.0000078 | Loss : 0.0223 | Val loss: 0.0233
2026-01-10 04:33:46.329124 | Epoch:3145 | LR: 0.0000078 | Loss : 0.0227 | Val loss: 0.0197
2026-01-10 04:33:50.573600 | Epoch:3146 | LR: 0.0000078 | Loss : 0.0229 | Val loss: 0.0249
2026-01-10 04:33:54.897668 | Epoch:3147 | LR: 0.0000079 | Loss : 0.0233 | Val loss: 0.0235
2026-01-10 04:33:59.146927 | Epoch:3148 | LR: 0.0000079 | Loss : 0.0231 | Val loss: 0.0231
2026-01-10 04:34:03.527858 | Epoch:3149 | LR: 0.0000079 | Loss : 0.0223 | Val loss: 0.0233
2026-01-10 04:34:07.787905 | Epoch:3150 | LR: 0.0000079 | Loss : 0.0225 | Val loss: 0.0243
2026-01-10 04:34:12.032208 | Epoch:3151 | LR: 0.0000080 | Loss : 0.0237 | Val loss: 0.0235
2026-01-10 04:34:16.242665 | Epoch:3152 | LR: 0.0000080 | Loss : 0.0248 | Val loss: 0.0235
2026-01-10 04:34:20.484331 | Epoch:3153 | LR: 0.0000080 | Loss : 0.0228 | Val loss: 0.0239
2026-01-10 04:34:24.752785 | Epoch:3154 | LR: 0.0000080 | Loss : 0.0219 | Val loss: 0.0241
2026-01-10 04:34:29.098498 | Epoch:3155 | LR: 0.0000081 | Loss : 0.0220 | Val loss: 0.0208
2026-01-10 04:34:33.376657 | Epoch:3156 | LR: 0.0000081 | Loss : 0.0221 | Val loss: 0.0220
2026-01-10 04:34:37.720821 | Epoch:3157 | LR: 0.0000081 | Loss : 0.0228 | Val loss: 0.0210
2026-01-10 04:34:42.079390 | Epoch:3158 | LR: 0.0000081 | Loss : 0.0232 | Val loss: 0.0230
2026-01-10 04:34:46.239033 | Epoch:3159 | LR: 0.0000081 | Loss : 0.0234 | Val loss: 0.0226
2026-01-10 04:34:50.442902 | Epoch:3160 | LR: 0.0000082 | Loss : 0.0230 | Val loss: 0.0225
2026-01-10 04:34:54.650868 | Epoch:3161 | LR: 0.0000082 | Loss : 0.0229 | Val loss: 0.0234
2026-01-10 04:34:58.879924 | Epoch:3162 | LR: 0.0000082 | Loss : 0.0220 | Val loss: 0.0248
2026-01-10 04:35:03.126108 | Epoch:3163 | LR: 0.0000082 | Loss : 0.0226 | Val loss: 0.0234
2026-01-10 04:35:07.381529 | Epoch:3164 | LR: 0.0000083 | Loss : 0.0233 | Val loss: 0.0229
2026-01-10 04:35:11.639103 | Epoch:3165 | LR: 0.0000083 | Loss : 0.0222 | Val loss: 0.0243
2026-01-10 04:35:15.895528 | Epoch:3166 | LR: 0.0000083 | Loss : 0.0214 | Val loss: 0.0212
2026-01-10 04:35:20.134665 | Epoch:3167 | LR: 0.0000083 | Loss : 0.0227 | Val loss: 0.0212
2026-01-10 04:35:24.385474 | Epoch:3168 | LR: 0.0000084 | Loss : 0.0227 | Val loss: 0.0231
2026-01-10 04:35:28.608160 | Epoch:3169 | LR: 0.0000084 | Loss : 0.0235 | Val loss: 0.0231
2026-01-10 04:35:32.887590 | Epoch:3170 | LR: 0.0000084 | Loss : 0.0217 | Val loss: 0.0249
2026-01-10 04:35:37.162897 | Epoch:3171 | LR: 0.0000084 | Loss : 0.0236 | Val loss: 0.0231
2026-01-10 04:35:41.488564 | Epoch:3172 | LR: 0.0000084 | Loss : 0.0217 | Val loss: 0.0230
2026-01-10 04:35:45.865293 | Epoch:3173 | LR: 0.0000085 | Loss : 0.0229 | Val loss: 0.0225
2026-01-10 04:35:50.142362 | Epoch:3174 | LR: 0.0000085 | Loss : 0.0221 | Val loss: 0.0224
2026-01-10 04:35:54.309294 | Epoch:3175 | LR: 0.0000085 | Loss : 0.0216 | Val loss: 0.0204
2026-01-10 04:35:58.623209 | Epoch:3176 | LR: 0.0000085 | Loss : 0.0222 | Val loss: 0.0218
2026-01-10 04:36:02.849444 | Epoch:3177 | LR: 0.0000086 | Loss : 0.0234 | Val loss: 0.0229
2026-01-10 04:36:07.083786 | Epoch:3178 | LR: 0.0000086 | Loss : 0.0227 | Val loss: 0.0220
2026-01-10 04:36:11.324795 | Epoch:3179 | LR: 0.0000086 | Loss : 0.0230 | Val loss: 0.0236
2026-01-10 04:36:15.822487 | Epoch:3180 | LR: 0.0000086 | Loss : 0.0250 | Val loss: 0.0221
2026-01-10 04:36:20.104295 | Epoch:3181 | LR: 0.0000087 | Loss : 0.0221 | Val loss: 0.0226
2026-01-10 04:36:24.365778 | Epoch:3182 | LR: 0.0000087 | Loss : 0.0211 | Val loss: 0.0211
2026-01-10 04:36:28.595909 | Epoch:3183 | LR: 0.0000087 | Loss : 0.0222 | Val loss: 0.0232
2026-01-10 04:36:32.835731 | Epoch:3184 | LR: 0.0000087 | Loss : 0.0218 | Val loss: 0.0248
2026-01-10 04:36:37.091490 | Epoch:3185 | LR: 0.0000088 | Loss : 0.0233 | Val loss: 0.0223
2026-01-10 04:36:41.357185 | Epoch:3186 | LR: 0.0000088 | Loss : 0.0215 | Val loss: 0.0205
2026-01-10 04:36:45.533516 | Epoch:3187 | LR: 0.0000088 | Loss : 0.0211 | Val loss: 0.0235
2026-01-10 04:36:49.867565 | Epoch:3188 | LR: 0.0000088 | Loss : 0.0228 | Val loss: 0.0220
2026-01-10 04:36:54.290654 | Epoch:3189 | LR: 0.0000089 | Loss : 0.0225 | Val loss: 0.0223
2026-01-10 04:36:58.548826 | Epoch:3190 | LR: 0.0000089 | Loss : 0.0212 | Val loss: 0.0252
2026-01-10 04:37:02.778698 | Epoch:3191 | LR: 0.0000089 | Loss : 0.0228 | Val loss: 0.0225
2026-01-10 04:37:07.017592 | Epoch:3192 | LR: 0.0000089 | Loss : 0.0225 | Val loss: 0.0223
2026-01-10 04:37:11.365130 | Epoch:3193 | LR: 0.0000090 | Loss : 0.0230 | Val loss: 0.0217
2026-01-10 04:37:15.635717 | Epoch:3194 | LR: 0.0000090 | Loss : 0.0218 | Val loss: 0.0236
2026-01-10 04:37:19.888599 | Epoch:3195 | LR: 0.0000090 | Loss : 0.0228 | Val loss: 0.0219
2026-01-10 04:37:24.126364 | Epoch:3196 | LR: 0.0000090 | Loss : 0.0220 | Val loss: 0.0244
2026-01-10 04:37:28.457151 | Epoch:3197 | LR: 0.0000090 | Loss : 0.0212 | Val loss: 0.0223
2026-01-10 04:37:32.813003 | Epoch:3198 | LR: 0.0000091 | Loss : 0.0216 | Val loss: 0.0223
2026-01-10 04:37:37.056571 | Epoch:3199 | LR: 0.0000091 | Loss : 0.0216 | Val loss: 0.0210
2026-01-10 04:37:42.073997 | Epoch:3200 | LR: 0.0000091 | Loss : 0.0218 | Val loss: 0.0211
2026-01-10 04:37:46.642380 | Epoch:3201 | LR: 0.0000091 | Loss : 0.0215 | Val loss: 0.0224
2026-01-10 04:37:51.023974 | Epoch:3202 | LR: 0.0000092 | Loss : 0.0209 | Val loss: 0.0232
2026-01-10 04:37:55.378528 | Epoch:3203 | LR: 0.0000092 | Loss : 0.0228 | Val loss: 0.0227
2026-01-10 04:37:59.776740 | Epoch:3204 | LR: 0.0000092 | Loss : 0.0217 | Val loss: 0.0211
2026-01-10 04:38:04.042701 | Epoch:3205 | LR: 0.0000092 | Loss : 0.0220 | Val loss: 0.0224
2026-01-10 04:38:08.563635 | Epoch:3206 | LR: 0.0000093 | Loss : 0.0216 | Val loss: 0.0227
2026-01-10 04:38:12.789418 | Epoch:3207 | LR: 0.0000093 | Loss : 0.0219 | Val loss: 0.0217
2026-01-10 04:38:17.069484 | Epoch:3208 | LR: 0.0000093 | Loss : 0.0225 | Val loss: 0.0228
2026-01-10 04:38:21.318184 | Epoch:3209 | LR: 0.0000093 | Loss : 0.0222 | Val loss: 0.0214
2026-01-10 04:38:25.600441 | Epoch:3210 | LR: 0.0000094 | Loss : 0.0212 | Val loss: 0.0218
2026-01-10 04:38:29.939184 | Epoch:3211 | LR: 0.0000094 | Loss : 0.0217 | Val loss: 0.0228
2026-01-10 04:38:34.281479 | Epoch:3212 | LR: 0.0000094 | Loss : 0.0226 | Val loss: 0.0224
2026-01-10 04:38:38.598509 | Epoch:3213 | LR: 0.0000094 | Loss : 0.0224 | Val loss: 0.0212
2026-01-10 04:38:42.884351 | Epoch:3214 | LR: 0.0000095 | Loss : 0.0234 | Val loss: 0.0200
2026-01-10 04:38:47.241793 | Epoch:3215 | LR: 0.0000095 | Loss : 0.0216 | Val loss: 0.0205
2026-01-10 04:38:51.529323 | Epoch:3216 | LR: 0.0000095 | Loss : 0.0214 | Val loss: 0.0215
2026-01-10 04:38:55.831137 | Epoch:3217 | LR: 0.0000095 | Loss : 0.0224 | Val loss: 0.0237
2026-01-10 04:39:00.172068 | Epoch:3218 | LR: 0.0000096 | Loss : 0.0219 | Val loss: 0.0227
2026-01-10 04:39:04.477001 | Epoch:3219 | LR: 0.0000096 | Loss : 0.0213 | Val loss: 0.0215
2026-01-10 04:39:08.837452 | Epoch:3220 | LR: 0.0000096 | Loss : 0.0219 | Val loss: 0.0203
2026-01-10 04:39:15.401240 | Epoch:3221 | LR: 0.0000096 | Loss : 0.0233 | Val loss: 0.0207
2026-01-10 04:39:19.657537 | Epoch:3222 | LR: 0.0000097 | Loss : 0.0216 | Val loss: 0.0221
2026-01-10 04:39:23.864777 | Epoch:3223 | LR: 0.0000097 | Loss : 0.0217 | Val loss: 0.0222
2026-01-10 04:39:28.296308 | Epoch:3224 | LR: 0.0000097 | Loss : 0.0231 | Val loss: 0.0230
2026-01-10 04:39:32.901281 | Epoch:3225 | LR: 0.0000097 | Loss : 0.0218 | Val loss: 0.0230
2026-01-10 04:39:37.374814 | Epoch:3226 | LR: 0.0000098 | Loss : 0.0218 | Val loss: 0.0221
2026-01-10 04:39:41.707442 | Epoch:3227 | LR: 0.0000098 | Loss : 0.0219 | Val loss: 0.0227
2026-01-10 04:39:46.044510 | Epoch:3228 | LR: 0.0000098 | Loss : 0.0214 | Val loss: 0.0233
2026-01-10 04:39:50.376702 | Epoch:3229 | LR: 0.0000098 | Loss : 0.0221 | Val loss: 0.0232
2026-01-10 04:39:54.717560 | Epoch:3230 | LR: 0.0000099 | Loss : 0.0226 | Val loss: 0.0199
2026-01-10 04:39:59.030227 | Epoch:3231 | LR: 0.0000099 | Loss : 0.0217 | Val loss: 0.0205
2026-01-10 04:40:03.381762 | Epoch:3232 | LR: 0.0000099 | Loss : 0.0220 | Val loss: 0.0237
2026-01-10 04:40:07.778875 | Epoch:3233 | LR: 0.0000099 | Loss : 0.0218 | Val loss: 0.0236
2026-01-10 04:40:12.089589 | Epoch:3234 | LR: 0.0000100 | Loss : 0.0204 | Val loss: 0.0220
2026-01-10 04:40:16.374502 | Epoch:3235 | LR: 0.0000100 | Loss : 0.0215 | Val loss: 0.0212
2026-01-10 04:40:20.696070 | Epoch:3236 | LR: 0.0000100 | Loss : 0.0219 | Val loss: 0.0215
2026-01-10 04:40:25.005268 | Epoch:3237 | LR: 0.0000100 | Loss : 0.0218 | Val loss: 0.0224
2026-01-10 04:40:29.270112 | Epoch:3238 | LR: 0.0000101 | Loss : 0.0216 | Val loss: 0.0218
2026-01-10 04:40:33.581723 | Epoch:3239 | LR: 0.0000101 | Loss : 0.0218 | Val loss: 0.0226
2026-01-10 04:40:37.895131 | Epoch:3240 | LR: 0.0000101 | Loss : 0.0210 | Val loss: 0.0201
2026-01-10 04:40:42.197508 | Epoch:3241 | LR: 0.0000101 | Loss : 0.0220 | Val loss: 0.0222
2026-01-10 04:40:46.542463 | Epoch:3242 | LR: 0.0000102 | Loss : 0.0217 | Val loss: 0.0224
2026-01-10 04:40:50.866950 | Epoch:3243 | LR: 0.0000102 | Loss : 0.0215 | Val loss: 0.0217
2026-01-10 04:40:55.195706 | Epoch:3244 | LR: 0.0000102 | Loss : 0.0216 | Val loss: 0.0226
2026-01-10 04:40:59.522373 | Epoch:3245 | LR: 0.0000102 | Loss : 0.0212 | Val loss: 0.0203
2026-01-10 04:41:03.861263 | Epoch:3246 | LR: 0.0000103 | Loss : 0.0219 | Val loss: 0.0236
2026-01-10 04:41:08.218495 | Epoch:3247 | LR: 0.0000103 | Loss : 0.0229 | Val loss: 0.0226
2026-01-10 04:41:12.877819 | Epoch:3248 | LR: 0.0000103 | Loss : 0.0216 | Val loss: 0.0207
2026-01-10 04:41:17.272144 | Epoch:3249 | LR: 0.0000103 | Loss : 0.0221 | Val loss: 0.0198
2026-01-10 04:41:21.585341 | Epoch:3250 | LR: 0.0000104 | Loss : 0.0213 | Val loss: 0.0202
2026-01-10 04:41:25.901778 | Epoch:3251 | LR: 0.0000104 | Loss : 0.0206 | Val loss: 0.0206
2026-01-10 04:41:30.111072 | Epoch:3252 | LR: 0.0000104 | Loss : 0.0215 | Val loss: 0.0204
2026-01-10 04:41:34.362596 | Epoch:3253 | LR: 0.0000104 | Loss : 0.0206 | Val loss: 0.0210
2026-01-10 04:41:38.638861 | Epoch:3254 | LR: 0.0000105 | Loss : 0.0222 | Val loss: 0.0207
2026-01-10 04:41:42.923195 | Epoch:3255 | LR: 0.0000105 | Loss : 0.0221 | Val loss: 0.0219
2026-01-10 04:41:47.297492 | Epoch:3256 | LR: 0.0000105 | Loss : 0.0219 | Val loss: 0.0230
2026-01-10 04:41:51.727194 | Epoch:3257 | LR: 0.0000105 | Loss : 0.0220 | Val loss: 0.0204
2026-01-10 04:41:56.095972 | Epoch:3258 | LR: 0.0000106 | Loss : 0.0220 | Val loss: 0.0215
2026-01-10 04:42:00.482783 | Epoch:3259 | LR: 0.0000106 | Loss : 0.0225 | Val loss: 0.0211
2026-01-10 04:42:04.804788 | Epoch:3260 | LR: 0.0000106 | Loss : 0.0206 | Val loss: 0.0209
2026-01-10 04:42:09.162603 | Epoch:3261 | LR: 0.0000107 | Loss : 0.0214 | Val loss: 0.0220
2026-01-10 04:42:13.479076 | Epoch:3262 | LR: 0.0000107 | Loss : 0.0222 | Val loss: 0.0199
2026-01-10 04:42:17.756076 | Epoch:3263 | LR: 0.0000107 | Loss : 0.0213 | Val loss: 0.0220
2026-01-10 04:42:22.084421 | Epoch:3264 | LR: 0.0000107 | Loss : 0.0214 | Val loss: 0.0201
2026-01-10 04:42:26.643306 | Epoch:3265 | LR: 0.0000108 | Loss : 0.0210 | Val loss: 0.0209
2026-01-10 04:42:30.878021 | Epoch:3266 | LR: 0.0000108 | Loss : 0.0216 | Val loss: 0.0208
2026-01-10 04:42:34.981562 | Epoch:3267 | LR: 0.0000108 | Loss : 0.0207 | Val loss: 0.0213
2026-01-10 04:42:39.079083 | Epoch:3268 | LR: 0.0000108 | Loss : 0.0217 | Val loss: 0.0253
2026-01-10 04:42:43.646281 | Epoch:3269 | LR: 0.0000109 | Loss : 0.0206 | Val loss: 0.0223
2026-01-10 04:42:48.381056 | Epoch:3270 | LR: 0.0000109 | Loss : 0.0218 | Val loss: 0.0209
2026-01-10 04:42:52.899913 | Epoch:3271 | LR: 0.0000109 | Loss : 0.0207 | Val loss: 0.0209
2026-01-10 04:42:57.130142 | Epoch:3272 | LR: 0.0000109 | Loss : 0.0215 | Val loss: 0.0237
2026-01-10 04:43:02.086121 | Epoch:3273 | LR: 0.0000110 | Loss : 0.0212 | Val loss: 0.0215
2026-01-10 04:43:06.439705 | Epoch:3274 | LR: 0.0000110 | Loss : 0.0204 | Val loss: 0.0236
2026-01-10 04:43:10.735106 | Epoch:3275 | LR: 0.0000110 | Loss : 0.0210 | Val loss: 0.0204
2026-01-10 04:43:15.000119 | Epoch:3276 | LR: 0.0000110 | Loss : 0.0213 | Val loss: 0.0212
2026-01-10 04:43:19.319017 | Epoch:3277 | LR: 0.0000111 | Loss : 0.0215 | Val loss: 0.0212
2026-01-10 04:43:23.570149 | Epoch:3278 | LR: 0.0000111 | Loss : 0.0207 | Val loss: 0.0220
2026-01-10 04:43:27.845369 | Epoch:3279 | LR: 0.0000111 | Loss : 0.0210 | Val loss: 0.0225
2026-01-10 04:43:32.165444 | Epoch:3280 | LR: 0.0000111 | Loss : 0.0205 | Val loss: 0.0209
2026-01-10 04:43:36.384493 | Epoch:3281 | LR: 0.0000112 | Loss : 0.0223 | Val loss: 0.0214
2026-01-10 04:43:40.578082 | Epoch:3282 | LR: 0.0000112 | Loss : 0.0206 | Val loss: 0.0194
2026-01-10 04:43:44.882690 | Epoch:3283 | LR: 0.0000112 | Loss : 0.0211 | Val loss: 0.0209
2026-01-10 04:43:49.117494 | Epoch:3284 | LR: 0.0000113 | Loss : 0.0222 | Val loss: 0.0213
2026-01-10 04:43:53.378997 | Epoch:3285 | LR: 0.0000113 | Loss : 0.0202 | Val loss: 0.0216
2026-01-10 04:43:57.679795 | Epoch:3286 | LR: 0.0000113 | Loss : 0.0204 | Val loss: 0.0208
2026-01-10 04:44:01.979196 | Epoch:3287 | LR: 0.0000113 | Loss : 0.0223 | Val loss: 0.0201
2026-01-10 04:44:06.254276 | Epoch:3288 | LR: 0.0000114 | Loss : 0.0215 | Val loss: 0.0206
2026-01-10 04:44:10.582338 | Epoch:3289 | LR: 0.0000114 | Loss : 0.0222 | Val loss: 0.0219
2026-01-10 04:44:14.873187 | Epoch:3290 | LR: 0.0000114 | Loss : 0.0213 | Val loss: 0.0214
2026-01-10 04:44:19.172915 | Epoch:3291 | LR: 0.0000114 | Loss : 0.0209 | Val loss: 0.0220
2026-01-10 04:44:23.507851 | Epoch:3292 | LR: 0.0000115 | Loss : 0.0214 | Val loss: 0.0225
2026-01-10 04:44:27.759228 | Epoch:3293 | LR: 0.0000115 | Loss : 0.0215 | Val loss: 0.0220
2026-01-10 04:44:32.028938 | Epoch:3294 | LR: 0.0000115 | Loss : 0.0225 | Val loss: 0.0212
2026-01-10 04:44:36.347975 | Epoch:3295 | LR: 0.0000115 | Loss : 0.0209 | Val loss: 0.0212
2026-01-10 04:44:40.581425 | Epoch:3296 | LR: 0.0000116 | Loss : 0.0211 | Val loss: 0.0223
2026-01-10 04:44:44.822660 | Epoch:3297 | LR: 0.0000116 | Loss : 0.0213 | Val loss: 0.0216
2026-01-10 04:44:49.065852 | Epoch:3298 | LR: 0.0000116 | Loss : 0.0201 | Val loss: 0.0209
2026-01-10 04:44:53.328299 | Epoch:3299 | LR: 0.0000116 | Loss : 0.0222 | Val loss: 0.0229
2026-01-10 04:44:57.579384 | Epoch:3300 | LR: 0.0000117 | Loss : 0.0203 | Val loss: 0.0202
2026-01-10 04:45:01.840198 | Epoch:3301 | LR: 0.0000117 | Loss : 0.0212 | Val loss: 0.0218
2026-01-10 04:45:06.184981 | Epoch:3302 | LR: 0.0000117 | Loss : 0.0203 | Val loss: 0.0214
2026-01-10 04:45:10.516924 | Epoch:3303 | LR: 0.0000118 | Loss : 0.0210 | Val loss: 0.0205
2026-01-10 04:45:14.829021 | Epoch:3304 | LR: 0.0000118 | Loss : 0.0204 | Val loss: 0.0204
2026-01-10 04:45:19.128694 | Epoch:3305 | LR: 0.0000118 | Loss : 0.0210 | Val loss: 0.0211
2026-01-10 04:45:23.477067 | Epoch:3306 | LR: 0.0000118 | Loss : 0.0197 | Val loss: 0.0210
2026-01-10 04:45:27.784631 | Epoch:3307 | LR: 0.0000119 | Loss : 0.0198 | Val loss: 0.0197
2026-01-10 04:45:32.092872 | Epoch:3308 | LR: 0.0000119 | Loss : 0.0205 | Val loss: 0.0208
2026-01-10 04:45:36.367602 | Epoch:3309 | LR: 0.0000119 | Loss : 0.0215 | Val loss: 0.0207
2026-01-10 04:45:40.715282 | Epoch:3310 | LR: 0.0000119 | Loss : 0.0209 | Val loss: 0.0208
2026-01-10 04:45:44.983047 | Epoch:3311 | LR: 0.0000120 | Loss : 0.0213 | Val loss: 0.0194
2026-01-10 04:45:49.189095 | Epoch:3312 | LR: 0.0000120 | Loss : 0.0202 | Val loss: 0.0208
2026-01-10 04:45:53.656477 | Epoch:3313 | LR: 0.0000120 | Loss : 0.0207 | Val loss: 0.0216
2026-01-10 04:45:57.929262 | Epoch:3314 | LR: 0.0000121 | Loss : 0.0213 | Val loss: 0.0217
2026-01-10 04:46:02.279369 | Epoch:3315 | LR: 0.0000121 | Loss : 0.0215 | Val loss: 0.0207
2026-01-10 04:46:06.580364 | Epoch:3316 | LR: 0.0000121 | Loss : 0.0208 | Val loss: 0.0214
2026-01-10 04:46:10.887459 | Epoch:3317 | LR: 0.0000121 | Loss : 0.0222 | Val loss: 0.0233
2026-01-10 04:46:15.197160 | Epoch:3318 | LR: 0.0000122 | Loss : 0.0223 | Val loss: 0.0219
2026-01-10 04:46:19.499996 | Epoch:3319 | LR: 0.0000122 | Loss : 0.0220 | Val loss: 0.0216
2026-01-10 04:46:23.867478 | Epoch:3320 | LR: 0.0000122 | Loss : 0.0208 | Val loss: 0.0206
2026-01-10 04:46:28.173164 | Epoch:3321 | LR: 0.0000122 | Loss : 0.0202 | Val loss: 0.0220
2026-01-10 04:46:32.467391 | Epoch:3322 | LR: 0.0000123 | Loss : 0.0218 | Val loss: 0.0225
2026-01-10 04:46:36.698530 | Epoch:3323 | LR: 0.0000123 | Loss : 0.0200 | Val loss: 0.0216
2026-01-10 04:46:41.396816 | Epoch:3324 | LR: 0.0000123 | Loss : 0.0190 | Val loss: 0.0191
2026-01-10 04:46:45.693194 | Epoch:3325 | LR: 0.0000123 | Loss : 0.0202 | Val loss: 0.0206
2026-01-10 04:46:50.033096 | Epoch:3326 | LR: 0.0000124 | Loss : 0.0206 | Val loss: 0.0201
2026-01-10 04:46:55.474000 | Epoch:3327 | LR: 0.0000124 | Loss : 0.0208 | Val loss: 0.0227
2026-01-10 04:46:59.754427 | Epoch:3328 | LR: 0.0000124 | Loss : 0.0212 | Val loss: 0.0225
2026-01-10 04:47:04.001873 | Epoch:3329 | LR: 0.0000125 | Loss : 0.0214 | Val loss: 0.0202
2026-01-10 04:47:08.262642 | Epoch:3330 | LR: 0.0000125 | Loss : 0.0215 | Val loss: 0.0192
2026-01-10 04:47:12.539523 | Epoch:3331 | LR: 0.0000125 | Loss : 0.0204 | Val loss: 0.0214
2026-01-10 04:47:16.815957 | Epoch:3332 | LR: 0.0000125 | Loss : 0.0215 | Val loss: 0.0206
2026-01-10 04:47:21.143781 | Epoch:3333 | LR: 0.0000126 | Loss : 0.0213 | Val loss: 0.0202
2026-01-10 04:47:25.501451 | Epoch:3334 | LR: 0.0000126 | Loss : 0.0203 | Val loss: 0.0208
2026-01-10 04:47:29.879942 | Epoch:3335 | LR: 0.0000126 | Loss : 0.0220 | Val loss: 0.0188
2026-01-10 04:47:34.196372 | Epoch:3336 | LR: 0.0000126 | Loss : 0.0205 | Val loss: 0.0211
2026-01-10 04:47:38.533510 | Epoch:3337 | LR: 0.0000127 | Loss : 0.0206 | Val loss: 0.0219
2026-01-10 04:47:42.821798 | Epoch:3338 | LR: 0.0000127 | Loss : 0.0202 | Val loss: 0.0200
2026-01-10 04:47:47.130199 | Epoch:3339 | LR: 0.0000127 | Loss : 0.0206 | Val loss: 0.0205
2026-01-10 04:47:51.312628 | Epoch:3340 | LR: 0.0000128 | Loss : 0.0210 | Val loss: 0.0207
2026-01-10 04:47:55.440984 | Epoch:3341 | LR: 0.0000128 | Loss : 0.0205 | Val loss: 0.0214
2026-01-10 04:48:00.302555 | Epoch:3342 | LR: 0.0000128 | Loss : 0.0218 | Val loss: 0.0193
2026-01-10 04:48:04.885318 | Epoch:3343 | LR: 0.0000128 | Loss : 0.0199 | Val loss: 0.0237
2026-01-10 04:48:09.200103 | Epoch:3344 | LR: 0.0000129 | Loss : 0.0204 | Val loss: 0.0220
2026-01-10 04:48:13.682486 | Epoch:3345 | LR: 0.0000129 | Loss : 0.0195 | Val loss: 0.0200
2026-01-10 04:48:18.447324 | Epoch:3346 | LR: 0.0000129 | Loss : 0.0211 | Val loss: 0.0200
2026-01-10 04:48:22.764055 | Epoch:3347 | LR: 0.0000130 | Loss : 0.0213 | Val loss: 0.0214
2026-01-10 04:48:27.107087 | Epoch:3348 | LR: 0.0000130 | Loss : 0.0222 | Val loss: 0.0214
2026-01-10 04:48:31.444577 | Epoch:3349 | LR: 0.0000130 | Loss : 0.0214 | Val loss: 0.0209
2026-01-10 04:48:35.742381 | Epoch:3350 | LR: 0.0000130 | Loss : 0.0201 | Val loss: 0.0207
2026-01-10 04:48:40.147630 | Epoch:3351 | LR: 0.0000131 | Loss : 0.0206 | Val loss: 0.0220
2026-01-10 04:48:44.447597 | Epoch:3352 | LR: 0.0000131 | Loss : 0.0204 | Val loss: 0.0206
2026-01-10 04:48:48.713420 | Epoch:3353 | LR: 0.0000131 | Loss : 0.0212 | Val loss: 0.0188
2026-01-10 04:48:52.974448 | Epoch:3354 | LR: 0.0000131 | Loss : 0.0203 | Val loss: 0.0217
2026-01-10 04:48:57.244441 | Epoch:3355 | LR: 0.0000132 | Loss : 0.0208 | Val loss: 0.0211
2026-01-10 04:49:01.641691 | Epoch:3356 | LR: 0.0000132 | Loss : 0.0188 | Val loss: 0.0190
2026-01-10 04:49:05.913151 | Epoch:3357 | LR: 0.0000132 | Loss : 0.0195 | Val loss: 0.0199
2026-01-10 04:49:10.227226 | Epoch:3358 | LR: 0.0000133 | Loss : 0.0202 | Val loss: 0.0216
2026-01-10 04:49:14.485960 | Epoch:3359 | LR: 0.0000133 | Loss : 0.0201 | Val loss: 0.0216
2026-01-10 04:49:18.823322 | Epoch:3360 | LR: 0.0000133 | Loss : 0.0211 | Val loss: 0.0210
2026-01-10 04:49:23.110631 | Epoch:3361 | LR: 0.0000133 | Loss : 0.0198 | Val loss: 0.0203
2026-01-10 04:49:27.425913 | Epoch:3362 | LR: 0.0000134 | Loss : 0.0211 | Val loss: 0.0194
2026-01-10 04:49:31.728779 | Epoch:3363 | LR: 0.0000134 | Loss : 0.0197 | Val loss: 0.0203
2026-01-10 04:49:36.082429 | Epoch:3364 | LR: 0.0000134 | Loss : 0.0201 | Val loss: 0.0199
2026-01-10 04:49:40.467338 | Epoch:3365 | LR: 0.0000135 | Loss : 0.0198 | Val loss: 0.0212
2026-01-10 04:49:44.799076 | Epoch:3366 | LR: 0.0000135 | Loss : 0.0203 | Val loss: 0.0199
2026-01-10 04:49:49.101490 | Epoch:3367 | LR: 0.0000135 | Loss : 0.0203 | Val loss: 0.0191
2026-01-10 04:49:53.377608 | Epoch:3368 | LR: 0.0000135 | Loss : 0.0207 | Val loss: 0.0228
2026-01-10 04:49:57.731340 | Epoch:3369 | LR: 0.0000136 | Loss : 0.0211 | Val loss: 0.0212
2026-01-10 04:50:02.041839 | Epoch:3370 | LR: 0.0000136 | Loss : 0.0206 | Val loss: 0.0184
2026-01-10 04:50:06.256401 | Epoch:3371 | LR: 0.0000136 | Loss : 0.0206 | Val loss: 0.0218
2026-01-10 04:50:10.557133 | Epoch:3372 | LR: 0.0000136 | Loss : 0.0191 | Val loss: 0.0203
2026-01-10 04:50:14.855836 | Epoch:3373 | LR: 0.0000137 | Loss : 0.0202 | Val loss: 0.0196
2026-01-10 04:50:19.281343 | Epoch:3374 | LR: 0.0000137 | Loss : 0.0200 | Val loss: 0.0196
2026-01-10 04:50:23.497587 | Epoch:3375 | LR: 0.0000137 | Loss : 0.0203 | Val loss: 0.0193
2026-01-10 04:50:27.749371 | Epoch:3376 | LR: 0.0000138 | Loss : 0.0199 | Val loss: 0.0218
2026-01-10 04:50:32.058445 | Epoch:3377 | LR: 0.0000138 | Loss : 0.0208 | Val loss: 0.0194
2026-01-10 04:50:36.528528 | Epoch:3378 | LR: 0.0000138 | Loss : 0.0213 | Val loss: 0.0213
2026-01-10 04:50:40.836209 | Epoch:3379 | LR: 0.0000138 | Loss : 0.0203 | Val loss: 0.0222
2026-01-10 04:50:45.145169 | Epoch:3380 | LR: 0.0000139 | Loss : 0.0201 | Val loss: 0.0219
2026-01-10 04:50:49.466038 | Epoch:3381 | LR: 0.0000139 | Loss : 0.0205 | Val loss: 0.0207
2026-01-10 04:50:53.769230 | Epoch:3382 | LR: 0.0000139 | Loss : 0.0202 | Val loss: 0.0192
2026-01-10 04:50:58.114961 | Epoch:3383 | LR: 0.0000140 | Loss : 0.0200 | Val loss: 0.0204
2026-01-10 04:51:02.407781 | Epoch:3384 | LR: 0.0000140 | Loss : 0.0196 | Val loss: 0.0211
2026-01-10 04:51:06.701160 | Epoch:3385 | LR: 0.0000140 | Loss : 0.0202 | Val loss: 0.0199
2026-01-10 04:51:10.901529 | Epoch:3386 | LR: 0.0000140 | Loss : 0.0196 | Val loss: 0.0199
2026-01-10 04:51:15.087297 | Epoch:3387 | LR: 0.0000141 | Loss : 0.0201 | Val loss: 0.0206
2026-01-10 04:51:19.312772 | Epoch:3388 | LR: 0.0000141 | Loss : 0.0211 | Val loss: 0.0197
2026-01-10 04:51:23.582426 | Epoch:3389 | LR: 0.0000141 | Loss : 0.0202 | Val loss: 0.0204
2026-01-10 04:51:27.809582 | Epoch:3390 | LR: 0.0000142 | Loss : 0.0203 | Val loss: 0.0224
2026-01-10 04:51:32.108598 | Epoch:3391 | LR: 0.0000142 | Loss : 0.0194 | Val loss: 0.0207
2026-01-10 04:51:36.405314 | Epoch:3392 | LR: 0.0000142 | Loss : 0.0194 | Val loss: 0.0212
2026-01-10 04:51:40.709759 | Epoch:3393 | LR: 0.0000142 | Loss : 0.0193 | Val loss: 0.0209
2026-01-10 04:51:45.016881 | Epoch:3394 | LR: 0.0000143 | Loss : 0.0215 | Val loss: 0.0211
2026-01-10 04:51:49.310435 | Epoch:3395 | LR: 0.0000143 | Loss : 0.0209 | Val loss: 0.0222
2026-01-10 04:51:53.601593 | Epoch:3396 | LR: 0.0000143 | Loss : 0.0217 | Val loss: 0.0201
2026-01-10 04:51:57.895298 | Epoch:3397 | LR: 0.0000144 | Loss : 0.0206 | Val loss: 0.0191
2026-01-10 04:52:02.200504 | Epoch:3398 | LR: 0.0000144 | Loss : 0.0207 | Val loss: 0.0182
2026-01-10 04:52:06.714326 | Epoch:3399 | LR: 0.0000144 | Loss : 0.0199 | Val loss: 0.0185
2026-01-10 04:52:10.962844 | Epoch:3400 | LR: 0.0000144 | Loss : 0.0197 | Val loss: 0.0204
2026-01-10 04:52:15.180534 | Epoch:3401 | LR: 0.0000145 | Loss : 0.0200 | Val loss: 0.0206
2026-01-10 04:52:19.373277 | Epoch:3402 | LR: 0.0000145 | Loss : 0.0203 | Val loss: 0.0178
2026-01-10 04:52:23.561518 | Epoch:3403 | LR: 0.0000145 | Loss : 0.0195 | Val loss: 0.0212
2026-01-10 04:52:27.966844 | Epoch:3404 | LR: 0.0000146 | Loss : 0.0201 | Val loss: 0.0214
2026-01-10 04:52:32.222741 | Epoch:3405 | LR: 0.0000146 | Loss : 0.0196 | Val loss: 0.0207
2026-01-10 04:52:36.524794 | Epoch:3406 | LR: 0.0000146 | Loss : 0.0201 | Val loss: 0.0186
2026-01-10 04:52:40.783199 | Epoch:3407 | LR: 0.0000146 | Loss : 0.0201 | Val loss: 0.0200
2026-01-10 04:52:45.067784 | Epoch:3408 | LR: 0.0000147 | Loss : 0.0207 | Val loss: 0.0204
2026-01-10 04:52:49.382542 | Epoch:3409 | LR: 0.0000147 | Loss : 0.0197 | Val loss: 0.0202
2026-01-10 04:52:53.696034 | Epoch:3410 | LR: 0.0000147 | Loss : 0.0207 | Val loss: 0.0191
2026-01-10 04:52:58.049121 | Epoch:3411 | LR: 0.0000148 | Loss : 0.0192 | Val loss: 0.0188
2026-01-10 04:53:02.292340 | Epoch:3412 | LR: 0.0000148 | Loss : 0.0198 | Val loss: 0.0191
2026-01-10 04:53:06.510476 | Epoch:3413 | LR: 0.0000148 | Loss : 0.0198 | Val loss: 0.0198
2026-01-10 04:53:10.696123 | Epoch:3414 | LR: 0.0000148 | Loss : 0.0197 | Val loss: 0.0196
2026-01-10 04:53:15.423430 | Epoch:3415 | LR: 0.0000149 | Loss : 0.0193 | Val loss: 0.0205
2026-01-10 04:53:20.028740 | Epoch:3416 | LR: 0.0000149 | Loss : 0.0203 | Val loss: 0.0213
2026-01-10 04:53:24.286971 | Epoch:3417 | LR: 0.0000149 | Loss : 0.0209 | Val loss: 0.0174
2026-01-10 04:53:28.697223 | Epoch:3418 | LR: 0.0000150 | Loss : 0.0199 | Val loss: 0.0192
2026-01-10 04:53:33.443770 | Epoch:3419 | LR: 0.0000150 | Loss : 0.0193 | Val loss: 0.0201
2026-01-10 04:53:37.989893 | Epoch:3420 | LR: 0.0000150 | Loss : 0.0201 | Val loss: 0.0195
2026-01-10 04:53:42.277157 | Epoch:3421 | LR: 0.0000150 | Loss : 0.0195 | Val loss: 0.0190
2026-01-10 04:53:46.598853 | Epoch:3422 | LR: 0.0000151 | Loss : 0.0214 | Val loss: 0.0187
2026-01-10 04:53:50.902906 | Epoch:3423 | LR: 0.0000151 | Loss : 0.0194 | Val loss: 0.0196
2026-01-10 04:53:55.235983 | Epoch:3424 | LR: 0.0000151 | Loss : 0.0192 | Val loss: 0.0190
2026-01-10 04:53:59.535296 | Epoch:3425 | LR: 0.0000152 | Loss : 0.0196 | Val loss: 0.0185
2026-01-10 04:54:03.852447 | Epoch:3426 | LR: 0.0000152 | Loss : 0.0199 | Val loss: 0.0202
2026-01-10 04:54:08.182969 | Epoch:3427 | LR: 0.0000152 | Loss : 0.0185 | Val loss: 0.0205
2026-01-10 04:54:12.469789 | Epoch:3428 | LR: 0.0000152 | Loss : 0.0202 | Val loss: 0.0186
2026-01-10 04:54:16.728823 | Epoch:3429 | LR: 0.0000153 | Loss : 0.0211 | Val loss: 0.0205
2026-01-10 04:54:21.047603 | Epoch:3430 | LR: 0.0000153 | Loss : 0.0222 | Val loss: 0.0210
2026-01-10 04:54:25.222489 | Epoch:3431 | LR: 0.0000153 | Loss : 0.0218 | Val loss: 0.0209
2026-01-10 04:54:29.438900 | Epoch:3432 | LR: 0.0000154 | Loss : 0.0200 | Val loss: 0.0198
2026-01-10 04:54:33.733365 | Epoch:3433 | LR: 0.0000154 | Loss : 0.0208 | Val loss: 0.0205
2026-01-10 04:54:38.003518 | Epoch:3434 | LR: 0.0000154 | Loss : 0.0205 | Val loss: 0.0199
2026-01-10 04:54:42.290775 | Epoch:3435 | LR: 0.0000155 | Loss : 0.0196 | Val loss: 0.0186
2026-01-10 04:54:46.597667 | Epoch:3436 | LR: 0.0000155 | Loss : 0.0199 | Val loss: 0.0182
2026-01-10 04:54:50.904981 | Epoch:3437 | LR: 0.0000155 | Loss : 0.0197 | Val loss: 0.0181
2026-01-10 04:54:55.247602 | Epoch:3438 | LR: 0.0000155 | Loss : 0.0191 | Val loss: 0.0200
2026-01-10 04:54:59.576461 | Epoch:3439 | LR: 0.0000156 | Loss : 0.0191 | Val loss: 0.0184
2026-01-10 04:55:03.903531 | Epoch:3440 | LR: 0.0000156 | Loss : 0.0209 | Val loss: 0.0197
2026-01-10 04:55:08.204197 | Epoch:3441 | LR: 0.0000156 | Loss : 0.0198 | Val loss: 0.0187
2026-01-10 04:55:12.558280 | Epoch:3442 | LR: 0.0000157 | Loss : 0.0198 | Val loss: 0.0187
2026-01-10 04:55:16.830771 | Epoch:3443 | LR: 0.0000157 | Loss : 0.0192 | Val loss: 0.0188
2026-01-10 04:55:21.095527 | Epoch:3444 | LR: 0.0000157 | Loss : 0.0186 | Val loss: 0.0191
2026-01-10 04:55:25.473831 | Epoch:3445 | LR: 0.0000157 | Loss : 0.0187 | Val loss: 0.0194
2026-01-10 04:55:29.675576 | Epoch:3446 | LR: 0.0000158 | Loss : 0.0184 | Val loss: 0.0199
2026-01-10 04:55:33.999159 | Epoch:3447 | LR: 0.0000158 | Loss : 0.0194 | Val loss: 0.0198
2026-01-10 04:55:38.283899 | Epoch:3448 | LR: 0.0000158 | Loss : 0.0191 | Val loss: 0.0191
2026-01-10 04:55:42.628805 | Epoch:3449 | LR: 0.0000159 | Loss : 0.0191 | Val loss: 0.0192
2026-01-10 04:55:46.996493 | Epoch:3450 | LR: 0.0000159 | Loss : 0.0196 | Val loss: 0.0194
2026-01-10 04:55:51.303949 | Epoch:3451 | LR: 0.0000159 | Loss : 0.0208 | Val loss: 0.0199
2026-01-10 04:55:55.644396 | Epoch:3452 | LR: 0.0000159 | Loss : 0.0206 | Val loss: 0.0213
2026-01-10 04:55:59.988669 | Epoch:3453 | LR: 0.0000160 | Loss : 0.0214 | Val loss: 0.0199
2026-01-10 04:56:04.345968 | Epoch:3454 | LR: 0.0000160 | Loss : 0.0193 | Val loss: 0.0208
2026-01-10 04:56:08.668973 | Epoch:3455 | LR: 0.0000160 | Loss : 0.0207 | Val loss: 0.0193
2026-01-10 04:56:13.010876 | Epoch:3456 | LR: 0.0000161 | Loss : 0.0194 | Val loss: 0.0208
2026-01-10 04:56:17.315722 | Epoch:3457 | LR: 0.0000161 | Loss : 0.0192 | Val loss: 0.0184
2026-01-10 04:56:21.656328 | Epoch:3458 | LR: 0.0000161 | Loss : 0.0199 | Val loss: 0.0190
2026-01-10 04:56:25.951773 | Epoch:3459 | LR: 0.0000162 | Loss : 0.0198 | Val loss: 0.0189
2026-01-10 04:56:30.293310 | Epoch:3460 | LR: 0.0000162 | Loss : 0.0191 | Val loss: 0.0193
2026-01-10 04:56:34.543965 | Epoch:3461 | LR: 0.0000162 | Loss : 0.0182 | Val loss: 0.0179
2026-01-10 04:56:39.095693 | Epoch:3462 | LR: 0.0000162 | Loss : 0.0196 | Val loss: 0.0186
2026-01-10 04:56:43.257519 | Epoch:3463 | LR: 0.0000163 | Loss : 0.0209 | Val loss: 0.0194
2026-01-10 04:56:47.848084 | Epoch:3464 | LR: 0.0000163 | Loss : 0.0190 | Val loss: 0.0191
2026-01-10 04:56:52.103975 | Epoch:3465 | LR: 0.0000163 | Loss : 0.0184 | Val loss: 0.0190
2026-01-10 04:56:56.352116 | Epoch:3466 | LR: 0.0000164 | Loss : 0.0187 | Val loss: 0.0185
2026-01-10 04:57:00.636708 | Epoch:3467 | LR: 0.0000164 | Loss : 0.0195 | Val loss: 0.0189
2026-01-10 04:57:04.956538 | Epoch:3468 | LR: 0.0000164 | Loss : 0.0201 | Val loss: 0.0210
2026-01-10 04:57:09.291665 | Epoch:3469 | LR: 0.0000165 | Loss : 0.0197 | Val loss: 0.0187
2026-01-10 04:57:13.608414 | Epoch:3470 | LR: 0.0000165 | Loss : 0.0200 | Val loss: 0.0208
2026-01-10 04:57:17.940067 | Epoch:3471 | LR: 0.0000165 | Loss : 0.0200 | Val loss: 0.0201
2026-01-10 04:57:22.265735 | Epoch:3472 | LR: 0.0000165 | Loss : 0.0201 | Val loss: 0.0190
2026-01-10 04:57:26.597947 | Epoch:3473 | LR: 0.0000166 | Loss : 0.0206 | Val loss: 0.0189
2026-01-10 04:57:30.850731 | Epoch:3474 | LR: 0.0000166 | Loss : 0.0195 | Val loss: 0.0204
2026-01-10 04:57:35.089731 | Epoch:3475 | LR: 0.0000166 | Loss : 0.0204 | Val loss: 0.0200
2026-01-10 04:57:39.325538 | Epoch:3476 | LR: 0.0000167 | Loss : 0.0204 | Val loss: 0.0194
2026-01-10 04:57:43.603341 | Epoch:3477 | LR: 0.0000167 | Loss : 0.0189 | Val loss: 0.0186
2026-01-10 04:57:47.854677 | Epoch:3478 | LR: 0.0000167 | Loss : 0.0190 | Val loss: 0.0190
2026-01-10 04:57:52.157134 | Epoch:3479 | LR: 0.0000167 | Loss : 0.0195 | Val loss: 0.0179
2026-01-10 04:57:56.583351 | Epoch:3480 | LR: 0.0000168 | Loss : 0.0190 | Val loss: 0.0183
2026-01-10 04:58:00.903389 | Epoch:3481 | LR: 0.0000168 | Loss : 0.0196 | Val loss: 0.0193
2026-01-10 04:58:05.242775 | Epoch:3482 | LR: 0.0000168 | Loss : 0.0182 | Val loss: 0.0190
2026-01-10 04:58:09.550847 | Epoch:3483 | LR: 0.0000169 | Loss : 0.0186 | Val loss: 0.0180
2026-01-10 04:58:13.878138 | Epoch:3484 | LR: 0.0000169 | Loss : 0.0187 | Val loss: 0.0194
2026-01-10 04:58:18.139576 | Epoch:3485 | LR: 0.0000169 | Loss : 0.0192 | Val loss: 0.0200
2026-01-10 04:58:24.218840 | Epoch:3486 | LR: 0.0000170 | Loss : 0.0195 | Val loss: 0.0210
2026-01-10 04:58:28.691386 | Epoch:3487 | LR: 0.0000170 | Loss : 0.0195 | Val loss: 0.0181
2026-01-10 04:58:33.540324 | Epoch:3488 | LR: 0.0000170 | Loss : 0.0188 | Val loss: 0.0184
2026-01-10 04:58:38.032853 | Epoch:3489 | LR: 0.0000170 | Loss : 0.0183 | Val loss: 0.0190
2026-01-10 04:58:42.211828 | Epoch:3490 | LR: 0.0000171 | Loss : 0.0197 | Val loss: 0.0208
2026-01-10 04:58:46.959249 | Epoch:3491 | LR: 0.0000171 | Loss : 0.0195 | Val loss: 0.0196
2026-01-10 04:58:51.309218 | Epoch:3492 | LR: 0.0000171 | Loss : 0.0191 | Val loss: 0.0177
2026-01-10 04:58:55.594877 | Epoch:3493 | LR: 0.0000172 | Loss : 0.0203 | Val loss: 0.0213
2026-01-10 04:58:59.991133 | Epoch:3494 | LR: 0.0000172 | Loss : 0.0187 | Val loss: 0.0202
2026-01-10 04:59:04.278408 | Epoch:3495 | LR: 0.0000172 | Loss : 0.0187 | Val loss: 0.0185
2026-01-10 04:59:08.634426 | Epoch:3496 | LR: 0.0000173 | Loss : 0.0192 | Val loss: 0.0212
2026-01-10 04:59:12.920164 | Epoch:3497 | LR: 0.0000173 | Loss : 0.0192 | Val loss: 0.0188
2026-01-10 04:59:17.254162 | Epoch:3498 | LR: 0.0000173 | Loss : 0.0195 | Val loss: 0.0203
2026-01-10 04:59:21.579319 | Epoch:3499 | LR: 0.0000173 | Loss : 0.0176 | Val loss: 0.0176
2026-01-10 04:59:25.979896 | Epoch:3500 | LR: 0.0000174 | Loss : 0.0190 | Val loss: 0.0194
2026-01-10 04:59:30.346104 | Epoch:3501 | LR: 0.0000174 | Loss : 0.0191 | Val loss: 0.0175
2026-01-10 04:59:34.693438 | Epoch:3502 | LR: 0.0000174 | Loss : 0.0199 | Val loss: 0.0192
2026-01-10 04:59:39.040821 | Epoch:3503 | LR: 0.0000175 | Loss : 0.0197 | Val loss: 0.0198
2026-01-10 04:59:43.367829 | Epoch:3504 | LR: 0.0000175 | Loss : 0.0179 | Val loss: 0.0182
2026-01-10 04:59:47.619289 | Epoch:3505 | LR: 0.0000175 | Loss : 0.0186 | Val loss: 0.0182
2026-01-10 04:59:51.890134 | Epoch:3506 | LR: 0.0000176 | Loss : 0.0188 | Val loss: 0.0198
2026-01-10 04:59:56.201084 | Epoch:3507 | LR: 0.0000176 | Loss : 0.0176 | Val loss: 0.0200
2026-01-10 05:00:00.503478 | Epoch:3508 | LR: 0.0000176 | Loss : 0.0191 | Val loss: 0.0182
2026-01-10 05:00:04.885578 | Epoch:3509 | LR: 0.0000176 | Loss : 0.0191 | Val loss: 0.0176
2026-01-10 05:00:09.219952 | Epoch:3510 | LR: 0.0000177 | Loss : 0.0194 | Val loss: 0.0201
2026-01-10 05:00:13.585163 | Epoch:3511 | LR: 0.0000177 | Loss : 0.0182 | Val loss: 0.0209
2026-01-10 05:00:17.925358 | Epoch:3512 | LR: 0.0000177 | Loss : 0.0190 | Val loss: 0.0197
2026-01-10 05:00:22.214384 | Epoch:3513 | LR: 0.0000178 | Loss : 0.0193 | Val loss: 0.0195
2026-01-10 05:00:26.558370 | Epoch:3514 | LR: 0.0000178 | Loss : 0.0194 | Val loss: 0.0203
2026-01-10 05:00:30.918598 | Epoch:3515 | LR: 0.0000178 | Loss : 0.0206 | Val loss: 0.0208
2026-01-10 05:00:35.304391 | Epoch:3516 | LR: 0.0000179 | Loss : 0.0200 | Val loss: 0.0175
2026-01-10 05:00:39.665065 | Epoch:3517 | LR: 0.0000179 | Loss : 0.0207 | Val loss: 0.0189
2026-01-10 05:00:44.002995 | Epoch:3518 | LR: 0.0000179 | Loss : 0.0189 | Val loss: 0.0179
2026-01-10 05:00:48.339100 | Epoch:3519 | LR: 0.0000179 | Loss : 0.0187 | Val loss: 0.0192
2026-01-10 05:00:52.584825 | Epoch:3520 | LR: 0.0000180 | Loss : 0.0185 | Val loss: 0.0190
2026-01-10 05:00:56.928437 | Epoch:3521 | LR: 0.0000180 | Loss : 0.0183 | Val loss: 0.0191
2026-01-10 05:01:01.194300 | Epoch:3522 | LR: 0.0000180 | Loss : 0.0195 | Val loss: 0.0182
2026-01-10 05:01:05.499233 | Epoch:3523 | LR: 0.0000181 | Loss : 0.0186 | Val loss: 0.0177
2026-01-10 05:01:09.861599 | Epoch:3524 | LR: 0.0000181 | Loss : 0.0186 | Val loss: 0.0214
2026-01-10 05:01:14.190864 | Epoch:3525 | LR: 0.0000181 | Loss : 0.0184 | Val loss: 0.0188
2026-01-10 05:01:18.462871 | Epoch:3526 | LR: 0.0000182 | Loss : 0.0180 | Val loss: 0.0193
2026-01-10 05:01:23.066412 | Epoch:3527 | LR: 0.0000182 | Loss : 0.0183 | Val loss: 0.0182
2026-01-10 05:01:27.375620 | Epoch:3528 | LR: 0.0000182 | Loss : 0.0186 | Val loss: 0.0181
2026-01-10 05:01:31.672264 | Epoch:3529 | LR: 0.0000183 | Loss : 0.0182 | Val loss: 0.0182
2026-01-10 05:01:36.010883 | Epoch:3530 | LR: 0.0000183 | Loss : 0.0181 | Val loss: 0.0182
2026-01-10 05:01:40.651250 | Epoch:3531 | LR: 0.0000183 | Loss : 0.0189 | Val loss: 0.0202
2026-01-10 05:01:45.041670 | Epoch:3532 | LR: 0.0000183 | Loss : 0.0190 | Val loss: 0.0196
2026-01-10 05:01:49.405914 | Epoch:3533 | LR: 0.0000184 | Loss : 0.0191 | Val loss: 0.0178
2026-01-10 05:01:53.687090 | Epoch:3534 | LR: 0.0000184 | Loss : 0.0189 | Val loss: 0.0206
2026-01-10 05:01:57.958709 | Epoch:3535 | LR: 0.0000184 | Loss : 0.0181 | Val loss: 0.0179
2026-01-10 05:02:02.202036 | Epoch:3536 | LR: 0.0000185 | Loss : 0.0186 | Val loss: 0.0192
2026-01-10 05:02:06.459359 | Epoch:3537 | LR: 0.0000185 | Loss : 0.0180 | Val loss: 0.0204
2026-01-10 05:02:10.675063 | Epoch:3538 | LR: 0.0000185 | Loss : 0.0189 | Val loss: 0.0193
2026-01-10 05:02:14.990742 | Epoch:3539 | LR: 0.0000186 | Loss : 0.0194 | Val loss: 0.0185
2026-01-10 05:02:19.294218 | Epoch:3540 | LR: 0.0000186 | Loss : 0.0195 | Val loss: 0.0179
2026-01-10 05:02:23.559666 | Epoch:3541 | LR: 0.0000186 | Loss : 0.0201 | Val loss: 0.0197
2026-01-10 05:02:27.836666 | Epoch:3542 | LR: 0.0000186 | Loss : 0.0191 | Val loss: 0.0182
2026-01-10 05:02:32.164053 | Epoch:3543 | LR: 0.0000187 | Loss : 0.0192 | Val loss: 0.0187
2026-01-10 05:02:36.436318 | Epoch:3544 | LR: 0.0000187 | Loss : 0.0189 | Val loss: 0.0203
2026-01-10 05:02:40.711766 | Epoch:3545 | LR: 0.0000187 | Loss : 0.0176 | Val loss: 0.0195
2026-01-10 05:02:45.056042 | Epoch:3546 | LR: 0.0000188 | Loss : 0.0175 | Val loss: 0.0158
2026-01-10 05:02:49.354089 | Epoch:3547 | LR: 0.0000188 | Loss : 0.0190 | Val loss: 0.0189
2026-01-10 05:02:53.665777 | Epoch:3548 | LR: 0.0000188 | Loss : 0.0180 | Val loss: 0.0183
2026-01-10 05:02:57.987046 | Epoch:3549 | LR: 0.0000189 | Loss : 0.0180 | Val loss: 0.0190
2026-01-10 05:03:02.242939 | Epoch:3550 | LR: 0.0000189 | Loss : 0.0171 | Val loss: 0.0176
2026-01-10 05:03:06.484948 | Epoch:3551 | LR: 0.0000189 | Loss : 0.0196 | Val loss: 0.0198
2026-01-10 05:03:10.700139 | Epoch:3552 | LR: 0.0000190 | Loss : 0.0190 | Val loss: 0.0193
2026-01-10 05:03:14.912020 | Epoch:3553 | LR: 0.0000190 | Loss : 0.0199 | Val loss: 0.0189
2026-01-10 05:03:19.130851 | Epoch:3554 | LR: 0.0000190 | Loss : 0.0192 | Val loss: 0.0177
2026-01-10 05:03:23.554315 | Epoch:3555 | LR: 0.0000190 | Loss : 0.0190 | Val loss: 0.0188
2026-01-10 05:03:27.874367 | Epoch:3556 | LR: 0.0000191 | Loss : 0.0191 | Val loss: 0.0204
2026-01-10 05:03:32.174480 | Epoch:3557 | LR: 0.0000191 | Loss : 0.0183 | Val loss: 0.0189
2026-01-10 05:03:36.453712 | Epoch:3558 | LR: 0.0000191 | Loss : 0.0202 | Val loss: 0.0192
2026-01-10 05:03:40.690127 | Epoch:3559 | LR: 0.0000192 | Loss : 0.0182 | Val loss: 0.0188
2026-01-10 05:03:45.401190 | Epoch:3560 | LR: 0.0000192 | Loss : 0.0191 | Val loss: 0.0198
2026-01-10 05:03:50.154076 | Epoch:3561 | LR: 0.0000192 | Loss : 0.0204 | Val loss: 0.0219
2026-01-10 05:03:54.708601 | Epoch:3562 | LR: 0.0000193 | Loss : 0.0192 | Val loss: 0.0176
2026-01-10 05:03:59.213328 | Epoch:3563 | LR: 0.0000193 | Loss : 0.0199 | Val loss: 0.0187
2026-01-10 05:04:03.948271 | Epoch:3564 | LR: 0.0000193 | Loss : 0.0183 | Val loss: 0.0164
2026-01-10 05:04:08.238604 | Epoch:3565 | LR: 0.0000193 | Loss : 0.0195 | Val loss: 0.0193
2026-01-10 05:04:12.470973 | Epoch:3566 | LR: 0.0000194 | Loss : 0.0172 | Val loss: 0.0168
2026-01-10 05:04:16.754997 | Epoch:3567 | LR: 0.0000194 | Loss : 0.0192 | Val loss: 0.0174
2026-01-10 05:04:20.976791 | Epoch:3568 | LR: 0.0000194 | Loss : 0.0185 | Val loss: 0.0195
2026-01-10 05:04:25.562008 | Epoch:3569 | LR: 0.0000195 | Loss : 0.0175 | Val loss: 0.0169
2026-01-10 05:04:29.974991 | Epoch:3570 | LR: 0.0000195 | Loss : 0.0181 | Val loss: 0.0197
2026-01-10 05:04:34.281074 | Epoch:3571 | LR: 0.0000195 | Loss : 0.0182 | Val loss: 0.0155
2026-01-10 05:04:38.610517 | Epoch:3572 | LR: 0.0000196 | Loss : 0.0182 | Val loss: 0.0189
2026-01-10 05:04:42.923582 | Epoch:3573 | LR: 0.0000196 | Loss : 0.0179 | Val loss: 0.0182
2026-01-10 05:04:47.236275 | Epoch:3574 | LR: 0.0000196 | Loss : 0.0187 | Val loss: 0.0174
2026-01-10 05:04:51.538136 | Epoch:3575 | LR: 0.0000197 | Loss : 0.0204 | Val loss: 0.0185
2026-01-10 05:04:55.809513 | Epoch:3576 | LR: 0.0000197 | Loss : 0.0191 | Val loss: 0.0190
2026-01-10 05:05:00.140715 | Epoch:3577 | LR: 0.0000197 | Loss : 0.0180 | Val loss: 0.0174
2026-01-10 05:05:04.485628 | Epoch:3578 | LR: 0.0000197 | Loss : 0.0184 | Val loss: 0.0175
2026-01-10 05:05:08.755183 | Epoch:3579 | LR: 0.0000198 | Loss : 0.0183 | Val loss: 0.0188
2026-01-10 05:05:13.134951 | Epoch:3580 | LR: 0.0000198 | Loss : 0.0190 | Val loss: 0.0183
2026-01-10 05:05:17.387279 | Epoch:3581 | LR: 0.0000198 | Loss : 0.0195 | Val loss: 0.0175
2026-01-10 05:05:21.607786 | Epoch:3582 | LR: 0.0000199 | Loss : 0.0180 | Val loss: 0.0180
2026-01-10 05:05:25.843002 | Epoch:3583 | LR: 0.0000199 | Loss : 0.0185 | Val loss: 0.0191
2026-01-10 05:05:30.166573 | Epoch:3584 | LR: 0.0000199 | Loss : 0.0185 | Val loss: 0.0174
2026-01-10 05:05:34.467939 | Epoch:3585 | LR: 0.0000200 | Loss : 0.0187 | Val loss: 0.0193
2026-01-10 05:05:38.816461 | Epoch:3586 | LR: 0.0000200 | Loss : 0.0182 | Val loss: 0.0186
2026-01-10 05:05:43.034894 | Epoch:3587 | LR: 0.0000200 | Loss : 0.0182 | Val loss: 0.0170
2026-01-10 05:05:47.251445 | Epoch:3588 | LR: 0.0000201 | Loss : 0.0188 | Val loss: 0.0191
2026-01-10 05:05:51.523597 | Epoch:3589 | LR: 0.0000201 | Loss : 0.0179 | Val loss: 0.0172
2026-01-10 05:05:55.778643 | Epoch:3590 | LR: 0.0000201 | Loss : 0.0184 | Val loss: 0.0190
2026-01-10 05:06:00.034997 | Epoch:3591 | LR: 0.0000202 | Loss : 0.0187 | Val loss: 0.0178
2026-01-10 05:06:04.318102 | Epoch:3592 | LR: 0.0000202 | Loss : 0.0192 | Val loss: 0.0193
2026-01-10 05:06:08.577099 | Epoch:3593 | LR: 0.0000202 | Loss : 0.0186 | Val loss: 0.0180
2026-01-10 05:06:12.839860 | Epoch:3594 | LR: 0.0000202 | Loss : 0.0182 | Val loss: 0.0172
2026-01-10 05:06:17.144611 | Epoch:3595 | LR: 0.0000203 | Loss : 0.0175 | Val loss: 0.0189
2026-01-10 05:06:21.381060 | Epoch:3596 | LR: 0.0000203 | Loss : 0.0189 | Val loss: 0.0185
2026-01-10 05:06:25.613682 | Epoch:3597 | LR: 0.0000203 | Loss : 0.0198 | Val loss: 0.0172
2026-01-10 05:06:29.814240 | Epoch:3598 | LR: 0.0000204 | Loss : 0.0185 | Val loss: 0.0177
2026-01-10 05:06:34.075416 | Epoch:3599 | LR: 0.0000204 | Loss : 0.0176 | Val loss: 0.0183
2026-01-10 05:06:38.348390 | Epoch:3600 | LR: 0.0000204 | Loss : 0.0182 | Val loss: 0.0184
2026-01-10 05:06:42.772527 | Epoch:3601 | LR: 0.0000205 | Loss : 0.0194 | Val loss: 0.0184
2026-01-10 05:06:47.118174 | Epoch:3602 | LR: 0.0000205 | Loss : 0.0196 | Val loss: 0.0184
2026-01-10 05:06:51.416648 | Epoch:3603 | LR: 0.0000205 | Loss : 0.0181 | Val loss: 0.0173
2026-01-10 05:06:55.717751 | Epoch:3604 | LR: 0.0000206 | Loss : 0.0177 | Val loss: 0.0179
2026-01-10 05:07:00.013030 | Epoch:3605 | LR: 0.0000206 | Loss : 0.0182 | Val loss: 0.0168
2026-01-10 05:07:04.293801 | Epoch:3606 | LR: 0.0000206 | Loss : 0.0187 | Val loss: 0.0190
2026-01-10 05:07:08.586338 | Epoch:3607 | LR: 0.0000206 | Loss : 0.0185 | Val loss: 0.0179
2026-01-10 05:07:12.871445 | Epoch:3608 | LR: 0.0000207 | Loss : 0.0178 | Val loss: 0.0186
2026-01-10 05:07:17.168977 | Epoch:3609 | LR: 0.0000207 | Loss : 0.0193 | Val loss: 0.0193
2026-01-10 05:07:21.445713 | Epoch:3610 | LR: 0.0000207 | Loss : 0.0176 | Val loss: 0.0181
2026-01-10 05:07:25.807529 | Epoch:3611 | LR: 0.0000208 | Loss : 0.0182 | Val loss: 0.0181
2026-01-10 05:07:30.048551 | Epoch:3612 | LR: 0.0000208 | Loss : 0.0183 | Val loss: 0.0170
2026-01-10 05:07:34.259016 | Epoch:3613 | LR: 0.0000208 | Loss : 0.0178 | Val loss: 0.0150
2026-01-10 05:07:38.491069 | Epoch:3614 | LR: 0.0000209 | Loss : 0.0184 | Val loss: 0.0182
2026-01-10 05:07:42.775665 | Epoch:3615 | LR: 0.0000209 | Loss : 0.0175 | Val loss: 0.0185
2026-01-10 05:07:47.048175 | Epoch:3616 | LR: 0.0000209 | Loss : 0.0186 | Val loss: 0.0174
2026-01-10 05:07:51.415894 | Epoch:3617 | LR: 0.0000210 | Loss : 0.0171 | Val loss: 0.0203
2026-01-10 05:07:55.700011 | Epoch:3618 | LR: 0.0000210 | Loss : 0.0194 | Val loss: 0.0178
2026-01-10 05:07:59.995252 | Epoch:3619 | LR: 0.0000210 | Loss : 0.0179 | Val loss: 0.0184
2026-01-10 05:08:04.281871 | Epoch:3620 | LR: 0.0000211 | Loss : 0.0189 | Val loss: 0.0183
2026-01-10 05:08:08.528624 | Epoch:3621 | LR: 0.0000211 | Loss : 0.0183 | Val loss: 0.0175
2026-01-10 05:08:12.802177 | Epoch:3622 | LR: 0.0000211 | Loss : 0.0185 | Val loss: 0.0177
2026-01-10 05:08:17.413049 | Epoch:3623 | LR: 0.0000211 | Loss : 0.0177 | Val loss: 0.0175
2026-01-10 05:08:21.788755 | Epoch:3624 | LR: 0.0000212 | Loss : 0.0171 | Val loss: 0.0184
2026-01-10 05:08:26.144219 | Epoch:3625 | LR: 0.0000212 | Loss : 0.0177 | Val loss: 0.0169
2026-01-10 05:08:30.466685 | Epoch:3626 | LR: 0.0000212 | Loss : 0.0180 | Val loss: 0.0175
2026-01-10 05:08:34.737985 | Epoch:3627 | LR: 0.0000213 | Loss : 0.0181 | Val loss: 0.0168
2026-01-10 05:08:39.002302 | Epoch:3628 | LR: 0.0000213 | Loss : 0.0175 | Val loss: 0.0182
2026-01-10 05:08:43.234154 | Epoch:3629 | LR: 0.0000213 | Loss : 0.0183 | Val loss: 0.0180
2026-01-10 05:08:47.462614 | Epoch:3630 | LR: 0.0000214 | Loss : 0.0177 | Val loss: 0.0175
2026-01-10 05:08:51.647772 | Epoch:3631 | LR: 0.0000214 | Loss : 0.0189 | Val loss: 0.0198
2026-01-10 05:08:55.965954 | Epoch:3632 | LR: 0.0000214 | Loss : 0.0191 | Val loss: 0.0194
2026-01-10 05:09:00.744666 | Epoch:3633 | LR: 0.0000215 | Loss : 0.0185 | Val loss: 0.0202
2026-01-10 05:09:05.708870 | Epoch:3634 | LR: 0.0000215 | Loss : 0.0185 | Val loss: 0.0179
2026-01-10 05:09:10.129695 | Epoch:3635 | LR: 0.0000215 | Loss : 0.0186 | Val loss: 0.0186
2026-01-10 05:09:14.589602 | Epoch:3636 | LR: 0.0000215 | Loss : 0.0176 | Val loss: 0.0177
2026-01-10 05:09:19.205175 | Epoch:3637 | LR: 0.0000216 | Loss : 0.0183 | Val loss: 0.0199
2026-01-10 05:09:23.547446 | Epoch:3638 | LR: 0.0000216 | Loss : 0.0184 | Val loss: 0.0166
2026-01-10 05:09:27.867833 | Epoch:3639 | LR: 0.0000216 | Loss : 0.0171 | Val loss: 0.0181
2026-01-10 05:09:32.236087 | Epoch:3640 | LR: 0.0000217 | Loss : 0.0173 | Val loss: 0.0190
2026-01-10 05:09:36.564232 | Epoch:3641 | LR: 0.0000217 | Loss : 0.0171 | Val loss: 0.0171
2026-01-10 05:09:40.835402 | Epoch:3642 | LR: 0.0000217 | Loss : 0.0177 | Val loss: 0.0177
2026-01-10 05:09:46.806390 | Epoch:3643 | LR: 0.0000218 | Loss : 0.0173 | Val loss: 0.0170
2026-01-10 05:09:51.110078 | Epoch:3644 | LR: 0.0000218 | Loss : 0.0177 | Val loss: 0.0184
2026-01-10 05:09:55.409371 | Epoch:3645 | LR: 0.0000218 | Loss : 0.0181 | Val loss: 0.0192
2026-01-10 05:09:59.890297 | Epoch:3646 | LR: 0.0000219 | Loss : 0.0174 | Val loss: 0.0183
2026-01-10 05:10:04.258491 | Epoch:3647 | LR: 0.0000219 | Loss : 0.0197 | Val loss: 0.0210
2026-01-10 05:10:08.639862 | Epoch:3648 | LR: 0.0000219 | Loss : 0.0184 | Val loss: 0.0189
2026-01-10 05:10:13.008951 | Epoch:3649 | LR: 0.0000220 | Loss : 0.0179 | Val loss: 0.0181
2026-01-10 05:10:17.320742 | Epoch:3650 | LR: 0.0000220 | Loss : 0.0177 | Val loss: 0.0178
2026-01-10 05:10:21.682063 | Epoch:3651 | LR: 0.0000220 | Loss : 0.0166 | Val loss: 0.0167
2026-01-10 05:10:26.043229 | Epoch:3652 | LR: 0.0000220 | Loss : 0.0184 | Val loss: 0.0188
2026-01-10 05:10:30.369769 | Epoch:3653 | LR: 0.0000221 | Loss : 0.0183 | Val loss: 0.0170
2026-01-10 05:10:34.743498 | Epoch:3654 | LR: 0.0000221 | Loss : 0.0176 | Val loss: 0.0173
2026-01-10 05:10:39.113830 | Epoch:3655 | LR: 0.0000221 | Loss : 0.0181 | Val loss: 0.0165
2026-01-10 05:10:43.388717 | Epoch:3656 | LR: 0.0000222 | Loss : 0.0172 | Val loss: 0.0164
2026-01-10 05:10:47.698582 | Epoch:3657 | LR: 0.0000222 | Loss : 0.0167 | Val loss: 0.0167
2026-01-10 05:10:51.970053 | Epoch:3658 | LR: 0.0000222 | Loss : 0.0176 | Val loss: 0.0165
2026-01-10 05:10:56.302111 | Epoch:3659 | LR: 0.0000223 | Loss : 0.0174 | Val loss: 0.0176
2026-01-10 05:11:00.644749 | Epoch:3660 | LR: 0.0000223 | Loss : 0.0186 | Val loss: 0.0167
2026-01-10 05:11:05.089828 | Epoch:3661 | LR: 0.0000223 | Loss : 0.0187 | Val loss: 0.0181
2026-01-10 05:11:09.537746 | Epoch:3662 | LR: 0.0000224 | Loss : 0.0177 | Val loss: 0.0182
2026-01-10 05:11:13.896155 | Epoch:3663 | LR: 0.0000224 | Loss : 0.0182 | Val loss: 0.0197
2026-01-10 05:11:18.255910 | Epoch:3664 | LR: 0.0000224 | Loss : 0.0167 | Val loss: 0.0178
2026-01-10 05:11:22.511565 | Epoch:3665 | LR: 0.0000225 | Loss : 0.0177 | Val loss: 0.0194
2026-01-10 05:11:26.810052 | Epoch:3666 | LR: 0.0000225 | Loss : 0.0172 | Val loss: 0.0170
2026-01-10 05:11:31.103224 | Epoch:3667 | LR: 0.0000225 | Loss : 0.0166 | Val loss: 0.0191
2026-01-10 05:11:35.384003 | Epoch:3668 | LR: 0.0000226 | Loss : 0.0175 | Val loss: 0.0170
2026-01-10 05:11:39.677413 | Epoch:3669 | LR: 0.0000226 | Loss : 0.0177 | Val loss: 0.0169
2026-01-10 05:11:44.006611 | Epoch:3670 | LR: 0.0000226 | Loss : 0.0167 | Val loss: 0.0172
2026-01-10 05:11:48.303648 | Epoch:3671 | LR: 0.0000226 | Loss : 0.0179 | Val loss: 0.0183
2026-01-10 05:11:52.554798 | Epoch:3672 | LR: 0.0000227 | Loss : 0.0162 | Val loss: 0.0163
2026-01-10 05:11:56.809857 | Epoch:3673 | LR: 0.0000227 | Loss : 0.0170 | Val loss: 0.0175
2026-01-10 05:12:01.093452 | Epoch:3674 | LR: 0.0000227 | Loss : 0.0175 | Val loss: 0.0179
2026-01-10 05:12:05.376431 | Epoch:3675 | LR: 0.0000228 | Loss : 0.0188 | Val loss: 0.0191
2026-01-10 05:12:09.990815 | Epoch:3676 | LR: 0.0000228 | Loss : 0.0178 | Val loss: 0.0202
2026-01-10 05:12:14.410256 | Epoch:3677 | LR: 0.0000228 | Loss : 0.0185 | Val loss: 0.0180
2026-01-10 05:12:18.715228 | Epoch:3678 | LR: 0.0000229 | Loss : 0.0174 | Val loss: 0.0188
2026-01-10 05:12:23.077271 | Epoch:3679 | LR: 0.0000229 | Loss : 0.0180 | Val loss: 0.0178
2026-01-10 05:12:27.315232 | Epoch:3680 | LR: 0.0000229 | Loss : 0.0167 | Val loss: 0.0185
2026-01-10 05:12:31.584477 | Epoch:3681 | LR: 0.0000230 | Loss : 0.0184 | Val loss: 0.0177
2026-01-10 05:12:35.870697 | Epoch:3682 | LR: 0.0000230 | Loss : 0.0175 | Val loss: 0.0172
2026-01-10 05:12:40.234110 | Epoch:3683 | LR: 0.0000230 | Loss : 0.0177 | Val loss: 0.0201
2026-01-10 05:12:44.524540 | Epoch:3684 | LR: 0.0000231 | Loss : 0.0171 | Val loss: 0.0186
2026-01-10 05:12:48.873599 | Epoch:3685 | LR: 0.0000231 | Loss : 0.0177 | Val loss: 0.0168
2026-01-10 05:12:53.209597 | Epoch:3686 | LR: 0.0000231 | Loss : 0.0173 | Val loss: 0.0169
2026-01-10 05:12:57.510937 | Epoch:3687 | LR: 0.0000231 | Loss : 0.0180 | Val loss: 0.0187
2026-01-10 05:13:01.803145 | Epoch:3688 | LR: 0.0000232 | Loss : 0.0190 | Val loss: 0.0187
2026-01-10 05:13:06.097831 | Epoch:3689 | LR: 0.0000232 | Loss : 0.0177 | Val loss: 0.0176
2026-01-10 05:13:10.376920 | Epoch:3690 | LR: 0.0000232 | Loss : 0.0177 | Val loss: 0.0178
2026-01-10 05:13:14.703579 | Epoch:3691 | LR: 0.0000233 | Loss : 0.0170 | Val loss: 0.0181
2026-01-10 05:13:19.151595 | Epoch:3692 | LR: 0.0000233 | Loss : 0.0181 | Val loss: 0.0183
2026-01-10 05:13:23.401470 | Epoch:3693 | LR: 0.0000233 | Loss : 0.0172 | Val loss: 0.0172
2026-01-10 05:13:27.612580 | Epoch:3694 | LR: 0.0000234 | Loss : 0.0172 | Val loss: 0.0177
2026-01-10 05:13:31.839701 | Epoch:3695 | LR: 0.0000234 | Loss : 0.0177 | Val loss: 0.0183
2026-01-10 05:13:36.091682 | Epoch:3696 | LR: 0.0000234 | Loss : 0.0177 | Val loss: 0.0178
2026-01-10 05:13:40.367082 | Epoch:3697 | LR: 0.0000235 | Loss : 0.0175 | Val loss: 0.0176
2026-01-10 05:13:44.654821 | Epoch:3698 | LR: 0.0000235 | Loss : 0.0176 | Val loss: 0.0191
2026-01-10 05:13:48.937549 | Epoch:3699 | LR: 0.0000235 | Loss : 0.0175 | Val loss: 0.0180
2026-01-10 05:13:53.248604 | Epoch:3700 | LR: 0.0000236 | Loss : 0.0163 | Val loss: 0.0170
2026-01-10 05:13:57.564840 | Epoch:3701 | LR: 0.0000236 | Loss : 0.0166 | Val loss: 0.0166
2026-01-10 05:14:01.773973 | Epoch:3702 | LR: 0.0000236 | Loss : 0.0165 | Val loss: 0.0178
2026-01-10 05:14:05.920381 | Epoch:3703 | LR: 0.0000237 | Loss : 0.0165 | Val loss: 0.0174
2026-01-10 05:14:10.105581 | Epoch:3704 | LR: 0.0000237 | Loss : 0.0166 | Val loss: 0.0186
2026-01-10 05:14:14.591776 | Epoch:3705 | LR: 0.0000237 | Loss : 0.0176 | Val loss: 0.0166
2026-01-10 05:14:19.369873 | Epoch:3706 | LR: 0.0000237 | Loss : 0.0176 | Val loss: 0.0153
2026-01-10 05:14:23.965276 | Epoch:3707 | LR: 0.0000238 | Loss : 0.0168 | Val loss: 0.0169
2026-01-10 05:14:28.222318 | Epoch:3708 | LR: 0.0000238 | Loss : 0.0186 | Val loss: 0.0175
2026-01-10 05:14:33.173726 | Epoch:3709 | LR: 0.0000238 | Loss : 0.0168 | Val loss: 0.0188
2026-01-10 05:14:37.520643 | Epoch:3710 | LR: 0.0000239 | Loss : 0.0183 | Val loss: 0.0192
2026-01-10 05:14:41.844670 | Epoch:3711 | LR: 0.0000239 | Loss : 0.0177 | Val loss: 0.0170
2026-01-10 05:14:46.225454 | Epoch:3712 | LR: 0.0000239 | Loss : 0.0191 | Val loss: 0.0169
2026-01-10 05:14:50.552234 | Epoch:3713 | LR: 0.0000240 | Loss : 0.0178 | Val loss: 0.0172
2026-01-10 05:14:54.905453 | Epoch:3714 | LR: 0.0000240 | Loss : 0.0188 | Val loss: 0.0184
2026-01-10 05:14:59.231150 | Epoch:3715 | LR: 0.0000240 | Loss : 0.0178 | Val loss: 0.0181
2026-01-10 05:15:03.548175 | Epoch:3716 | LR: 0.0000241 | Loss : 0.0175 | Val loss: 0.0178
2026-01-10 05:15:07.834038 | Epoch:3717 | LR: 0.0000241 | Loss : 0.0188 | Val loss: 0.0187
2026-01-10 05:15:12.144436 | Epoch:3718 | LR: 0.0000241 | Loss : 0.0179 | Val loss: 0.0181
2026-01-10 05:15:16.492779 | Epoch:3719 | LR: 0.0000242 | Loss : 0.0177 | Val loss: 0.0182
2026-01-10 05:15:20.796374 | Epoch:3720 | LR: 0.0000242 | Loss : 0.0168 | Val loss: 0.0161
2026-01-10 05:15:25.189594 | Epoch:3721 | LR: 0.0000242 | Loss : 0.0186 | Val loss: 0.0187
2026-01-10 05:15:29.603957 | Epoch:3722 | LR: 0.0000242 | Loss : 0.0171 | Val loss: 0.0157
2026-01-10 05:15:33.939867 | Epoch:3723 | LR: 0.0000243 | Loss : 0.0173 | Val loss: 0.0176
2026-01-10 05:15:38.205047 | Epoch:3724 | LR: 0.0000243 | Loss : 0.0164 | Val loss: 0.0165
2026-01-10 05:15:42.491878 | Epoch:3725 | LR: 0.0000243 | Loss : 0.0174 | Val loss: 0.0173
2026-01-10 05:15:46.796029 | Epoch:3726 | LR: 0.0000244 | Loss : 0.0167 | Val loss: 0.0155
2026-01-10 05:15:51.111139 | Epoch:3727 | LR: 0.0000244 | Loss : 0.0166 | Val loss: 0.0171
2026-01-10 05:15:55.412368 | Epoch:3728 | LR: 0.0000244 | Loss : 0.0161 | Val loss: 0.0181
2026-01-10 05:15:59.710228 | Epoch:3729 | LR: 0.0000245 | Loss : 0.0167 | Val loss: 0.0170
2026-01-10 05:16:04.025561 | Epoch:3730 | LR: 0.0000245 | Loss : 0.0177 | Val loss: 0.0162
2026-01-10 05:16:08.684481 | Epoch:3731 | LR: 0.0000245 | Loss : 0.0164 | Val loss: 0.0163
2026-01-10 05:16:13.116488 | Epoch:3732 | LR: 0.0000246 | Loss : 0.0185 | Val loss: 0.0169
2026-01-10 05:16:17.460181 | Epoch:3733 | LR: 0.0000246 | Loss : 0.0180 | Val loss: 0.0171
2026-01-10 05:16:21.800847 | Epoch:3734 | LR: 0.0000246 | Loss : 0.0172 | Val loss: 0.0169
2026-01-10 05:16:26.142486 | Epoch:3735 | LR: 0.0000247 | Loss : 0.0166 | Val loss: 0.0170
2026-01-10 05:16:30.488758 | Epoch:3736 | LR: 0.0000247 | Loss : 0.0166 | Val loss: 0.0179
2026-01-10 05:16:34.911610 | Epoch:3737 | LR: 0.0000247 | Loss : 0.0175 | Val loss: 0.0190
2026-01-10 05:16:39.229823 | Epoch:3738 | LR: 0.0000248 | Loss : 0.0180 | Val loss: 0.0203
2026-01-10 05:16:43.520448 | Epoch:3739 | LR: 0.0000248 | Loss : 0.0186 | Val loss: 0.0182
2026-01-10 05:16:47.812099 | Epoch:3740 | LR: 0.0000248 | Loss : 0.0175 | Val loss: 0.0173
2026-01-10 05:16:52.336916 | Epoch:3741 | LR: 0.0000248 | Loss : 0.0177 | Val loss: 0.0178
2026-01-10 05:16:56.640727 | Epoch:3742 | LR: 0.0000249 | Loss : 0.0174 | Val loss: 0.0188
2026-01-10 05:17:00.966386 | Epoch:3743 | LR: 0.0000249 | Loss : 0.0177 | Val loss: 0.0171
2026-01-10 05:17:05.312075 | Epoch:3744 | LR: 0.0000249 | Loss : 0.0187 | Val loss: 0.0174
2026-01-10 05:17:09.648453 | Epoch:3745 | LR: 0.0000250 | Loss : 0.0188 | Val loss: 0.0185
2026-01-10 05:17:13.989996 | Epoch:3746 | LR: 0.0000250 | Loss : 0.0191 | Val loss: 0.0184
2026-01-10 05:17:18.384878 | Epoch:3747 | LR: 0.0000250 | Loss : 0.0177 | Val loss: 0.0176
2026-01-10 05:17:22.719169 | Epoch:3748 | LR: 0.0000251 | Loss : 0.0159 | Val loss: 0.0165
2026-01-10 05:17:27.022593 | Epoch:3749 | LR: 0.0000251 | Loss : 0.0170 | Val loss: 0.0164
2026-01-10 05:17:31.351984 | Epoch:3750 | LR: 0.0000251 | Loss : 0.0174 | Val loss: 0.0160
2026-01-10 05:17:35.853028 | Epoch:3751 | LR: 0.0000252 | Loss : 0.0176 | Val loss: 0.0168
2026-01-10 05:17:40.260661 | Epoch:3752 | LR: 0.0000252 | Loss : 0.0168 | Val loss: 0.0169
2026-01-10 05:17:46.580788 | Epoch:3753 | LR: 0.0000252 | Loss : 0.0166 | Val loss: 0.0163
2026-01-10 05:17:51.234633 | Epoch:3754 | LR: 0.0000253 | Loss : 0.0162 | Val loss: 0.0154
2026-01-10 05:17:55.752378 | Epoch:3755 | LR: 0.0000253 | Loss : 0.0167 | Val loss: 0.0164
2026-01-10 05:18:00.297872 | Epoch:3756 | LR: 0.0000253 | Loss : 0.0169 | Val loss: 0.0168
2026-01-10 05:18:04.665955 | Epoch:3757 | LR: 0.0000254 | Loss : 0.0173 | Val loss: 0.0169
2026-01-10 05:18:09.086020 | Epoch:3758 | LR: 0.0000254 | Loss : 0.0178 | Val loss: 0.0161
2026-01-10 05:18:13.608159 | Epoch:3759 | LR: 0.0000254 | Loss : 0.0170 | Val loss: 0.0164
2026-01-10 05:18:18.034214 | Epoch:3760 | LR: 0.0000254 | Loss : 0.0171 | Val loss: 0.0187
2026-01-10 05:18:22.346778 | Epoch:3761 | LR: 0.0000255 | Loss : 0.0176 | Val loss: 0.0184
2026-01-10 05:18:26.747665 | Epoch:3762 | LR: 0.0000255 | Loss : 0.0173 | Val loss: 0.0188
2026-01-10 05:18:31.192446 | Epoch:3763 | LR: 0.0000255 | Loss : 0.0181 | Val loss: 0.0178
2026-01-10 05:18:35.522281 | Epoch:3764 | LR: 0.0000256 | Loss : 0.0177 | Val loss: 0.0173
2026-01-10 05:18:39.829434 | Epoch:3765 | LR: 0.0000256 | Loss : 0.0170 | Val loss: 0.0175
2026-01-10 05:18:44.183098 | Epoch:3766 | LR: 0.0000256 | Loss : 0.0171 | Val loss: 0.0179
2026-01-10 05:18:48.576324 | Epoch:3767 | LR: 0.0000257 | Loss : 0.0173 | Val loss: 0.0179
2026-01-10 05:18:52.959319 | Epoch:3768 | LR: 0.0000257 | Loss : 0.0173 | Val loss: 0.0158
2026-01-10 05:18:57.331487 | Epoch:3769 | LR: 0.0000257 | Loss : 0.0162 | Val loss: 0.0160
2026-01-10 05:19:01.660250 | Epoch:3770 | LR: 0.0000258 | Loss : 0.0167 | Val loss: 0.0169
2026-01-10 05:19:05.996131 | Epoch:3771 | LR: 0.0000258 | Loss : 0.0169 | Val loss: 0.0174
2026-01-10 05:19:10.251894 | Epoch:3772 | LR: 0.0000258 | Loss : 0.0162 | Val loss: 0.0181
2026-01-10 05:19:14.481027 | Epoch:3773 | LR: 0.0000259 | Loss : 0.0168 | Val loss: 0.0171
2026-01-10 05:19:18.639229 | Epoch:3774 | LR: 0.0000259 | Loss : 0.0187 | Val loss: 0.0179
2026-01-10 05:19:22.867628 | Epoch:3775 | LR: 0.0000259 | Loss : 0.0177 | Val loss: 0.0159
2026-01-10 05:19:27.032615 | Epoch:3776 | LR: 0.0000260 | Loss : 0.0172 | Val loss: 0.0170
2026-01-10 05:19:31.953392 | Epoch:3777 | LR: 0.0000260 | Loss : 0.0176 | Val loss: 0.0175
2026-01-10 05:19:36.550535 | Epoch:3778 | LR: 0.0000260 | Loss : 0.0173 | Val loss: 0.0168
2026-01-10 05:19:40.946209 | Epoch:3779 | LR: 0.0000260 | Loss : 0.0165 | Val loss: 0.0174
2026-01-10 05:19:45.587369 | Epoch:3780 | LR: 0.0000261 | Loss : 0.0159 | Val loss: 0.0160
2026-01-10 05:19:50.170255 | Epoch:3781 | LR: 0.0000261 | Loss : 0.0164 | Val loss: 0.0159
2026-01-10 05:19:54.547484 | Epoch:3782 | LR: 0.0000261 | Loss : 0.0156 | Val loss: 0.0173
2026-01-10 05:19:59.045752 | Epoch:3783 | LR: 0.0000262 | Loss : 0.0166 | Val loss: 0.0161
2026-01-10 05:20:03.360164 | Epoch:3784 | LR: 0.0000262 | Loss : 0.0160 | Val loss: 0.0158
2026-01-10 05:20:07.677775 | Epoch:3785 | LR: 0.0000262 | Loss : 0.0175 | Val loss: 0.0156
2026-01-10 05:20:11.998272 | Epoch:3786 | LR: 0.0000263 | Loss : 0.0178 | Val loss: 0.0194
2026-01-10 05:20:16.214208 | Epoch:3787 | LR: 0.0000263 | Loss : 0.0169 | Val loss: 0.0169
2026-01-10 05:20:20.438721 | Epoch:3788 | LR: 0.0000263 | Loss : 0.0170 | Val loss: 0.0197
2026-01-10 05:20:24.652316 | Epoch:3789 | LR: 0.0000264 | Loss : 0.0180 | Val loss: 0.0185
2026-01-10 05:20:28.996144 | Epoch:3790 | LR: 0.0000264 | Loss : 0.0181 | Val loss: 0.0166
2026-01-10 05:20:33.258711 | Epoch:3791 | LR: 0.0000264 | Loss : 0.0179 | Val loss: 0.0159
2026-01-10 05:20:37.529288 | Epoch:3792 | LR: 0.0000265 | Loss : 0.0178 | Val loss: 0.0173
2026-01-10 05:20:41.801481 | Epoch:3793 | LR: 0.0000265 | Loss : 0.0164 | Val loss: 0.0180
2026-01-10 05:20:46.128241 | Epoch:3794 | LR: 0.0000265 | Loss : 0.0158 | Val loss: 0.0164
2026-01-10 05:20:50.459559 | Epoch:3795 | LR: 0.0000265 | Loss : 0.0157 | Val loss: 0.0157
2026-01-10 05:20:54.909509 | Epoch:3796 | LR: 0.0000266 | Loss : 0.0158 | Val loss: 0.0175
2026-01-10 05:20:59.267056 | Epoch:3797 | LR: 0.0000266 | Loss : 0.0159 | Val loss: 0.0169
2026-01-10 05:21:03.626311 | Epoch:3798 | LR: 0.0000266 | Loss : 0.0171 | Val loss: 0.0163
2026-01-10 05:21:07.995007 | Epoch:3799 | LR: 0.0000267 | Loss : 0.0166 | Val loss: 0.0158
2026-01-10 05:21:12.322487 | Epoch:3800 | LR: 0.0000267 | Loss : 0.0166 | Val loss: 0.0181
2026-01-10 05:21:16.691550 | Epoch:3801 | LR: 0.0000267 | Loss : 0.0172 | Val loss: 0.0181
2026-01-10 05:21:20.920766 | Epoch:3802 | LR: 0.0000268 | Loss : 0.0168 | Val loss: 0.0167
2026-01-10 05:21:25.177174 | Epoch:3803 | LR: 0.0000268 | Loss : 0.0188 | Val loss: 0.0187
2026-01-10 05:21:29.437680 | Epoch:3804 | LR: 0.0000268 | Loss : 0.0180 | Val loss: 0.0166
2026-01-10 05:21:33.753537 | Epoch:3805 | LR: 0.0000269 | Loss : 0.0176 | Val loss: 0.0176
2026-01-10 05:21:38.022090 | Epoch:3806 | LR: 0.0000269 | Loss : 0.0173 | Val loss: 0.0176
2026-01-10 05:21:42.301743 | Epoch:3807 | LR: 0.0000269 | Loss : 0.0167 | Val loss: 0.0166
2026-01-10 05:21:46.591365 | Epoch:3808 | LR: 0.0000270 | Loss : 0.0162 | Val loss: 0.0164
2026-01-10 05:21:50.907775 | Epoch:3809 | LR: 0.0000270 | Loss : 0.0171 | Val loss: 0.0176
2026-01-10 05:21:55.226503 | Epoch:3810 | LR: 0.0000270 | Loss : 0.0164 | Val loss: 0.0158
2026-01-10 05:21:59.557504 | Epoch:3811 | LR: 0.0000271 | Loss : 0.0163 | Val loss: 0.0165
2026-01-10 05:22:03.920543 | Epoch:3812 | LR: 0.0000271 | Loss : 0.0160 | Val loss: 0.0167
2026-01-10 05:22:08.330524 | Epoch:3813 | LR: 0.0000271 | Loss : 0.0169 | Val loss: 0.0171
2026-01-10 05:22:12.668016 | Epoch:3814 | LR: 0.0000271 | Loss : 0.0155 | Val loss: 0.0152
2026-01-10 05:22:17.044606 | Epoch:3815 | LR: 0.0000272 | Loss : 0.0164 | Val loss: 0.0160
2026-01-10 05:22:21.441302 | Epoch:3816 | LR: 0.0000272 | Loss : 0.0167 | Val loss: 0.0158
2026-01-10 05:22:25.699738 | Epoch:3817 | LR: 0.0000272 | Loss : 0.0160 | Val loss: 0.0165
2026-01-10 05:22:30.021397 | Epoch:3818 | LR: 0.0000273 | Loss : 0.0171 | Val loss: 0.0181
2026-01-10 05:22:34.263033 | Epoch:3819 | LR: 0.0000273 | Loss : 0.0179 | Val loss: 0.0175
2026-01-10 05:22:38.587898 | Epoch:3820 | LR: 0.0000273 | Loss : 0.0179 | Val loss: 0.0164
2026-01-10 05:22:42.904020 | Epoch:3821 | LR: 0.0000274 | Loss : 0.0165 | Val loss: 0.0186
2026-01-10 05:22:47.447431 | Epoch:3822 | LR: 0.0000274 | Loss : 0.0188 | Val loss: 0.0176
2026-01-10 05:22:51.792858 | Epoch:3823 | LR: 0.0000274 | Loss : 0.0174 | Val loss: 0.0190
2026-01-10 05:22:56.115527 | Epoch:3824 | LR: 0.0000275 | Loss : 0.0184 | Val loss: 0.0204
2026-01-10 05:23:00.469569 | Epoch:3825 | LR: 0.0000275 | Loss : 0.0189 | Val loss: 0.0177
2026-01-10 05:23:04.820427 | Epoch:3826 | LR: 0.0000275 | Loss : 0.0171 | Val loss: 0.0183
2026-01-10 05:23:09.178362 | Epoch:3827 | LR: 0.0000276 | Loss : 0.0180 | Val loss: 0.0166
2026-01-10 05:23:13.823789 | Epoch:3828 | LR: 0.0000276 | Loss : 0.0160 | Val loss: 0.0155
2026-01-10 05:23:18.143357 | Epoch:3829 | LR: 0.0000276 | Loss : 0.0168 | Val loss: 0.0167
2026-01-10 05:23:22.453832 | Epoch:3830 | LR: 0.0000276 | Loss : 0.0161 | Val loss: 0.0166
2026-01-10 05:23:26.738985 | Epoch:3831 | LR: 0.0000277 | Loss : 0.0161 | Val loss: 0.0159
2026-01-10 05:23:30.994156 | Epoch:3832 | LR: 0.0000277 | Loss : 0.0155 | Val loss: 0.0143
2026-01-10 05:23:35.362256 | Epoch:3833 | LR: 0.0000277 | Loss : 0.0157 | Val loss: 0.0159
2026-01-10 05:23:39.722051 | Epoch:3834 | LR: 0.0000278 | Loss : 0.0160 | Val loss: 0.0154
2026-01-10 05:23:44.078632 | Epoch:3835 | LR: 0.0000278 | Loss : 0.0157 | Val loss: 0.0172
2026-01-10 05:23:48.381186 | Epoch:3836 | LR: 0.0000278 | Loss : 0.0168 | Val loss: 0.0160
2026-01-10 05:23:52.683478 | Epoch:3837 | LR: 0.0000279 | Loss : 0.0159 | Val loss: 0.0168
2026-01-10 05:23:57.019693 | Epoch:3838 | LR: 0.0000279 | Loss : 0.0161 | Val loss: 0.0171
2026-01-10 05:24:01.345354 | Epoch:3839 | LR: 0.0000279 | Loss : 0.0165 | Val loss: 0.0163
2026-01-10 05:24:05.648924 | Epoch:3840 | LR: 0.0000280 | Loss : 0.0168 | Val loss: 0.0180
2026-01-10 05:24:09.988594 | Epoch:3841 | LR: 0.0000280 | Loss : 0.0182 | Val loss: 0.0184
2026-01-10 05:24:14.315686 | Epoch:3842 | LR: 0.0000280 | Loss : 0.0179 | Val loss: 0.0162
2026-01-10 05:24:18.657850 | Epoch:3843 | LR: 0.0000281 | Loss : 0.0166 | Val loss: 0.0169
2026-01-10 05:24:23.002273 | Epoch:3844 | LR: 0.0000281 | Loss : 0.0175 | Val loss: 0.0164
2026-01-10 05:24:27.308975 | Epoch:3845 | LR: 0.0000281 | Loss : 0.0176 | Val loss: 0.0156
2026-01-10 05:24:31.613120 | Epoch:3846 | LR: 0.0000281 | Loss : 0.0170 | Val loss: 0.0171
2026-01-10 05:24:35.815259 | Epoch:3847 | LR: 0.0000282 | Loss : 0.0165 | Val loss: 0.0165
2026-01-10 05:24:40.221368 | Epoch:3848 | LR: 0.0000282 | Loss : 0.0161 | Val loss: 0.0164
2026-01-10 05:24:44.558075 | Epoch:3849 | LR: 0.0000282 | Loss : 0.0164 | Val loss: 0.0176
2026-01-10 05:24:49.390100 | Epoch:3850 | LR: 0.0000283 | Loss : 0.0172 | Val loss: 0.0144
2026-01-10 05:24:53.866193 | Epoch:3851 | LR: 0.0000283 | Loss : 0.0152 | Val loss: 0.0174
2026-01-10 05:24:58.087006 | Epoch:3852 | LR: 0.0000283 | Loss : 0.0158 | Val loss: 0.0179
2026-01-10 05:25:02.900718 | Epoch:3853 | LR: 0.0000284 | Loss : 0.0159 | Val loss: 0.0168
2026-01-10 05:25:07.282352 | Epoch:3854 | LR: 0.0000284 | Loss : 0.0159 | Val loss: 0.0166
2026-01-10 05:25:11.675594 | Epoch:3855 | LR: 0.0000284 | Loss : 0.0154 | Val loss: 0.0146
2026-01-10 05:25:16.070225 | Epoch:3856 | LR: 0.0000285 | Loss : 0.0163 | Val loss: 0.0175
2026-01-10 05:25:20.602118 | Epoch:3857 | LR: 0.0000285 | Loss : 0.0169 | Val loss: 0.0167
2026-01-10 05:25:24.975911 | Epoch:3858 | LR: 0.0000285 | Loss : 0.0164 | Val loss: 0.0164
2026-01-10 05:25:29.363974 | Epoch:3859 | LR: 0.0000286 | Loss : 0.0160 | Val loss: 0.0171
2026-01-10 05:25:33.701159 | Epoch:3860 | LR: 0.0000286 | Loss : 0.0194 | Val loss: 0.0185
2026-01-10 05:25:37.967136 | Epoch:3861 | LR: 0.0000286 | Loss : 0.0173 | Val loss: 0.0176
2026-01-10 05:25:42.258935 | Epoch:3862 | LR: 0.0000286 | Loss : 0.0181 | Val loss: 0.0171
2026-01-10 05:25:46.533224 | Epoch:3863 | LR: 0.0000287 | Loss : 0.0176 | Val loss: 0.0180
2026-01-10 05:25:50.777825 | Epoch:3864 | LR: 0.0000287 | Loss : 0.0169 | Val loss: 0.0157
2026-01-10 05:25:55.223281 | Epoch:3865 | LR: 0.0000287 | Loss : 0.0171 | Val loss: 0.0167
2026-01-10 05:25:59.566067 | Epoch:3866 | LR: 0.0000288 | Loss : 0.0163 | Val loss: 0.0163
2026-01-10 05:26:03.915913 | Epoch:3867 | LR: 0.0000288 | Loss : 0.0171 | Val loss: 0.0160
2026-01-10 05:26:08.322299 | Epoch:3868 | LR: 0.0000288 | Loss : 0.0168 | Val loss: 0.0166
2026-01-10 05:26:12.704531 | Epoch:3869 | LR: 0.0000289 | Loss : 0.0164 | Val loss: 0.0174
2026-01-10 05:26:17.106830 | Epoch:3870 | LR: 0.0000289 | Loss : 0.0164 | Val loss: 0.0167
2026-01-10 05:26:21.489765 | Epoch:3871 | LR: 0.0000289 | Loss : 0.0160 | Val loss: 0.0178
2026-01-10 05:26:25.837859 | Epoch:3872 | LR: 0.0000290 | Loss : 0.0157 | Val loss: 0.0161
2026-01-10 05:26:30.197223 | Epoch:3873 | LR: 0.0000290 | Loss : 0.0159 | Val loss: 0.0165
2026-01-10 05:26:34.543871 | Epoch:3874 | LR: 0.0000290 | Loss : 0.0161 | Val loss: 0.0151
2026-01-10 05:26:38.976800 | Epoch:3875 | LR: 0.0000291 | Loss : 0.0167 | Val loss: 0.0183
2026-01-10 05:26:43.245882 | Epoch:3876 | LR: 0.0000291 | Loss : 0.0173 | Val loss: 0.0165
2026-01-10 05:26:47.487633 | Epoch:3877 | LR: 0.0000291 | Loss : 0.0167 | Val loss: 0.0158
2026-01-10 05:26:51.831730 | Epoch:3878 | LR: 0.0000291 | Loss : 0.0164 | Val loss: 0.0172
2026-01-10 05:26:56.177239 | Epoch:3879 | LR: 0.0000292 | Loss : 0.0172 | Val loss: 0.0162
2026-01-10 05:27:00.628698 | Epoch:3880 | LR: 0.0000292 | Loss : 0.0159 | Val loss: 0.0148
2026-01-10 05:27:04.977178 | Epoch:3881 | LR: 0.0000292 | Loss : 0.0160 | Val loss: 0.0154
2026-01-10 05:27:10.651898 | Epoch:3882 | LR: 0.0000293 | Loss : 0.0161 | Val loss: 0.0161
2026-01-10 05:27:15.033994 | Epoch:3883 | LR: 0.0000293 | Loss : 0.0169 | Val loss: 0.0146
2026-01-10 05:27:19.419015 | Epoch:3884 | LR: 0.0000293 | Loss : 0.0157 | Val loss: 0.0148
2026-01-10 05:27:23.803874 | Epoch:3885 | LR: 0.0000294 | Loss : 0.0159 | Val loss: 0.0165
2026-01-10 05:27:28.137798 | Epoch:3886 | LR: 0.0000294 | Loss : 0.0160 | Val loss: 0.0163
2026-01-10 05:27:32.483928 | Epoch:3887 | LR: 0.0000294 | Loss : 0.0182 | Val loss: 0.0159
2026-01-10 05:27:36.828410 | Epoch:3888 | LR: 0.0000295 | Loss : 0.0159 | Val loss: 0.0156
2026-01-10 05:27:41.186640 | Epoch:3889 | LR: 0.0000295 | Loss : 0.0163 | Val loss: 0.0162
2026-01-10 05:27:45.753420 | Epoch:3890 | LR: 0.0000295 | Loss : 0.0160 | Val loss: 0.0166
2026-01-10 05:27:50.011977 | Epoch:3891 | LR: 0.0000296 | Loss : 0.0181 | Val loss: 0.0169
2026-01-10 05:27:54.229896 | Epoch:3892 | LR: 0.0000296 | Loss : 0.0163 | Val loss: 0.0171
2026-01-10 05:27:58.524024 | Epoch:3893 | LR: 0.0000296 | Loss : 0.0183 | Val loss: 0.0185
2026-01-10 05:28:02.781943 | Epoch:3894 | LR: 0.0000296 | Loss : 0.0175 | Val loss: 0.0178
2026-01-10 05:28:07.131975 | Epoch:3895 | LR: 0.0000297 | Loss : 0.0177 | Val loss: 0.0181
2026-01-10 05:28:11.515108 | Epoch:3896 | LR: 0.0000297 | Loss : 0.0178 | Val loss: 0.0190
2026-01-10 05:28:15.768695 | Epoch:3897 | LR: 0.0000297 | Loss : 0.0183 | Val loss: 0.0184
2026-01-10 05:28:20.084726 | Epoch:3898 | LR: 0.0000298 | Loss : 0.0179 | Val loss: 0.0169
2026-01-10 05:28:24.425161 | Epoch:3899 | LR: 0.0000298 | Loss : 0.0174 | Val loss: 0.0162
2026-01-10 05:28:28.778598 | Epoch:3900 | LR: 0.0000298 | Loss : 0.0165 | Val loss: 0.0178
2026-01-10 05:28:33.115498 | Epoch:3901 | LR: 0.0000299 | Loss : 0.0153 | Val loss: 0.0158
2026-01-10 05:28:37.445958 | Epoch:3902 | LR: 0.0000299 | Loss : 0.0167 | Val loss: 0.0155
2026-01-10 05:28:41.750004 | Epoch:3903 | LR: 0.0000299 | Loss : 0.0153 | Val loss: 0.0163
2026-01-10 05:28:46.401459 | Epoch:3904 | LR: 0.0000300 | Loss : 0.0148 | Val loss: 0.0158
2026-01-10 05:28:50.722581 | Epoch:3905 | LR: 0.0000300 | Loss : 0.0170 | Val loss: 0.0147
2026-01-10 05:28:55.089572 | Epoch:3906 | LR: 0.0000300 | Loss : 0.0154 | Val loss: 0.0158
2026-01-10 05:28:59.357052 | Epoch:3907 | LR: 0.0000300 | Loss : 0.0162 | Val loss: 0.0152
2026-01-10 05:29:03.664612 | Epoch:3908 | LR: 0.0000301 | Loss : 0.0154 | Val loss: 0.0168
2026-01-10 05:29:07.998250 | Epoch:3909 | LR: 0.0000301 | Loss : 0.0146 | Val loss: 0.0162
2026-01-10 05:29:12.383930 | Epoch:3910 | LR: 0.0000301 | Loss : 0.0158 | Val loss: 0.0165
2026-01-10 05:29:16.861759 | Epoch:3911 | LR: 0.0000302 | Loss : 0.0169 | Val loss: 0.0167
2026-01-10 05:29:21.200608 | Epoch:3912 | LR: 0.0000302 | Loss : 0.0166 | Val loss: 0.0157
2026-01-10 05:29:25.604168 | Epoch:3913 | LR: 0.0000302 | Loss : 0.0159 | Val loss: 0.0166
2026-01-10 05:29:29.995613 | Epoch:3914 | LR: 0.0000303 | Loss : 0.0171 | Val loss: 0.0162
2026-01-10 05:29:34.365000 | Epoch:3915 | LR: 0.0000303 | Loss : 0.0169 | Val loss: 0.0166
2026-01-10 05:29:38.690758 | Epoch:3916 | LR: 0.0000303 | Loss : 0.0162 | Val loss: 0.0151
2026-01-10 05:29:43.024690 | Epoch:3917 | LR: 0.0000304 | Loss : 0.0165 | Val loss: 0.0163
2026-01-10 05:29:47.333730 | Epoch:3918 | LR: 0.0000304 | Loss : 0.0162 | Val loss: 0.0156
2026-01-10 05:29:51.564795 | Epoch:3919 | LR: 0.0000304 | Loss : 0.0153 | Val loss: 0.0156
2026-01-10 05:29:55.781715 | Epoch:3920 | LR: 0.0000304 | Loss : 0.0158 | Val loss: 0.0165
2026-01-10 05:30:00.182941 | Epoch:3921 | LR: 0.0000305 | Loss : 0.0161 | Val loss: 0.0171
2026-01-10 05:30:04.822790 | Epoch:3922 | LR: 0.0000305 | Loss : 0.0152 | Val loss: 0.0151
2026-01-10 05:30:09.238454 | Epoch:3923 | LR: 0.0000305 | Loss : 0.0158 | Val loss: 0.0158
2026-01-10 05:30:13.433684 | Epoch:3924 | LR: 0.0000306 | Loss : 0.0150 | Val loss: 0.0171
2026-01-10 05:30:18.172404 | Epoch:3925 | LR: 0.0000306 | Loss : 0.0152 | Val loss: 0.0179
2026-01-10 05:30:22.685038 | Epoch:3926 | LR: 0.0000306 | Loss : 0.0158 | Val loss: 0.0163
2026-01-10 05:30:27.115019 | Epoch:3927 | LR: 0.0000307 | Loss : 0.0161 | Val loss: 0.0158
2026-01-10 05:30:31.534207 | Epoch:3928 | LR: 0.0000307 | Loss : 0.0153 | Val loss: 0.0154
2026-01-10 05:30:35.918543 | Epoch:3929 | LR: 0.0000307 | Loss : 0.0160 | Val loss: 0.0161
2026-01-10 05:30:40.339741 | Epoch:3930 | LR: 0.0000308 | Loss : 0.0168 | Val loss: 0.0171
2026-01-10 05:30:44.701894 | Epoch:3931 | LR: 0.0000308 | Loss : 0.0169 | Val loss: 0.0166
2026-01-10 05:30:49.060593 | Epoch:3932 | LR: 0.0000308 | Loss : 0.0175 | Val loss: 0.0164
2026-01-10 05:30:53.451357 | Epoch:3933 | LR: 0.0000308 | Loss : 0.0158 | Val loss: 0.0167
2026-01-10 05:30:57.871626 | Epoch:3934 | LR: 0.0000309 | Loss : 0.0178 | Val loss: 0.0156
2026-01-10 05:31:02.285588 | Epoch:3935 | LR: 0.0000309 | Loss : 0.0165 | Val loss: 0.0167
2026-01-10 05:31:06.652098 | Epoch:3936 | LR: 0.0000309 | Loss : 0.0153 | Val loss: 0.0188
2026-01-10 05:31:10.948016 | Epoch:3937 | LR: 0.0000310 | Loss : 0.0162 | Val loss: 0.0164
2026-01-10 05:31:15.258614 | Epoch:3938 | LR: 0.0000310 | Loss : 0.0161 | Val loss: 0.0167
2026-01-10 05:31:19.678294 | Epoch:3939 | LR: 0.0000310 | Loss : 0.0170 | Val loss: 0.0169
2026-01-10 05:31:24.084432 | Epoch:3940 | LR: 0.0000311 | Loss : 0.0173 | Val loss: 0.0179
2026-01-10 05:31:28.518859 | Epoch:3941 | LR: 0.0000311 | Loss : 0.0164 | Val loss: 0.0167
2026-01-10 05:31:32.886106 | Epoch:3942 | LR: 0.0000311 | Loss : 0.0175 | Val loss: 0.0160
2026-01-10 05:31:37.298317 | Epoch:3943 | LR: 0.0000312 | Loss : 0.0160 | Val loss: 0.0172
2026-01-10 05:31:41.714159 | Epoch:3944 | LR: 0.0000312 | Loss : 0.0168 | Val loss: 0.0170
2026-01-10 05:31:46.082030 | Epoch:3945 | LR: 0.0000312 | Loss : 0.0160 | Val loss: 0.0164
2026-01-10 05:31:50.457521 | Epoch:3946 | LR: 0.0000312 | Loss : 0.0162 | Val loss: 0.0161
2026-01-10 05:31:54.857202 | Epoch:3947 | LR: 0.0000313 | Loss : 0.0161 | Val loss: 0.0154
2026-01-10 05:31:59.272099 | Epoch:3948 | LR: 0.0000313 | Loss : 0.0157 | Val loss: 0.0159
2026-01-10 05:32:03.672923 | Epoch:3949 | LR: 0.0000313 | Loss : 0.0153 | Val loss: 0.0157
2026-01-10 05:32:08.110659 | Epoch:3950 | LR: 0.0000314 | Loss : 0.0157 | Val loss: 0.0150
2026-01-10 05:32:12.445741 | Epoch:3951 | LR: 0.0000314 | Loss : 0.0152 | Val loss: 0.0150
2026-01-10 05:32:16.792358 | Epoch:3952 | LR: 0.0000314 | Loss : 0.0159 | Val loss: 0.0154
2026-01-10 05:32:21.078033 | Epoch:3953 | LR: 0.0000315 | Loss : 0.0155 | Val loss: 0.0168
2026-01-10 05:32:25.514849 | Epoch:3954 | LR: 0.0000315 | Loss : 0.0149 | Val loss: 0.0158
2026-01-10 05:32:30.104973 | Epoch:3955 | LR: 0.0000315 | Loss : 0.0147 | Val loss: 0.0160
2026-01-10 05:32:34.543178 | Epoch:3956 | LR: 0.0000315 | Loss : 0.0146 | Val loss: 0.0148
2026-01-10 05:32:38.832565 | Epoch:3957 | LR: 0.0000316 | Loss : 0.0161 | Val loss: 0.0154
2026-01-10 05:32:43.186034 | Epoch:3958 | LR: 0.0000316 | Loss : 0.0163 | Val loss: 0.0162
2026-01-10 05:32:47.552726 | Epoch:3959 | LR: 0.0000316 | Loss : 0.0157 | Val loss: 0.0166
2026-01-10 05:32:51.914708 | Epoch:3960 | LR: 0.0000317 | Loss : 0.0154 | Val loss: 0.0152
2026-01-10 05:32:56.227694 | Epoch:3961 | LR: 0.0000317 | Loss : 0.0158 | Val loss: 0.0152
2026-01-10 05:33:00.584190 | Epoch:3962 | LR: 0.0000317 | Loss : 0.0155 | Val loss: 0.0151
2026-01-10 05:33:04.933180 | Epoch:3963 | LR: 0.0000318 | Loss : 0.0158 | Val loss: 0.0161
2026-01-10 05:33:09.307840 | Epoch:3964 | LR: 0.0000318 | Loss : 0.0149 | Val loss: 0.0157
2026-01-10 05:33:13.670410 | Epoch:3965 | LR: 0.0000318 | Loss : 0.0167 | Val loss: 0.0182
2026-01-10 05:33:17.966697 | Epoch:3966 | LR: 0.0000319 | Loss : 0.0162 | Val loss: 0.0167
2026-01-10 05:33:22.291096 | Epoch:3967 | LR: 0.0000319 | Loss : 0.0166 | Val loss: 0.0168
2026-01-10 05:33:26.578766 | Epoch:3968 | LR: 0.0000319 | Loss : 0.0164 | Val loss: 0.0160
2026-01-10 05:33:30.945228 | Epoch:3969 | LR: 0.0000319 | Loss : 0.0163 | Val loss: 0.0168
2026-01-10 05:33:35.297297 | Epoch:3970 | LR: 0.0000320 | Loss : 0.0164 | Val loss: 0.0149
2026-01-10 05:33:39.718453 | Epoch:3971 | LR: 0.0000320 | Loss : 0.0153 | Val loss: 0.0160
2026-01-10 05:33:44.172994 | Epoch:3972 | LR: 0.0000320 | Loss : 0.0165 | Val loss: 0.0171
2026-01-10 05:33:48.546426 | Epoch:3973 | LR: 0.0000321 | Loss : 0.0174 | Val loss: 0.0160
2026-01-10 05:33:52.866260 | Epoch:3974 | LR: 0.0000321 | Loss : 0.0164 | Val loss: 0.0170
2026-01-10 05:33:57.453128 | Epoch:3975 | LR: 0.0000321 | Loss : 0.0164 | Val loss: 0.0172
2026-01-10 05:34:01.793187 | Epoch:3976 | LR: 0.0000322 | Loss : 0.0168 | Val loss: 0.0179
2026-01-10 05:34:06.127899 | Epoch:3977 | LR: 0.0000322 | Loss : 0.0172 | Val loss: 0.0180
2026-01-10 05:34:10.464735 | Epoch:3978 | LR: 0.0000322 | Loss : 0.0165 | Val loss: 0.0151
2026-01-10 05:34:14.820284 | Epoch:3979 | LR: 0.0000322 | Loss : 0.0163 | Val loss: 0.0150
2026-01-10 05:34:19.176494 | Epoch:3980 | LR: 0.0000323 | Loss : 0.0151 | Val loss: 0.0137
2026-01-10 05:34:23.485256 | Epoch:3981 | LR: 0.0000323 | Loss : 0.0153 | Val loss: 0.0143
2026-01-10 05:34:27.800438 | Epoch:3982 | LR: 0.0000323 | Loss : 0.0154 | Val loss: 0.0161
2026-01-10 05:34:32.056610 | Epoch:3983 | LR: 0.0000324 | Loss : 0.0147 | Val loss: 0.0149
2026-01-10 05:34:36.550617 | Epoch:3984 | LR: 0.0000324 | Loss : 0.0145 | Val loss: 0.0134
2026-01-10 05:34:42.380393 | Epoch:3985 | LR: 0.0000324 | Loss : 0.0151 | Val loss: 0.0138
2026-01-10 05:34:46.825218 | Epoch:3986 | LR: 0.0000325 | Loss : 0.0137 | Val loss: 0.0157
2026-01-10 05:34:51.171634 | Epoch:3987 | LR: 0.0000325 | Loss : 0.0148 | Val loss: 0.0150
2026-01-10 05:34:55.553309 | Epoch:3988 | LR: 0.0000325 | Loss : 0.0149 | Val loss: 0.0155
2026-01-10 05:34:59.894725 | Epoch:3989 | LR: 0.0000325 | Loss : 0.0173 | Val loss: 0.0164
2026-01-10 05:35:04.139641 | Epoch:3990 | LR: 0.0000326 | Loss : 0.0166 | Val loss: 0.0162
2026-01-10 05:35:08.367831 | Epoch:3991 | LR: 0.0000326 | Loss : 0.0154 | Val loss: 0.0167
2026-01-10 05:35:12.586944 | Epoch:3992 | LR: 0.0000326 | Loss : 0.0160 | Val loss: 0.0181
2026-01-10 05:35:17.205029 | Epoch:3993 | LR: 0.0000327 | Loss : 0.0168 | Val loss: 0.0154
2026-01-10 05:35:21.823941 | Epoch:3994 | LR: 0.0000327 | Loss : 0.0164 | Val loss: 0.0162
2026-01-10 05:35:26.416107 | Epoch:3995 | LR: 0.0000327 | Loss : 0.0153 | Val loss: 0.0155
2026-01-10 05:35:30.761127 | Epoch:3996 | LR: 0.0000328 | Loss : 0.0168 | Val loss: 0.0161
2026-01-10 05:35:35.693951 | Epoch:3997 | LR: 0.0000328 | Loss : 0.0149 | Val loss: 0.0152
2026-01-10 05:35:40.027172 | Epoch:3998 | LR: 0.0000328 | Loss : 0.0159 | Val loss: 0.0151
2026-01-10 05:35:44.431025 | Epoch:3999 | LR: 0.0000328 | Loss : 0.0159 | Val loss: 0.0150
2026-01-10 05:35:48.808559 | Epoch:4000 | LR: 0.0000329 | Loss : 0.0145 | Val loss: 0.0145
2026-01-10 05:35:53.247251 | Epoch:4001 | LR: 0.0000329 | Loss : 0.0160 | Val loss: 0.0155
2026-01-10 05:35:57.630656 | Epoch:4002 | LR: 0.0000329 | Loss : 0.0146 | Val loss: 0.0149
2026-01-10 05:36:01.988337 | Epoch:4003 | LR: 0.0000330 | Loss : 0.0157 | Val loss: 0.0156
2026-01-10 05:36:06.319231 | Epoch:4004 | LR: 0.0000330 | Loss : 0.0162 | Val loss: 0.0190
2026-01-10 05:36:10.672892 | Epoch:4005 | LR: 0.0000330 | Loss : 0.0160 | Val loss: 0.0163
2026-01-10 05:36:15.001137 | Epoch:4006 | LR: 0.0000331 | Loss : 0.0160 | Val loss: 0.0172
2026-01-10 05:36:19.332730 | Epoch:4007 | LR: 0.0000331 | Loss : 0.0162 | Val loss: 0.0158
2026-01-10 05:36:23.685415 | Epoch:4008 | LR: 0.0000331 | Loss : 0.0156 | Val loss: 0.0172
2026-01-10 05:36:28.062088 | Epoch:4009 | LR: 0.0000331 | Loss : 0.0177 | Val loss: 0.0166
2026-01-10 05:36:32.353860 | Epoch:4010 | LR: 0.0000332 | Loss : 0.0164 | Val loss: 0.0163
2026-01-10 05:36:36.627234 | Epoch:4011 | LR: 0.0000332 | Loss : 0.0144 | Val loss: 0.0149
2026-01-10 05:36:40.907223 | Epoch:4012 | LR: 0.0000332 | Loss : 0.0156 | Val loss: 0.0164
2026-01-10 05:36:45.131102 | Epoch:4013 | LR: 0.0000333 | Loss : 0.0162 | Val loss: 0.0155
2026-01-10 05:36:49.421936 | Epoch:4014 | LR: 0.0000333 | Loss : 0.0153 | Val loss: 0.0156
2026-01-10 05:36:53.754891 | Epoch:4015 | LR: 0.0000333 | Loss : 0.0144 | Val loss: 0.0144
2026-01-10 05:36:58.071474 | Epoch:4016 | LR: 0.0000334 | Loss : 0.0146 | Val loss: 0.0144
2026-01-10 05:37:02.739461 | Epoch:4017 | LR: 0.0000334 | Loss : 0.0153 | Val loss: 0.0165
2026-01-10 05:37:07.079764 | Epoch:4018 | LR: 0.0000334 | Loss : 0.0155 | Val loss: 0.0159
2026-01-10 05:37:11.353978 | Epoch:4019 | LR: 0.0000334 | Loss : 0.0173 | Val loss: 0.0178
2026-01-10 05:37:15.667748 | Epoch:4020 | LR: 0.0000335 | Loss : 0.0168 | Val loss: 0.0165
2026-01-10 05:37:20.003316 | Epoch:4021 | LR: 0.0000335 | Loss : 0.0160 | Val loss: 0.0164
2026-01-10 05:37:24.334813 | Epoch:4022 | LR: 0.0000335 | Loss : 0.0148 | Val loss: 0.0153
2026-01-10 05:37:28.681966 | Epoch:4023 | LR: 0.0000335 | Loss : 0.0155 | Val loss: 0.0142
2026-01-10 05:37:33.044530 | Epoch:4024 | LR: 0.0000336 | Loss : 0.0149 | Val loss: 0.0147
2026-01-10 05:37:37.418744 | Epoch:4025 | LR: 0.0000336 | Loss : 0.0161 | Val loss: 0.0158
2026-01-10 05:37:41.768283 | Epoch:4026 | LR: 0.0000336 | Loss : 0.0159 | Val loss: 0.0153
2026-01-10 05:37:46.028150 | Epoch:4027 | LR: 0.0000337 | Loss : 0.0151 | Val loss: 0.0144
2026-01-10 05:37:50.296654 | Epoch:4028 | LR: 0.0000337 | Loss : 0.0157 | Val loss: 0.0155
2026-01-10 05:37:54.644871 | Epoch:4029 | LR: 0.0000337 | Loss : 0.0148 | Val loss: 0.0168
2026-01-10 05:37:58.934265 | Epoch:4030 | LR: 0.0000338 | Loss : 0.0151 | Val loss: 0.0150
2026-01-10 05:38:03.318888 | Epoch:4031 | LR: 0.0000338 | Loss : 0.0148 | Val loss: 0.0152
2026-01-10 05:38:07.782182 | Epoch:4032 | LR: 0.0000338 | Loss : 0.0156 | Val loss: 0.0157
2026-01-10 05:38:12.115254 | Epoch:4033 | LR: 0.0000338 | Loss : 0.0161 | Val loss: 0.0154
2026-01-10 05:38:16.438384 | Epoch:4034 | LR: 0.0000339 | Loss : 0.0155 | Val loss: 0.0157
2026-01-10 05:38:20.753362 | Epoch:4035 | LR: 0.0000339 | Loss : 0.0155 | Val loss: 0.0175
2026-01-10 05:38:25.065961 | Epoch:4036 | LR: 0.0000339 | Loss : 0.0166 | Val loss: 0.0166
2026-01-10 05:38:29.401775 | Epoch:4037 | LR: 0.0000340 | Loss : 0.0172 | Val loss: 0.0167
2026-01-10 05:38:33.782499 | Epoch:4038 | LR: 0.0000340 | Loss : 0.0169 | Val loss: 0.0146
2026-01-10 05:38:38.147796 | Epoch:4039 | LR: 0.0000340 | Loss : 0.0165 | Val loss: 0.0166
2026-01-10 05:38:42.541134 | Epoch:4040 | LR: 0.0000341 | Loss : 0.0168 | Val loss: 0.0164
2026-01-10 05:38:46.934092 | Epoch:4041 | LR: 0.0000341 | Loss : 0.0168 | Val loss: 0.0150
2026-01-10 05:38:51.226793 | Epoch:4042 | LR: 0.0000341 | Loss : 0.0164 | Val loss: 0.0153
2026-01-10 05:38:55.553369 | Epoch:4043 | LR: 0.0000341 | Loss : 0.0155 | Val loss: 0.0150
2026-01-10 05:38:59.878620 | Epoch:4044 | LR: 0.0000342 | Loss : 0.0155 | Val loss: 0.0175
2026-01-10 05:39:04.194145 | Epoch:4045 | LR: 0.0000342 | Loss : 0.0144 | Val loss: 0.0149
2026-01-10 05:39:08.552678 | Epoch:4046 | LR: 0.0000342 | Loss : 0.0157 | Val loss: 0.0153
2026-01-10 05:39:12.981541 | Epoch:4047 | LR: 0.0000343 | Loss : 0.0150 | Val loss: 0.0161
2026-01-10 05:39:17.349036 | Epoch:4048 | LR: 0.0000343 | Loss : 0.0148 | Val loss: 0.0144
2026-01-10 05:39:21.700652 | Epoch:4049 | LR: 0.0000343 | Loss : 0.0149 | Val loss: 0.0140
2026-01-10 05:39:26.011002 | Epoch:4050 | LR: 0.0000343 | Loss : 0.0147 | Val loss: 0.0146
2026-01-10 05:39:30.356455 | Epoch:4051 | LR: 0.0000344 | Loss : 0.0149 | Val loss: 0.0157
2026-01-10 05:39:34.699483 | Epoch:4052 | LR: 0.0000344 | Loss : 0.0155 | Val loss: 0.0154
2026-01-10 05:39:39.049218 | Epoch:4053 | LR: 0.0000344 | Loss : 0.0163 | Val loss: 0.0151
2026-01-10 05:39:43.396290 | Epoch:4054 | LR: 0.0000345 | Loss : 0.0159 | Val loss: 0.0155
2026-01-10 05:39:47.762142 | Epoch:4055 | LR: 0.0000345 | Loss : 0.0141 | Val loss: 0.0138
2026-01-10 05:39:52.114664 | Epoch:4056 | LR: 0.0000345 | Loss : 0.0145 | Val loss: 0.0146
2026-01-10 05:39:56.435708 | Epoch:4057 | LR: 0.0000345 | Loss : 0.0157 | Val loss: 0.0160
2026-01-10 05:40:00.749479 | Epoch:4058 | LR: 0.0000346 | Loss : 0.0152 | Val loss: 0.0162
2026-01-10 05:40:05.080052 | Epoch:4059 | LR: 0.0000346 | Loss : 0.0162 | Val loss: 0.0150
2026-01-10 05:40:09.442638 | Epoch:4060 | LR: 0.0000346 | Loss : 0.0154 | Val loss: 0.0169
2026-01-10 05:40:13.754912 | Epoch:4061 | LR: 0.0000347 | Loss : 0.0161 | Val loss: 0.0165
2026-01-10 05:40:18.471606 | Epoch:4062 | LR: 0.0000347 | Loss : 0.0144 | Val loss: 0.0165
2026-01-10 05:40:22.716255 | Epoch:4063 | LR: 0.0000347 | Loss : 0.0158 | Val loss: 0.0158
2026-01-10 05:40:26.944778 | Epoch:4064 | LR: 0.0000348 | Loss : 0.0147 | Val loss: 0.0156
2026-01-10 05:40:31.370558 | Epoch:4065 | LR: 0.0000348 | Loss : 0.0150 | Val loss: 0.0151
2026-01-10 05:40:36.306739 | Epoch:4066 | LR: 0.0000348 | Loss : 0.0146 | Val loss: 0.0144
2026-01-10 05:40:40.844344 | Epoch:4067 | LR: 0.0000348 | Loss : 0.0158 | Val loss: 0.0141
2026-01-10 05:40:45.141893 | Epoch:4068 | LR: 0.0000349 | Loss : 0.0155 | Val loss: 0.0167
2026-01-10 05:40:49.917127 | Epoch:4069 | LR: 0.0000349 | Loss : 0.0165 | Val loss: 0.0188
2026-01-10 05:40:54.323700 | Epoch:4070 | LR: 0.0000349 | Loss : 0.0184 | Val loss: 0.0187
2026-01-10 05:40:58.757343 | Epoch:4071 | LR: 0.0000350 | Loss : 0.0191 | Val loss: 0.0188
2026-01-10 05:41:03.084846 | Epoch:4072 | LR: 0.0000350 | Loss : 0.0179 | Val loss: 0.0182
2026-01-10 05:41:07.408486 | Epoch:4073 | LR: 0.0000350 | Loss : 0.0175 | Val loss: 0.0175
2026-01-10 05:41:11.798183 | Epoch:4074 | LR: 0.0000350 | Loss : 0.0178 | Val loss: 0.0177
2026-01-10 05:41:16.182535 | Epoch:4075 | LR: 0.0000351 | Loss : 0.0168 | Val loss: 0.0172
2026-01-10 05:41:20.646594 | Epoch:4076 | LR: 0.0000351 | Loss : 0.0162 | Val loss: 0.0154
2026-01-10 05:41:25.169261 | Epoch:4077 | LR: 0.0000351 | Loss : 0.0151 | Val loss: 0.0149
2026-01-10 05:41:29.568539 | Epoch:4078 | LR: 0.0000352 | Loss : 0.0152 | Val loss: 0.0145
2026-01-10 05:41:33.955625 | Epoch:4079 | LR: 0.0000352 | Loss : 0.0148 | Val loss: 0.0133
2026-01-10 05:41:38.328920 | Epoch:4080 | LR: 0.0000352 | Loss : 0.0157 | Val loss: 0.0133
2026-01-10 05:41:42.718023 | Epoch:4081 | LR: 0.0000352 | Loss : 0.0140 | Val loss: 0.0144
2026-01-10 05:41:47.387766 | Epoch:4082 | LR: 0.0000353 | Loss : 0.0150 | Val loss: 0.0144
2026-01-10 05:41:51.957580 | Epoch:4083 | LR: 0.0000353 | Loss : 0.0152 | Val loss: 0.0138
2026-01-10 05:41:56.394899 | Epoch:4084 | LR: 0.0000353 | Loss : 0.0137 | Val loss: 0.0138
2026-01-10 05:42:00.814065 | Epoch:4085 | LR: 0.0000354 | Loss : 0.0134 | Val loss: 0.0138
2026-01-10 05:42:05.170092 | Epoch:4086 | LR: 0.0000354 | Loss : 0.0149 | Val loss: 0.0131
2026-01-10 05:42:09.502800 | Epoch:4087 | LR: 0.0000354 | Loss : 0.0138 | Val loss: 0.0133
2026-01-10 05:42:15.809716 | Epoch:4088 | LR: 0.0000354 | Loss : 0.0131 | Val loss: 0.0165
2026-01-10 05:42:20.218762 | Epoch:4089 | LR: 0.0000355 | Loss : 0.0147 | Val loss: 0.0143
2026-01-10 05:42:24.763054 | Epoch:4090 | LR: 0.0000355 | Loss : 0.0145 | Val loss: 0.0140
2026-01-10 05:42:29.272564 | Epoch:4091 | LR: 0.0000355 | Loss : 0.0150 | Val loss: 0.0145
2026-01-10 05:42:33.635647 | Epoch:4092 | LR: 0.0000356 | Loss : 0.0147 | Val loss: 0.0172
2026-01-10 05:42:37.922006 | Epoch:4093 | LR: 0.0000356 | Loss : 0.0155 | Val loss: 0.0161
2026-01-10 05:42:42.224170 | Epoch:4094 | LR: 0.0000356 | Loss : 0.0166 | Val loss: 0.0180
2026-01-10 05:42:46.545915 | Epoch:4095 | LR: 0.0000356 | Loss : 0.0174 | Val loss: 0.0155
2026-01-10 05:42:50.878490 | Epoch:4096 | LR: 0.0000357 | Loss : 0.0161 | Val loss: 0.0141
2026-01-10 05:42:55.184486 | Epoch:4097 | LR: 0.0000357 | Loss : 0.0163 | Val loss: 0.0158
2026-01-10 05:42:59.559852 | Epoch:4098 | LR: 0.0000357 | Loss : 0.0158 | Val loss: 0.0160
2026-01-10 05:43:03.896491 | Epoch:4099 | LR: 0.0000358 | Loss : 0.0168 | Val loss: 0.0164
2026-01-10 05:43:08.196403 | Epoch:4100 | LR: 0.0000358 | Loss : 0.0159 | Val loss: 0.0157
2026-01-10 05:43:12.490201 | Epoch:4101 | LR: 0.0000358 | Loss : 0.0156 | Val loss: 0.0165
2026-01-10 05:43:16.778427 | Epoch:4102 | LR: 0.0000358 | Loss : 0.0157 | Val loss: 0.0142
2026-01-10 05:43:21.098799 | Epoch:4103 | LR: 0.0000359 | Loss : 0.0154 | Val loss: 0.0156
2026-01-10 05:43:25.810401 | Epoch:4104 | LR: 0.0000359 | Loss : 0.0153 | Val loss: 0.0174
2026-01-10 05:43:30.185390 | Epoch:4105 | LR: 0.0000359 | Loss : 0.0152 | Val loss: 0.0145
2026-01-10 05:43:34.770919 | Epoch:4106 | LR: 0.0000360 | Loss : 0.0158 | Val loss: 0.0166
2026-01-10 05:43:39.015746 | Epoch:4107 | LR: 0.0000360 | Loss : 0.0161 | Val loss: 0.0159
2026-01-10 05:43:43.276754 | Epoch:4108 | LR: 0.0000360 | Loss : 0.0155 | Val loss: 0.0135
2026-01-10 05:43:47.538125 | Epoch:4109 | LR: 0.0000360 | Loss : 0.0154 | Val loss: 0.0144
2026-01-10 05:43:51.944066 | Epoch:4110 | LR: 0.0000361 | Loss : 0.0152 | Val loss: 0.0159
2026-01-10 05:43:56.275106 | Epoch:4111 | LR: 0.0000361 | Loss : 0.0148 | Val loss: 0.0158
2026-01-10 05:44:00.592179 | Epoch:4112 | LR: 0.0000361 | Loss : 0.0156 | Val loss: 0.0145
2026-01-10 05:44:04.950180 | Epoch:4113 | LR: 0.0000362 | Loss : 0.0147 | Val loss: 0.0150
2026-01-10 05:44:09.270061 | Epoch:4114 | LR: 0.0000362 | Loss : 0.0148 | Val loss: 0.0167
2026-01-10 05:44:13.563738 | Epoch:4115 | LR: 0.0000362 | Loss : 0.0168 | Val loss: 0.0164
2026-01-10 05:44:17.848471 | Epoch:4116 | LR: 0.0000362 | Loss : 0.0149 | Val loss: 0.0148
2026-01-10 05:44:22.183595 | Epoch:4117 | LR: 0.0000363 | Loss : 0.0148 | Val loss: 0.0143
2026-01-10 05:44:26.489645 | Epoch:4118 | LR: 0.0000363 | Loss : 0.0140 | Val loss: 0.0156
2026-01-10 05:44:30.831528 | Epoch:4119 | LR: 0.0000363 | Loss : 0.0156 | Val loss: 0.0150
2026-01-10 05:44:35.155883 | Epoch:4120 | LR: 0.0000364 | Loss : 0.0151 | Val loss: 0.0142
2026-01-10 05:44:39.628097 | Epoch:4121 | LR: 0.0000364 | Loss : 0.0150 | Val loss: 0.0148
2026-01-10 05:44:43.926088 | Epoch:4122 | LR: 0.0000364 | Loss : 0.0149 | Val loss: 0.0139
2026-01-10 05:44:48.185308 | Epoch:4123 | LR: 0.0000364 | Loss : 0.0157 | Val loss: 0.0137
2026-01-10 05:44:52.451746 | Epoch:4124 | LR: 0.0000365 | Loss : 0.0148 | Val loss: 0.0145
2026-01-10 05:44:56.755057 | Epoch:4125 | LR: 0.0000365 | Loss : 0.0147 | Val loss: 0.0146
2026-01-10 05:45:01.065523 | Epoch:4126 | LR: 0.0000365 | Loss : 0.0140 | Val loss: 0.0148
2026-01-10 05:45:05.378189 | Epoch:4127 | LR: 0.0000365 | Loss : 0.0155 | Val loss: 0.0145
2026-01-10 05:45:09.694464 | Epoch:4128 | LR: 0.0000366 | Loss : 0.0132 | Val loss: 0.0124
2026-01-10 05:45:14.051740 | Epoch:4129 | LR: 0.0000366 | Loss : 0.0142 | Val loss: 0.0149
2026-01-10 05:45:18.356483 | Epoch:4130 | LR: 0.0000366 | Loss : 0.0140 | Val loss: 0.0145
2026-01-10 05:45:22.637816 | Epoch:4131 | LR: 0.0000367 | Loss : 0.0147 | Val loss: 0.0154
2026-01-10 05:45:26.947317 | Epoch:4132 | LR: 0.0000367 | Loss : 0.0150 | Val loss: 0.0148
2026-01-10 05:45:31.288597 | Epoch:4133 | LR: 0.0000367 | Loss : 0.0155 | Val loss: 0.0152
2026-01-10 05:45:35.629351 | Epoch:4134 | LR: 0.0000367 | Loss : 0.0166 | Val loss: 0.0182
2026-01-10 05:45:39.839724 | Epoch:4135 | LR: 0.0000368 | Loss : 0.0179 | Val loss: 0.0163
2026-01-10 05:45:44.095765 | Epoch:4136 | LR: 0.0000368 | Loss : 0.0158 | Val loss: 0.0165
2026-01-10 05:45:48.763090 | Epoch:4137 | LR: 0.0000368 | Loss : 0.0165 | Val loss: 0.0170
2026-01-10 05:45:53.290631 | Epoch:4138 | LR: 0.0000369 | Loss : 0.0158 | Val loss: 0.0141
2026-01-10 05:45:57.681101 | Epoch:4139 | LR: 0.0000369 | Loss : 0.0152 | Val loss: 0.0153
2026-01-10 05:46:01.931633 | Epoch:4140 | LR: 0.0000369 | Loss : 0.0153 | Val loss: 0.0143
2026-01-10 05:46:06.909473 | Epoch:4141 | LR: 0.0000369 | Loss : 0.0150 | Val loss: 0.0161
2026-01-10 05:46:11.230432 | Epoch:4142 | LR: 0.0000370 | Loss : 0.0145 | Val loss: 0.0147
2026-01-10 05:46:15.557346 | Epoch:4143 | LR: 0.0000370 | Loss : 0.0156 | Val loss: 0.0150
2026-01-10 05:46:19.873237 | Epoch:4144 | LR: 0.0000370 | Loss : 0.0143 | Val loss: 0.0145
2026-01-10 05:46:24.155020 | Epoch:4145 | LR: 0.0000370 | Loss : 0.0154 | Val loss: 0.0141
2026-01-10 05:46:28.455741 | Epoch:4146 | LR: 0.0000371 | Loss : 0.0146 | Val loss: 0.0150
2026-01-10 05:46:32.991497 | Epoch:4147 | LR: 0.0000371 | Loss : 0.0143 | Val loss: 0.0144
2026-01-10 05:46:37.292265 | Epoch:4148 | LR: 0.0000371 | Loss : 0.0143 | Val loss: 0.0167
2026-01-10 05:46:41.813798 | Epoch:4149 | LR: 0.0000372 | Loss : 0.0147 | Val loss: 0.0128
2026-01-10 05:46:46.166308 | Epoch:4150 | LR: 0.0000372 | Loss : 0.0145 | Val loss: 0.0132
2026-01-10 05:46:50.558419 | Epoch:4151 | LR: 0.0000372 | Loss : 0.0142 | Val loss: 0.0147
2026-01-10 05:46:55.025263 | Epoch:4152 | LR: 0.0000372 | Loss : 0.0148 | Val loss: 0.0153
2026-01-10 05:46:59.223738 | Epoch:4153 | LR: 0.0000373 | Loss : 0.0151 | Val loss: 0.0137
2026-01-10 05:47:03.447591 | Epoch:4154 | LR: 0.0000373 | Loss : 0.0161 | Val loss: 0.0152
2026-01-10 05:47:07.882523 | Epoch:4155 | LR: 0.0000373 | Loss : 0.0157 | Val loss: 0.0140
2026-01-10 05:47:12.157617 | Epoch:4156 | LR: 0.0000374 | Loss : 0.0149 | Val loss: 0.0156
2026-01-10 05:47:16.481787 | Epoch:4157 | LR: 0.0000374 | Loss : 0.0160 | Val loss: 0.0154
2026-01-10 05:47:20.854624 | Epoch:4158 | LR: 0.0000374 | Loss : 0.0155 | Val loss: 0.0148
2026-01-10 05:47:25.156336 | Epoch:4159 | LR: 0.0000374 | Loss : 0.0155 | Val loss: 0.0162
2026-01-10 05:47:29.502252 | Epoch:4160 | LR: 0.0000375 | Loss : 0.0159 | Val loss: 0.0148
2026-01-10 05:47:33.812593 | Epoch:4161 | LR: 0.0000375 | Loss : 0.0150 | Val loss: 0.0142
2026-01-10 05:47:38.101677 | Epoch:4162 | LR: 0.0000375 | Loss : 0.0147 | Val loss: 0.0160
2026-01-10 05:47:42.419038 | Epoch:4163 | LR: 0.0000375 | Loss : 0.0139 | Val loss: 0.0150
2026-01-10 05:47:46.735918 | Epoch:4164 | LR: 0.0000376 | Loss : 0.0142 | Val loss: 0.0143
2026-01-10 05:47:51.150727 | Epoch:4165 | LR: 0.0000376 | Loss : 0.0141 | Val loss: 0.0147
2026-01-10 05:47:55.602444 | Epoch:4166 | LR: 0.0000376 | Loss : 0.0135 | Val loss: 0.0145
2026-01-10 05:47:59.965416 | Epoch:4167 | LR: 0.0000377 | Loss : 0.0139 | Val loss: 0.0143
2026-01-10 05:48:04.318817 | Epoch:4168 | LR: 0.0000377 | Loss : 0.0135 | Val loss: 0.0139
2026-01-10 05:48:08.834761 | Epoch:4169 | LR: 0.0000377 | Loss : 0.0144 | Val loss: 0.0136
2026-01-10 05:48:13.102876 | Epoch:4170 | LR: 0.0000377 | Loss : 0.0152 | Val loss: 0.0146
2026-01-10 05:48:17.342074 | Epoch:4171 | LR: 0.0000378 | Loss : 0.0153 | Val loss: 0.0158
2026-01-10 05:48:21.592042 | Epoch:4172 | LR: 0.0000378 | Loss : 0.0155 | Val loss: 0.0169
2026-01-10 05:48:25.878690 | Epoch:4173 | LR: 0.0000378 | Loss : 0.0145 | Val loss: 0.0157
2026-01-10 05:48:30.187291 | Epoch:4174 | LR: 0.0000378 | Loss : 0.0157 | Val loss: 0.0156
2026-01-10 05:48:34.454834 | Epoch:4175 | LR: 0.0000379 | Loss : 0.0160 | Val loss: 0.0152
2026-01-10 05:48:38.784742 | Epoch:4176 | LR: 0.0000379 | Loss : 0.0149 | Val loss: 0.0165
2026-01-10 05:48:43.071132 | Epoch:4177 | LR: 0.0000379 | Loss : 0.0154 | Val loss: 0.0170
2026-01-10 05:48:47.391851 | Epoch:4178 | LR: 0.0000379 | Loss : 0.0163 | Val loss: 0.0148
2026-01-10 05:48:51.751511 | Epoch:4179 | LR: 0.0000380 | Loss : 0.0145 | Val loss: 0.0160
2026-01-10 05:48:56.081460 | Epoch:4180 | LR: 0.0000380 | Loss : 0.0154 | Val loss: 0.0146
2026-01-10 05:49:00.509906 | Epoch:4181 | LR: 0.0000380 | Loss : 0.0146 | Val loss: 0.0151
2026-01-10 05:49:04.821446 | Epoch:4182 | LR: 0.0000381 | Loss : 0.0149 | Val loss: 0.0139
2026-01-10 05:49:09.179395 | Epoch:4183 | LR: 0.0000381 | Loss : 0.0134 | Val loss: 0.0150
2026-01-10 05:49:13.445773 | Epoch:4184 | LR: 0.0000381 | Loss : 0.0136 | Val loss: 0.0123
2026-01-10 05:49:17.788598 | Epoch:4185 | LR: 0.0000381 | Loss : 0.0138 | Val loss: 0.0142
2026-01-10 05:49:22.044573 | Epoch:4186 | LR: 0.0000382 | Loss : 0.0142 | Val loss: 0.0147
2026-01-10 05:49:26.306373 | Epoch:4187 | LR: 0.0000382 | Loss : 0.0143 | Val loss: 0.0153
2026-01-10 05:49:30.663270 | Epoch:4188 | LR: 0.0000382 | Loss : 0.0145 | Val loss: 0.0151
2026-01-10 05:49:35.261333 | Epoch:4189 | LR: 0.0000382 | Loss : 0.0153 | Val loss: 0.0154
2026-01-10 05:49:39.574933 | Epoch:4190 | LR: 0.0000383 | Loss : 0.0145 | Val loss: 0.0148
2026-01-10 05:49:43.882502 | Epoch:4191 | LR: 0.0000383 | Loss : 0.0137 | Val loss: 0.0146
2026-01-10 05:49:48.203967 | Epoch:4192 | LR: 0.0000383 | Loss : 0.0137 | Val loss: 0.0138
2026-01-10 05:49:52.494239 | Epoch:4193 | LR: 0.0000384 | Loss : 0.0140 | Val loss: 0.0149
2026-01-10 05:49:56.805878 | Epoch:4194 | LR: 0.0000384 | Loss : 0.0143 | Val loss: 0.0140
2026-01-10 05:50:01.071592 | Epoch:4195 | LR: 0.0000384 | Loss : 0.0137 | Val loss: 0.0157
2026-01-10 05:50:05.390049 | Epoch:4196 | LR: 0.0000384 | Loss : 0.0149 | Val loss: 0.0156
2026-01-10 05:50:09.670584 | Epoch:4197 | LR: 0.0000385 | Loss : 0.0151 | Val loss: 0.0146
2026-01-10 05:50:14.080098 | Epoch:4198 | LR: 0.0000385 | Loss : 0.0155 | Val loss: 0.0160
2026-01-10 05:50:18.281891 | Epoch:4199 | LR: 0.0000385 | Loss : 0.0149 | Val loss: 0.0143
2026-01-10 05:50:22.546620 | Epoch:4200 | LR: 0.0000385 | Loss : 0.0170 | Val loss: 0.0160
2026-01-10 05:50:26.780721 | Epoch:4201 | LR: 0.0000386 | Loss : 0.0151 | Val loss: 0.0164
2026-01-10 05:50:31.027787 | Epoch:4202 | LR: 0.0000386 | Loss : 0.0165 | Val loss: 0.0147
2026-01-10 05:50:35.305848 | Epoch:4203 | LR: 0.0000386 | Loss : 0.0153 | Val loss: 0.0155
2026-01-10 05:50:39.598663 | Epoch:4204 | LR: 0.0000386 | Loss : 0.0147 | Val loss: 0.0144
2026-01-10 05:50:43.898991 | Epoch:4205 | LR: 0.0000387 | Loss : 0.0153 | Val loss: 0.0134
2026-01-10 05:50:48.367735 | Epoch:4206 | LR: 0.0000387 | Loss : 0.0141 | Val loss: 0.0158
2026-01-10 05:50:52.566034 | Epoch:4207 | LR: 0.0000387 | Loss : 0.0146 | Val loss: 0.0147
2026-01-10 05:50:56.750613 | Epoch:4208 | LR: 0.0000387 | Loss : 0.0146 | Val loss: 0.0137
2026-01-10 05:51:00.992978 | Epoch:4209 | LR: 0.0000388 | Loss : 0.0145 | Val loss: 0.0158
2026-01-10 05:51:06.004352 | Epoch:4210 | LR: 0.0000388 | Loss : 0.0159 | Val loss: 0.0151
2026-01-10 05:51:10.922841 | Epoch:4211 | LR: 0.0000388 | Loss : 0.0156 | Val loss: 0.0135
2026-01-10 05:51:15.187314 | Epoch:4212 | LR: 0.0000389 | Loss : 0.0154 | Val loss: 0.0142
2026-01-10 05:51:19.893325 | Epoch:4213 | LR: 0.0000389 | Loss : 0.0153 | Val loss: 0.0148
2026-01-10 05:51:24.205971 | Epoch:4214 | LR: 0.0000389 | Loss : 0.0149 | Val loss: 0.0142
2026-01-10 05:51:28.434861 | Epoch:4215 | LR: 0.0000389 | Loss : 0.0142 | Val loss: 0.0131
2026-01-10 05:51:32.725301 | Epoch:4216 | LR: 0.0000390 | Loss : 0.0143 | Val loss: 0.0156
2026-01-10 05:51:37.062770 | Epoch:4217 | LR: 0.0000390 | Loss : 0.0137 | Val loss: 0.0131
2026-01-10 05:51:41.390120 | Epoch:4218 | LR: 0.0000390 | Loss : 0.0136 | Val loss: 0.0140
2026-01-10 05:51:45.727668 | Epoch:4219 | LR: 0.0000390 | Loss : 0.0148 | Val loss: 0.0142
2026-01-10 05:51:50.033977 | Epoch:4220 | LR: 0.0000391 | Loss : 0.0153 | Val loss: 0.0147
2026-01-10 05:51:54.359831 | Epoch:4221 | LR: 0.0000391 | Loss : 0.0144 | Val loss: 0.0143
2026-01-10 05:51:58.707462 | Epoch:4222 | LR: 0.0000391 | Loss : 0.0147 | Val loss: 0.0146
2026-01-10 05:52:03.092049 | Epoch:4223 | LR: 0.0000391 | Loss : 0.0144 | Val loss: 0.0144
2026-01-10 05:52:07.434440 | Epoch:4224 | LR: 0.0000392 | Loss : 0.0150 | Val loss: 0.0142
2026-01-10 05:52:11.792958 | Epoch:4225 | LR: 0.0000392 | Loss : 0.0148 | Val loss: 0.0155
2026-01-10 05:52:16.183329 | Epoch:4226 | LR: 0.0000392 | Loss : 0.0157 | Val loss: 0.0152
2026-01-10 05:52:20.564156 | Epoch:4227 | LR: 0.0000392 | Loss : 0.0149 | Val loss: 0.0147
2026-01-10 05:52:24.960131 | Epoch:4228 | LR: 0.0000393 | Loss : 0.0151 | Val loss: 0.0162
2026-01-10 05:52:29.313978 | Epoch:4229 | LR: 0.0000393 | Loss : 0.0149 | Val loss: 0.0161
2026-01-10 05:52:33.609352 | Epoch:4230 | LR: 0.0000393 | Loss : 0.0151 | Val loss: 0.0155
2026-01-10 05:52:38.125777 | Epoch:4231 | LR: 0.0000393 | Loss : 0.0162 | Val loss: 0.0137
2026-01-10 05:52:42.403700 | Epoch:4232 | LR: 0.0000394 | Loss : 0.0150 | Val loss: 0.0148
2026-01-10 05:52:46.719489 | Epoch:4233 | LR: 0.0000394 | Loss : 0.0150 | Val loss: 0.0148
2026-01-10 05:52:51.071239 | Epoch:4234 | LR: 0.0000394 | Loss : 0.0154 | Val loss: 0.0167
2026-01-10 05:52:55.457385 | Epoch:4235 | LR: 0.0000395 | Loss : 0.0159 | Val loss: 0.0164
2026-01-10 05:52:59.809762 | Epoch:4236 | LR: 0.0000395 | Loss : 0.0143 | Val loss: 0.0146
2026-01-10 05:53:04.161607 | Epoch:4237 | LR: 0.0000395 | Loss : 0.0146 | Val loss: 0.0137
2026-01-10 05:53:08.567806 | Epoch:4238 | LR: 0.0000395 | Loss : 0.0149 | Val loss: 0.0145
2026-01-10 05:53:12.966550 | Epoch:4239 | LR: 0.0000396 | Loss : 0.0143 | Val loss: 0.0138
2026-01-10 05:53:17.332037 | Epoch:4240 | LR: 0.0000396 | Loss : 0.0144 | Val loss: 0.0142
2026-01-10 05:53:21.716760 | Epoch:4241 | LR: 0.0000396 | Loss : 0.0142 | Val loss: 0.0137
2026-01-10 05:53:26.143680 | Epoch:4242 | LR: 0.0000396 | Loss : 0.0140 | Val loss: 0.0138
2026-01-10 05:53:30.492117 | Epoch:4243 | LR: 0.0000397 | Loss : 0.0141 | Val loss: 0.0120
2026-01-10 05:53:34.847795 | Epoch:4244 | LR: 0.0000397 | Loss : 0.0140 | Val loss: 0.0134
2026-01-10 05:53:39.214228 | Epoch:4245 | LR: 0.0000397 | Loss : 0.0133 | Val loss: 0.0138
2026-01-10 05:53:43.485615 | Epoch:4246 | LR: 0.0000397 | Loss : 0.0144 | Val loss: 0.0145
2026-01-10 05:53:47.829673 | Epoch:4247 | LR: 0.0000398 | Loss : 0.0143 | Val loss: 0.0146
2026-01-10 05:53:52.336111 | Epoch:4248 | LR: 0.0000398 | Loss : 0.0133 | Val loss: 0.0135
2026-01-10 05:53:56.658748 | Epoch:4249 | LR: 0.0000398 | Loss : 0.0133 | Val loss: 0.0151
2026-01-10 05:54:00.986346 | Epoch:4250 | LR: 0.0000398 | Loss : 0.0142 | Val loss: 0.0142
2026-01-10 05:54:05.330598 | Epoch:4251 | LR: 0.0000399 | Loss : 0.0138 | Val loss: 0.0162
2026-01-10 05:54:09.682932 | Epoch:4252 | LR: 0.0000399 | Loss : 0.0156 | Val loss: 0.0140
2026-01-10 05:54:14.043611 | Epoch:4253 | LR: 0.0000399 | Loss : 0.0146 | Val loss: 0.0140
2026-01-10 05:54:18.402149 | Epoch:4254 | LR: 0.0000399 | Loss : 0.0139 | Val loss: 0.0143
2026-01-10 05:54:22.774275 | Epoch:4255 | LR: 0.0000400 | Loss : 0.0140 | Val loss: 0.0148
2026-01-10 05:54:27.152739 | Epoch:4256 | LR: 0.0000400 | Loss : 0.0146 | Val loss: 0.0149
2026-01-10 05:54:31.475956 | Epoch:4257 | LR: 0.0000400 | Loss : 0.0174 | Val loss: 0.0160
2026-01-10 05:54:35.741071 | Epoch:4258 | LR: 0.0000400 | Loss : 0.0150 | Val loss: 0.0162
2026-01-10 05:54:40.106330 | Epoch:4259 | LR: 0.0000401 | Loss : 0.0164 | Val loss: 0.0158
2026-01-10 05:54:44.463743 | Epoch:4260 | LR: 0.0000401 | Loss : 0.0152 | Val loss: 0.0167
2026-01-10 05:54:48.659493 | Epoch:4261 | LR: 0.0000401 | Loss : 0.0152 | Val loss: 0.0158
2026-01-10 05:54:52.914159 | Epoch:4262 | LR: 0.0000401 | Loss : 0.0156 | Val loss: 0.0147
2026-01-10 05:54:57.195960 | Epoch:4263 | LR: 0.0000402 | Loss : 0.0154 | Val loss: 0.0135
2026-01-10 05:55:01.500644 | Epoch:4264 | LR: 0.0000402 | Loss : 0.0142 | Val loss: 0.0141
2026-01-10 05:55:05.810939 | Epoch:4265 | LR: 0.0000402 | Loss : 0.0147 | Val loss: 0.0147
2026-01-10 05:55:10.108580 | Epoch:4266 | LR: 0.0000402 | Loss : 0.0143 | Val loss: 0.0160
2026-01-10 05:55:14.453352 | Epoch:4267 | LR: 0.0000403 | Loss : 0.0145 | Val loss: 0.0134
2026-01-10 05:55:18.802214 | Epoch:4268 | LR: 0.0000403 | Loss : 0.0141 | Val loss: 0.0142
2026-01-10 05:55:23.161078 | Epoch:4269 | LR: 0.0000403 | Loss : 0.0136 | Val loss: 0.0140
2026-01-10 05:55:27.539501 | Epoch:4270 | LR: 0.0000403 | Loss : 0.0146 | Val loss: 0.0137
2026-01-10 05:55:31.889073 | Epoch:4271 | LR: 0.0000404 | Loss : 0.0139 | Val loss: 0.0132
2026-01-10 05:55:36.235071 | Epoch:4272 | LR: 0.0000404 | Loss : 0.0130 | Val loss: 0.0116
2026-01-10 05:55:42.117584 | Epoch:4273 | LR: 0.0000404 | Loss : 0.0132 | Val loss: 0.0138
2026-01-10 05:55:46.701665 | Epoch:4274 | LR: 0.0000404 | Loss : 0.0135 | Val loss: 0.0139
2026-01-10 05:55:51.031198 | Epoch:4275 | LR: 0.0000405 | Loss : 0.0129 | Val loss: 0.0146
2026-01-10 05:55:55.542042 | Epoch:4276 | LR: 0.0000405 | Loss : 0.0139 | Val loss: 0.0126
2026-01-10 05:55:59.849890 | Epoch:4277 | LR: 0.0000405 | Loss : 0.0136 | Val loss: 0.0129
2026-01-10 05:56:04.108252 | Epoch:4278 | LR: 0.0000405 | Loss : 0.0138 | Val loss: 0.0148
2026-01-10 05:56:08.328386 | Epoch:4279 | LR: 0.0000406 | Loss : 0.0149 | Val loss: 0.0160
2026-01-10 05:56:12.558788 | Epoch:4280 | LR: 0.0000406 | Loss : 0.0154 | Val loss: 0.0164
2026-01-10 05:56:16.861902 | Epoch:4281 | LR: 0.0000406 | Loss : 0.0163 | Val loss: 0.0178
2026-01-10 05:56:21.950649 | Epoch:4282 | LR: 0.0000406 | Loss : 0.0174 | Val loss: 0.0155
2026-01-10 05:56:26.531944 | Epoch:4283 | LR: 0.0000407 | Loss : 0.0167 | Val loss: 0.0156
2026-01-10 05:56:30.840674 | Epoch:4284 | LR: 0.0000407 | Loss : 0.0163 | Val loss: 0.0159
2026-01-10 05:56:35.463897 | Epoch:4285 | LR: 0.0000407 | Loss : 0.0155 | Val loss: 0.0160
2026-01-10 05:56:39.842111 | Epoch:4286 | LR: 0.0000407 | Loss : 0.0147 | Val loss: 0.0145
2026-01-10 05:56:44.102042 | Epoch:4287 | LR: 0.0000408 | Loss : 0.0158 | Val loss: 0.0153
2026-01-10 05:56:48.308502 | Epoch:4288 | LR: 0.0000408 | Loss : 0.0145 | Val loss: 0.0151
2026-01-10 05:56:52.591874 | Epoch:4289 | LR: 0.0000408 | Loss : 0.0135 | Val loss: 0.0159
2026-01-10 05:56:56.939035 | Epoch:4290 | LR: 0.0000408 | Loss : 0.0136 | Val loss: 0.0151
2026-01-10 05:57:01.164318 | Epoch:4291 | LR: 0.0000409 | Loss : 0.0138 | Val loss: 0.0134
2026-01-10 05:57:05.446519 | Epoch:4292 | LR: 0.0000409 | Loss : 0.0132 | Val loss: 0.0131
2026-01-10 05:57:09.723012 | Epoch:4293 | LR: 0.0000409 | Loss : 0.0136 | Val loss: 0.0133
2026-01-10 05:57:14.001978 | Epoch:4294 | LR: 0.0000409 | Loss : 0.0138 | Val loss: 0.0147
2026-01-10 05:57:18.318895 | Epoch:4295 | LR: 0.0000410 | Loss : 0.0134 | Val loss: 0.0132
2026-01-10 05:57:22.696995 | Epoch:4296 | LR: 0.0000410 | Loss : 0.0133 | Val loss: 0.0131
2026-01-10 05:57:27.036503 | Epoch:4297 | LR: 0.0000410 | Loss : 0.0134 | Val loss: 0.0126
2026-01-10 05:57:31.358752 | Epoch:4298 | LR: 0.0000410 | Loss : 0.0136 | Val loss: 0.0135
2026-01-10 05:57:35.679245 | Epoch:4299 | LR: 0.0000410 | Loss : 0.0134 | Val loss: 0.0151
2026-01-10 05:57:40.007291 | Epoch:4300 | LR: 0.0000411 | Loss : 0.0134 | Val loss: 0.0126
2026-01-10 05:57:44.320487 | Epoch:4301 | LR: 0.0000411 | Loss : 0.0136 | Val loss: 0.0134
2026-01-10 05:57:48.548782 | Epoch:4302 | LR: 0.0000411 | Loss : 0.0133 | Val loss: 0.0138
2026-01-10 05:57:52.802421 | Epoch:4303 | LR: 0.0000411 | Loss : 0.0142 | Val loss: 0.0148
2026-01-10 05:57:57.086916 | Epoch:4304 | LR: 0.0000412 | Loss : 0.0150 | Val loss: 0.0141
2026-01-10 05:58:01.398393 | Epoch:4305 | LR: 0.0000412 | Loss : 0.0139 | Val loss: 0.0134
2026-01-10 05:58:05.625351 | Epoch:4306 | LR: 0.0000412 | Loss : 0.0148 | Val loss: 0.0156
2026-01-10 05:58:09.858393 | Epoch:4307 | LR: 0.0000412 | Loss : 0.0151 | Val loss: 0.0165
2026-01-10 05:58:14.097166 | Epoch:4308 | LR: 0.0000413 | Loss : 0.0151 | Val loss: 0.0141
2026-01-10 05:58:18.651057 | Epoch:4309 | LR: 0.0000413 | Loss : 0.0157 | Val loss: 0.0159
2026-01-10 05:58:22.996040 | Epoch:4310 | LR: 0.0000413 | Loss : 0.0156 | Val loss: 0.0149
2026-01-10 05:58:27.349506 | Epoch:4311 | LR: 0.0000413 | Loss : 0.0148 | Val loss: 0.0151
2026-01-10 05:58:31.909247 | Epoch:4312 | LR: 0.0000414 | Loss : 0.0145 | Val loss: 0.0144
2026-01-10 05:58:36.364271 | Epoch:4313 | LR: 0.0000414 | Loss : 0.0141 | Val loss: 0.0141
2026-01-10 05:58:40.775443 | Epoch:4314 | LR: 0.0000414 | Loss : 0.0143 | Val loss: 0.0143
2026-01-10 05:58:45.151167 | Epoch:4315 | LR: 0.0000414 | Loss : 0.0152 | Val loss: 0.0151
2026-01-10 05:58:49.504392 | Epoch:4316 | LR: 0.0000415 | Loss : 0.0142 | Val loss: 0.0139
2026-01-10 05:58:53.797254 | Epoch:4317 | LR: 0.0000415 | Loss : 0.0151 | Val loss: 0.0129
2026-01-10 05:58:58.383130 | Epoch:4318 | LR: 0.0000415 | Loss : 0.0143 | Val loss: 0.0146
2026-01-10 05:59:02.843483 | Epoch:4319 | LR: 0.0000415 | Loss : 0.0140 | Val loss: 0.0134
2026-01-10 05:59:07.169160 | Epoch:4320 | LR: 0.0000416 | Loss : 0.0136 | Val loss: 0.0139
2026-01-10 05:59:11.447624 | Epoch:4321 | LR: 0.0000416 | Loss : 0.0128 | Val loss: 0.0143
2026-01-10 05:59:15.796055 | Epoch:4322 | LR: 0.0000416 | Loss : 0.0134 | Val loss: 0.0134
2026-01-10 05:59:20.179290 | Epoch:4323 | LR: 0.0000416 | Loss : 0.0141 | Val loss: 0.0125
2026-01-10 05:59:24.474266 | Epoch:4324 | LR: 0.0000416 | Loss : 0.0140 | Val loss: 0.0137
2026-01-10 05:59:28.789054 | Epoch:4325 | LR: 0.0000417 | Loss : 0.0133 | Val loss: 0.0148
2026-01-10 05:59:33.114633 | Epoch:4326 | LR: 0.0000417 | Loss : 0.0135 | Val loss: 0.0132
2026-01-10 05:59:37.788209 | Epoch:4327 | LR: 0.0000417 | Loss : 0.0137 | Val loss: 0.0125
2026-01-10 05:59:42.152082 | Epoch:4328 | LR: 0.0000417 | Loss : 0.0142 | Val loss: 0.0131
2026-01-10 05:59:46.525417 | Epoch:4329 | LR: 0.0000418 | Loss : 0.0139 | Val loss: 0.0142
2026-01-10 05:59:50.841027 | Epoch:4330 | LR: 0.0000418 | Loss : 0.0137 | Val loss: 0.0143
2026-01-10 05:59:55.114057 | Epoch:4331 | LR: 0.0000418 | Loss : 0.0141 | Val loss: 0.0146
2026-01-10 05:59:59.351774 | Epoch:4332 | LR: 0.0000418 | Loss : 0.0145 | Val loss: 0.0140
2026-01-10 06:00:03.558074 | Epoch:4333 | LR: 0.0000419 | Loss : 0.0140 | Val loss: 0.0134
2026-01-10 06:00:07.809557 | Epoch:4334 | LR: 0.0000419 | Loss : 0.0133 | Val loss: 0.0144
2026-01-10 06:00:12.117550 | Epoch:4335 | LR: 0.0000419 | Loss : 0.0138 | Val loss: 0.0129
2026-01-10 06:00:16.290129 | Epoch:4336 | LR: 0.0000419 | Loss : 0.0129 | Val loss: 0.0136
2026-01-10 06:00:20.505825 | Epoch:4337 | LR: 0.0000419 | Loss : 0.0136 | Val loss: 0.0145
2026-01-10 06:00:24.749463 | Epoch:4338 | LR: 0.0000420 | Loss : 0.0140 | Val loss: 0.0149
2026-01-10 06:00:28.992320 | Epoch:4339 | LR: 0.0000420 | Loss : 0.0150 | Val loss: 0.0158
2026-01-10 06:00:33.256375 | Epoch:4340 | LR: 0.0000420 | Loss : 0.0157 | Val loss: 0.0146
2026-01-10 06:00:37.585000 | Epoch:4341 | LR: 0.0000420 | Loss : 0.0142 | Val loss: 0.0151
2026-01-10 06:00:41.884882 | Epoch:4342 | LR: 0.0000421 | Loss : 0.0145 | Val loss: 0.0162
2026-01-10 06:00:46.192753 | Epoch:4343 | LR: 0.0000421 | Loss : 0.0148 | Val loss: 0.0145
2026-01-10 06:00:50.499424 | Epoch:4344 | LR: 0.0000421 | Loss : 0.0146 | Val loss: 0.0147
2026-01-10 06:00:54.799442 | Epoch:4345 | LR: 0.0000421 | Loss : 0.0149 | Val loss: 0.0148
2026-01-10 06:00:59.056645 | Epoch:4346 | LR: 0.0000422 | Loss : 0.0154 | Val loss: 0.0151
2026-01-10 06:01:03.301984 | Epoch:4347 | LR: 0.0000422 | Loss : 0.0157 | Val loss: 0.0158
2026-01-10 06:01:07.526685 | Epoch:4348 | LR: 0.0000422 | Loss : 0.0163 | Val loss: 0.0171
2026-01-10 06:01:11.730506 | Epoch:4349 | LR: 0.0000422 | Loss : 0.0157 | Val loss: 0.0152
2026-01-10 06:01:16.030766 | Epoch:4350 | LR: 0.0000422 | Loss : 0.0154 | Val loss: 0.0139
2026-01-10 06:01:20.195600 | Epoch:4351 | LR: 0.0000423 | Loss : 0.0149 | Val loss: 0.0154
2026-01-10 06:01:24.285406 | Epoch:4352 | LR: 0.0000423 | Loss : 0.0144 | Val loss: 0.0149
2026-01-10 06:01:28.406143 | Epoch:4353 | LR: 0.0000423 | Loss : 0.0137 | Val loss: 0.0141
2026-01-10 06:01:32.557979 | Epoch:4354 | LR: 0.0000423 | Loss : 0.0146 | Val loss: 0.0130
2026-01-10 06:01:37.408829 | Epoch:4355 | LR: 0.0000424 | Loss : 0.0129 | Val loss: 0.0151
2026-01-10 06:01:42.171330 | Epoch:4356 | LR: 0.0000424 | Loss : 0.0132 | Val loss: 0.0130
2026-01-10 06:01:46.611985 | Epoch:4357 | LR: 0.0000424 | Loss : 0.0128 | Val loss: 0.0130
2026-01-10 06:01:51.110153 | Epoch:4358 | LR: 0.0000424 | Loss : 0.0129 | Val loss: 0.0132
2026-01-10 06:01:55.554817 | Epoch:4359 | LR: 0.0000425 | Loss : 0.0130 | Val loss: 0.0117
2026-01-10 06:01:59.904591 | Epoch:4360 | LR: 0.0000425 | Loss : 0.0131 | Val loss: 0.0141
2026-01-10 06:02:04.185040 | Epoch:4361 | LR: 0.0000425 | Loss : 0.0136 | Val loss: 0.0148
2026-01-10 06:02:08.437803 | Epoch:4362 | LR: 0.0000425 | Loss : 0.0133 | Val loss: 0.0108
2026-01-10 06:02:12.632878 | Epoch:4363 | LR: 0.0000425 | Loss : 0.0132 | Val loss: 0.0128
2026-01-10 06:02:16.908938 | Epoch:4364 | LR: 0.0000426 | Loss : 0.0141 | Val loss: 0.0132
2026-01-10 06:02:21.119012 | Epoch:4365 | LR: 0.0000426 | Loss : 0.0123 | Val loss: 0.0144
2026-01-10 06:02:25.448137 | Epoch:4366 | LR: 0.0000426 | Loss : 0.0143 | Val loss: 0.0129
2026-01-10 06:02:29.631424 | Epoch:4367 | LR: 0.0000426 | Loss : 0.0127 | Val loss: 0.0135
2026-01-10 06:02:33.849664 | Epoch:4368 | LR: 0.0000427 | Loss : 0.0133 | Val loss: 0.0153
2026-01-10 06:02:38.097645 | Epoch:4369 | LR: 0.0000427 | Loss : 0.0136 | Val loss: 0.0132
2026-01-10 06:02:42.353686 | Epoch:4370 | LR: 0.0000427 | Loss : 0.0130 | Val loss: 0.0134
2026-01-10 06:02:46.633297 | Epoch:4371 | LR: 0.0000427 | Loss : 0.0140 | Val loss: 0.0135
2026-01-10 06:02:50.963193 | Epoch:4372 | LR: 0.0000427 | Loss : 0.0155 | Val loss: 0.0163
2026-01-10 06:02:55.277771 | Epoch:4373 | LR: 0.0000428 | Loss : 0.0156 | Val loss: 0.0144
2026-01-10 06:02:59.550400 | Epoch:4374 | LR: 0.0000428 | Loss : 0.0146 | Val loss: 0.0158
2026-01-10 06:03:04.155918 | Epoch:4375 | LR: 0.0000428 | Loss : 0.0167 | Val loss: 0.0169
2026-01-10 06:03:08.397914 | Epoch:4376 | LR: 0.0000428 | Loss : 0.0153 | Val loss: 0.0158
2026-01-10 06:03:12.652043 | Epoch:4377 | LR: 0.0000429 | Loss : 0.0150 | Val loss: 0.0143
2026-01-10 06:03:16.962530 | Epoch:4378 | LR: 0.0000429 | Loss : 0.0144 | Val loss: 0.0154
2026-01-10 06:03:21.218465 | Epoch:4379 | LR: 0.0000429 | Loss : 0.0143 | Val loss: 0.0165
2026-01-10 06:03:25.411710 | Epoch:4380 | LR: 0.0000429 | Loss : 0.0143 | Val loss: 0.0135
2026-01-10 06:03:29.725013 | Epoch:4381 | LR: 0.0000429 | Loss : 0.0149 | Val loss: 0.0140
2026-01-10 06:03:33.924636 | Epoch:4382 | LR: 0.0000430 | Loss : 0.0144 | Val loss: 0.0147
2026-01-10 06:03:38.406387 | Epoch:4383 | LR: 0.0000430 | Loss : 0.0141 | Val loss: 0.0149
2026-01-10 06:03:42.678563 | Epoch:4384 | LR: 0.0000430 | Loss : 0.0135 | Val loss: 0.0125
2026-01-10 06:03:46.956030 | Epoch:4385 | LR: 0.0000430 | Loss : 0.0133 | Val loss: 0.0136
2026-01-10 06:03:51.289840 | Epoch:4386 | LR: 0.0000431 | Loss : 0.0137 | Val loss: 0.0140
2026-01-10 06:03:55.615826 | Epoch:4387 | LR: 0.0000431 | Loss : 0.0133 | Val loss: 0.0135
2026-01-10 06:03:59.938277 | Epoch:4388 | LR: 0.0000431 | Loss : 0.0141 | Val loss: 0.0136
2026-01-10 06:04:04.318490 | Epoch:4389 | LR: 0.0000431 | Loss : 0.0142 | Val loss: 0.0142
2026-01-10 06:04:08.698345 | Epoch:4390 | LR: 0.0000431 | Loss : 0.0135 | Val loss: 0.0126
2026-01-10 06:04:13.002384 | Epoch:4391 | LR: 0.0000432 | Loss : 0.0134 | Val loss: 0.0125
2026-01-10 06:04:17.308305 | Epoch:4392 | LR: 0.0000432 | Loss : 0.0141 | Val loss: 0.0140
2026-01-10 06:04:21.526306 | Epoch:4393 | LR: 0.0000432 | Loss : 0.0141 | Val loss: 0.0135
2026-01-10 06:04:25.907245 | Epoch:4394 | LR: 0.0000432 | Loss : 0.0133 | Val loss: 0.0143
2026-01-10 06:04:30.155523 | Epoch:4395 | LR: 0.0000432 | Loss : 0.0130 | Val loss: 0.0133
2026-01-10 06:04:34.504253 | Epoch:4396 | LR: 0.0000433 | Loss : 0.0133 | Val loss: 0.0146
2026-01-10 06:04:38.739637 | Epoch:4397 | LR: 0.0000433 | Loss : 0.0124 | Val loss: 0.0138
2026-01-10 06:04:42.978705 | Epoch:4398 | LR: 0.0000433 | Loss : 0.0123 | Val loss: 0.0131
2026-01-10 06:04:48.796022 | Epoch:4399 | LR: 0.0000433 | Loss : 0.0130 | Val loss: 0.0145
2026-01-10 06:04:53.130077 | Epoch:4400 | LR: 0.0000434 | Loss : 0.0133 | Val loss: 0.0144
2026-01-10 06:04:57.480062 | Epoch:4401 | LR: 0.0000434 | Loss : 0.0135 | Val loss: 0.0145
2026-01-10 06:05:01.830347 | Epoch:4402 | LR: 0.0000434 | Loss : 0.0138 | Val loss: 0.0148
2026-01-10 06:05:06.191814 | Epoch:4403 | LR: 0.0000434 | Loss : 0.0144 | Val loss: 0.0136
2026-01-10 06:05:10.597450 | Epoch:4404 | LR: 0.0000434 | Loss : 0.0150 | Val loss: 0.0143
2026-01-10 06:05:14.952942 | Epoch:4405 | LR: 0.0000435 | Loss : 0.0133 | Val loss: 0.0160
2026-01-10 06:05:19.275227 | Epoch:4406 | LR: 0.0000435 | Loss : 0.0142 | Val loss: 0.0136
2026-01-10 06:05:23.599388 | Epoch:4407 | LR: 0.0000435 | Loss : 0.0137 | Val loss: 0.0140
2026-01-10 06:05:27.844799 | Epoch:4408 | LR: 0.0000435 | Loss : 0.0141 | Val loss: 0.0151
2026-01-10 06:05:32.133993 | Epoch:4409 | LR: 0.0000435 | Loss : 0.0153 | Val loss: 0.0123
2026-01-10 06:05:36.450449 | Epoch:4410 | LR: 0.0000436 | Loss : 0.0149 | Val loss: 0.0155
2026-01-10 06:05:40.765324 | Epoch:4411 | LR: 0.0000436 | Loss : 0.0163 | Val loss: 0.0165
2026-01-10 06:05:45.049846 | Epoch:4412 | LR: 0.0000436 | Loss : 0.0143 | Val loss: 0.0149
2026-01-10 06:05:49.310097 | Epoch:4413 | LR: 0.0000436 | Loss : 0.0144 | Val loss: 0.0163
2026-01-10 06:05:53.594505 | Epoch:4414 | LR: 0.0000436 | Loss : 0.0142 | Val loss: 0.0145
2026-01-10 06:05:58.181405 | Epoch:4415 | LR: 0.0000437 | Loss : 0.0142 | Val loss: 0.0151
2026-01-10 06:06:02.484806 | Epoch:4416 | LR: 0.0000437 | Loss : 0.0157 | Val loss: 0.0148
2026-01-10 06:06:06.817697 | Epoch:4417 | LR: 0.0000437 | Loss : 0.0135 | Val loss: 0.0135
2026-01-10 06:06:11.164848 | Epoch:4418 | LR: 0.0000437 | Loss : 0.0147 | Val loss: 0.0132
2026-01-10 06:06:15.496825 | Epoch:4419 | LR: 0.0000438 | Loss : 0.0141 | Val loss: 0.0143
2026-01-10 06:06:19.855369 | Epoch:4420 | LR: 0.0000438 | Loss : 0.0134 | Val loss: 0.0126
2026-01-10 06:06:24.167968 | Epoch:4421 | LR: 0.0000438 | Loss : 0.0135 | Val loss: 0.0132
2026-01-10 06:06:28.396785 | Epoch:4422 | LR: 0.0000438 | Loss : 0.0133 | Val loss: 0.0128
2026-01-10 06:06:32.653242 | Epoch:4423 | LR: 0.0000438 | Loss : 0.0122 | Val loss: 0.0141
2026-01-10 06:06:36.914610 | Epoch:4424 | LR: 0.0000439 | Loss : 0.0135 | Val loss: 0.0145
2026-01-10 06:06:41.278415 | Epoch:4425 | LR: 0.0000439 | Loss : 0.0128 | Val loss: 0.0149
2026-01-10 06:06:45.530859 | Epoch:4426 | LR: 0.0000439 | Loss : 0.0133 | Val loss: 0.0127
2026-01-10 06:06:49.817501 | Epoch:4427 | LR: 0.0000439 | Loss : 0.0129 | Val loss: 0.0133
2026-01-10 06:06:54.644889 | Epoch:4428 | LR: 0.0000439 | Loss : 0.0131 | Val loss: 0.0133
2026-01-10 06:06:59.200548 | Epoch:4429 | LR: 0.0000440 | Loss : 0.0129 | Val loss: 0.0109
2026-01-10 06:07:03.415923 | Epoch:4430 | LR: 0.0000440 | Loss : 0.0130 | Val loss: 0.0126
2026-01-10 06:07:08.186610 | Epoch:4431 | LR: 0.0000440 | Loss : 0.0136 | Val loss: 0.0122
2026-01-10 06:07:12.553227 | Epoch:4432 | LR: 0.0000440 | Loss : 0.0124 | Val loss: 0.0127
2026-01-10 06:07:16.918130 | Epoch:4433 | LR: 0.0000440 | Loss : 0.0129 | Val loss: 0.0135
2026-01-10 06:07:21.277246 | Epoch:4434 | LR: 0.0000441 | Loss : 0.0136 | Val loss: 0.0142
2026-01-10 06:07:25.626919 | Epoch:4435 | LR: 0.0000441 | Loss : 0.0139 | Val loss: 0.0141
2026-01-10 06:07:29.934379 | Epoch:4436 | LR: 0.0000441 | Loss : 0.0139 | Val loss: 0.0147
2026-01-10 06:07:34.213442 | Epoch:4437 | LR: 0.0000441 | Loss : 0.0151 | Val loss: 0.0143
2026-01-10 06:07:38.471819 | Epoch:4438 | LR: 0.0000441 | Loss : 0.0148 | Val loss: 0.0154
2026-01-10 06:07:42.788825 | Epoch:4439 | LR: 0.0000442 | Loss : 0.0136 | Val loss: 0.0137
2026-01-10 06:07:47.053263 | Epoch:4440 | LR: 0.0000442 | Loss : 0.0141 | Val loss: 0.0137
2026-01-10 06:07:51.286593 | Epoch:4441 | LR: 0.0000442 | Loss : 0.0141 | Val loss: 0.0156
2026-01-10 06:07:55.537808 | Epoch:4442 | LR: 0.0000442 | Loss : 0.0148 | Val loss: 0.0139
2026-01-10 06:07:59.784562 | Epoch:4443 | LR: 0.0000442 | Loss : 0.0151 | Val loss: 0.0154
2026-01-10 06:08:04.046225 | Epoch:4444 | LR: 0.0000443 | Loss : 0.0145 | Val loss: 0.0157
2026-01-10 06:08:08.313738 | Epoch:4445 | LR: 0.0000443 | Loss : 0.0157 | Val loss: 0.0166
2026-01-10 06:08:12.628263 | Epoch:4446 | LR: 0.0000443 | Loss : 0.0158 | Val loss: 0.0135
2026-01-10 06:08:16.957923 | Epoch:4447 | LR: 0.0000443 | Loss : 0.0138 | Val loss: 0.0144
2026-01-10 06:08:21.292582 | Epoch:4448 | LR: 0.0000443 | Loss : 0.0134 | Val loss: 0.0132
2026-01-10 06:08:25.619360 | Epoch:4449 | LR: 0.0000444 | Loss : 0.0132 | Val loss: 0.0135
2026-01-10 06:08:29.949103 | Epoch:4450 | LR: 0.0000444 | Loss : 0.0136 | Val loss: 0.0130
2026-01-10 06:08:34.275003 | Epoch:4451 | LR: 0.0000444 | Loss : 0.0140 | Val loss: 0.0127
2026-01-10 06:08:38.538970 | Epoch:4452 | LR: 0.0000444 | Loss : 0.0134 | Val loss: 0.0135
2026-01-10 06:08:42.773165 | Epoch:4453 | LR: 0.0000444 | Loss : 0.0132 | Val loss: 0.0138
2026-01-10 06:08:47.006275 | Epoch:4454 | LR: 0.0000445 | Loss : 0.0124 | Val loss: 0.0129
2026-01-10 06:08:51.445969 | Epoch:4455 | LR: 0.0000445 | Loss : 0.0132 | Val loss: 0.0112
2026-01-10 06:08:55.660673 | Epoch:4456 | LR: 0.0000445 | Loss : 0.0119 | Val loss: 0.0138
2026-01-10 06:08:59.933621 | Epoch:4457 | LR: 0.0000445 | Loss : 0.0123 | Val loss: 0.0129
2026-01-10 06:09:04.130065 | Epoch:4458 | LR: 0.0000445 | Loss : 0.0135 | Val loss: 0.0134
2026-01-10 06:09:08.352297 | Epoch:4459 | LR: 0.0000446 | Loss : 0.0129 | Val loss: 0.0141
2026-01-10 06:09:12.603912 | Epoch:4460 | LR: 0.0000446 | Loss : 0.0129 | Val loss: 0.0154
2026-01-10 06:09:16.877894 | Epoch:4461 | LR: 0.0000446 | Loss : 0.0139 | Val loss: 0.0150
2026-01-10 06:09:21.158982 | Epoch:4462 | LR: 0.0000446 | Loss : 0.0140 | Val loss: 0.0146
2026-01-10 06:09:25.491905 | Epoch:4463 | LR: 0.0000446 | Loss : 0.0130 | Val loss: 0.0138
2026-01-10 06:09:29.827006 | Epoch:4464 | LR: 0.0000447 | Loss : 0.0135 | Val loss: 0.0142
2026-01-10 06:09:34.125947 | Epoch:4465 | LR: 0.0000447 | Loss : 0.0140 | Val loss: 0.0134
2026-01-10 06:09:38.384601 | Epoch:4466 | LR: 0.0000447 | Loss : 0.0131 | Val loss: 0.0132
2026-01-10 06:09:42.653304 | Epoch:4467 | LR: 0.0000447 | Loss : 0.0131 | Val loss: 0.0143
2026-01-10 06:09:46.873023 | Epoch:4468 | LR: 0.0000447 | Loss : 0.0135 | Val loss: 0.0125
2026-01-10 06:09:51.077625 | Epoch:4469 | LR: 0.0000448 | Loss : 0.0139 | Val loss: 0.0137
2026-01-10 06:09:55.335893 | Epoch:4470 | LR: 0.0000448 | Loss : 0.0146 | Val loss: 0.0156
2026-01-10 06:09:59.526877 | Epoch:4471 | LR: 0.0000448 | Loss : 0.0134 | Val loss: 0.0149
2026-01-10 06:10:03.829488 | Epoch:4472 | LR: 0.0000448 | Loss : 0.0136 | Val loss: 0.0135
2026-01-10 06:10:08.051887 | Epoch:4473 | LR: 0.0000448 | Loss : 0.0133 | Val loss: 0.0127
2026-01-10 06:10:12.313012 | Epoch:4474 | LR: 0.0000449 | Loss : 0.0127 | Val loss: 0.0129
2026-01-10 06:10:16.578937 | Epoch:4475 | LR: 0.0000449 | Loss : 0.0126 | Val loss: 0.0129
2026-01-10 06:10:20.856259 | Epoch:4476 | LR: 0.0000449 | Loss : 0.0138 | Val loss: 0.0153
2026-01-10 06:10:25.143524 | Epoch:4477 | LR: 0.0000449 | Loss : 0.0139 | Val loss: 0.0149
2026-01-10 06:10:29.430356 | Epoch:4478 | LR: 0.0000449 | Loss : 0.0153 | Val loss: 0.0157
2026-01-10 06:10:33.731138 | Epoch:4479 | LR: 0.0000450 | Loss : 0.0156 | Val loss: 0.0128
2026-01-10 06:10:38.036184 | Epoch:4480 | LR: 0.0000450 | Loss : 0.0146 | Val loss: 0.0141
2026-01-10 06:10:42.323353 | Epoch:4481 | LR: 0.0000450 | Loss : 0.0141 | Val loss: 0.0137
2026-01-10 06:10:46.587544 | Epoch:4482 | LR: 0.0000450 | Loss : 0.0138 | Val loss: 0.0157
2026-01-10 06:10:50.848475 | Epoch:4483 | LR: 0.0000450 | Loss : 0.0142 | Val loss: 0.0139
2026-01-10 06:10:55.049687 | Epoch:4484 | LR: 0.0000450 | Loss : 0.0143 | Val loss: 0.0145
2026-01-10 06:10:59.240479 | Epoch:4485 | LR: 0.0000451 | Loss : 0.0140 | Val loss: 0.0131
2026-01-10 06:11:03.532751 | Epoch:4486 | LR: 0.0000451 | Loss : 0.0133 | Val loss: 0.0136
2026-01-10 06:11:07.809443 | Epoch:4487 | LR: 0.0000451 | Loss : 0.0141 | Val loss: 0.0125
2026-01-10 06:11:12.108793 | Epoch:4488 | LR: 0.0000451 | Loss : 0.0132 | Val loss: 0.0136
2026-01-10 06:11:16.367193 | Epoch:4489 | LR: 0.0000451 | Loss : 0.0128 | Val loss: 0.0128
2026-01-10 06:11:20.919301 | Epoch:4490 | LR: 0.0000452 | Loss : 0.0130 | Val loss: 0.0131
2026-01-10 06:11:25.225653 | Epoch:4491 | LR: 0.0000452 | Loss : 0.0127 | Val loss: 0.0134
2026-01-10 06:11:29.548400 | Epoch:4492 | LR: 0.0000452 | Loss : 0.0124 | Val loss: 0.0125
2026-01-10 06:11:33.873330 | Epoch:4493 | LR: 0.0000452 | Loss : 0.0126 | Val loss: 0.0118
2026-01-10 06:11:38.189998 | Epoch:4494 | LR: 0.0000452 | Loss : 0.0128 | Val loss: 0.0135
2026-01-10 06:11:42.864373 | Epoch:4495 | LR: 0.0000453 | Loss : 0.0131 | Val loss: 0.0140
2026-01-10 06:11:47.176194 | Epoch:4496 | LR: 0.0000453 | Loss : 0.0130 | Val loss: 0.0128
2026-01-10 06:11:51.484252 | Epoch:4497 | LR: 0.0000453 | Loss : 0.0137 | Val loss: 0.0128
2026-01-10 06:11:55.676629 | Epoch:4498 | LR: 0.0000453 | Loss : 0.0143 | Val loss: 0.0128
2026-01-10 06:11:59.808631 | Epoch:4499 | LR: 0.0000453 | Loss : 0.0135 | Val loss: 0.0137
2026-01-10 06:12:03.924392 | Epoch:4500 | LR: 0.0000453 | Loss : 0.0134 | Val loss: 0.0134
2026-01-10 06:12:08.743563 | Epoch:4501 | LR: 0.0000454 | Loss : 0.0150 | Val loss: 0.0137
2026-01-10 06:12:13.367396 | Epoch:4502 | LR: 0.0000454 | Loss : 0.0139 | Val loss: 0.0144
2026-01-10 06:12:17.768945 | Epoch:4503 | LR: 0.0000454 | Loss : 0.0140 | Val loss: 0.0129
2026-01-10 06:12:22.394959 | Epoch:4504 | LR: 0.0000454 | Loss : 0.0133 | Val loss: 0.0124
2026-01-10 06:12:27.036533 | Epoch:4505 | LR: 0.0000454 | Loss : 0.0134 | Val loss: 0.0134
2026-01-10 06:12:31.408169 | Epoch:4506 | LR: 0.0000455 | Loss : 0.0138 | Val loss: 0.0140
2026-01-10 06:12:35.786709 | Epoch:4507 | LR: 0.0000455 | Loss : 0.0130 | Val loss: 0.0140
2026-01-10 06:12:40.168466 | Epoch:4508 | LR: 0.0000455 | Loss : 0.0129 | Val loss: 0.0131
2026-01-10 06:12:44.549813 | Epoch:4509 | LR: 0.0000455 | Loss : 0.0129 | Val loss: 0.0141
2026-01-10 06:12:48.975167 | Epoch:4510 | LR: 0.0000455 | Loss : 0.0133 | Val loss: 0.0137
2026-01-10 06:12:53.312930 | Epoch:4511 | LR: 0.0000455 | Loss : 0.0140 | Val loss: 0.0125
2026-01-10 06:12:57.659680 | Epoch:4512 | LR: 0.0000456 | Loss : 0.0135 | Val loss: 0.0130
2026-01-10 06:13:01.942790 | Epoch:4513 | LR: 0.0000456 | Loss : 0.0137 | Val loss: 0.0130
2026-01-10 06:13:06.357513 | Epoch:4514 | LR: 0.0000456 | Loss : 0.0131 | Val loss: 0.0140
2026-01-10 06:13:10.652972 | Epoch:4515 | LR: 0.0000456 | Loss : 0.0132 | Val loss: 0.0139
2026-01-10 06:13:14.963500 | Epoch:4516 | LR: 0.0000456 | Loss : 0.0133 | Val loss: 0.0141
2026-01-10 06:13:19.296223 | Epoch:4517 | LR: 0.0000456 | Loss : 0.0137 | Val loss: 0.0131
2026-01-10 06:13:23.678254 | Epoch:4518 | LR: 0.0000457 | Loss : 0.0140 | Val loss: 0.0135
2026-01-10 06:13:27.968137 | Epoch:4519 | LR: 0.0000457 | Loss : 0.0136 | Val loss: 0.0128
2026-01-10 06:13:32.203276 | Epoch:4520 | LR: 0.0000457 | Loss : 0.0144 | Val loss: 0.0140
2026-01-10 06:13:36.514967 | Epoch:4521 | LR: 0.0000457 | Loss : 0.0131 | Val loss: 0.0138
2026-01-10 06:13:40.816425 | Epoch:4522 | LR: 0.0000457 | Loss : 0.0133 | Val loss: 0.0128
2026-01-10 06:13:45.164292 | Epoch:4523 | LR: 0.0000458 | Loss : 0.0136 | Val loss: 0.0121
2026-01-10 06:13:49.477039 | Epoch:4524 | LR: 0.0000458 | Loss : 0.0135 | Val loss: 0.0137
2026-01-10 06:13:53.819201 | Epoch:4525 | LR: 0.0000458 | Loss : 0.0131 | Val loss: 0.0141
2026-01-10 06:13:58.121334 | Epoch:4526 | LR: 0.0000458 | Loss : 0.0138 | Val loss: 0.0131
2026-01-10 06:14:02.435404 | Epoch:4527 | LR: 0.0000458 | Loss : 0.0133 | Val loss: 0.0138
2026-01-10 06:14:06.691529 | Epoch:4528 | LR: 0.0000458 | Loss : 0.0133 | Val loss: 0.0147
2026-01-10 06:14:10.903330 | Epoch:4529 | LR: 0.0000459 | Loss : 0.0134 | Val loss: 0.0141
2026-01-10 06:14:15.123320 | Epoch:4530 | LR: 0.0000459 | Loss : 0.0143 | Val loss: 0.0129
2026-01-10 06:14:19.362011 | Epoch:4531 | LR: 0.0000459 | Loss : 0.0132 | Val loss: 0.0118
2026-01-10 06:14:24.051094 | Epoch:4532 | LR: 0.0000459 | Loss : 0.0123 | Val loss: 0.0123
2026-01-10 06:14:28.389678 | Epoch:4533 | LR: 0.0000459 | Loss : 0.0127 | Val loss: 0.0132
2026-01-10 06:14:32.717055 | Epoch:4534 | LR: 0.0000459 | Loss : 0.0128 | Val loss: 0.0131
2026-01-10 06:14:37.262447 | Epoch:4535 | LR: 0.0000460 | Loss : 0.0125 | Val loss: 0.0133
2026-01-10 06:14:41.590152 | Epoch:4536 | LR: 0.0000460 | Loss : 0.0134 | Val loss: 0.0127
2026-01-10 06:14:45.946896 | Epoch:4537 | LR: 0.0000460 | Loss : 0.0123 | Val loss: 0.0128
2026-01-10 06:14:50.322803 | Epoch:4538 | LR: 0.0000460 | Loss : 0.0135 | Val loss: 0.0136
2026-01-10 06:14:54.642750 | Epoch:4539 | LR: 0.0000460 | Loss : 0.0125 | Val loss: 0.0131
2026-01-10 06:14:58.962490 | Epoch:4540 | LR: 0.0000460 | Loss : 0.0135 | Val loss: 0.0142
2026-01-10 06:15:03.277124 | Epoch:4541 | LR: 0.0000461 | Loss : 0.0140 | Val loss: 0.0144
2026-01-10 06:15:07.589101 | Epoch:4542 | LR: 0.0000461 | Loss : 0.0143 | Val loss: 0.0141
2026-01-10 06:15:11.860232 | Epoch:4543 | LR: 0.0000461 | Loss : 0.0142 | Val loss: 0.0127
2026-01-10 06:15:16.065861 | Epoch:4544 | LR: 0.0000461 | Loss : 0.0145 | Val loss: 0.0139
2026-01-10 06:15:20.276106 | Epoch:4545 | LR: 0.0000461 | Loss : 0.0136 | Val loss: 0.0148
2026-01-10 06:15:24.584029 | Epoch:4546 | LR: 0.0000462 | Loss : 0.0139 | Val loss: 0.0135
2026-01-10 06:15:28.956139 | Epoch:4547 | LR: 0.0000462 | Loss : 0.0130 | Val loss: 0.0126
2026-01-10 06:15:33.323032 | Epoch:4548 | LR: 0.0000462 | Loss : 0.0128 | Val loss: 0.0117
2026-01-10 06:15:37.664571 | Epoch:4549 | LR: 0.0000462 | Loss : 0.0126 | Val loss: 0.0122
2026-01-10 06:15:41.997200 | Epoch:4550 | LR: 0.0000462 | Loss : 0.0133 | Val loss: 0.0131
2026-01-10 06:15:46.314663 | Epoch:4551 | LR: 0.0000462 | Loss : 0.0133 | Val loss: 0.0125
2026-01-10 06:15:50.691767 | Epoch:4552 | LR: 0.0000463 | Loss : 0.0149 | Val loss: 0.0135
2026-01-10 06:15:55.058521 | Epoch:4553 | LR: 0.0000463 | Loss : 0.0131 | Val loss: 0.0134
2026-01-10 06:15:59.406786 | Epoch:4554 | LR: 0.0000463 | Loss : 0.0122 | Val loss: 0.0132
2026-01-10 06:16:03.746175 | Epoch:4555 | LR: 0.0000463 | Loss : 0.0127 | Val loss: 0.0138
2026-01-10 06:16:08.096836 | Epoch:4556 | LR: 0.0000463 | Loss : 0.0136 | Val loss: 0.0130
2026-01-10 06:16:12.395023 | Epoch:4557 | LR: 0.0000463 | Loss : 0.0135 | Val loss: 0.0139
2026-01-10 06:16:16.719799 | Epoch:4558 | LR: 0.0000463 | Loss : 0.0138 | Val loss: 0.0136
2026-01-10 06:16:20.968905 | Epoch:4559 | LR: 0.0000464 | Loss : 0.0136 | Val loss: 0.0136
2026-01-10 06:16:25.231400 | Epoch:4560 | LR: 0.0000464 | Loss : 0.0132 | Val loss: 0.0136
2026-01-10 06:16:29.445351 | Epoch:4561 | LR: 0.0000464 | Loss : 0.0124 | Val loss: 0.0117
2026-01-10 06:16:33.695202 | Epoch:4562 | LR: 0.0000464 | Loss : 0.0124 | Val loss: 0.0126
2026-01-10 06:16:38.074904 | Epoch:4563 | LR: 0.0000464 | Loss : 0.0127 | Val loss: 0.0121
2026-01-10 06:16:42.357450 | Epoch:4564 | LR: 0.0000464 | Loss : 0.0139 | Val loss: 0.0138
2026-01-10 06:16:46.670861 | Epoch:4565 | LR: 0.0000465 | Loss : 0.0124 | Val loss: 0.0139
2026-01-10 06:16:51.009745 | Epoch:4566 | LR: 0.0000465 | Loss : 0.0132 | Val loss: 0.0128
2026-01-10 06:16:55.314385 | Epoch:4567 | LR: 0.0000465 | Loss : 0.0125 | Val loss: 0.0129
2026-01-10 06:16:59.627006 | Epoch:4568 | LR: 0.0000465 | Loss : 0.0125 | Val loss: 0.0124
2026-01-10 06:17:03.936871 | Epoch:4569 | LR: 0.0000465 | Loss : 0.0120 | Val loss: 0.0127
2026-01-10 06:17:08.211365 | Epoch:4570 | LR: 0.0000465 | Loss : 0.0127 | Val loss: 0.0130
2026-01-10 06:17:12.443817 | Epoch:4571 | LR: 0.0000466 | Loss : 0.0131 | Val loss: 0.0127
2026-01-10 06:17:16.677229 | Epoch:4572 | LR: 0.0000466 | Loss : 0.0130 | Val loss: 0.0114
2026-01-10 06:17:22.911555 | Epoch:4573 | LR: 0.0000466 | Loss : 0.0125 | Val loss: 0.0121
2026-01-10 06:17:27.562159 | Epoch:4574 | LR: 0.0000466 | Loss : 0.0126 | Val loss: 0.0139
2026-01-10 06:17:32.205725 | Epoch:4575 | LR: 0.0000466 | Loss : 0.0124 | Val loss: 0.0119
2026-01-10 06:17:36.390353 | Epoch:4576 | LR: 0.0000466 | Loss : 0.0125 | Val loss: 0.0140
2026-01-10 06:17:41.396458 | Epoch:4577 | LR: 0.0000467 | Loss : 0.0130 | Val loss: 0.0136
2026-01-10 06:17:45.835015 | Epoch:4578 | LR: 0.0000467 | Loss : 0.0134 | Val loss: 0.0139
2026-01-10 06:17:50.183504 | Epoch:4579 | LR: 0.0000467 | Loss : 0.0147 | Val loss: 0.0137
2026-01-10 06:17:54.505231 | Epoch:4580 | LR: 0.0000467 | Loss : 0.0140 | Val loss: 0.0152
2026-01-10 06:17:58.827433 | Epoch:4581 | LR: 0.0000467 | Loss : 0.0149 | Val loss: 0.0149
2026-01-10 06:18:03.220770 | Epoch:4582 | LR: 0.0000467 | Loss : 0.0143 | Val loss: 0.0134
2026-01-10 06:18:07.522604 | Epoch:4583 | LR: 0.0000467 | Loss : 0.0133 | Val loss: 0.0147
2026-01-10 06:18:11.825183 | Epoch:4584 | LR: 0.0000468 | Loss : 0.0134 | Val loss: 0.0138
2026-01-10 06:18:16.129780 | Epoch:4585 | LR: 0.0000468 | Loss : 0.0143 | Val loss: 0.0143
2026-01-10 06:18:20.483079 | Epoch:4586 | LR: 0.0000468 | Loss : 0.0138 | Val loss: 0.0133
2026-01-10 06:18:24.753409 | Epoch:4587 | LR: 0.0000468 | Loss : 0.0134 | Val loss: 0.0148
2026-01-10 06:18:29.031534 | Epoch:4588 | LR: 0.0000468 | Loss : 0.0137 | Val loss: 0.0139
2026-01-10 06:18:33.266219 | Epoch:4589 | LR: 0.0000468 | Loss : 0.0134 | Val loss: 0.0130
2026-01-10 06:18:37.485408 | Epoch:4590 | LR: 0.0000469 | Loss : 0.0132 | Val loss: 0.0127
2026-01-10 06:18:41.711520 | Epoch:4591 | LR: 0.0000469 | Loss : 0.0128 | Val loss: 0.0129
2026-01-10 06:18:46.120969 | Epoch:4592 | LR: 0.0000469 | Loss : 0.0131 | Val loss: 0.0121
2026-01-10 06:18:50.471241 | Epoch:4593 | LR: 0.0000469 | Loss : 0.0128 | Val loss: 0.0119
2026-01-10 06:18:54.792985 | Epoch:4594 | LR: 0.0000469 | Loss : 0.0122 | Val loss: 0.0122
2026-01-10 06:18:59.061684 | Epoch:4595 | LR: 0.0000469 | Loss : 0.0130 | Val loss: 0.0117
2026-01-10 06:19:03.391973 | Epoch:4596 | LR: 0.0000469 | Loss : 0.0131 | Val loss: 0.0117
2026-01-10 06:19:08.022301 | Epoch:4597 | LR: 0.0000470 | Loss : 0.0123 | Val loss: 0.0110
2026-01-10 06:19:12.330361 | Epoch:4598 | LR: 0.0000470 | Loss : 0.0114 | Val loss: 0.0123
2026-01-10 06:19:16.652786 | Epoch:4599 | LR: 0.0000470 | Loss : 0.0125 | Val loss: 0.0120
2026-01-10 06:19:21.071913 | Epoch:4600 | LR: 0.0000470 | Loss : 0.0116 | Val loss: 0.0134
2026-01-10 06:19:25.419051 | Epoch:4601 | LR: 0.0000470 | Loss : 0.0128 | Val loss: 0.0138
2026-01-10 06:19:29.750779 | Epoch:4602 | LR: 0.0000470 | Loss : 0.0140 | Val loss: 0.0136
2026-01-10 06:19:34.045557 | Epoch:4603 | LR: 0.0000471 | Loss : 0.0127 | Val loss: 0.0125
2026-01-10 06:19:38.296954 | Epoch:4604 | LR: 0.0000471 | Loss : 0.0144 | Val loss: 0.0143
2026-01-10 06:19:42.545645 | Epoch:4605 | LR: 0.0000471 | Loss : 0.0142 | Val loss: 0.0132
2026-01-10 06:19:46.867534 | Epoch:4606 | LR: 0.0000471 | Loss : 0.0138 | Val loss: 0.0137
2026-01-10 06:19:51.255689 | Epoch:4607 | LR: 0.0000471 | Loss : 0.0149 | Val loss: 0.0148
2026-01-10 06:19:55.554535 | Epoch:4608 | LR: 0.0000471 | Loss : 0.0145 | Val loss: 0.0140
2026-01-10 06:19:59.883552 | Epoch:4609 | LR: 0.0000471 | Loss : 0.0145 | Val loss: 0.0145
2026-01-10 06:20:04.238892 | Epoch:4610 | LR: 0.0000472 | Loss : 0.0141 | Val loss: 0.0139
2026-01-10 06:20:09.103284 | Epoch:4611 | LR: 0.0000472 | Loss : 0.0133 | Val loss: 0.0134
2026-01-10 06:20:13.452514 | Epoch:4612 | LR: 0.0000472 | Loss : 0.0130 | Val loss: 0.0131
2026-01-10 06:20:17.820045 | Epoch:4613 | LR: 0.0000472 | Loss : 0.0134 | Val loss: 0.0139
2026-01-10 06:20:22.178096 | Epoch:4614 | LR: 0.0000472 | Loss : 0.0130 | Val loss: 0.0128
2026-01-10 06:20:26.577661 | Epoch:4615 | LR: 0.0000472 | Loss : 0.0128 | Val loss: 0.0114
2026-01-10 06:20:31.013234 | Epoch:4616 | LR: 0.0000472 | Loss : 0.0120 | Val loss: 0.0128
2026-01-10 06:20:35.319781 | Epoch:4617 | LR: 0.0000473 | Loss : 0.0122 | Val loss: 0.0124
2026-01-10 06:20:39.592699 | Epoch:4618 | LR: 0.0000473 | Loss : 0.0123 | Val loss: 0.0121
2026-01-10 06:20:43.851919 | Epoch:4619 | LR: 0.0000473 | Loss : 0.0123 | Val loss: 0.0133
2026-01-10 06:20:48.197760 | Epoch:4620 | LR: 0.0000473 | Loss : 0.0141 | Val loss: 0.0148
2026-01-10 06:20:52.497564 | Epoch:4621 | LR: 0.0000473 | Loss : 0.0141 | Val loss: 0.0149
2026-01-10 06:20:56.919798 | Epoch:4622 | LR: 0.0000473 | Loss : 0.0160 | Val loss: 0.0148
2026-01-10 06:21:01.247523 | Epoch:4623 | LR: 0.0000473 | Loss : 0.0140 | Val loss: 0.0143
2026-01-10 06:21:05.591756 | Epoch:4624 | LR: 0.0000474 | Loss : 0.0143 | Val loss: 0.0137
2026-01-10 06:21:09.922221 | Epoch:4625 | LR: 0.0000474 | Loss : 0.0126 | Val loss: 0.0128
2026-01-10 06:21:14.311757 | Epoch:4626 | LR: 0.0000474 | Loss : 0.0124 | Val loss: 0.0117
2026-01-10 06:21:18.744976 | Epoch:4627 | LR: 0.0000474 | Loss : 0.0122 | Val loss: 0.0120
2026-01-10 06:21:23.069317 | Epoch:4628 | LR: 0.0000474 | Loss : 0.0118 | Val loss: 0.0131
2026-01-10 06:21:27.420229 | Epoch:4629 | LR: 0.0000474 | Loss : 0.0118 | Val loss: 0.0111
2026-01-10 06:21:31.848119 | Epoch:4630 | LR: 0.0000474 | Loss : 0.0117 | Val loss: 0.0118
2026-01-10 06:21:36.198801 | Epoch:4631 | LR: 0.0000475 | Loss : 0.0116 | Val loss: 0.0120
2026-01-10 06:21:40.801507 | Epoch:4632 | LR: 0.0000475 | Loss : 0.0123 | Val loss: 0.0113
2026-01-10 06:21:45.172753 | Epoch:4633 | LR: 0.0000475 | Loss : 0.0120 | Val loss: 0.0119
2026-01-10 06:21:49.526952 | Epoch:4634 | LR: 0.0000475 | Loss : 0.0112 | Val loss: 0.0124
2026-01-10 06:21:53.785604 | Epoch:4635 | LR: 0.0000475 | Loss : 0.0120 | Val loss: 0.0123
2026-01-10 06:21:58.172752 | Epoch:4636 | LR: 0.0000475 | Loss : 0.0126 | Val loss: 0.0121
2026-01-10 06:22:02.546666 | Epoch:4637 | LR: 0.0000475 | Loss : 0.0117 | Val loss: 0.0132
2026-01-10 06:22:06.909526 | Epoch:4638 | LR: 0.0000476 | Loss : 0.0125 | Val loss: 0.0126
2026-01-10 06:22:11.657498 | Epoch:4639 | LR: 0.0000476 | Loss : 0.0119 | Val loss: 0.0141
2026-01-10 06:22:16.062488 | Epoch:4640 | LR: 0.0000476 | Loss : 0.0126 | Val loss: 0.0126
2026-01-10 06:22:20.441372 | Epoch:4641 | LR: 0.0000476 | Loss : 0.0133 | Val loss: 0.0140
2026-01-10 06:22:24.788484 | Epoch:4642 | LR: 0.0000476 | Loss : 0.0149 | Val loss: 0.0135
2026-01-10 06:22:29.014383 | Epoch:4643 | LR: 0.0000476 | Loss : 0.0139 | Val loss: 0.0148
2026-01-10 06:22:33.237241 | Epoch:4644 | LR: 0.0000476 | Loss : 0.0138 | Val loss: 0.0137
2026-01-10 06:22:37.861792 | Epoch:4645 | LR: 0.0000476 | Loss : 0.0144 | Val loss: 0.0138
2026-01-10 06:22:42.869160 | Epoch:4646 | LR: 0.0000477 | Loss : 0.0141 | Val loss: 0.0136
2026-01-10 06:22:47.334001 | Epoch:4647 | LR: 0.0000477 | Loss : 0.0137 | Val loss: 0.0135
2026-01-10 06:22:51.826330 | Epoch:4648 | LR: 0.0000477 | Loss : 0.0134 | Val loss: 0.0146
2026-01-10 06:22:56.645966 | Epoch:4649 | LR: 0.0000477 | Loss : 0.0135 | Val loss: 0.0141
2026-01-10 06:23:00.886085 | Epoch:4650 | LR: 0.0000477 | Loss : 0.0131 | Val loss: 0.0135
2026-01-10 06:23:05.255539 | Epoch:4651 | LR: 0.0000477 | Loss : 0.0129 | Val loss: 0.0122
2026-01-10 06:23:09.548373 | Epoch:4652 | LR: 0.0000477 | Loss : 0.0126 | Val loss: 0.0127
2026-01-10 06:23:13.851015 | Epoch:4653 | LR: 0.0000478 | Loss : 0.0128 | Val loss: 0.0123
2026-01-10 06:23:18.156905 | Epoch:4654 | LR: 0.0000478 | Loss : 0.0127 | Val loss: 0.0128
2026-01-10 06:23:22.470377 | Epoch:4655 | LR: 0.0000478 | Loss : 0.0130 | Val loss: 0.0119
2026-01-10 06:23:26.833914 | Epoch:4656 | LR: 0.0000478 | Loss : 0.0122 | Val loss: 0.0126
2026-01-10 06:23:31.161519 | Epoch:4657 | LR: 0.0000478 | Loss : 0.0117 | Val loss: 0.0118
2026-01-10 06:23:35.516195 | Epoch:4658 | LR: 0.0000478 | Loss : 0.0116 | Val loss: 0.0121
2026-01-10 06:23:39.972446 | Epoch:4659 | LR: 0.0000478 | Loss : 0.0114 | Val loss: 0.0127
2026-01-10 06:23:44.273776 | Epoch:4660 | LR: 0.0000478 | Loss : 0.0118 | Val loss: 0.0118
2026-01-10 06:23:48.556245 | Epoch:4661 | LR: 0.0000479 | Loss : 0.0120 | Val loss: 0.0121
2026-01-10 06:23:52.773635 | Epoch:4662 | LR: 0.0000479 | Loss : 0.0116 | Val loss: 0.0116
2026-01-10 06:23:56.967674 | Epoch:4663 | LR: 0.0000479 | Loss : 0.0130 | Val loss: 0.0125
2026-01-10 06:24:01.163317 | Epoch:4664 | LR: 0.0000479 | Loss : 0.0130 | Val loss: 0.0129
2026-01-10 06:24:05.417453 | Epoch:4665 | LR: 0.0000479 | Loss : 0.0129 | Val loss: 0.0140
2026-01-10 06:24:09.834596 | Epoch:4666 | LR: 0.0000479 | Loss : 0.0132 | Val loss: 0.0138
2026-01-10 06:24:14.128344 | Epoch:4667 | LR: 0.0000479 | Loss : 0.0137 | Val loss: 0.0131
2026-01-10 06:24:18.414936 | Epoch:4668 | LR: 0.0000479 | Loss : 0.0126 | Val loss: 0.0131
2026-01-10 06:24:22.742748 | Epoch:4669 | LR: 0.0000480 | Loss : 0.0131 | Val loss: 0.0138
2026-01-10 06:24:27.103637 | Epoch:4670 | LR: 0.0000480 | Loss : 0.0129 | Val loss: 0.0150
2026-01-10 06:24:31.504289 | Epoch:4671 | LR: 0.0000480 | Loss : 0.0153 | Val loss: 0.0136
2026-01-10 06:24:35.849020 | Epoch:4672 | LR: 0.0000480 | Loss : 0.0134 | Val loss: 0.0128
2026-01-10 06:24:40.147632 | Epoch:4673 | LR: 0.0000480 | Loss : 0.0137 | Val loss: 0.0131
2026-01-10 06:24:44.501431 | Epoch:4674 | LR: 0.0000480 | Loss : 0.0137 | Val loss: 0.0143
2026-01-10 06:24:48.823845 | Epoch:4675 | LR: 0.0000480 | Loss : 0.0144 | Val loss: 0.0145
2026-01-10 06:24:53.169056 | Epoch:4676 | LR: 0.0000480 | Loss : 0.0144 | Val loss: 0.0141
2026-01-10 06:24:57.441560 | Epoch:4677 | LR: 0.0000481 | Loss : 0.0138 | Val loss: 0.0140
2026-01-10 06:25:01.661533 | Epoch:4678 | LR: 0.0000481 | Loss : 0.0131 | Val loss: 0.0117
2026-01-10 06:25:05.956667 | Epoch:4679 | LR: 0.0000481 | Loss : 0.0116 | Val loss: 0.0115
2026-01-10 06:25:10.202856 | Epoch:4680 | LR: 0.0000481 | Loss : 0.0125 | Val loss: 0.0124
2026-01-10 06:25:14.645104 | Epoch:4681 | LR: 0.0000481 | Loss : 0.0120 | Val loss: 0.0122
2026-01-10 06:25:18.955140 | Epoch:4682 | LR: 0.0000481 | Loss : 0.0122 | Val loss: 0.0110
2026-01-10 06:25:23.268109 | Epoch:4683 | LR: 0.0000481 | Loss : 0.0123 | Val loss: 0.0109
2026-01-10 06:25:27.632684 | Epoch:4684 | LR: 0.0000481 | Loss : 0.0118 | Val loss: 0.0124
2026-01-10 06:25:31.982564 | Epoch:4685 | LR: 0.0000482 | Loss : 0.0120 | Val loss: 0.0122
2026-01-10 06:25:36.321942 | Epoch:4686 | LR: 0.0000482 | Loss : 0.0114 | Val loss: 0.0126
2026-01-10 06:25:40.726249 | Epoch:4687 | LR: 0.0000482 | Loss : 0.0111 | Val loss: 0.0116
2026-01-10 06:25:45.075519 | Epoch:4688 | LR: 0.0000482 | Loss : 0.0112 | Val loss: 0.0117
2026-01-10 06:25:49.439141 | Epoch:4689 | LR: 0.0000482 | Loss : 0.0117 | Val loss: 0.0119
2026-01-10 06:25:53.788997 | Epoch:4690 | LR: 0.0000482 | Loss : 0.0104 | Val loss: 0.0110
2026-01-10 06:25:58.174789 | Epoch:4691 | LR: 0.0000482 | Loss : 0.0120 | Val loss: 0.0119
2026-01-10 06:26:04.627236 | Epoch:4692 | LR: 0.0000482 | Loss : 0.0111 | Val loss: 0.0118
2026-01-10 06:26:08.917535 | Epoch:4693 | LR: 0.0000482 | Loss : 0.0121 | Val loss: 0.0111
2026-01-10 06:26:13.212891 | Epoch:4694 | LR: 0.0000483 | Loss : 0.0122 | Val loss: 0.0122
2026-01-10 06:26:17.586267 | Epoch:4695 | LR: 0.0000483 | Loss : 0.0125 | Val loss: 0.0133
2026-01-10 06:26:22.037236 | Epoch:4696 | LR: 0.0000483 | Loss : 0.0135 | Val loss: 0.0135
2026-01-10 06:26:26.363293 | Epoch:4697 | LR: 0.0000483 | Loss : 0.0138 | Val loss: 0.0153
2026-01-10 06:26:30.714535 | Epoch:4698 | LR: 0.0000483 | Loss : 0.0168 | Val loss: 0.0164
2026-01-10 06:26:35.102853 | Epoch:4699 | LR: 0.0000483 | Loss : 0.0155 | Val loss: 0.0152
2026-01-10 06:26:39.469918 | Epoch:4700 | LR: 0.0000483 | Loss : 0.0139 | Val loss: 0.0142
2026-01-10 06:26:44.176093 | Epoch:4701 | LR: 0.0000483 | Loss : 0.0137 | Val loss: 0.0133
2026-01-10 06:26:48.523591 | Epoch:4702 | LR: 0.0000483 | Loss : 0.0140 | Val loss: 0.0149
2026-01-10 06:26:52.868171 | Epoch:4703 | LR: 0.0000484 | Loss : 0.0134 | Val loss: 0.0127
2026-01-10 06:26:57.486192 | Epoch:4704 | LR: 0.0000484 | Loss : 0.0129 | Val loss: 0.0131
2026-01-10 06:27:01.850980 | Epoch:4705 | LR: 0.0000484 | Loss : 0.0127 | Val loss: 0.0131
2026-01-10 06:27:06.160264 | Epoch:4706 | LR: 0.0000484 | Loss : 0.0119 | Val loss: 0.0107
2026-01-10 06:27:10.424442 | Epoch:4707 | LR: 0.0000484 | Loss : 0.0128 | Val loss: 0.0126
2026-01-10 06:27:14.681921 | Epoch:4708 | LR: 0.0000484 | Loss : 0.0121 | Val loss: 0.0131
2026-01-10 06:27:18.997602 | Epoch:4709 | LR: 0.0000484 | Loss : 0.0121 | Val loss: 0.0124
2026-01-10 06:27:23.330777 | Epoch:4710 | LR: 0.0000484 | Loss : 0.0129 | Val loss: 0.0124
2026-01-10 06:27:27.720309 | Epoch:4711 | LR: 0.0000484 | Loss : 0.0121 | Val loss: 0.0125
2026-01-10 06:27:31.986180 | Epoch:4712 | LR: 0.0000485 | Loss : 0.0119 | Val loss: 0.0125
2026-01-10 06:27:36.342365 | Epoch:4713 | LR: 0.0000485 | Loss : 0.0120 | Val loss: 0.0110
2026-01-10 06:27:40.678929 | Epoch:4714 | LR: 0.0000485 | Loss : 0.0117 | Val loss: 0.0124
2026-01-10 06:27:44.957509 | Epoch:4715 | LR: 0.0000485 | Loss : 0.0126 | Val loss: 0.0113
2026-01-10 06:27:49.163453 | Epoch:4716 | LR: 0.0000485 | Loss : 0.0119 | Val loss: 0.0111
2026-01-10 06:27:53.703415 | Epoch:4717 | LR: 0.0000485 | Loss : 0.0125 | Val loss: 0.0115
2026-01-10 06:27:58.419957 | Epoch:4718 | LR: 0.0000485 | Loss : 0.0126 | Val loss: 0.0126
2026-01-10 06:28:02.900765 | Epoch:4719 | LR: 0.0000485 | Loss : 0.0122 | Val loss: 0.0116
2026-01-10 06:28:07.125433 | Epoch:4720 | LR: 0.0000485 | Loss : 0.0120 | Val loss: 0.0119
2026-01-10 06:28:11.756345 | Epoch:4721 | LR: 0.0000486 | Loss : 0.0124 | Val loss: 0.0118
2026-01-10 06:28:16.011290 | Epoch:4722 | LR: 0.0000486 | Loss : 0.0122 | Val loss: 0.0123
2026-01-10 06:28:20.330222 | Epoch:4723 | LR: 0.0000486 | Loss : 0.0125 | Val loss: 0.0114
2026-01-10 06:28:24.751822 | Epoch:4724 | LR: 0.0000486 | Loss : 0.0135 | Val loss: 0.0131
2026-01-10 06:28:29.100298 | Epoch:4725 | LR: 0.0000486 | Loss : 0.0129 | Val loss: 0.0124
2026-01-10 06:28:33.577511 | Epoch:4726 | LR: 0.0000486 | Loss : 0.0139 | Val loss: 0.0134
2026-01-10 06:28:37.835174 | Epoch:4727 | LR: 0.0000486 | Loss : 0.0128 | Val loss: 0.0112
2026-01-10 06:28:42.228003 | Epoch:4728 | LR: 0.0000486 | Loss : 0.0124 | Val loss: 0.0131
2026-01-10 06:28:46.635979 | Epoch:4729 | LR: 0.0000486 | Loss : 0.0122 | Val loss: 0.0117
2026-01-10 06:28:50.964237 | Epoch:4730 | LR: 0.0000486 | Loss : 0.0121 | Val loss: 0.0125
2026-01-10 06:28:55.483327 | Epoch:4731 | LR: 0.0000487 | Loss : 0.0121 | Val loss: 0.0122
2026-01-10 06:28:59.786465 | Epoch:4732 | LR: 0.0000487 | Loss : 0.0120 | Val loss: 0.0121
2026-01-10 06:29:04.135925 | Epoch:4733 | LR: 0.0000487 | Loss : 0.0114 | Val loss: 0.0117
2026-01-10 06:29:08.463886 | Epoch:4734 | LR: 0.0000487 | Loss : 0.0126 | Val loss: 0.0116
2026-01-10 06:29:12.831962 | Epoch:4735 | LR: 0.0000487 | Loss : 0.0131 | Val loss: 0.0139
2026-01-10 06:29:17.203594 | Epoch:4736 | LR: 0.0000487 | Loss : 0.0129 | Val loss: 0.0121
2026-01-10 06:29:21.476741 | Epoch:4737 | LR: 0.0000487 | Loss : 0.0134 | Val loss: 0.0129
2026-01-10 06:29:25.768484 | Epoch:4738 | LR: 0.0000487 | Loss : 0.0122 | Val loss: 0.0141
2026-01-10 06:29:30.077911 | Epoch:4739 | LR: 0.0000487 | Loss : 0.0116 | Val loss: 0.0120
2026-01-10 06:29:34.404506 | Epoch:4740 | LR: 0.0000487 | Loss : 0.0126 | Val loss: 0.0122
2026-01-10 06:29:39.063211 | Epoch:4741 | LR: 0.0000488 | Loss : 0.0114 | Val loss: 0.0111
2026-01-10 06:29:43.451485 | Epoch:4742 | LR: 0.0000488 | Loss : 0.0123 | Val loss: 0.0141
2026-01-10 06:29:47.764544 | Epoch:4743 | LR: 0.0000488 | Loss : 0.0129 | Val loss: 0.0122
2026-01-10 06:29:52.255733 | Epoch:4744 | LR: 0.0000488 | Loss : 0.0118 | Val loss: 0.0123
2026-01-10 06:29:56.542585 | Epoch:4745 | LR: 0.0000488 | Loss : 0.0127 | Val loss: 0.0141
2026-01-10 06:30:01.130819 | Epoch:4746 | LR: 0.0000488 | Loss : 0.0130 | Val loss: 0.0122
2026-01-10 06:30:05.496680 | Epoch:4747 | LR: 0.0000488 | Loss : 0.0121 | Val loss: 0.0110
2026-01-10 06:30:09.856003 | Epoch:4748 | LR: 0.0000488 | Loss : 0.0116 | Val loss: 0.0125
2026-01-10 06:30:14.251579 | Epoch:4749 | LR: 0.0000488 | Loss : 0.0121 | Val loss: 0.0109
2026-01-10 06:30:18.694180 | Epoch:4750 | LR: 0.0000488 | Loss : 0.0119 | Val loss: 0.0130
2026-01-10 06:30:23.042927 | Epoch:4751 | LR: 0.0000489 | Loss : 0.0112 | Val loss: 0.0123
2026-01-10 06:30:27.325883 | Epoch:4752 | LR: 0.0000489 | Loss : 0.0120 | Val loss: 0.0128
2026-01-10 06:30:31.629288 | Epoch:4753 | LR: 0.0000489 | Loss : 0.0130 | Val loss: 0.0127
2026-01-10 06:30:35.953021 | Epoch:4754 | LR: 0.0000489 | Loss : 0.0133 | Val loss: 0.0128
2026-01-10 06:30:40.289653 | Epoch:4755 | LR: 0.0000489 | Loss : 0.0131 | Val loss: 0.0134
2026-01-10 06:30:44.703761 | Epoch:4756 | LR: 0.0000489 | Loss : 0.0129 | Val loss: 0.0127
2026-01-10 06:30:49.228053 | Epoch:4757 | LR: 0.0000489 | Loss : 0.0127 | Val loss: 0.0130
2026-01-10 06:30:53.607785 | Epoch:4758 | LR: 0.0000489 | Loss : 0.0133 | Val loss: 0.0130
2026-01-10 06:30:57.970379 | Epoch:4759 | LR: 0.0000489 | Loss : 0.0139 | Val loss: 0.0138
2026-01-10 06:31:02.325931 | Epoch:4760 | LR: 0.0000489 | Loss : 0.0143 | Val loss: 0.0137
2026-01-10 06:31:06.665903 | Epoch:4761 | LR: 0.0000489 | Loss : 0.0141 | Val loss: 0.0147
2026-01-10 06:31:11.019019 | Epoch:4762 | LR: 0.0000490 | Loss : 0.0139 | Val loss: 0.0149
2026-01-10 06:31:15.359561 | Epoch:4763 | LR: 0.0000490 | Loss : 0.0131 | Val loss: 0.0138
2026-01-10 06:31:19.689557 | Epoch:4764 | LR: 0.0000490 | Loss : 0.0133 | Val loss: 0.0121
2026-01-10 06:31:24.243268 | Epoch:4765 | LR: 0.0000490 | Loss : 0.0123 | Val loss: 0.0117
2026-01-10 06:31:28.562853 | Epoch:4766 | LR: 0.0000490 | Loss : 0.0124 | Val loss: 0.0111
2026-01-10 06:31:32.815719 | Epoch:4767 | LR: 0.0000490 | Loss : 0.0117 | Val loss: 0.0115
2026-01-10 06:31:37.129301 | Epoch:4768 | LR: 0.0000490 | Loss : 0.0120 | Val loss: 0.0108
2026-01-10 06:31:41.457155 | Epoch:4769 | LR: 0.0000490 | Loss : 0.0111 | Val loss: 0.0120
2026-01-10 06:31:45.865235 | Epoch:4770 | LR: 0.0000490 | Loss : 0.0118 | Val loss: 0.0125
2026-01-10 06:31:50.185660 | Epoch:4771 | LR: 0.0000490 | Loss : 0.0118 | Val loss: 0.0128
2026-01-10 06:31:54.646457 | Epoch:4772 | LR: 0.0000490 | Loss : 0.0124 | Val loss: 0.0114
2026-01-10 06:31:58.922837 | Epoch:4773 | LR: 0.0000491 | Loss : 0.0126 | Val loss: 0.0126
2026-01-10 06:32:03.234121 | Epoch:4774 | LR: 0.0000491 | Loss : 0.0113 | Val loss: 0.0121
2026-01-10 06:32:07.558121 | Epoch:4775 | LR: 0.0000491 | Loss : 0.0117 | Val loss: 0.0113
2026-01-10 06:32:11.911788 | Epoch:4776 | LR: 0.0000491 | Loss : 0.0118 | Val loss: 0.0125
2026-01-10 06:32:16.229988 | Epoch:4777 | LR: 0.0000491 | Loss : 0.0124 | Val loss: 0.0113
2026-01-10 06:32:20.537326 | Epoch:4778 | LR: 0.0000491 | Loss : 0.0123 | Val loss: 0.0117
2026-01-10 06:32:25.084167 | Epoch:4779 | LR: 0.0000491 | Loss : 0.0119 | Val loss: 0.0113
2026-01-10 06:32:29.411489 | Epoch:4780 | LR: 0.0000491 | Loss : 0.0113 | Val loss: 0.0115
2026-01-10 06:32:34.090651 | Epoch:4781 | LR: 0.0000491 | Loss : 0.0111 | Val loss: 0.0108
2026-01-10 06:32:38.428917 | Epoch:4782 | LR: 0.0000491 | Loss : 0.0119 | Val loss: 0.0125
2026-01-10 06:32:42.709751 | Epoch:4783 | LR: 0.0000491 | Loss : 0.0123 | Val loss: 0.0126
2026-01-10 06:32:47.025649 | Epoch:4784 | LR: 0.0000491 | Loss : 0.0134 | Val loss: 0.0132
2026-01-10 06:32:51.482518 | Epoch:4785 | LR: 0.0000492 | Loss : 0.0135 | Val loss: 0.0146
2026-01-10 06:32:55.849301 | Epoch:4786 | LR: 0.0000492 | Loss : 0.0129 | Val loss: 0.0145
2026-01-10 06:33:00.162491 | Epoch:4787 | LR: 0.0000492 | Loss : 0.0143 | Val loss: 0.0130
2026-01-10 06:33:04.422677 | Epoch:4788 | LR: 0.0000492 | Loss : 0.0135 | Val loss: 0.0129
2026-01-10 06:33:08.757018 | Epoch:4789 | LR: 0.0000492 | Loss : 0.0135 | Val loss: 0.0132
2026-01-10 06:33:13.810052 | Epoch:4790 | LR: 0.0000492 | Loss : 0.0129 | Val loss: 0.0128
2026-01-10 06:33:18.366459 | Epoch:4791 | LR: 0.0000492 | Loss : 0.0121 | Val loss: 0.0122
2026-01-10 06:33:22.617975 | Epoch:4792 | LR: 0.0000492 | Loss : 0.0128 | Val loss: 0.0117
2026-01-10 06:33:27.220574 | Epoch:4793 | LR: 0.0000492 | Loss : 0.0119 | Val loss: 0.0122
2026-01-10 06:33:31.612358 | Epoch:4794 | LR: 0.0000492 | Loss : 0.0129 | Val loss: 0.0128
2026-01-10 06:33:35.951463 | Epoch:4795 | LR: 0.0000492 | Loss : 0.0116 | Val loss: 0.0114
2026-01-10 06:33:40.348778 | Epoch:4796 | LR: 0.0000492 | Loss : 0.0114 | Val loss: 0.0122
2026-01-10 06:33:44.658992 | Epoch:4797 | LR: 0.0000492 | Loss : 0.0125 | Val loss: 0.0122
2026-01-10 06:33:48.975647 | Epoch:4798 | LR: 0.0000493 | Loss : 0.0118 | Val loss: 0.0121
2026-01-10 06:33:53.247345 | Epoch:4799 | LR: 0.0000493 | Loss : 0.0117 | Val loss: 0.0123
2026-01-10 06:33:57.584066 | Epoch:4800 | LR: 0.0000493 | Loss : 0.0119 | Val loss: 0.0106
2026-01-10 06:34:01.878267 | Epoch:4801 | LR: 0.0000493 | Loss : 0.0119 | Val loss: 0.0121
2026-01-10 06:34:06.337774 | Epoch:4802 | LR: 0.0000493 | Loss : 0.0114 | Val loss: 0.0116
2026-01-10 06:34:10.701258 | Epoch:4803 | LR: 0.0000493 | Loss : 0.0117 | Val loss: 0.0127
2026-01-10 06:34:15.005849 | Epoch:4804 | LR: 0.0000493 | Loss : 0.0116 | Val loss: 0.0115
2026-01-10 06:34:19.288311 | Epoch:4805 | LR: 0.0000493 | Loss : 0.0131 | Val loss: 0.0106
2026-01-10 06:34:23.560526 | Epoch:4806 | LR: 0.0000493 | Loss : 0.0126 | Val loss: 0.0125
2026-01-10 06:34:27.892162 | Epoch:4807 | LR: 0.0000493 | Loss : 0.0119 | Val loss: 0.0133
2026-01-10 06:34:32.206408 | Epoch:4808 | LR: 0.0000493 | Loss : 0.0129 | Val loss: 0.0121
2026-01-10 06:34:36.510038 | Epoch:4809 | LR: 0.0000493 | Loss : 0.0129 | Val loss: 0.0124
2026-01-10 06:34:40.880994 | Epoch:4810 | LR: 0.0000493 | Loss : 0.0116 | Val loss: 0.0115
2026-01-10 06:34:45.432839 | Epoch:4811 | LR: 0.0000493 | Loss : 0.0117 | Val loss: 0.0127
2026-01-10 06:34:49.736955 | Epoch:4812 | LR: 0.0000494 | Loss : 0.0117 | Val loss: 0.0116
2026-01-10 06:34:54.033666 | Epoch:4813 | LR: 0.0000494 | Loss : 0.0121 | Val loss: 0.0116
2026-01-10 06:34:58.356653 | Epoch:4814 | LR: 0.0000494 | Loss : 0.0126 | Val loss: 0.0126
2026-01-10 06:35:02.651509 | Epoch:4815 | LR: 0.0000494 | Loss : 0.0124 | Val loss: 0.0116
2026-01-10 06:35:07.015454 | Epoch:4816 | LR: 0.0000494 | Loss : 0.0126 | Val loss: 0.0119
2026-01-10 06:35:11.364162 | Epoch:4817 | LR: 0.0000494 | Loss : 0.0119 | Val loss: 0.0117
2026-01-10 06:35:15.784451 | Epoch:4818 | LR: 0.0000494 | Loss : 0.0123 | Val loss: 0.0124
2026-01-10 06:35:20.130388 | Epoch:4819 | LR: 0.0000494 | Loss : 0.0132 | Val loss: 0.0133
2026-01-10 06:35:24.386904 | Epoch:4820 | LR: 0.0000494 | Loss : 0.0128 | Val loss: 0.0135
2026-01-10 06:35:28.920771 | Epoch:4821 | LR: 0.0000494 | Loss : 0.0139 | Val loss: 0.0144
2026-01-10 06:35:33.206815 | Epoch:4822 | LR: 0.0000494 | Loss : 0.0139 | Val loss: 0.0146
2026-01-10 06:35:37.476626 | Epoch:4823 | LR: 0.0000494 | Loss : 0.0140 | Val loss: 0.0129
2026-01-10 06:35:41.804914 | Epoch:4824 | LR: 0.0000494 | Loss : 0.0129 | Val loss: 0.0118
2026-01-10 06:35:46.131274 | Epoch:4825 | LR: 0.0000494 | Loss : 0.0132 | Val loss: 0.0125
2026-01-10 06:35:50.470088 | Epoch:4826 | LR: 0.0000495 | Loss : 0.0114 | Val loss: 0.0117
2026-01-10 06:35:54.811858 | Epoch:4827 | LR: 0.0000495 | Loss : 0.0125 | Val loss: 0.0124
2026-01-10 06:35:59.170999 | Epoch:4828 | LR: 0.0000495 | Loss : 0.0116 | Val loss: 0.0114
2026-01-10 06:36:03.568060 | Epoch:4829 | LR: 0.0000495 | Loss : 0.0117 | Val loss: 0.0121
2026-01-10 06:36:07.970888 | Epoch:4830 | LR: 0.0000495 | Loss : 0.0119 | Val loss: 0.0124
2026-01-10 06:36:12.307938 | Epoch:4831 | LR: 0.0000495 | Loss : 0.0113 | Val loss: 0.0118
2026-01-10 06:36:16.675286 | Epoch:4832 | LR: 0.0000495 | Loss : 0.0113 | Val loss: 0.0113
2026-01-10 06:36:21.110633 | Epoch:4833 | LR: 0.0000495 | Loss : 0.0108 | Val loss: 0.0110
2026-01-10 06:36:25.489382 | Epoch:4834 | LR: 0.0000495 | Loss : 0.0111 | Val loss: 0.0114
2026-01-10 06:36:29.724020 | Epoch:4835 | LR: 0.0000495 | Loss : 0.0113 | Val loss: 0.0107
2026-01-10 06:36:34.013540 | Epoch:4836 | LR: 0.0000495 | Loss : 0.0115 | Val loss: 0.0117
2026-01-10 06:36:38.321955 | Epoch:4837 | LR: 0.0000495 | Loss : 0.0118 | Val loss: 0.0114
2026-01-10 06:36:42.603856 | Epoch:4838 | LR: 0.0000495 | Loss : 0.0112 | Val loss: 0.0116
2026-01-10 06:36:46.931984 | Epoch:4839 | LR: 0.0000495 | Loss : 0.0115 | Val loss: 0.0121
2026-01-10 06:36:51.318295 | Epoch:4840 | LR: 0.0000495 | Loss : 0.0128 | Val loss: 0.0113
2026-01-10 06:36:55.655527 | Epoch:4841 | LR: 0.0000495 | Loss : 0.0125 | Val loss: 0.0119
2026-01-10 06:37:00.024506 | Epoch:4842 | LR: 0.0000496 | Loss : 0.0121 | Val loss: 0.0118
2026-01-10 06:37:04.331633 | Epoch:4843 | LR: 0.0000496 | Loss : 0.0121 | Val loss: 0.0118
2026-01-10 06:37:08.666331 | Epoch:4844 | LR: 0.0000496 | Loss : 0.0118 | Val loss: 0.0111
2026-01-10 06:37:12.978965 | Epoch:4845 | LR: 0.0000496 | Loss : 0.0130 | Val loss: 0.0126
2026-01-10 06:37:17.293511 | Epoch:4846 | LR: 0.0000496 | Loss : 0.0128 | Val loss: 0.0123
2026-01-10 06:37:21.635720 | Epoch:4847 | LR: 0.0000496 | Loss : 0.0122 | Val loss: 0.0134
2026-01-10 06:37:26.061232 | Epoch:4848 | LR: 0.0000496 | Loss : 0.0130 | Val loss: 0.0126
2026-01-10 06:37:30.472816 | Epoch:4849 | LR: 0.0000496 | Loss : 0.0124 | Val loss: 0.0124
2026-01-10 06:37:34.706742 | Epoch:4850 | LR: 0.0000496 | Loss : 0.0125 | Val loss: 0.0127
2026-01-10 06:37:38.978799 | Epoch:4851 | LR: 0.0000496 | Loss : 0.0126 | Val loss: 0.0114
2026-01-10 06:37:43.277997 | Epoch:4852 | LR: 0.0000496 | Loss : 0.0119 | Val loss: 0.0118
2026-01-10 06:37:47.771353 | Epoch:4853 | LR: 0.0000496 | Loss : 0.0110 | Val loss: 0.0111
2026-01-10 06:37:52.140490 | Epoch:4854 | LR: 0.0000496 | Loss : 0.0120 | Val loss: 0.0117
2026-01-10 06:37:56.440952 | Epoch:4855 | LR: 0.0000496 | Loss : 0.0118 | Val loss: 0.0125
2026-01-10 06:38:00.824719 | Epoch:4856 | LR: 0.0000496 | Loss : 0.0121 | Val loss: 0.0119
2026-01-10 06:38:05.165868 | Epoch:4857 | LR: 0.0000496 | Loss : 0.0119 | Val loss: 0.0123
2026-01-10 06:38:09.485617 | Epoch:4858 | LR: 0.0000496 | Loss : 0.0127 | Val loss: 0.0125
2026-01-10 06:38:13.779580 | Epoch:4859 | LR: 0.0000496 | Loss : 0.0125 | Val loss: 0.0131
2026-01-10 06:38:18.028646 | Epoch:4860 | LR: 0.0000497 | Loss : 0.0118 | Val loss: 0.0132
2026-01-10 06:38:22.521052 | Epoch:4861 | LR: 0.0000497 | Loss : 0.0124 | Val loss: 0.0106
2026-01-10 06:38:27.382892 | Epoch:4862 | LR: 0.0000497 | Loss : 0.0124 | Val loss: 0.0121
2026-01-10 06:38:32.131798 | Epoch:4863 | LR: 0.0000497 | Loss : 0.0120 | Val loss: 0.0125
2026-01-10 06:38:36.712503 | Epoch:4864 | LR: 0.0000497 | Loss : 0.0126 | Val loss: 0.0130
2026-01-10 06:38:41.034496 | Epoch:4865 | LR: 0.0000497 | Loss : 0.0118 | Val loss: 0.0115
2026-01-10 06:38:45.734222 | Epoch:4866 | LR: 0.0000497 | Loss : 0.0119 | Val loss: 0.0123
2026-01-10 06:38:50.070381 | Epoch:4867 | LR: 0.0000497 | Loss : 0.0111 | Val loss: 0.0105
2026-01-10 06:38:54.371137 | Epoch:4868 | LR: 0.0000497 | Loss : 0.0113 | Val loss: 0.0124
2026-01-10 06:38:59.067018 | Epoch:4869 | LR: 0.0000497 | Loss : 0.0115 | Val loss: 0.0121
2026-01-10 06:39:03.425815 | Epoch:4870 | LR: 0.0000497 | Loss : 0.0109 | Val loss: 0.0120
2026-01-10 06:39:07.782391 | Epoch:4871 | LR: 0.0000497 | Loss : 0.0110 | Val loss: 0.0109
2026-01-10 06:39:12.126760 | Epoch:4872 | LR: 0.0000497 | Loss : 0.0114 | Val loss: 0.0114
2026-01-10 06:39:16.502579 | Epoch:4873 | LR: 0.0000497 | Loss : 0.0124 | Val loss: 0.0137
2026-01-10 06:39:20.857211 | Epoch:4874 | LR: 0.0000497 | Loss : 0.0133 | Val loss: 0.0136
2026-01-10 06:39:25.235044 | Epoch:4875 | LR: 0.0000497 | Loss : 0.0132 | Val loss: 0.0134
2026-01-10 06:39:29.611412 | Epoch:4876 | LR: 0.0000497 | Loss : 0.0133 | Val loss: 0.0128
2026-01-10 06:39:33.991973 | Epoch:4877 | LR: 0.0000497 | Loss : 0.0123 | Val loss: 0.0130
2026-01-10 06:39:38.308964 | Epoch:4878 | LR: 0.0000497 | Loss : 0.0119 | Val loss: 0.0127
2026-01-10 06:39:42.692638 | Epoch:4879 | LR: 0.0000497 | Loss : 0.0112 | Val loss: 0.0118
2026-01-10 06:39:46.987924 | Epoch:4880 | LR: 0.0000497 | Loss : 0.0116 | Val loss: 0.0131
2026-01-10 06:39:51.234228 | Epoch:4881 | LR: 0.0000498 | Loss : 0.0113 | Val loss: 0.0114
2026-01-10 06:39:55.511105 | Epoch:4882 | LR: 0.0000498 | Loss : 0.0115 | Val loss: 0.0106
2026-01-10 06:39:59.861328 | Epoch:4883 | LR: 0.0000498 | Loss : 0.0118 | Val loss: 0.0109
2026-01-10 06:40:04.196619 | Epoch:4884 | LR: 0.0000498 | Loss : 0.0116 | Val loss: 0.0110
2026-01-10 06:40:08.561040 | Epoch:4885 | LR: 0.0000498 | Loss : 0.0111 | Val loss: 0.0114
2026-01-10 06:40:12.934991 | Epoch:4886 | LR: 0.0000498 | Loss : 0.0110 | Val loss: 0.0117
2026-01-10 06:40:17.294557 | Epoch:4887 | LR: 0.0000498 | Loss : 0.0116 | Val loss: 0.0112
2026-01-10 06:40:21.645859 | Epoch:4888 | LR: 0.0000498 | Loss : 0.0125 | Val loss: 0.0136
2026-01-10 06:40:26.021101 | Epoch:4889 | LR: 0.0000498 | Loss : 0.0136 | Val loss: 0.0133
2026-01-10 06:40:30.394089 | Epoch:4890 | LR: 0.0000498 | Loss : 0.0141 | Val loss: 0.0140
2026-01-10 06:40:34.752489 | Epoch:4891 | LR: 0.0000498 | Loss : 0.0136 | Val loss: 0.0133
2026-01-10 06:40:39.092306 | Epoch:4892 | LR: 0.0000498 | Loss : 0.0130 | Val loss: 0.0123
2026-01-10 06:40:43.455092 | Epoch:4893 | LR: 0.0000498 | Loss : 0.0125 | Val loss: 0.0126
2026-01-10 06:40:47.815145 | Epoch:4894 | LR: 0.0000498 | Loss : 0.0118 | Val loss: 0.0116
2026-01-10 06:40:52.135163 | Epoch:4895 | LR: 0.0000498 | Loss : 0.0110 | Val loss: 0.0120
2026-01-10 06:40:56.445560 | Epoch:4896 | LR: 0.0000498 | Loss : 0.0118 | Val loss: 0.0122
2026-01-10 06:41:00.878234 | Epoch:4897 | LR: 0.0000498 | Loss : 0.0114 | Val loss: 0.0123
2026-01-10 06:41:05.200508 | Epoch:4898 | LR: 0.0000498 | Loss : 0.0121 | Val loss: 0.0109
2026-01-10 06:41:09.581582 | Epoch:4899 | LR: 0.0000498 | Loss : 0.0112 | Val loss: 0.0110
2026-01-10 06:41:13.907848 | Epoch:4900 | LR: 0.0000498 | Loss : 0.0118 | Val loss: 0.0104
2026-01-10 06:41:18.573501 | Epoch:4901 | LR: 0.0000498 | Loss : 0.0117 | Val loss: 0.0119
2026-01-10 06:41:22.914292 | Epoch:4902 | LR: 0.0000498 | Loss : 0.0110 | Val loss: 0.0110
2026-01-10 06:41:27.240385 | Epoch:4903 | LR: 0.0000498 | Loss : 0.0118 | Val loss: 0.0108
2026-01-10 06:41:31.602609 | Epoch:4904 | LR: 0.0000498 | Loss : 0.0111 | Val loss: 0.0124
2026-01-10 06:41:35.934657 | Epoch:4905 | LR: 0.0000498 | Loss : 0.0108 | Val loss: 0.0107
2026-01-10 06:41:40.293037 | Epoch:4906 | LR: 0.0000499 | Loss : 0.0114 | Val loss: 0.0110
2026-01-10 06:41:44.681812 | Epoch:4907 | LR: 0.0000499 | Loss : 0.0114 | Val loss: 0.0117
2026-01-10 06:41:48.976649 | Epoch:4908 | LR: 0.0000499 | Loss : 0.0113 | Val loss: 0.0117
2026-01-10 06:41:53.276214 | Epoch:4909 | LR: 0.0000499 | Loss : 0.0114 | Val loss: 0.0107
2026-01-10 06:41:57.622595 | Epoch:4910 | LR: 0.0000499 | Loss : 0.0110 | Val loss: 0.0104
2026-01-10 06:42:01.893757 | Epoch:4911 | LR: 0.0000499 | Loss : 0.0115 | Val loss: 0.0107
2026-01-10 06:42:06.246757 | Epoch:4912 | LR: 0.0000499 | Loss : 0.0109 | Val loss: 0.0115
2026-01-10 06:42:10.533935 | Epoch:4913 | LR: 0.0000499 | Loss : 0.0114 | Val loss: 0.0108
2026-01-10 06:42:17.357384 | Epoch:4914 | LR: 0.0000499 | Loss : 0.0115 | Val loss: 0.0109
2026-01-10 06:42:21.650192 | Epoch:4915 | LR: 0.0000499 | Loss : 0.0113 | Val loss: 0.0131
2026-01-10 06:42:25.992663 | Epoch:4916 | LR: 0.0000499 | Loss : 0.0114 | Val loss: 0.0112
2026-01-10 06:42:30.335578 | Epoch:4917 | LR: 0.0000499 | Loss : 0.0126 | Val loss: 0.0130
2026-01-10 06:42:34.931173 | Epoch:4918 | LR: 0.0000499 | Loss : 0.0130 | Val loss: 0.0135
2026-01-10 06:42:39.259116 | Epoch:4919 | LR: 0.0000499 | Loss : 0.0135 | Val loss: 0.0138
2026-01-10 06:42:43.620719 | Epoch:4920 | LR: 0.0000499 | Loss : 0.0134 | Val loss: 0.0122
2026-01-10 06:42:47.909639 | Epoch:4921 | LR: 0.0000499 | Loss : 0.0140 | Val loss: 0.0130
2026-01-10 06:42:52.169392 | Epoch:4922 | LR: 0.0000499 | Loss : 0.0133 | Val loss: 0.0141
2026-01-10 06:42:56.448084 | Epoch:4923 | LR: 0.0000499 | Loss : 0.0123 | Val loss: 0.0124
2026-01-10 06:43:00.765985 | Epoch:4924 | LR: 0.0000499 | Loss : 0.0134 | Val loss: 0.0127
2026-01-10 06:43:05.122364 | Epoch:4925 | LR: 0.0000499 | Loss : 0.0125 | Val loss: 0.0123
2026-01-10 06:43:09.381766 | Epoch:4926 | LR: 0.0000499 | Loss : 0.0132 | Val loss: 0.0119
2026-01-10 06:43:13.594683 | Epoch:4927 | LR: 0.0000499 | Loss : 0.0124 | Val loss: 0.0128
2026-01-10 06:43:17.850253 | Epoch:4928 | LR: 0.0000499 | Loss : 0.0127 | Val loss: 0.0120
2026-01-10 06:43:22.216118 | Epoch:4929 | LR: 0.0000499 | Loss : 0.0131 | Val loss: 0.0121
2026-01-10 06:43:26.514838 | Epoch:4930 | LR: 0.0000499 | Loss : 0.0116 | Val loss: 0.0115
2026-01-10 06:43:30.770179 | Epoch:4931 | LR: 0.0000499 | Loss : 0.0110 | Val loss: 0.0112
2026-01-10 06:43:34.996575 | Epoch:4932 | LR: 0.0000499 | Loss : 0.0115 | Val loss: 0.0100
2026-01-10 06:43:39.221719 | Epoch:4933 | LR: 0.0000499 | Loss : 0.0107 | Val loss: 0.0110
2026-01-10 06:43:44.076211 | Epoch:4934 | LR: 0.0000499 | Loss : 0.0113 | Val loss: 0.0110
2026-01-10 06:43:48.803068 | Epoch:4935 | LR: 0.0000499 | Loss : 0.0115 | Val loss: 0.0108
2026-01-10 06:43:53.236809 | Epoch:4936 | LR: 0.0000499 | Loss : 0.0110 | Val loss: 0.0112
2026-01-10 06:43:57.652895 | Epoch:4937 | LR: 0.0000499 | Loss : 0.0111 | Val loss: 0.0100
2026-01-10 06:44:02.390081 | Epoch:4938 | LR: 0.0000499 | Loss : 0.0105 | Val loss: 0.0104
2026-01-10 06:44:06.684264 | Epoch:4939 | LR: 0.0000499 | Loss : 0.0106 | Val loss: 0.0107
2026-01-10 06:44:10.983707 | Epoch:4940 | LR: 0.0000499 | Loss : 0.0109 | Val loss: 0.0108
2026-01-10 06:44:15.266963 | Epoch:4941 | LR: 0.0000499 | Loss : 0.0110 | Val loss: 0.0116
2026-01-10 06:44:19.466616 | Epoch:4942 | LR: 0.0000499 | Loss : 0.0120 | Val loss: 0.0116
2026-01-10 06:44:23.720874 | Epoch:4943 | LR: 0.0000500 | Loss : 0.0118 | Val loss: 0.0113
2026-01-10 06:44:28.008555 | Epoch:4944 | LR: 0.0000500 | Loss : 0.0122 | Val loss: 0.0131
2026-01-10 06:44:32.274294 | Epoch:4945 | LR: 0.0000500 | Loss : 0.0124 | Val loss: 0.0128
2026-01-10 06:44:36.578258 | Epoch:4946 | LR: 0.0000500 | Loss : 0.0135 | Val loss: 0.0121
2026-01-10 06:44:40.920981 | Epoch:4947 | LR: 0.0000500 | Loss : 0.0132 | Val loss: 0.0148
2026-01-10 06:44:45.261669 | Epoch:4948 | LR: 0.0000500 | Loss : 0.0130 | Val loss: 0.0126
2026-01-10 06:44:49.575784 | Epoch:4949 | LR: 0.0000500 | Loss : 0.0125 | Val loss: 0.0126
2026-01-10 06:44:53.871239 | Epoch:4950 | LR: 0.0000500 | Loss : 0.0123 | Val loss: 0.0124
2026-01-10 06:44:58.113094 | Epoch:4951 | LR: 0.0000500 | Loss : 0.0129 | Val loss: 0.0140
2026-01-10 06:45:02.307461 | Epoch:4952 | LR: 0.0000500 | Loss : 0.0125 | Val loss: 0.0120
2026-01-10 06:45:06.551041 | Epoch:4953 | LR: 0.0000500 | Loss : 0.0123 | Val loss: 0.0117
2026-01-10 06:45:10.777256 | Epoch:4954 | LR: 0.0000500 | Loss : 0.0119 | Val loss: 0.0121
2026-01-10 06:45:14.948295 | Epoch:4955 | LR: 0.0000500 | Loss : 0.0113 | Val loss: 0.0123
2026-01-10 06:45:19.543689 | Epoch:4956 | LR: 0.0000500 | Loss : 0.0110 | Val loss: 0.0118
2026-01-10 06:45:23.767331 | Epoch:4957 | LR: 0.0000500 | Loss : 0.0113 | Val loss: 0.0117
2026-01-10 06:45:28.013980 | Epoch:4958 | LR: 0.0000500 | Loss : 0.0116 | Val loss: 0.0106
2026-01-10 06:45:32.301754 | Epoch:4959 | LR: 0.0000500 | Loss : 0.0103 | Val loss: 0.0118
2026-01-10 06:45:36.850823 | Epoch:4960 | LR: 0.0000500 | Loss : 0.0124 | Val loss: 0.0119
2026-01-10 06:45:41.168553 | Epoch:4961 | LR: 0.0000500 | Loss : 0.0108 | Val loss: 0.0114
2026-01-10 06:45:45.523251 | Epoch:4962 | LR: 0.0000500 | Loss : 0.0107 | Val loss: 0.0104
2026-01-10 06:45:49.959323 | Epoch:4963 | LR: 0.0000500 | Loss : 0.0110 | Val loss: 0.0106
2026-01-10 06:45:54.323252 | Epoch:4964 | LR: 0.0000500 | Loss : 0.0115 | Val loss: 0.0117
2026-01-10 06:45:58.644719 | Epoch:4965 | LR: 0.0000500 | Loss : 0.0112 | Val loss: 0.0108
2026-01-10 06:46:02.925591 | Epoch:4966 | LR: 0.0000500 | Loss : 0.0114 | Val loss: 0.0109
2026-01-10 06:46:07.179038 | Epoch:4967 | LR: 0.0000500 | Loss : 0.0113 | Val loss: 0.0112
2026-01-10 06:46:11.390431 | Epoch:4968 | LR: 0.0000500 | Loss : 0.0108 | Val loss: 0.0109
2026-01-10 06:46:15.723214 | Epoch:4969 | LR: 0.0000500 | Loss : 0.0114 | Val loss: 0.0124
2026-01-10 06:46:19.928254 | Epoch:4970 | LR: 0.0000500 | Loss : 0.0112 | Val loss: 0.0136
2026-01-10 06:46:24.386688 | Epoch:4971 | LR: 0.0000500 | Loss : 0.0120 | Val loss: 0.0119
2026-01-10 06:46:28.615967 | Epoch:4972 | LR: 0.0000500 | Loss : 0.0118 | Val loss: 0.0116
2026-01-10 06:46:32.890506 | Epoch:4973 | LR: 0.0000500 | Loss : 0.0123 | Val loss: 0.0128
2026-01-10 06:46:37.183945 | Epoch:4974 | LR: 0.0000500 | Loss : 0.0120 | Val loss: 0.0117
2026-01-10 06:46:41.523085 | Epoch:4975 | LR: 0.0000500 | Loss : 0.0119 | Val loss: 0.0110
2026-01-10 06:46:45.834494 | Epoch:4976 | LR: 0.0000500 | Loss : 0.0114 | Val loss: 0.0113
2026-01-10 06:46:50.149853 | Epoch:4977 | LR: 0.0000500 | Loss : 0.0111 | Val loss: 0.0122
2026-01-10 06:46:54.532632 | Epoch:4978 | LR: 0.0000500 | Loss : 0.0110 | Val loss: 0.0106
2026-01-10 06:46:58.885447 | Epoch:4979 | LR: 0.0000500 | Loss : 0.0116 | Val loss: 0.0115
2026-01-10 06:47:03.252409 | Epoch:4980 | LR: 0.0000500 | Loss : 0.0116 | Val loss: 0.0122
2026-01-10 06:47:07.546076 | Epoch:4981 | LR: 0.0000500 | Loss : 0.0113 | Val loss: 0.0117
2026-01-10 06:47:11.817312 | Epoch:4982 | LR: 0.0000500 | Loss : 0.0106 | Val loss: 0.0110
2026-01-10 06:47:16.030676 | Epoch:4983 | LR: 0.0000500 | Loss : 0.0112 | Val loss: 0.0112
2026-01-10 06:47:20.246410 | Epoch:4984 | LR: 0.0000500 | Loss : 0.0108 | Val loss: 0.0114
2026-01-10 06:47:24.457865 | Epoch:4985 | LR: 0.0000500 | Loss : 0.0116 | Val loss: 0.0119
2026-01-10 06:47:28.828029 | Epoch:4986 | LR: 0.0000500 | Loss : 0.0118 | Val loss: 0.0127
2026-01-10 06:47:33.137965 | Epoch:4987 | LR: 0.0000500 | Loss : 0.0116 | Val loss: 0.0131
2026-01-10 06:47:37.417125 | Epoch:4988 | LR: 0.0000500 | Loss : 0.0123 | Val loss: 0.0128
2026-01-10 06:47:41.700568 | Epoch:4989 | LR: 0.0000500 | Loss : 0.0122 | Val loss: 0.0128
2026-01-10 06:47:46.011417 | Epoch:4990 | LR: 0.0000500 | Loss : 0.0115 | Val loss: 0.0123
2026-01-10 06:47:50.295295 | Epoch:4991 | LR: 0.0000500 | Loss : 0.0116 | Val loss: 0.0111
2026-01-10 06:47:54.630447 | Epoch:4992 | LR: 0.0000500 | Loss : 0.0118 | Val loss: 0.0125
2026-01-10 06:47:58.952309 | Epoch:4993 | LR: 0.0000500 | Loss : 0.0125 | Val loss: 0.0121
2026-01-10 06:48:03.268899 | Epoch:4994 | LR: 0.0000500 | Loss : 0.0117 | Val loss: 0.0106
2026-01-10 06:48:07.607814 | Epoch:4995 | LR: 0.0000500 | Loss : 0.0114 | Val loss: 0.0121
2026-01-10 06:48:11.898574 | Epoch:4996 | LR: 0.0000500 | Loss : 0.0115 | Val loss: 0.0107
2026-01-10 06:48:16.187247 | Epoch:4997 | LR: 0.0000500 | Loss : 0.0109 | Val loss: 0.0119
2026-01-10 06:48:20.565481 | Epoch:4998 | LR: 0.0000500 | Loss : 0.0114 | Val loss: 0.0112
2026-01-10 06:48:24.963707 | Epoch:4999 | LR: 0.0000500 | Loss : 0.0119 | Val loss: 0.0126
2026-01-10 06:48:29.176982 | Epoch:5000 | LR: 0.0000500 | Loss : 0.0117 | Val loss: 0.0130
2026-01-10 06:48:33.516141 | Epoch:5001 | LR: 0.0000500 | Loss : 0.0118 | Val loss: 0.0114
2026-01-10 06:48:37.769315 | Epoch:5002 | LR: 0.0000500 | Loss : 0.0120 | Val loss: 0.0120
2026-01-10 06:48:42.040643 | Epoch:5003 | LR: 0.0000500 | Loss : 0.0111 | Val loss: 0.0117
2026-01-10 06:48:46.247839 | Epoch:5004 | LR: 0.0000500 | Loss : 0.0117 | Val loss: 0.0124
2026-01-10 06:48:50.427162 | Epoch:5005 | LR: 0.0000500 | Loss : 0.0115 | Val loss: 0.0119
2026-01-10 06:48:54.617886 | Epoch:5006 | LR: 0.0000500 | Loss : 0.0111 | Val loss: 0.0117
2026-01-10 06:48:59.193077 | Epoch:5007 | LR: 0.0000500 | Loss : 0.0117 | Val loss: 0.0104
2026-01-10 06:49:03.891377 | Epoch:5008 | LR: 0.0000500 | Loss : 0.0106 | Val loss: 0.0118
2026-01-10 06:49:08.350965 | Epoch:5009 | LR: 0.0000500 | Loss : 0.0111 | Val loss: 0.0113
2026-01-10 06:49:12.617377 | Epoch:5010 | LR: 0.0000500 | Loss : 0.0106 | Val loss: 0.0106
2026-01-10 06:49:17.388247 | Epoch:5011 | LR: 0.0000500 | Loss : 0.0108 | Val loss: 0.0106
2026-01-10 06:49:21.636620 | Epoch:5012 | LR: 0.0000500 | Loss : 0.0111 | Val loss: 0.0104
2026-01-10 06:49:25.951510 | Epoch:5013 | LR: 0.0000500 | Loss : 0.0103 | Val loss: 0.0116
2026-01-10 06:49:30.312518 | Epoch:5014 | LR: 0.0000500 | Loss : 0.0104 | Val loss: 0.0115
2026-01-10 06:49:34.538540 | Epoch:5015 | LR: 0.0000500 | Loss : 0.0103 | Val loss: 0.0109
2026-01-10 06:49:38.910432 | Epoch:5016 | LR: 0.0000500 | Loss : 0.0113 | Val loss: 0.0109
2026-01-10 06:49:43.213432 | Epoch:5017 | LR: 0.0000500 | Loss : 0.0103 | Val loss: 0.0114
2026-01-10 06:49:47.554680 | Epoch:5018 | LR: 0.0000500 | Loss : 0.0113 | Val loss: 0.0114
2026-01-10 06:49:51.941624 | Epoch:5019 | LR: 0.0000500 | Loss : 0.0123 | Val loss: 0.0119
2026-01-10 06:49:56.283507 | Epoch:5020 | LR: 0.0000500 | Loss : 0.0122 | Val loss: 0.0119
2026-01-10 06:50:00.765578 | Epoch:5021 | LR: 0.0000500 | Loss : 0.0132 | Val loss: 0.0131
2026-01-10 06:50:05.167730 | Epoch:5022 | LR: 0.0000500 | Loss : 0.0124 | Val loss: 0.0124
2026-01-10 06:50:09.617506 | Epoch:5023 | LR: 0.0000500 | Loss : 0.0121 | Val loss: 0.0130
2026-01-10 06:50:14.053408 | Epoch:5024 | LR: 0.0000500 | Loss : 0.0126 | Val loss: 0.0121
2026-01-10 06:50:18.693117 | Epoch:5025 | LR: 0.0000500 | Loss : 0.0124 | Val loss: 0.0127
2026-01-10 06:50:23.041081 | Epoch:5026 | LR: 0.0000500 | Loss : 0.0125 | Val loss: 0.0128
2026-01-10 06:50:27.323582 | Epoch:5027 | LR: 0.0000500 | Loss : 0.0118 | Val loss: 0.0119
2026-01-10 06:50:31.573761 | Epoch:5028 | LR: 0.0000500 | Loss : 0.0119 | Val loss: 0.0116
2026-01-10 06:50:35.831855 | Epoch:5029 | LR: 0.0000500 | Loss : 0.0115 | Val loss: 0.0116
2026-01-10 06:50:40.145367 | Epoch:5030 | LR: 0.0000500 | Loss : 0.0120 | Val loss: 0.0123
2026-01-10 06:50:44.483704 | Epoch:5031 | LR: 0.0000500 | Loss : 0.0116 | Val loss: 0.0114
2026-01-10 06:50:48.774359 | Epoch:5032 | LR: 0.0000500 | Loss : 0.0116 | Val loss: 0.0112
2026-01-10 06:50:53.104696 | Epoch:5033 | LR: 0.0000500 | Loss : 0.0111 | Val loss: 0.0115
2026-01-10 06:50:57.431791 | Epoch:5034 | LR: 0.0000500 | Loss : 0.0113 | Val loss: 0.0115
2026-01-10 06:51:01.810374 | Epoch:5035 | LR: 0.0000500 | Loss : 0.0111 | Val loss: 0.0116
2026-01-10 06:51:06.162944 | Epoch:5036 | LR: 0.0000500 | Loss : 0.0110 | Val loss: 0.0117
2026-01-10 06:51:10.527295 | Epoch:5037 | LR: 0.0000500 | Loss : 0.0114 | Val loss: 0.0106
2026-01-10 06:51:14.901531 | Epoch:5038 | LR: 0.0000500 | Loss : 0.0112 | Val loss: 0.0110
2026-01-10 06:51:19.259880 | Epoch:5039 | LR: 0.0000500 | Loss : 0.0109 | Val loss: 0.0112
2026-01-10 06:51:23.630007 | Epoch:5040 | LR: 0.0000500 | Loss : 0.0106 | Val loss: 0.0106
2026-01-10 06:51:27.941831 | Epoch:5041 | LR: 0.0000500 | Loss : 0.0116 | Val loss: 0.0108
2026-01-10 06:51:32.220875 | Epoch:5042 | LR: 0.0000500 | Loss : 0.0109 | Val loss: 0.0114
2026-01-10 06:51:38.892713 | Epoch:5043 | LR: 0.0000499 | Loss : 0.0107 | Val loss: 0.0103
2026-01-10 06:51:43.379498 | Epoch:5044 | LR: 0.0000499 | Loss : 0.0108 | Val loss: 0.0106
2026-01-10 06:51:47.953689 | Epoch:5045 | LR: 0.0000499 | Loss : 0.0105 | Val loss: 0.0110
2026-01-10 06:51:52.636067 | Epoch:5046 | LR: 0.0000499 | Loss : 0.0104 | Val loss: 0.0117
2026-01-10 06:51:57.209511 | Epoch:5047 | LR: 0.0000499 | Loss : 0.0103 | Val loss: 0.0102
2026-01-10 06:52:01.683434 | Epoch:5048 | LR: 0.0000499 | Loss : 0.0103 | Val loss: 0.0125
2026-01-10 06:52:06.165221 | Epoch:5049 | LR: 0.0000499 | Loss : 0.0114 | Val loss: 0.0112
2026-01-10 06:52:10.708897 | Epoch:5050 | LR: 0.0000499 | Loss : 0.0111 | Val loss: 0.0112
2026-01-10 06:52:15.158827 | Epoch:5051 | LR: 0.0000499 | Loss : 0.0113 | Val loss: 0.0112
2026-01-10 06:52:19.507500 | Epoch:5052 | LR: 0.0000499 | Loss : 0.0104 | Val loss: 0.0110
2026-01-10 06:52:23.912024 | Epoch:5053 | LR: 0.0000499 | Loss : 0.0107 | Val loss: 0.0111
2026-01-10 06:52:28.614684 | Epoch:5054 | LR: 0.0000499 | Loss : 0.0106 | Val loss: 0.0106
2026-01-10 06:52:32.899422 | Epoch:5055 | LR: 0.0000499 | Loss : 0.0108 | Val loss: 0.0120
2026-01-10 06:52:37.294148 | Epoch:5056 | LR: 0.0000499 | Loss : 0.0117 | Val loss: 0.0117
2026-01-10 06:52:41.654893 | Epoch:5057 | LR: 0.0000499 | Loss : 0.0117 | Val loss: 0.0119
2026-01-10 06:52:46.033986 | Epoch:5058 | LR: 0.0000499 | Loss : 0.0116 | Val loss: 0.0117
2026-01-10 06:52:50.436506 | Epoch:5059 | LR: 0.0000499 | Loss : 0.0114 | Val loss: 0.0127
2026-01-10 06:52:54.801896 | Epoch:5060 | LR: 0.0000499 | Loss : 0.0123 | Val loss: 0.0135
2026-01-10 06:52:59.127325 | Epoch:5061 | LR: 0.0000499 | Loss : 0.0137 | Val loss: 0.0130
2026-01-10 06:53:03.414319 | Epoch:5062 | LR: 0.0000499 | Loss : 0.0126 | Val loss: 0.0126
2026-01-10 06:53:07.709553 | Epoch:5063 | LR: 0.0000499 | Loss : 0.0115 | Val loss: 0.0116
2026-01-10 06:53:12.058253 | Epoch:5064 | LR: 0.0000499 | Loss : 0.0114 | Val loss: 0.0121
2026-01-10 06:53:16.447896 | Epoch:5065 | LR: 0.0000499 | Loss : 0.0119 | Val loss: 0.0110
2026-01-10 06:53:20.901670 | Epoch:5066 | LR: 0.0000499 | Loss : 0.0111 | Val loss: 0.0116
2026-01-10 06:53:25.617412 | Epoch:5067 | LR: 0.0000499 | Loss : 0.0107 | Val loss: 0.0101
2026-01-10 06:53:29.972195 | Epoch:5068 | LR: 0.0000499 | Loss : 0.0108 | Val loss: 0.0099
2026-01-10 06:53:34.275148 | Epoch:5069 | LR: 0.0000499 | Loss : 0.0106 | Val loss: 0.0120
2026-01-10 06:53:38.594658 | Epoch:5070 | LR: 0.0000499 | Loss : 0.0115 | Val loss: 0.0102
2026-01-10 06:53:42.993343 | Epoch:5071 | LR: 0.0000499 | Loss : 0.0112 | Val loss: 0.0115
2026-01-10 06:53:47.306826 | Epoch:5072 | LR: 0.0000499 | Loss : 0.0113 | Val loss: 0.0104
2026-01-10 06:53:51.662811 | Epoch:5073 | LR: 0.0000499 | Loss : 0.0114 | Val loss: 0.0115
2026-01-10 06:53:56.046563 | Epoch:5074 | LR: 0.0000499 | Loss : 0.0106 | Val loss: 0.0116
2026-01-10 06:54:00.326190 | Epoch:5075 | LR: 0.0000499 | Loss : 0.0114 | Val loss: 0.0109
2026-01-10 06:54:04.533696 | Epoch:5076 | LR: 0.0000499 | Loss : 0.0114 | Val loss: 0.0108
2026-01-10 06:54:08.772810 | Epoch:5077 | LR: 0.0000499 | Loss : 0.0109 | Val loss: 0.0114
2026-01-10 06:54:13.170065 | Epoch:5078 | LR: 0.0000499 | Loss : 0.0108 | Val loss: 0.0102
2026-01-10 06:54:18.141085 | Epoch:5079 | LR: 0.0000499 | Loss : 0.0111 | Val loss: 0.0111
2026-01-10 06:54:22.773789 | Epoch:5080 | LR: 0.0000498 | Loss : 0.0108 | Val loss: 0.0109
2026-01-10 06:54:27.113611 | Epoch:5081 | LR: 0.0000498 | Loss : 0.0115 | Val loss: 0.0106
2026-01-10 06:54:31.727063 | Epoch:5082 | LR: 0.0000498 | Loss : 0.0110 | Val loss: 0.0109
2026-01-10 06:54:36.021509 | Epoch:5083 | LR: 0.0000498 | Loss : 0.0115 | Val loss: 0.0121
2026-01-10 06:54:40.298452 | Epoch:5084 | LR: 0.0000498 | Loss : 0.0118 | Val loss: 0.0107
2026-01-10 06:54:44.591850 | Epoch:5085 | LR: 0.0000498 | Loss : 0.0111 | Val loss: 0.0110
2026-01-10 06:54:48.937960 | Epoch:5086 | LR: 0.0000498 | Loss : 0.0108 | Val loss: 0.0111
2026-01-10 06:54:53.263423 | Epoch:5087 | LR: 0.0000498 | Loss : 0.0106 | Val loss: 0.0117
2026-01-10 06:54:57.634585 | Epoch:5088 | LR: 0.0000498 | Loss : 0.0105 | Val loss: 0.0116
2026-01-10 06:55:01.988671 | Epoch:5089 | LR: 0.0000498 | Loss : 0.0103 | Val loss: 0.0109
2026-01-10 06:55:06.281545 | Epoch:5090 | LR: 0.0000498 | Loss : 0.0112 | Val loss: 0.0107
2026-01-10 06:55:10.569925 | Epoch:5091 | LR: 0.0000498 | Loss : 0.0117 | Val loss: 0.0110
2026-01-10 06:55:14.842854 | Epoch:5092 | LR: 0.0000498 | Loss : 0.0106 | Val loss: 0.0106
2026-01-10 06:55:19.498351 | Epoch:5093 | LR: 0.0000498 | Loss : 0.0100 | Val loss: 0.0110
2026-01-10 06:55:23.847490 | Epoch:5094 | LR: 0.0000498 | Loss : 0.0112 | Val loss: 0.0114
2026-01-10 06:55:28.248526 | Epoch:5095 | LR: 0.0000498 | Loss : 0.0103 | Val loss: 0.0116
2026-01-10 06:55:32.762578 | Epoch:5096 | LR: 0.0000498 | Loss : 0.0107 | Val loss: 0.0116
2026-01-10 06:55:37.097637 | Epoch:5097 | LR: 0.0000498 | Loss : 0.0114 | Val loss: 0.0119
2026-01-10 06:55:41.452877 | Epoch:5098 | LR: 0.0000498 | Loss : 0.0111 | Val loss: 0.0104
2026-01-10 06:55:45.747649 | Epoch:5099 | LR: 0.0000498 | Loss : 0.0117 | Val loss: 0.0122
2026-01-10 06:55:50.064696 | Epoch:5100 | LR: 0.0000498 | Loss : 0.0119 | Val loss: 0.0109
2026-01-10 06:55:54.567389 | Epoch:5101 | LR: 0.0000498 | Loss : 0.0123 | Val loss: 0.0117
2026-01-10 06:55:58.888657 | Epoch:5102 | LR: 0.0000498 | Loss : 0.0113 | Val loss: 0.0131
2026-01-10 06:56:03.203695 | Epoch:5103 | LR: 0.0000498 | Loss : 0.0116 | Val loss: 0.0118
2026-01-10 06:56:07.510290 | Epoch:5104 | LR: 0.0000498 | Loss : 0.0116 | Val loss: 0.0110
2026-01-10 06:56:11.847972 | Epoch:5105 | LR: 0.0000497 | Loss : 0.0117 | Val loss: 0.0107
2026-01-10 06:56:16.143989 | Epoch:5106 | LR: 0.0000497 | Loss : 0.0110 | Val loss: 0.0109
2026-01-10 06:56:20.434425 | Epoch:5107 | LR: 0.0000497 | Loss : 0.0105 | Val loss: 0.0107
2026-01-10 06:56:24.710689 | Epoch:5108 | LR: 0.0000497 | Loss : 0.0114 | Val loss: 0.0113
2026-01-10 06:56:29.041325 | Epoch:5109 | LR: 0.0000497 | Loss : 0.0118 | Val loss: 0.0121
2026-01-10 06:56:33.369827 | Epoch:5110 | LR: 0.0000497 | Loss : 0.0112 | Val loss: 0.0116
2026-01-10 06:56:37.820883 | Epoch:5111 | LR: 0.0000497 | Loss : 0.0113 | Val loss: 0.0107
2026-01-10 06:56:42.180278 | Epoch:5112 | LR: 0.0000497 | Loss : 0.0112 | Val loss: 0.0106
2026-01-10 06:56:46.448079 | Epoch:5113 | LR: 0.0000497 | Loss : 0.0107 | Val loss: 0.0101
2026-01-10 06:56:50.754347 | Epoch:5114 | LR: 0.0000497 | Loss : 0.0106 | Val loss: 0.0114
2026-01-10 06:56:55.063618 | Epoch:5115 | LR: 0.0000497 | Loss : 0.0110 | Val loss: 0.0108
2026-01-10 06:56:59.547597 | Epoch:5116 | LR: 0.0000497 | Loss : 0.0108 | Val loss: 0.0101
2026-01-10 06:57:03.987098 | Epoch:5117 | LR: 0.0000497 | Loss : 0.0104 | Val loss: 0.0105
2026-01-10 06:57:08.325148 | Epoch:5118 | LR: 0.0000497 | Loss : 0.0107 | Val loss: 0.0103
2026-01-10 06:57:12.722723 | Epoch:5119 | LR: 0.0000497 | Loss : 0.0105 | Val loss: 0.0111
2026-01-10 06:57:17.115038 | Epoch:5120 | LR: 0.0000497 | Loss : 0.0112 | Val loss: 0.0118
2026-01-10 06:57:21.451904 | Epoch:5121 | LR: 0.0000497 | Loss : 0.0110 | Val loss: 0.0102
2026-01-10 06:57:25.761131 | Epoch:5122 | LR: 0.0000497 | Loss : 0.0107 | Val loss: 0.0100
2026-01-10 06:57:30.075043 | Epoch:5123 | LR: 0.0000497 | Loss : 0.0108 | Val loss: 0.0115
2026-01-10 06:57:34.425354 | Epoch:5124 | LR: 0.0000497 | Loss : 0.0107 | Val loss: 0.0113
2026-01-10 06:57:38.824791 | Epoch:5125 | LR: 0.0000497 | Loss : 0.0107 | Val loss: 0.0106
2026-01-10 06:57:43.294633 | Epoch:5126 | LR: 0.0000496 | Loss : 0.0106 | Val loss: 0.0114
2026-01-10 06:57:47.676528 | Epoch:5127 | LR: 0.0000496 | Loss : 0.0108 | Val loss: 0.0107
2026-01-10 06:57:52.026435 | Epoch:5128 | LR: 0.0000496 | Loss : 0.0110 | Val loss: 0.0104
2026-01-10 06:57:56.332607 | Epoch:5129 | LR: 0.0000496 | Loss : 0.0113 | Val loss: 0.0114
2026-01-10 06:58:00.690177 | Epoch:5130 | LR: 0.0000496 | Loss : 0.0116 | Val loss: 0.0123
2026-01-10 06:58:05.057057 | Epoch:5131 | LR: 0.0000496 | Loss : 0.0110 | Val loss: 0.0119
2026-01-10 06:58:09.545912 | Epoch:5132 | LR: 0.0000496 | Loss : 0.0108 | Val loss: 0.0109
2026-01-10 06:58:14.052726 | Epoch:5133 | LR: 0.0000496 | Loss : 0.0109 | Val loss: 0.0102
2026-01-10 06:58:18.447245 | Epoch:5134 | LR: 0.0000496 | Loss : 0.0100 | Val loss: 0.0099
2026-01-10 06:58:22.798951 | Epoch:5135 | LR: 0.0000496 | Loss : 0.0112 | Val loss: 0.0121
2026-01-10 06:58:27.112590 | Epoch:5136 | LR: 0.0000496 | Loss : 0.0113 | Val loss: 0.0110
2026-01-10 06:58:31.404403 | Epoch:5137 | LR: 0.0000496 | Loss : 0.0113 | Val loss: 0.0113
2026-01-10 06:58:35.722984 | Epoch:5138 | LR: 0.0000496 | Loss : 0.0111 | Val loss: 0.0098
2026-01-10 06:58:40.102478 | Epoch:5139 | LR: 0.0000496 | Loss : 0.0112 | Val loss: 0.0114
2026-01-10 06:58:44.478250 | Epoch:5140 | LR: 0.0000496 | Loss : 0.0108 | Val loss: 0.0111
2026-01-10 06:58:48.916475 | Epoch:5141 | LR: 0.0000496 | Loss : 0.0118 | Val loss: 0.0110
2026-01-10 06:58:53.348946 | Epoch:5142 | LR: 0.0000496 | Loss : 0.0113 | Val loss: 0.0110
2026-01-10 06:58:57.616364 | Epoch:5143 | LR: 0.0000496 | Loss : 0.0110 | Val loss: 0.0109
2026-01-10 06:59:01.917559 | Epoch:5144 | LR: 0.0000495 | Loss : 0.0113 | Val loss: 0.0117
2026-01-10 06:59:06.238096 | Epoch:5145 | LR: 0.0000495 | Loss : 0.0112 | Val loss: 0.0099
2026-01-10 06:59:10.912771 | Epoch:5146 | LR: 0.0000495 | Loss : 0.0105 | Val loss: 0.0109
2026-01-10 06:59:15.248855 | Epoch:5147 | LR: 0.0000495 | Loss : 0.0113 | Val loss: 0.0116
2026-01-10 06:59:19.488329 | Epoch:5148 | LR: 0.0000495 | Loss : 0.0116 | Val loss: 0.0117
2026-01-10 06:59:23.786082 | Epoch:5149 | LR: 0.0000495 | Loss : 0.0123 | Val loss: 0.0120
2026-01-10 06:59:28.009655 | Epoch:5150 | LR: 0.0000495 | Loss : 0.0122 | Val loss: 0.0123
2026-01-10 06:59:33.157601 | Epoch:5151 | LR: 0.0000495 | Loss : 0.0119 | Val loss: 0.0116
2026-01-10 06:59:37.698770 | Epoch:5152 | LR: 0.0000495 | Loss : 0.0127 | Val loss: 0.0122
2026-01-10 06:59:42.108839 | Epoch:5153 | LR: 0.0000495 | Loss : 0.0104 | Val loss: 0.0104
2026-01-10 06:59:46.912087 | Epoch:5154 | LR: 0.0000495 | Loss : 0.0105 | Val loss: 0.0095
2026-01-10 06:59:51.456680 | Epoch:5155 | LR: 0.0000495 | Loss : 0.0106 | Val loss: 0.0102
2026-01-10 06:59:55.922352 | Epoch:5156 | LR: 0.0000495 | Loss : 0.0109 | Val loss: 0.0108
2026-01-10 07:00:00.268821 | Epoch:5157 | LR: 0.0000495 | Loss : 0.0104 | Val loss: 0.0119
2026-01-10 07:00:04.482075 | Epoch:5158 | LR: 0.0000495 | Loss : 0.0106 | Val loss: 0.0110
2026-01-10 07:00:08.744955 | Epoch:5159 | LR: 0.0000495 | Loss : 0.0110 | Val loss: 0.0105
2026-01-10 07:00:13.047263 | Epoch:5160 | LR: 0.0000494 | Loss : 0.0104 | Val loss: 0.0091
2026-01-10 07:00:19.042620 | Epoch:5161 | LR: 0.0000494 | Loss : 0.0107 | Val loss: 0.0110
2026-01-10 07:00:23.385140 | Epoch:5162 | LR: 0.0000494 | Loss : 0.0105 | Val loss: 0.0115
2026-01-10 07:00:27.756907 | Epoch:5163 | LR: 0.0000494 | Loss : 0.0106 | Val loss: 0.0085
2026-01-10 07:00:32.122420 | Epoch:5164 | LR: 0.0000494 | Loss : 0.0101 | Val loss: 0.0094
2026-01-10 07:00:36.475892 | Epoch:5165 | LR: 0.0000494 | Loss : 0.0103 | Val loss: 0.0093
2026-01-10 07:00:40.796170 | Epoch:5166 | LR: 0.0000494 | Loss : 0.0106 | Val loss: 0.0100
2026-01-10 07:00:45.121087 | Epoch:5167 | LR: 0.0000494 | Loss : 0.0108 | Val loss: 0.0112
2026-01-10 07:00:49.490560 | Epoch:5168 | LR: 0.0000494 | Loss : 0.0108 | Val loss: 0.0109
2026-01-10 07:00:53.850556 | Epoch:5169 | LR: 0.0000494 | Loss : 0.0109 | Val loss: 0.0115
2026-01-10 07:00:58.234377 | Epoch:5170 | LR: 0.0000494 | Loss : 0.0106 | Val loss: 0.0107
2026-01-10 07:01:02.545564 | Epoch:5171 | LR: 0.0000494 | Loss : 0.0112 | Val loss: 0.0108
2026-01-10 07:01:06.839407 | Epoch:5172 | LR: 0.0000494 | Loss : 0.0108 | Val loss: 0.0107
2026-01-10 07:01:11.081348 | Epoch:5173 | LR: 0.0000494 | Loss : 0.0114 | Val loss: 0.0098
2026-01-10 07:01:15.692339 | Epoch:5174 | LR: 0.0000493 | Loss : 0.0110 | Val loss: 0.0113
2026-01-10 07:01:20.024983 | Epoch:5175 | LR: 0.0000493 | Loss : 0.0115 | Val loss: 0.0116
2026-01-10 07:01:24.359585 | Epoch:5176 | LR: 0.0000493 | Loss : 0.0116 | Val loss: 0.0121
2026-01-10 07:01:28.701703 | Epoch:5177 | LR: 0.0000493 | Loss : 0.0112 | Val loss: 0.0111
2026-01-10 07:01:33.037082 | Epoch:5178 | LR: 0.0000493 | Loss : 0.0111 | Val loss: 0.0114
2026-01-10 07:01:37.404297 | Epoch:5179 | LR: 0.0000493 | Loss : 0.0107 | Val loss: 0.0113
2026-01-10 07:01:41.709635 | Epoch:5180 | LR: 0.0000493 | Loss : 0.0108 | Val loss: 0.0106
2026-01-10 07:01:45.984050 | Epoch:5181 | LR: 0.0000493 | Loss : 0.0109 | Val loss: 0.0114
2026-01-10 07:01:50.295552 | Epoch:5182 | LR: 0.0000493 | Loss : 0.0116 | Val loss: 0.0125
2026-01-10 07:01:54.617013 | Epoch:5183 | LR: 0.0000493 | Loss : 0.0113 | Val loss: 0.0122
2026-01-10 07:01:58.906963 | Epoch:5184 | LR: 0.0000493 | Loss : 0.0125 | Val loss: 0.0119
2026-01-10 07:02:03.228237 | Epoch:5185 | LR: 0.0000493 | Loss : 0.0124 | Val loss: 0.0113
2026-01-10 07:02:07.874380 | Epoch:5186 | LR: 0.0000493 | Loss : 0.0119 | Val loss: 0.0108
2026-01-10 07:02:12.136843 | Epoch:5187 | LR: 0.0000493 | Loss : 0.0110 | Val loss: 0.0116
2026-01-10 07:02:16.356799 | Epoch:5188 | LR: 0.0000492 | Loss : 0.0112 | Val loss: 0.0109
2026-01-10 07:02:20.641769 | Epoch:5189 | LR: 0.0000492 | Loss : 0.0108 | Val loss: 0.0111
2026-01-10 07:02:24.971488 | Epoch:5190 | LR: 0.0000492 | Loss : 0.0107 | Val loss: 0.0109
2026-01-10 07:02:29.355001 | Epoch:5191 | LR: 0.0000492 | Loss : 0.0104 | Val loss: 0.0110
2026-01-10 07:02:33.657570 | Epoch:5192 | LR: 0.0000492 | Loss : 0.0106 | Val loss: 0.0105
2026-01-10 07:02:37.991170 | Epoch:5193 | LR: 0.0000492 | Loss : 0.0101 | Val loss: 0.0103
2026-01-10 07:02:42.323697 | Epoch:5194 | LR: 0.0000492 | Loss : 0.0100 | Val loss: 0.0103
2026-01-10 07:02:46.647117 | Epoch:5195 | LR: 0.0000492 | Loss : 0.0105 | Val loss: 0.0103
2026-01-10 07:02:50.970125 | Epoch:5196 | LR: 0.0000492 | Loss : 0.0101 | Val loss: 0.0099
2026-01-10 07:02:55.288103 | Epoch:5197 | LR: 0.0000492 | Loss : 0.0098 | Val loss: 0.0107
2026-01-10 07:02:59.605857 | Epoch:5198 | LR: 0.0000492 | Loss : 0.0097 | Val loss: 0.0095
2026-01-10 07:03:04.043666 | Epoch:5199 | LR: 0.0000492 | Loss : 0.0104 | Val loss: 0.0100
2026-01-10 07:03:08.336454 | Epoch:5200 | LR: 0.0000491 | Loss : 0.0102 | Val loss: 0.0115
2026-01-10 07:03:12.746750 | Epoch:5201 | LR: 0.0000491 | Loss : 0.0095 | Val loss: 0.0103
2026-01-10 07:03:16.998175 | Epoch:5202 | LR: 0.0000491 | Loss : 0.0110 | Val loss: 0.0100
2026-01-10 07:03:21.251212 | Epoch:5203 | LR: 0.0000491 | Loss : 0.0101 | Val loss: 0.0099
2026-01-10 07:03:25.575794 | Epoch:5204 | LR: 0.0000491 | Loss : 0.0103 | Val loss: 0.0112
2026-01-10 07:03:29.839637 | Epoch:5205 | LR: 0.0000491 | Loss : 0.0113 | Val loss: 0.0105
2026-01-10 07:03:34.142444 | Epoch:5206 | LR: 0.0000491 | Loss : 0.0112 | Val loss: 0.0107
2026-01-10 07:03:38.438223 | Epoch:5207 | LR: 0.0000491 | Loss : 0.0110 | Val loss: 0.0104
2026-01-10 07:03:42.805320 | Epoch:5208 | LR: 0.0000491 | Loss : 0.0112 | Val loss: 0.0113
2026-01-10 07:03:47.153116 | Epoch:5209 | LR: 0.0000491 | Loss : 0.0114 | Val loss: 0.0114
2026-01-10 07:03:51.442377 | Epoch:5210 | LR: 0.0000491 | Loss : 0.0110 | Val loss: 0.0104
2026-01-10 07:03:55.744822 | Epoch:5211 | LR: 0.0000491 | Loss : 0.0111 | Val loss: 0.0106
2026-01-10 07:04:00.059227 | Epoch:5212 | LR: 0.0000490 | Loss : 0.0109 | Val loss: 0.0113
2026-01-10 07:04:04.338339 | Epoch:5213 | LR: 0.0000490 | Loss : 0.0115 | Val loss: 0.0116
2026-01-10 07:04:08.691138 | Epoch:5214 | LR: 0.0000490 | Loss : 0.0115 | Val loss: 0.0120
2026-01-10 07:04:13.025783 | Epoch:5215 | LR: 0.0000490 | Loss : 0.0120 | Val loss: 0.0113
2026-01-10 07:04:17.364878 | Epoch:5216 | LR: 0.0000490 | Loss : 0.0113 | Val loss: 0.0112
2026-01-10 07:04:21.650074 | Epoch:5217 | LR: 0.0000490 | Loss : 0.0111 | Val loss: 0.0114
2026-01-10 07:04:25.916412 | Epoch:5218 | LR: 0.0000490 | Loss : 0.0116 | Val loss: 0.0112
2026-01-10 07:04:30.179156 | Epoch:5219 | LR: 0.0000490 | Loss : 0.0117 | Val loss: 0.0115
2026-01-10 07:04:34.370916 | Epoch:5220 | LR: 0.0000490 | Loss : 0.0113 | Val loss: 0.0113
2026-01-10 07:04:38.531656 | Epoch:5221 | LR: 0.0000490 | Loss : 0.0112 | Val loss: 0.0114
2026-01-10 07:04:42.706129 | Epoch:5222 | LR: 0.0000490 | Loss : 0.0109 | Val loss: 0.0119
2026-01-10 07:04:47.536465 | Epoch:5223 | LR: 0.0000490 | Loss : 0.0116 | Val loss: 0.0112
2026-01-10 07:04:52.148338 | Epoch:5224 | LR: 0.0000489 | Loss : 0.0105 | Val loss: 0.0101
2026-01-10 07:04:56.566202 | Epoch:5225 | LR: 0.0000489 | Loss : 0.0100 | Val loss: 0.0102
2026-01-10 07:05:00.980132 | Epoch:5226 | LR: 0.0000489 | Loss : 0.0108 | Val loss: 0.0115
2026-01-10 07:05:05.818275 | Epoch:5227 | LR: 0.0000489 | Loss : 0.0103 | Val loss: 0.0106
2026-01-10 07:05:10.171444 | Epoch:5228 | LR: 0.0000489 | Loss : 0.0100 | Val loss: 0.0103
2026-01-10 07:05:14.466083 | Epoch:5229 | LR: 0.0000489 | Loss : 0.0103 | Val loss: 0.0114
2026-01-10 07:05:18.763514 | Epoch:5230 | LR: 0.0000489 | Loss : 0.0104 | Val loss: 0.0098
2026-01-10 07:05:23.062456 | Epoch:5231 | LR: 0.0000489 | Loss : 0.0104 | Val loss: 0.0102
2026-01-10 07:05:27.379085 | Epoch:5232 | LR: 0.0000489 | Loss : 0.0101 | Val loss: 0.0111
2026-01-10 07:05:31.599263 | Epoch:5233 | LR: 0.0000489 | Loss : 0.0100 | Val loss: 0.0109
2026-01-10 07:05:35.818933 | Epoch:5234 | LR: 0.0000488 | Loss : 0.0102 | Val loss: 0.0103
2026-01-10 07:05:40.169662 | Epoch:5235 | LR: 0.0000488 | Loss : 0.0103 | Val loss: 0.0109
2026-01-10 07:05:44.399507 | Epoch:5236 | LR: 0.0000488 | Loss : 0.0104 | Val loss: 0.0106
2026-01-10 07:05:48.679117 | Epoch:5237 | LR: 0.0000488 | Loss : 0.0103 | Val loss: 0.0101
2026-01-10 07:05:52.990655 | Epoch:5238 | LR: 0.0000488 | Loss : 0.0102 | Val loss: 0.0104
2026-01-10 07:05:57.525678 | Epoch:5239 | LR: 0.0000488 | Loss : 0.0105 | Val loss: 0.0104
2026-01-10 07:06:01.851714 | Epoch:5240 | LR: 0.0000488 | Loss : 0.0102 | Val loss: 0.0106
2026-01-10 07:06:06.159283 | Epoch:5241 | LR: 0.0000488 | Loss : 0.0108 | Val loss: 0.0104
2026-01-10 07:06:10.512845 | Epoch:5242 | LR: 0.0000488 | Loss : 0.0110 | Val loss: 0.0108
2026-01-10 07:06:14.792452 | Epoch:5243 | LR: 0.0000488 | Loss : 0.0115 | Val loss: 0.0114
2026-01-10 07:06:19.133117 | Epoch:5244 | LR: 0.0000488 | Loss : 0.0113 | Val loss: 0.0113
2026-01-10 07:06:23.476419 | Epoch:5245 | LR: 0.0000487 | Loss : 0.0107 | Val loss: 0.0114
2026-01-10 07:06:27.741803 | Epoch:5246 | LR: 0.0000487 | Loss : 0.0108 | Val loss: 0.0112
2026-01-10 07:06:32.046404 | Epoch:5247 | LR: 0.0000487 | Loss : 0.0111 | Val loss: 0.0106
2026-01-10 07:06:36.560428 | Epoch:5248 | LR: 0.0000487 | Loss : 0.0113 | Val loss: 0.0109
2026-01-10 07:06:40.756594 | Epoch:5249 | LR: 0.0000487 | Loss : 0.0109 | Val loss: 0.0108
2026-01-10 07:06:44.993252 | Epoch:5250 | LR: 0.0000487 | Loss : 0.0110 | Val loss: 0.0121
2026-01-10 07:06:49.264809 | Epoch:5251 | LR: 0.0000487 | Loss : 0.0122 | Val loss: 0.0121
2026-01-10 07:06:53.531977 | Epoch:5252 | LR: 0.0000487 | Loss : 0.0113 | Val loss: 0.0110
2026-01-10 07:06:57.830796 | Epoch:5253 | LR: 0.0000487 | Loss : 0.0116 | Val loss: 0.0106
2026-01-10 07:07:02.152222 | Epoch:5254 | LR: 0.0000487 | Loss : 0.0107 | Val loss: 0.0098
2026-01-10 07:07:06.462201 | Epoch:5255 | LR: 0.0000486 | Loss : 0.0105 | Val loss: 0.0107
2026-01-10 07:07:10.777031 | Epoch:5256 | LR: 0.0000486 | Loss : 0.0111 | Val loss: 0.0110
2026-01-10 07:07:15.111954 | Epoch:5257 | LR: 0.0000486 | Loss : 0.0102 | Val loss: 0.0110
2026-01-10 07:07:19.558352 | Epoch:5258 | LR: 0.0000486 | Loss : 0.0103 | Val loss: 0.0101
2026-01-10 07:07:23.899800 | Epoch:5259 | LR: 0.0000486 | Loss : 0.0103 | Val loss: 0.0112
2026-01-10 07:07:28.198793 | Epoch:5260 | LR: 0.0000486 | Loss : 0.0102 | Val loss: 0.0107
2026-01-10 07:07:32.532900 | Epoch:5261 | LR: 0.0000486 | Loss : 0.0100 | Val loss: 0.0110
2026-01-10 07:07:36.837029 | Epoch:5262 | LR: 0.0000486 | Loss : 0.0096 | Val loss: 0.0105
2026-01-10 07:07:41.142223 | Epoch:5263 | LR: 0.0000486 | Loss : 0.0105 | Val loss: 0.0101
2026-01-10 07:07:45.383066 | Epoch:5264 | LR: 0.0000485 | Loss : 0.0105 | Val loss: 0.0106
2026-01-10 07:07:49.610153 | Epoch:5265 | LR: 0.0000485 | Loss : 0.0103 | Val loss: 0.0098
2026-01-10 07:07:53.866786 | Epoch:5266 | LR: 0.0000485 | Loss : 0.0107 | Val loss: 0.0111
2026-01-10 07:07:58.155985 | Epoch:5267 | LR: 0.0000485 | Loss : 0.0102 | Val loss: 0.0096
2026-01-10 07:08:02.471406 | Epoch:5268 | LR: 0.0000485 | Loss : 0.0101 | Val loss: 0.0103
2026-01-10 07:08:06.782041 | Epoch:5269 | LR: 0.0000485 | Loss : 0.0101 | Val loss: 0.0099
2026-01-10 07:08:11.138633 | Epoch:5270 | LR: 0.0000485 | Loss : 0.0109 | Val loss: 0.0117
2026-01-10 07:08:15.520371 | Epoch:5271 | LR: 0.0000485 | Loss : 0.0109 | Val loss: 0.0104
2026-01-10 07:08:19.856311 | Epoch:5272 | LR: 0.0000485 | Loss : 0.0112 | Val loss: 0.0117
2026-01-10 07:08:24.225519 | Epoch:5273 | LR: 0.0000485 | Loss : 0.0108 | Val loss: 0.0094
2026-01-10 07:08:28.553145 | Epoch:5274 | LR: 0.0000484 | Loss : 0.0111 | Val loss: 0.0107
2026-01-10 07:08:32.848008 | Epoch:5275 | LR: 0.0000484 | Loss : 0.0109 | Val loss: 0.0101
2026-01-10 07:08:37.100078 | Epoch:5276 | LR: 0.0000484 | Loss : 0.0102 | Val loss: 0.0107
2026-01-10 07:08:41.413995 | Epoch:5277 | LR: 0.0000484 | Loss : 0.0105 | Val loss: 0.0114
2026-01-10 07:08:45.681104 | Epoch:5278 | LR: 0.0000484 | Loss : 0.0101 | Val loss: 0.0105
2026-01-10 07:08:49.972993 | Epoch:5279 | LR: 0.0000484 | Loss : 0.0100 | Val loss: 0.0114
2026-01-10 07:08:54.201768 | Epoch:5280 | LR: 0.0000484 | Loss : 0.0095 | Val loss: 0.0108
2026-01-10 07:08:58.759180 | Epoch:5281 | LR: 0.0000484 | Loss : 0.0101 | Val loss: 0.0097
2026-01-10 07:09:03.046313 | Epoch:5282 | LR: 0.0000484 | Loss : 0.0114 | Val loss: 0.0093
2026-01-10 07:09:09.419634 | Epoch:5283 | LR: 0.0000483 | Loss : 0.0100 | Val loss: 0.0093
2026-01-10 07:09:13.712935 | Epoch:5284 | LR: 0.0000483 | Loss : 0.0101 | Val loss: 0.0097
2026-01-10 07:09:18.020664 | Epoch:5285 | LR: 0.0000483 | Loss : 0.0099 | Val loss: 0.0096
2026-01-10 07:09:22.339837 | Epoch:5286 | LR: 0.0000483 | Loss : 0.0105 | Val loss: 0.0105
2026-01-10 07:09:26.667117 | Epoch:5287 | LR: 0.0000483 | Loss : 0.0101 | Val loss: 0.0106
2026-01-10 07:09:31.267062 | Epoch:5288 | LR: 0.0000483 | Loss : 0.0109 | Val loss: 0.0110
2026-01-10 07:09:35.545309 | Epoch:5289 | LR: 0.0000483 | Loss : 0.0113 | Val loss: 0.0111
2026-01-10 07:09:39.832507 | Epoch:5290 | LR: 0.0000483 | Loss : 0.0119 | Val loss: 0.0104
2026-01-10 07:09:44.045471 | Epoch:5291 | LR: 0.0000482 | Loss : 0.0112 | Val loss: 0.0109
2026-01-10 07:09:48.252454 | Epoch:5292 | LR: 0.0000482 | Loss : 0.0113 | Val loss: 0.0127
2026-01-10 07:09:52.461635 | Epoch:5293 | LR: 0.0000482 | Loss : 0.0114 | Val loss: 0.0102
2026-01-10 07:09:56.621192 | Epoch:5294 | LR: 0.0000482 | Loss : 0.0103 | Val loss: 0.0097
2026-01-10 07:10:00.937861 | Epoch:5295 | LR: 0.0000482 | Loss : 0.0105 | Val loss: 0.0109
2026-01-10 07:10:06.083057 | Epoch:5296 | LR: 0.0000482 | Loss : 0.0106 | Val loss: 0.0106
2026-01-10 07:10:10.612654 | Epoch:5297 | LR: 0.0000482 | Loss : 0.0104 | Val loss: 0.0103
2026-01-10 07:10:14.793634 | Epoch:5298 | LR: 0.0000482 | Loss : 0.0097 | Val loss: 0.0103
2026-01-10 07:10:19.747918 | Epoch:5299 | LR: 0.0000482 | Loss : 0.0097 | Val loss: 0.0101
2026-01-10 07:10:24.107674 | Epoch:5300 | LR: 0.0000481 | Loss : 0.0108 | Val loss: 0.0099
2026-01-10 07:10:28.462624 | Epoch:5301 | LR: 0.0000481 | Loss : 0.0110 | Val loss: 0.0106
2026-01-10 07:10:32.853331 | Epoch:5302 | LR: 0.0000481 | Loss : 0.0104 | Val loss: 0.0101
2026-01-10 07:10:37.221351 | Epoch:5303 | LR: 0.0000481 | Loss : 0.0103 | Val loss: 0.0096
2026-01-10 07:10:41.548028 | Epoch:5304 | LR: 0.0000481 | Loss : 0.0101 | Val loss: 0.0094
2026-01-10 07:10:45.822264 | Epoch:5305 | LR: 0.0000481 | Loss : 0.0097 | Val loss: 0.0102
2026-01-10 07:10:50.100144 | Epoch:5306 | LR: 0.0000481 | Loss : 0.0103 | Val loss: 0.0106
2026-01-10 07:10:54.428679 | Epoch:5307 | LR: 0.0000481 | Loss : 0.0103 | Val loss: 0.0110
2026-01-10 07:10:58.817179 | Epoch:5308 | LR: 0.0000480 | Loss : 0.0104 | Val loss: 0.0101
2026-01-10 07:11:03.132501 | Epoch:5309 | LR: 0.0000480 | Loss : 0.0099 | Val loss: 0.0098
2026-01-10 07:11:07.378581 | Epoch:5310 | LR: 0.0000480 | Loss : 0.0100 | Val loss: 0.0097
2026-01-10 07:11:11.697785 | Epoch:5311 | LR: 0.0000480 | Loss : 0.0103 | Val loss: 0.0096
2026-01-10 07:11:16.000878 | Epoch:5312 | LR: 0.0000480 | Loss : 0.0103 | Val loss: 0.0103
2026-01-10 07:11:20.413985 | Epoch:5313 | LR: 0.0000480 | Loss : 0.0104 | Val loss: 0.0098
2026-01-10 07:11:24.794353 | Epoch:5314 | LR: 0.0000480 | Loss : 0.0103 | Val loss: 0.0103
2026-01-10 07:11:29.162666 | Epoch:5315 | LR: 0.0000480 | Loss : 0.0104 | Val loss: 0.0114
2026-01-10 07:11:33.575514 | Epoch:5316 | LR: 0.0000479 | Loss : 0.0105 | Val loss: 0.0111
2026-01-10 07:11:37.966117 | Epoch:5317 | LR: 0.0000479 | Loss : 0.0109 | Val loss: 0.0109
2026-01-10 07:11:42.303205 | Epoch:5318 | LR: 0.0000479 | Loss : 0.0114 | Val loss: 0.0118
2026-01-10 07:11:46.648935 | Epoch:5319 | LR: 0.0000479 | Loss : 0.0105 | Val loss: 0.0107
2026-01-10 07:11:50.969443 | Epoch:5320 | LR: 0.0000479 | Loss : 0.0105 | Val loss: 0.0095
2026-01-10 07:11:55.230532 | Epoch:5321 | LR: 0.0000479 | Loss : 0.0103 | Val loss: 0.0096
2026-01-10 07:11:59.473925 | Epoch:5322 | LR: 0.0000479 | Loss : 0.0105 | Val loss: 0.0109
2026-01-10 07:12:03.812886 | Epoch:5323 | LR: 0.0000479 | Loss : 0.0107 | Val loss: 0.0101
2026-01-10 07:12:08.176848 | Epoch:5324 | LR: 0.0000478 | Loss : 0.0107 | Val loss: 0.0112
2026-01-10 07:12:12.376588 | Epoch:5325 | LR: 0.0000478 | Loss : 0.0103 | Val loss: 0.0100
2026-01-10 07:12:16.714976 | Epoch:5326 | LR: 0.0000478 | Loss : 0.0108 | Val loss: 0.0094
2026-01-10 07:12:21.000179 | Epoch:5327 | LR: 0.0000478 | Loss : 0.0104 | Val loss: 0.0102
2026-01-10 07:12:25.286074 | Epoch:5328 | LR: 0.0000478 | Loss : 0.0106 | Val loss: 0.0097
2026-01-10 07:12:29.628385 | Epoch:5329 | LR: 0.0000478 | Loss : 0.0102 | Val loss: 0.0099
2026-01-10 07:12:33.985306 | Epoch:5330 | LR: 0.0000478 | Loss : 0.0101 | Val loss: 0.0090
2026-01-10 07:12:38.360373 | Epoch:5331 | LR: 0.0000478 | Loss : 0.0103 | Val loss: 0.0100
2026-01-10 07:12:42.741143 | Epoch:5332 | LR: 0.0000477 | Loss : 0.0097 | Val loss: 0.0100
2026-01-10 07:12:47.137510 | Epoch:5333 | LR: 0.0000477 | Loss : 0.0106 | Val loss: 0.0104
2026-01-10 07:12:51.527810 | Epoch:5334 | LR: 0.0000477 | Loss : 0.0104 | Val loss: 0.0100
2026-01-10 07:12:55.876115 | Epoch:5335 | LR: 0.0000477 | Loss : 0.0108 | Val loss: 0.0102
2026-01-10 07:13:00.168302 | Epoch:5336 | LR: 0.0000477 | Loss : 0.0101 | Val loss: 0.0103
2026-01-10 07:13:04.422694 | Epoch:5337 | LR: 0.0000477 | Loss : 0.0106 | Val loss: 0.0107
2026-01-10 07:13:08.728504 | Epoch:5338 | LR: 0.0000477 | Loss : 0.0104 | Val loss: 0.0105
2026-01-10 07:13:13.048523 | Epoch:5339 | LR: 0.0000476 | Loss : 0.0100 | Val loss: 0.0109
2026-01-10 07:13:17.371231 | Epoch:5340 | LR: 0.0000476 | Loss : 0.0103 | Val loss: 0.0106
2026-01-10 07:13:21.659733 | Epoch:5341 | LR: 0.0000476 | Loss : 0.0102 | Val loss: 0.0098
2026-01-10 07:13:25.975719 | Epoch:5342 | LR: 0.0000476 | Loss : 0.0108 | Val loss: 0.0102
2026-01-10 07:13:30.281477 | Epoch:5343 | LR: 0.0000476 | Loss : 0.0107 | Val loss: 0.0106
2026-01-10 07:13:34.629188 | Epoch:5344 | LR: 0.0000476 | Loss : 0.0116 | Val loss: 0.0105
2026-01-10 07:13:39.013607 | Epoch:5345 | LR: 0.0000476 | Loss : 0.0107 | Val loss: 0.0111
2026-01-10 07:13:43.611309 | Epoch:5346 | LR: 0.0000476 | Loss : 0.0101 | Val loss: 0.0106
2026-01-10 07:13:48.004056 | Epoch:5347 | LR: 0.0000475 | Loss : 0.0101 | Val loss: 0.0101
2026-01-10 07:13:52.383248 | Epoch:5348 | LR: 0.0000475 | Loss : 0.0110 | Val loss: 0.0100
2026-01-10 07:13:56.761348 | Epoch:5349 | LR: 0.0000475 | Loss : 0.0105 | Val loss: 0.0098
2026-01-10 07:14:01.083750 | Epoch:5350 | LR: 0.0000475 | Loss : 0.0097 | Val loss: 0.0095
2026-01-10 07:14:05.383855 | Epoch:5351 | LR: 0.0000475 | Loss : 0.0101 | Val loss: 0.0099
2026-01-10 07:14:09.699139 | Epoch:5352 | LR: 0.0000475 | Loss : 0.0098 | Val loss: 0.0104
2026-01-10 07:14:14.312786 | Epoch:5353 | LR: 0.0000475 | Loss : 0.0100 | Val loss: 0.0100
2026-01-10 07:14:18.650082 | Epoch:5354 | LR: 0.0000474 | Loss : 0.0097 | Val loss: 0.0098
2026-01-10 07:14:22.973542 | Epoch:5355 | LR: 0.0000474 | Loss : 0.0102 | Val loss: 0.0098
2026-01-10 07:14:27.204991 | Epoch:5356 | LR: 0.0000474 | Loss : 0.0107 | Val loss: 0.0111
2026-01-10 07:14:31.728583 | Epoch:5357 | LR: 0.0000474 | Loss : 0.0113 | Val loss: 0.0105
2026-01-10 07:14:36.063672 | Epoch:5358 | LR: 0.0000474 | Loss : 0.0114 | Val loss: 0.0110
2026-01-10 07:14:40.415854 | Epoch:5359 | LR: 0.0000474 | Loss : 0.0107 | Val loss: 0.0106
2026-01-10 07:14:44.782706 | Epoch:5360 | LR: 0.0000474 | Loss : 0.0104 | Val loss: 0.0105
2026-01-10 07:14:49.146049 | Epoch:5361 | LR: 0.0000473 | Loss : 0.0100 | Val loss: 0.0102
2026-01-10 07:14:53.507733 | Epoch:5362 | LR: 0.0000473 | Loss : 0.0102 | Val loss: 0.0099
2026-01-10 07:14:57.902562 | Epoch:5363 | LR: 0.0000473 | Loss : 0.0100 | Val loss: 0.0095
2026-01-10 07:15:02.249335 | Epoch:5364 | LR: 0.0000473 | Loss : 0.0104 | Val loss: 0.0106
2026-01-10 07:15:06.452575 | Epoch:5365 | LR: 0.0000473 | Loss : 0.0097 | Val loss: 0.0091
2026-01-10 07:15:10.590104 | Epoch:5366 | LR: 0.0000473 | Loss : 0.0098 | Val loss: 0.0100
2026-01-10 07:15:14.716351 | Epoch:5367 | LR: 0.0000473 | Loss : 0.0094 | Val loss: 0.0109
2026-01-10 07:15:19.749084 | Epoch:5368 | LR: 0.0000472 | Loss : 0.0099 | Val loss: 0.0105
2026-01-10 07:15:24.326250 | Epoch:5369 | LR: 0.0000472 | Loss : 0.0107 | Val loss: 0.0103
2026-01-10 07:15:28.579191 | Epoch:5370 | LR: 0.0000472 | Loss : 0.0095 | Val loss: 0.0091
2026-01-10 07:15:33.458347 | Epoch:5371 | LR: 0.0000472 | Loss : 0.0097 | Val loss: 0.0096
2026-01-10 07:15:38.050643 | Epoch:5372 | LR: 0.0000472 | Loss : 0.0102 | Val loss: 0.0094
2026-01-10 07:15:42.643197 | Epoch:5373 | LR: 0.0000472 | Loss : 0.0092 | Val loss: 0.0103
2026-01-10 07:15:47.219224 | Epoch:5374 | LR: 0.0000472 | Loss : 0.0095 | Val loss: 0.0092
2026-01-10 07:15:51.752011 | Epoch:5375 | LR: 0.0000471 | Loss : 0.0097 | Val loss: 0.0094
2026-01-10 07:15:56.223156 | Epoch:5376 | LR: 0.0000471 | Loss : 0.0099 | Val loss: 0.0108
2026-01-10 07:16:00.703557 | Epoch:5377 | LR: 0.0000471 | Loss : 0.0100 | Val loss: 0.0107
2026-01-10 07:16:05.191189 | Epoch:5378 | LR: 0.0000471 | Loss : 0.0104 | Val loss: 0.0100
2026-01-10 07:16:09.617502 | Epoch:5379 | LR: 0.0000471 | Loss : 0.0099 | Val loss: 0.0096
2026-01-10 07:16:13.992211 | Epoch:5380 | LR: 0.0000471 | Loss : 0.0109 | Val loss: 0.0101
2026-01-10 07:16:18.415653 | Epoch:5381 | LR: 0.0000471 | Loss : 0.0098 | Val loss: 0.0094
2026-01-10 07:16:22.744895 | Epoch:5382 | LR: 0.0000470 | Loss : 0.0101 | Val loss: 0.0105
2026-01-10 07:16:27.067355 | Epoch:5383 | LR: 0.0000470 | Loss : 0.0104 | Val loss: 0.0102
2026-01-10 07:16:31.423949 | Epoch:5384 | LR: 0.0000470 | Loss : 0.0100 | Val loss: 0.0107
2026-01-10 07:16:35.815264 | Epoch:5385 | LR: 0.0000470 | Loss : 0.0108 | Val loss: 0.0102
2026-01-10 07:16:40.202212 | Epoch:5386 | LR: 0.0000470 | Loss : 0.0114 | Val loss: 0.0115
2026-01-10 07:16:44.578180 | Epoch:5387 | LR: 0.0000470 | Loss : 0.0101 | Val loss: 0.0110
2026-01-10 07:16:49.217783 | Epoch:5388 | LR: 0.0000470 | Loss : 0.0097 | Val loss: 0.0105
2026-01-10 07:16:53.538317 | Epoch:5389 | LR: 0.0000469 | Loss : 0.0099 | Val loss: 0.0097
2026-01-10 07:16:57.876583 | Epoch:5390 | LR: 0.0000469 | Loss : 0.0099 | Val loss: 0.0106
2026-01-10 07:17:02.249508 | Epoch:5391 | LR: 0.0000469 | Loss : 0.0107 | Val loss: 0.0101
2026-01-10 07:17:06.636146 | Epoch:5392 | LR: 0.0000469 | Loss : 0.0100 | Val loss: 0.0105
2026-01-10 07:17:10.999201 | Epoch:5393 | LR: 0.0000469 | Loss : 0.0099 | Val loss: 0.0113
2026-01-10 07:17:15.265078 | Epoch:5394 | LR: 0.0000469 | Loss : 0.0105 | Val loss: 0.0099
2026-01-10 07:17:19.536994 | Epoch:5395 | LR: 0.0000468 | Loss : 0.0104 | Val loss: 0.0098
2026-01-10 07:17:23.834262 | Epoch:5396 | LR: 0.0000468 | Loss : 0.0101 | Val loss: 0.0110
2026-01-10 07:17:28.130909 | Epoch:5397 | LR: 0.0000468 | Loss : 0.0108 | Val loss: 0.0106
2026-01-10 07:17:32.466277 | Epoch:5398 | LR: 0.0000468 | Loss : 0.0111 | Val loss: 0.0099
2026-01-10 07:17:36.850756 | Epoch:5399 | LR: 0.0000468 | Loss : 0.0109 | Val loss: 0.0105
2026-01-10 07:17:41.184260 | Epoch:5400 | LR: 0.0000468 | Loss : 0.0101 | Val loss: 0.0103
2026-01-10 07:17:45.509927 | Epoch:5401 | LR: 0.0000468 | Loss : 0.0098 | Val loss: 0.0109
2026-01-10 07:17:49.907090 | Epoch:5402 | LR: 0.0000467 | Loss : 0.0101 | Val loss: 0.0107
2026-01-10 07:17:54.248198 | Epoch:5403 | LR: 0.0000467 | Loss : 0.0102 | Val loss: 0.0104
2026-01-10 07:17:58.603910 | Epoch:5404 | LR: 0.0000467 | Loss : 0.0097 | Val loss: 0.0097
2026-01-10 07:18:02.930991 | Epoch:5405 | LR: 0.0000467 | Loss : 0.0108 | Val loss: 0.0095
2026-01-10 07:18:07.288259 | Epoch:5406 | LR: 0.0000467 | Loss : 0.0104 | Val loss: 0.0100
2026-01-10 07:18:11.685702 | Epoch:5407 | LR: 0.0000467 | Loss : 0.0103 | Val loss: 0.0088
2026-01-10 07:18:16.349792 | Epoch:5408 | LR: 0.0000466 | Loss : 0.0101 | Val loss: 0.0103
2026-01-10 07:18:20.617754 | Epoch:5409 | LR: 0.0000466 | Loss : 0.0101 | Val loss: 0.0099
2026-01-10 07:18:24.891203 | Epoch:5410 | LR: 0.0000466 | Loss : 0.0098 | Val loss: 0.0106
2026-01-10 07:18:29.205812 | Epoch:5411 | LR: 0.0000466 | Loss : 0.0109 | Val loss: 0.0104
2026-01-10 07:18:33.517825 | Epoch:5412 | LR: 0.0000466 | Loss : 0.0098 | Val loss: 0.0105
2026-01-10 07:18:37.843035 | Epoch:5413 | LR: 0.0000466 | Loss : 0.0103 | Val loss: 0.0112
2026-01-10 07:18:42.175889 | Epoch:5414 | LR: 0.0000465 | Loss : 0.0097 | Val loss: 0.0100
2026-01-10 07:18:46.521591 | Epoch:5415 | LR: 0.0000465 | Loss : 0.0105 | Val loss: 0.0095
2026-01-10 07:18:50.860876 | Epoch:5416 | LR: 0.0000465 | Loss : 0.0094 | Val loss: 0.0094
2026-01-10 07:18:56.929162 | Epoch:5417 | LR: 0.0000465 | Loss : 0.0100 | Val loss: 0.0093
2026-01-10 07:19:01.282090 | Epoch:5418 | LR: 0.0000465 | Loss : 0.0098 | Val loss: 0.0102
2026-01-10 07:19:05.617018 | Epoch:5419 | LR: 0.0000465 | Loss : 0.0105 | Val loss: 0.0105
2026-01-10 07:19:09.979245 | Epoch:5420 | LR: 0.0000465 | Loss : 0.0104 | Val loss: 0.0114
2026-01-10 07:19:14.391648 | Epoch:5421 | LR: 0.0000464 | Loss : 0.0111 | Val loss: 0.0100
2026-01-10 07:19:18.746046 | Epoch:5422 | LR: 0.0000464 | Loss : 0.0106 | Val loss: 0.0106
2026-01-10 07:19:23.097225 | Epoch:5423 | LR: 0.0000464 | Loss : 0.0107 | Val loss: 0.0098
2026-01-10 07:19:27.329801 | Epoch:5424 | LR: 0.0000464 | Loss : 0.0097 | Val loss: 0.0111
2026-01-10 07:19:31.653882 | Epoch:5425 | LR: 0.0000464 | Loss : 0.0103 | Val loss: 0.0108
2026-01-10 07:19:35.931657 | Epoch:5426 | LR: 0.0000464 | Loss : 0.0098 | Val loss: 0.0101
2026-01-10 07:19:40.258560 | Epoch:5427 | LR: 0.0000463 | Loss : 0.0094 | Val loss: 0.0113
2026-01-10 07:19:44.559155 | Epoch:5428 | LR: 0.0000463 | Loss : 0.0102 | Val loss: 0.0107
2026-01-10 07:19:48.885464 | Epoch:5429 | LR: 0.0000463 | Loss : 0.0100 | Val loss: 0.0097
2026-01-10 07:19:53.236713 | Epoch:5430 | LR: 0.0000463 | Loss : 0.0098 | Val loss: 0.0095
2026-01-10 07:19:57.578623 | Epoch:5431 | LR: 0.0000463 | Loss : 0.0098 | Val loss: 0.0093
2026-01-10 07:20:01.914593 | Epoch:5432 | LR: 0.0000463 | Loss : 0.0103 | Val loss: 0.0104
2026-01-10 07:20:06.240763 | Epoch:5433 | LR: 0.0000462 | Loss : 0.0103 | Val loss: 0.0114
2026-01-10 07:20:10.574134 | Epoch:5434 | LR: 0.0000462 | Loss : 0.0105 | Val loss: 0.0096
2026-01-10 07:20:14.891085 | Epoch:5435 | LR: 0.0000462 | Loss : 0.0106 | Val loss: 0.0097
2026-01-10 07:20:19.174394 | Epoch:5436 | LR: 0.0000462 | Loss : 0.0110 | Val loss: 0.0112
2026-01-10 07:20:23.342555 | Epoch:5437 | LR: 0.0000462 | Loss : 0.0101 | Val loss: 0.0102
2026-01-10 07:20:27.595329 | Epoch:5438 | LR: 0.0000462 | Loss : 0.0099 | Val loss: 0.0089
2026-01-10 07:20:31.956938 | Epoch:5439 | LR: 0.0000461 | Loss : 0.0097 | Val loss: 0.0100
2026-01-10 07:20:36.788712 | Epoch:5440 | LR: 0.0000461 | Loss : 0.0097 | Val loss: 0.0105
2026-01-10 07:20:41.321343 | Epoch:5441 | LR: 0.0000461 | Loss : 0.0096 | Val loss: 0.0099
2026-01-10 07:20:45.506564 | Epoch:5442 | LR: 0.0000461 | Loss : 0.0095 | Val loss: 0.0100
2026-01-10 07:20:50.258729 | Epoch:5443 | LR: 0.0000461 | Loss : 0.0105 | Val loss: 0.0106
2026-01-10 07:20:54.629922 | Epoch:5444 | LR: 0.0000461 | Loss : 0.0093 | Val loss: 0.0097
2026-01-10 07:20:58.970964 | Epoch:5445 | LR: 0.0000460 | Loss : 0.0099 | Val loss: 0.0095
2026-01-10 07:21:03.294809 | Epoch:5446 | LR: 0.0000460 | Loss : 0.0091 | Val loss: 0.0096
2026-01-10 07:21:07.656985 | Epoch:5447 | LR: 0.0000460 | Loss : 0.0099 | Val loss: 0.0094
2026-01-10 07:21:12.160693 | Epoch:5448 | LR: 0.0000460 | Loss : 0.0087 | Val loss: 0.0102
2026-01-10 07:21:16.549085 | Epoch:5449 | LR: 0.0000460 | Loss : 0.0097 | Val loss: 0.0094
2026-01-10 07:21:20.918760 | Epoch:5450 | LR: 0.0000460 | Loss : 0.0097 | Val loss: 0.0090
2026-01-10 07:21:25.446715 | Epoch:5451 | LR: 0.0000459 | Loss : 0.0092 | Val loss: 0.0085
2026-01-10 07:21:29.795195 | Epoch:5452 | LR: 0.0000459 | Loss : 0.0096 | Val loss: 0.0101
2026-01-10 07:21:34.325323 | Epoch:5453 | LR: 0.0000459 | Loss : 0.0097 | Val loss: 0.0098
2026-01-10 07:21:38.519735 | Epoch:5454 | LR: 0.0000459 | Loss : 0.0099 | Val loss: 0.0100
2026-01-10 07:21:42.745248 | Epoch:5455 | LR: 0.0000459 | Loss : 0.0098 | Val loss: 0.0104
2026-01-10 07:21:47.025942 | Epoch:5456 | LR: 0.0000458 | Loss : 0.0093 | Val loss: 0.0103
2026-01-10 07:21:51.325550 | Epoch:5457 | LR: 0.0000458 | Loss : 0.0106 | Val loss: 0.0102
2026-01-10 07:21:55.619136 | Epoch:5458 | LR: 0.0000458 | Loss : 0.0110 | Val loss: 0.0117
2026-01-10 07:22:00.006131 | Epoch:5459 | LR: 0.0000458 | Loss : 0.0108 | Val loss: 0.0105
2026-01-10 07:22:04.353327 | Epoch:5460 | LR: 0.0000458 | Loss : 0.0118 | Val loss: 0.0107
2026-01-10 07:22:08.685388 | Epoch:5461 | LR: 0.0000458 | Loss : 0.0105 | Val loss: 0.0100
2026-01-10 07:22:13.039024 | Epoch:5462 | LR: 0.0000457 | Loss : 0.0108 | Val loss: 0.0109
2026-01-10 07:22:17.430609 | Epoch:5463 | LR: 0.0000457 | Loss : 0.0101 | Val loss: 0.0101
2026-01-10 07:22:21.843163 | Epoch:5464 | LR: 0.0000457 | Loss : 0.0097 | Val loss: 0.0103
2026-01-10 07:22:26.247342 | Epoch:5465 | LR: 0.0000457 | Loss : 0.0095 | Val loss: 0.0098
2026-01-10 07:22:30.592170 | Epoch:5466 | LR: 0.0000457 | Loss : 0.0103 | Val loss: 0.0097
2026-01-10 07:22:34.993845 | Epoch:5467 | LR: 0.0000457 | Loss : 0.0097 | Val loss: 0.0093
2026-01-10 07:22:39.256002 | Epoch:5468 | LR: 0.0000456 | Loss : 0.0097 | Val loss: 0.0099
2026-01-10 07:22:43.495726 | Epoch:5469 | LR: 0.0000456 | Loss : 0.0097 | Val loss: 0.0096
2026-01-10 07:22:47.773456 | Epoch:5470 | LR: 0.0000456 | Loss : 0.0091 | Val loss: 0.0090
2026-01-10 07:22:52.083488 | Epoch:5471 | LR: 0.0000456 | Loss : 0.0101 | Val loss: 0.0103
2026-01-10 07:22:56.381207 | Epoch:5472 | LR: 0.0000456 | Loss : 0.0095 | Val loss: 0.0101
2026-01-10 07:23:00.712588 | Epoch:5473 | LR: 0.0000455 | Loss : 0.0103 | Val loss: 0.0104
2026-01-10 07:23:05.059954 | Epoch:5474 | LR: 0.0000455 | Loss : 0.0104 | Val loss: 0.0098
2026-01-10 07:23:09.411015 | Epoch:5475 | LR: 0.0000455 | Loss : 0.0091 | Val loss: 0.0091
2026-01-10 07:23:13.749904 | Epoch:5476 | LR: 0.0000455 | Loss : 0.0103 | Val loss: 0.0091
2026-01-10 07:23:18.109285 | Epoch:5477 | LR: 0.0000455 | Loss : 0.0099 | Val loss: 0.0106
2026-01-10 07:23:22.504751 | Epoch:5478 | LR: 0.0000455 | Loss : 0.0098 | Val loss: 0.0099
2026-01-10 07:23:26.888748 | Epoch:5479 | LR: 0.0000454 | Loss : 0.0098 | Val loss: 0.0113
2026-01-10 07:23:31.301170 | Epoch:5480 | LR: 0.0000454 | Loss : 0.0100 | Val loss: 0.0103
2026-01-10 07:23:35.605498 | Epoch:5481 | LR: 0.0000454 | Loss : 0.0109 | Val loss: 0.0096
2026-01-10 07:23:40.019332 | Epoch:5482 | LR: 0.0000454 | Loss : 0.0099 | Val loss: 0.0097
2026-01-10 07:23:44.274220 | Epoch:5483 | LR: 0.0000454 | Loss : 0.0104 | Val loss: 0.0103
2026-01-10 07:23:48.552142 | Epoch:5484 | LR: 0.0000453 | Loss : 0.0106 | Val loss: 0.0107
2026-01-10 07:23:52.846438 | Epoch:5485 | LR: 0.0000453 | Loss : 0.0103 | Val loss: 0.0101
2026-01-10 07:23:57.186394 | Epoch:5486 | LR: 0.0000453 | Loss : 0.0100 | Val loss: 0.0094
2026-01-10 07:24:01.548066 | Epoch:5487 | LR: 0.0000453 | Loss : 0.0093 | Val loss: 0.0098
2026-01-10 07:24:05.914810 | Epoch:5488 | LR: 0.0000453 | Loss : 0.0093 | Val loss: 0.0087
2026-01-10 07:24:10.333592 | Epoch:5489 | LR: 0.0000453 | Loss : 0.0098 | Val loss: 0.0099
2026-01-10 07:24:14.703474 | Epoch:5490 | LR: 0.0000452 | Loss : 0.0095 | Val loss: 0.0091
2026-01-10 07:24:19.126225 | Epoch:5491 | LR: 0.0000452 | Loss : 0.0094 | Val loss: 0.0094
2026-01-10 07:24:23.539877 | Epoch:5492 | LR: 0.0000452 | Loss : 0.0098 | Val loss: 0.0098
2026-01-10 07:24:28.159682 | Epoch:5493 | LR: 0.0000452 | Loss : 0.0100 | Val loss: 0.0092
2026-01-10 07:24:32.547957 | Epoch:5494 | LR: 0.0000452 | Loss : 0.0096 | Val loss: 0.0092
2026-01-10 07:24:37.322973 | Epoch:5495 | LR: 0.0000451 | Loss : 0.0099 | Val loss: 0.0104
2026-01-10 07:24:41.660518 | Epoch:5496 | LR: 0.0000451 | Loss : 0.0096 | Val loss: 0.0097
2026-01-10 07:24:46.129293 | Epoch:5497 | LR: 0.0000451 | Loss : 0.0109 | Val loss: 0.0097
2026-01-10 07:24:50.440386 | Epoch:5498 | LR: 0.0000451 | Loss : 0.0098 | Val loss: 0.0101
2026-01-10 07:24:54.667174 | Epoch:5499 | LR: 0.0000451 | Loss : 0.0104 | Val loss: 0.0102
2026-01-10 07:24:58.969087 | Epoch:5500 | LR: 0.0000451 | Loss : 0.0099 | Val loss: 0.0098
2026-01-10 07:25:03.289137 | Epoch:5501 | LR: 0.0000450 | Loss : 0.0107 | Val loss: 0.0108
2026-01-10 07:25:07.607737 | Epoch:5502 | LR: 0.0000450 | Loss : 0.0102 | Val loss: 0.0094
2026-01-10 07:25:12.020176 | Epoch:5503 | LR: 0.0000450 | Loss : 0.0102 | Val loss: 0.0102
2026-01-10 07:25:16.400234 | Epoch:5504 | LR: 0.0000450 | Loss : 0.0099 | Val loss: 0.0106
2026-01-10 07:25:20.764689 | Epoch:5505 | LR: 0.0000450 | Loss : 0.0099 | Val loss: 0.0108
2026-01-10 07:25:25.148182 | Epoch:5506 | LR: 0.0000449 | Loss : 0.0108 | Val loss: 0.0117
2026-01-10 07:25:29.518521 | Epoch:5507 | LR: 0.0000449 | Loss : 0.0107 | Val loss: 0.0108
2026-01-10 07:25:33.888394 | Epoch:5508 | LR: 0.0000449 | Loss : 0.0106 | Val loss: 0.0108
2026-01-10 07:25:38.109744 | Epoch:5509 | LR: 0.0000449 | Loss : 0.0107 | Val loss: 0.0110
2026-01-10 07:25:42.308373 | Epoch:5510 | LR: 0.0000449 | Loss : 0.0093 | Val loss: 0.0092
2026-01-10 07:25:46.614001 | Epoch:5511 | LR: 0.0000448 | Loss : 0.0099 | Val loss: 0.0092
2026-01-10 07:25:51.554367 | Epoch:5512 | LR: 0.0000448 | Loss : 0.0094 | Val loss: 0.0097
2026-01-10 07:25:56.030356 | Epoch:5513 | LR: 0.0000448 | Loss : 0.0100 | Val loss: 0.0100
2026-01-10 07:26:00.273202 | Epoch:5514 | LR: 0.0000448 | Loss : 0.0098 | Val loss: 0.0104
2026-01-10 07:26:04.781186 | Epoch:5515 | LR: 0.0000448 | Loss : 0.0089 | Val loss: 0.0096
2026-01-10 07:26:09.211190 | Epoch:5516 | LR: 0.0000447 | Loss : 0.0095 | Val loss: 0.0101
2026-01-10 07:26:13.503106 | Epoch:5517 | LR: 0.0000447 | Loss : 0.0102 | Val loss: 0.0094
2026-01-10 07:26:17.776779 | Epoch:5518 | LR: 0.0000447 | Loss : 0.0101 | Val loss: 0.0099
2026-01-10 07:26:22.087119 | Epoch:5519 | LR: 0.0000447 | Loss : 0.0096 | Val loss: 0.0092
2026-01-10 07:26:26.432210 | Epoch:5520 | LR: 0.0000447 | Loss : 0.0102 | Val loss: 0.0092
2026-01-10 07:26:30.778501 | Epoch:5521 | LR: 0.0000446 | Loss : 0.0103 | Val loss: 0.0102
2026-01-10 07:26:35.148281 | Epoch:5522 | LR: 0.0000446 | Loss : 0.0093 | Val loss: 0.0101
2026-01-10 07:26:39.447755 | Epoch:5523 | LR: 0.0000446 | Loss : 0.0096 | Val loss: 0.0090
2026-01-10 07:26:43.722746 | Epoch:5524 | LR: 0.0000446 | Loss : 0.0099 | Val loss: 0.0105
2026-01-10 07:26:47.969000 | Epoch:5525 | LR: 0.0000446 | Loss : 0.0096 | Val loss: 0.0105
2026-01-10 07:26:52.282051 | Epoch:5526 | LR: 0.0000446 | Loss : 0.0098 | Val loss: 0.0106
2026-01-10 07:26:56.634421 | Epoch:5527 | LR: 0.0000445 | Loss : 0.0097 | Val loss: 0.0097
2026-01-10 07:27:00.869377 | Epoch:5528 | LR: 0.0000445 | Loss : 0.0098 | Val loss: 0.0104
2026-01-10 07:27:05.226338 | Epoch:5529 | LR: 0.0000445 | Loss : 0.0100 | Val loss: 0.0103
2026-01-10 07:27:09.507824 | Epoch:5530 | LR: 0.0000445 | Loss : 0.0102 | Val loss: 0.0099
2026-01-10 07:27:13.789329 | Epoch:5531 | LR: 0.0000445 | Loss : 0.0094 | Val loss: 0.0090
2026-01-10 07:27:18.098733 | Epoch:5532 | LR: 0.0000444 | Loss : 0.0098 | Val loss: 0.0106
2026-01-10 07:27:22.440697 | Epoch:5533 | LR: 0.0000444 | Loss : 0.0097 | Val loss: 0.0092
2026-01-10 07:27:26.797742 | Epoch:5534 | LR: 0.0000444 | Loss : 0.0105 | Val loss: 0.0100
2026-01-10 07:27:31.388210 | Epoch:5535 | LR: 0.0000444 | Loss : 0.0104 | Val loss: 0.0100
2026-01-10 07:27:35.730490 | Epoch:5536 | LR: 0.0000444 | Loss : 0.0104 | Val loss: 0.0108
2026-01-10 07:27:40.068447 | Epoch:5537 | LR: 0.0000443 | Loss : 0.0101 | Val loss: 0.0090
2026-01-10 07:27:44.431191 | Epoch:5538 | LR: 0.0000443 | Loss : 0.0103 | Val loss: 0.0096
2026-01-10 07:27:48.777939 | Epoch:5539 | LR: 0.0000443 | Loss : 0.0096 | Val loss: 0.0099
2026-01-10 07:27:53.075753 | Epoch:5540 | LR: 0.0000443 | Loss : 0.0092 | Val loss: 0.0095
2026-01-10 07:27:57.325772 | Epoch:5541 | LR: 0.0000443 | Loss : 0.0091 | Val loss: 0.0093
2026-01-10 07:28:01.781481 | Epoch:5542 | LR: 0.0000442 | Loss : 0.0096 | Val loss: 0.0100
2026-01-10 07:28:06.029034 | Epoch:5543 | LR: 0.0000442 | Loss : 0.0096 | Val loss: 0.0098
2026-01-10 07:28:10.268285 | Epoch:5544 | LR: 0.0000442 | Loss : 0.0093 | Val loss: 0.0096
2026-01-10 07:28:14.561246 | Epoch:5545 | LR: 0.0000442 | Loss : 0.0094 | Val loss: 0.0102
2026-01-10 07:28:18.838594 | Epoch:5546 | LR: 0.0000442 | Loss : 0.0094 | Val loss: 0.0093
2026-01-10 07:28:23.091129 | Epoch:5547 | LR: 0.0000441 | Loss : 0.0099 | Val loss: 0.0095
2026-01-10 07:28:27.401519 | Epoch:5548 | LR: 0.0000441 | Loss : 0.0095 | Val loss: 0.0096
2026-01-10 07:28:31.730685 | Epoch:5549 | LR: 0.0000441 | Loss : 0.0096 | Val loss: 0.0085
2026-01-10 07:28:36.043547 | Epoch:5550 | LR: 0.0000441 | Loss : 0.0096 | Val loss: 0.0089
2026-01-10 07:28:40.378021 | Epoch:5551 | LR: 0.0000441 | Loss : 0.0095 | Val loss: 0.0099
2026-01-10 07:28:44.687605 | Epoch:5552 | LR: 0.0000440 | Loss : 0.0094 | Val loss: 0.0090
2026-01-10 07:28:49.068611 | Epoch:5553 | LR: 0.0000440 | Loss : 0.0096 | Val loss: 0.0102
2026-01-10 07:28:53.386292 | Epoch:5554 | LR: 0.0000440 | Loss : 0.0099 | Val loss: 0.0097
2026-01-10 07:28:57.664743 | Epoch:5555 | LR: 0.0000440 | Loss : 0.0099 | Val loss: 0.0108
2026-01-10 07:29:02.009232 | Epoch:5556 | LR: 0.0000439 | Loss : 0.0099 | Val loss: 0.0102
2026-01-10 07:29:06.319111 | Epoch:5557 | LR: 0.0000439 | Loss : 0.0104 | Val loss: 0.0109
2026-01-10 07:29:10.628675 | Epoch:5558 | LR: 0.0000439 | Loss : 0.0109 | Val loss: 0.0102
2026-01-10 07:29:14.831128 | Epoch:5559 | LR: 0.0000439 | Loss : 0.0099 | Val loss: 0.0095
2026-01-10 07:29:19.303014 | Epoch:5560 | LR: 0.0000439 | Loss : 0.0099 | Val loss: 0.0097
2026-01-10 07:29:23.620567 | Epoch:5561 | LR: 0.0000438 | Loss : 0.0092 | Val loss: 0.0095
2026-01-10 07:29:27.932903 | Epoch:5562 | LR: 0.0000438 | Loss : 0.0101 | Val loss: 0.0103
2026-01-10 07:29:32.291091 | Epoch:5563 | LR: 0.0000438 | Loss : 0.0089 | Val loss: 0.0093
2026-01-10 07:29:38.986411 | Epoch:5564 | LR: 0.0000438 | Loss : 0.0096 | Val loss: 0.0090
2026-01-10 07:29:43.308865 | Epoch:5565 | LR: 0.0000438 | Loss : 0.0098 | Val loss: 0.0085
2026-01-10 07:29:47.674901 | Epoch:5566 | LR: 0.0000437 | Loss : 0.0095 | Val loss: 0.0092
2026-01-10 07:29:52.025696 | Epoch:5567 | LR: 0.0000437 | Loss : 0.0094 | Val loss: 0.0098
2026-01-10 07:29:56.365185 | Epoch:5568 | LR: 0.0000437 | Loss : 0.0091 | Val loss: 0.0088
2026-01-10 07:30:00.749147 | Epoch:5569 | LR: 0.0000437 | Loss : 0.0095 | Val loss: 0.0093
2026-01-10 07:30:05.036003 | Epoch:5570 | LR: 0.0000437 | Loss : 0.0089 | Val loss: 0.0090
2026-01-10 07:30:09.306528 | Epoch:5571 | LR: 0.0000436 | Loss : 0.0090 | Val loss: 0.0100
2026-01-10 07:30:13.684843 | Epoch:5572 | LR: 0.0000436 | Loss : 0.0090 | Val loss: 0.0105
2026-01-10 07:30:17.910356 | Epoch:5573 | LR: 0.0000436 | Loss : 0.0088 | Val loss: 0.0087
2026-01-10 07:30:22.165473 | Epoch:5574 | LR: 0.0000436 | Loss : 0.0091 | Val loss: 0.0092
2026-01-10 07:30:26.428827 | Epoch:5575 | LR: 0.0000436 | Loss : 0.0089 | Val loss: 0.0097
2026-01-10 07:30:30.731398 | Epoch:5576 | LR: 0.0000435 | Loss : 0.0094 | Val loss: 0.0083
2026-01-10 07:30:35.327977 | Epoch:5577 | LR: 0.0000435 | Loss : 0.0089 | Val loss: 0.0099
2026-01-10 07:30:39.680141 | Epoch:5578 | LR: 0.0000435 | Loss : 0.0094 | Val loss: 0.0100
2026-01-10 07:30:44.034755 | Epoch:5579 | LR: 0.0000435 | Loss : 0.0099 | Val loss: 0.0102
2026-01-10 07:30:48.419355 | Epoch:5580 | LR: 0.0000434 | Loss : 0.0092 | Val loss: 0.0100
2026-01-10 07:30:52.651326 | Epoch:5581 | LR: 0.0000434 | Loss : 0.0097 | Val loss: 0.0091
2026-01-10 07:30:56.899562 | Epoch:5582 | LR: 0.0000434 | Loss : 0.0096 | Val loss: 0.0097
2026-01-10 07:31:01.162354 | Epoch:5583 | LR: 0.0000434 | Loss : 0.0096 | Val loss: 0.0099
2026-01-10 07:31:05.962576 | Epoch:5584 | LR: 0.0000434 | Loss : 0.0093 | Val loss: 0.0091
2026-01-10 07:31:10.488283 | Epoch:5585 | LR: 0.0000433 | Loss : 0.0096 | Val loss: 0.0090
2026-01-10 07:31:14.818976 | Epoch:5586 | LR: 0.0000433 | Loss : 0.0098 | Val loss: 0.0095
2026-01-10 07:31:19.318820 | Epoch:5587 | LR: 0.0000433 | Loss : 0.0093 | Val loss: 0.0090
2026-01-10 07:31:23.955315 | Epoch:5588 | LR: 0.0000433 | Loss : 0.0095 | Val loss: 0.0086
2026-01-10 07:31:28.209396 | Epoch:5589 | LR: 0.0000433 | Loss : 0.0098 | Val loss: 0.0086
2026-01-10 07:31:32.439889 | Epoch:5590 | LR: 0.0000432 | Loss : 0.0095 | Val loss: 0.0089
2026-01-10 07:31:36.685046 | Epoch:5591 | LR: 0.0000432 | Loss : 0.0093 | Val loss: 0.0104
2026-01-10 07:31:40.981150 | Epoch:5592 | LR: 0.0000432 | Loss : 0.0101 | Val loss: 0.0097
2026-01-10 07:31:45.274515 | Epoch:5593 | LR: 0.0000432 | Loss : 0.0092 | Val loss: 0.0091
2026-01-10 07:31:49.549511 | Epoch:5594 | LR: 0.0000431 | Loss : 0.0099 | Val loss: 0.0096
2026-01-10 07:31:53.850071 | Epoch:5595 | LR: 0.0000431 | Loss : 0.0094 | Val loss: 0.0089
2026-01-10 07:31:58.126719 | Epoch:5596 | LR: 0.0000431 | Loss : 0.0092 | Val loss: 0.0088
2026-01-10 07:32:02.390747 | Epoch:5597 | LR: 0.0000431 | Loss : 0.0094 | Val loss: 0.0088
2026-01-10 07:32:06.668354 | Epoch:5598 | LR: 0.0000431 | Loss : 0.0095 | Val loss: 0.0093
2026-01-10 07:32:10.876618 | Epoch:5599 | LR: 0.0000430 | Loss : 0.0093 | Val loss: 0.0094
2026-01-10 07:32:15.125471 | Epoch:5600 | LR: 0.0000430 | Loss : 0.0090 | Val loss: 0.0096
2026-01-10 07:32:19.366988 | Epoch:5601 | LR: 0.0000430 | Loss : 0.0102 | Val loss: 0.0116
2026-01-10 07:32:23.888026 | Epoch:5602 | LR: 0.0000430 | Loss : 0.0101 | Val loss: 0.0110
2026-01-10 07:32:28.146361 | Epoch:5603 | LR: 0.0000429 | Loss : 0.0099 | Val loss: 0.0099
2026-01-10 07:32:32.339976 | Epoch:5604 | LR: 0.0000429 | Loss : 0.0101 | Val loss: 0.0097
2026-01-10 07:32:36.576946 | Epoch:5605 | LR: 0.0000429 | Loss : 0.0093 | Val loss: 0.0099
2026-01-10 07:32:40.835841 | Epoch:5606 | LR: 0.0000429 | Loss : 0.0100 | Val loss: 0.0097
2026-01-10 07:32:45.126894 | Epoch:5607 | LR: 0.0000429 | Loss : 0.0093 | Val loss: 0.0093
2026-01-10 07:32:49.383312 | Epoch:5608 | LR: 0.0000428 | Loss : 0.0089 | Val loss: 0.0082
2026-01-10 07:32:53.689980 | Epoch:5609 | LR: 0.0000428 | Loss : 0.0098 | Val loss: 0.0102
2026-01-10 07:32:58.037345 | Epoch:5610 | LR: 0.0000428 | Loss : 0.0101 | Val loss: 0.0094
2026-01-10 07:33:02.377233 | Epoch:5611 | LR: 0.0000428 | Loss : 0.0089 | Val loss: 0.0087
2026-01-10 07:33:06.808926 | Epoch:5612 | LR: 0.0000427 | Loss : 0.0093 | Val loss: 0.0090
2026-01-10 07:33:11.136899 | Epoch:5613 | LR: 0.0000427 | Loss : 0.0089 | Val loss: 0.0106
2026-01-10 07:33:15.406796 | Epoch:5614 | LR: 0.0000427 | Loss : 0.0089 | Val loss: 0.0096
2026-01-10 07:33:19.669800 | Epoch:5615 | LR: 0.0000427 | Loss : 0.0090 | Val loss: 0.0089
2026-01-10 07:33:23.978420 | Epoch:5616 | LR: 0.0000427 | Loss : 0.0089 | Val loss: 0.0100
2026-01-10 07:33:28.237910 | Epoch:5617 | LR: 0.0000426 | Loss : 0.0100 | Val loss: 0.0091
2026-01-10 07:33:32.522220 | Epoch:5618 | LR: 0.0000426 | Loss : 0.0091 | Val loss: 0.0095
2026-01-10 07:33:37.057600 | Epoch:5619 | LR: 0.0000426 | Loss : 0.0092 | Val loss: 0.0098
2026-01-10 07:33:41.315533 | Epoch:5620 | LR: 0.0000426 | Loss : 0.0085 | Val loss: 0.0089
2026-01-10 07:33:45.617459 | Epoch:5621 | LR: 0.0000425 | Loss : 0.0093 | Val loss: 0.0105
2026-01-10 07:33:49.959486 | Epoch:5622 | LR: 0.0000425 | Loss : 0.0093 | Val loss: 0.0094
2026-01-10 07:33:54.277932 | Epoch:5623 | LR: 0.0000425 | Loss : 0.0093 | Val loss: 0.0100
2026-01-10 07:33:58.610889 | Epoch:5624 | LR: 0.0000425 | Loss : 0.0091 | Val loss: 0.0088
2026-01-10 07:34:02.940531 | Epoch:5625 | LR: 0.0000425 | Loss : 0.0095 | Val loss: 0.0097
2026-01-10 07:34:07.276371 | Epoch:5626 | LR: 0.0000424 | Loss : 0.0104 | Val loss: 0.0091
2026-01-10 07:34:11.597395 | Epoch:5627 | LR: 0.0000424 | Loss : 0.0101 | Val loss: 0.0096
2026-01-10 07:34:15.881558 | Epoch:5628 | LR: 0.0000424 | Loss : 0.0094 | Val loss: 0.0088
2026-01-10 07:34:20.119795 | Epoch:5629 | LR: 0.0000424 | Loss : 0.0094 | Val loss: 0.0087
2026-01-10 07:34:24.339249 | Epoch:5630 | LR: 0.0000423 | Loss : 0.0098 | Val loss: 0.0096
2026-01-10 07:34:28.648127 | Epoch:5631 | LR: 0.0000423 | Loss : 0.0099 | Val loss: 0.0091
2026-01-10 07:34:32.835441 | Epoch:5632 | LR: 0.0000423 | Loss : 0.0090 | Val loss: 0.0096
2026-01-10 07:34:37.137974 | Epoch:5633 | LR: 0.0000423 | Loss : 0.0097 | Val loss: 0.0092
2026-01-10 07:34:41.343301 | Epoch:5634 | LR: 0.0000423 | Loss : 0.0090 | Val loss: 0.0101
2026-01-10 07:34:45.569293 | Epoch:5635 | LR: 0.0000422 | Loss : 0.0097 | Val loss: 0.0091
2026-01-10 07:34:49.833957 | Epoch:5636 | LR: 0.0000422 | Loss : 0.0097 | Val loss: 0.0100
2026-01-10 07:34:54.136525 | Epoch:5637 | LR: 0.0000422 | Loss : 0.0098 | Val loss: 0.0104
2026-01-10 07:34:58.428669 | Epoch:5638 | LR: 0.0000422 | Loss : 0.0095 | Val loss: 0.0093
2026-01-10 07:35:02.768234 | Epoch:5639 | LR: 0.0000421 | Loss : 0.0092 | Val loss: 0.0101
2026-01-10 07:35:07.130363 | Epoch:5640 | LR: 0.0000421 | Loss : 0.0095 | Val loss: 0.0100
2026-01-10 07:35:11.492661 | Epoch:5641 | LR: 0.0000421 | Loss : 0.0094 | Val loss: 0.0085
2026-01-10 07:35:15.844453 | Epoch:5642 | LR: 0.0000421 | Loss : 0.0098 | Val loss: 0.0092
2026-01-10 07:35:20.173953 | Epoch:5643 | LR: 0.0000420 | Loss : 0.0097 | Val loss: 0.0102
2026-01-10 07:35:24.612890 | Epoch:5644 | LR: 0.0000420 | Loss : 0.0099 | Val loss: 0.0090
2026-01-10 07:35:28.927548 | Epoch:5645 | LR: 0.0000420 | Loss : 0.0090 | Val loss: 0.0094
2026-01-10 07:35:33.242704 | Epoch:5646 | LR: 0.0000420 | Loss : 0.0089 | Val loss: 0.0097
2026-01-10 07:35:37.564745 | Epoch:5647 | LR: 0.0000420 | Loss : 0.0089 | Val loss: 0.0092
2026-01-10 07:35:41.883018 | Epoch:5648 | LR: 0.0000419 | Loss : 0.0088 | Val loss: 0.0096
2026-01-10 07:35:46.096520 | Epoch:5649 | LR: 0.0000419 | Loss : 0.0094 | Val loss: 0.0089
2026-01-10 07:35:50.358285 | Epoch:5650 | LR: 0.0000419 | Loss : 0.0092 | Val loss: 0.0090
2026-01-10 07:35:54.631627 | Epoch:5651 | LR: 0.0000419 | Loss : 0.0096 | Val loss: 0.0094
2026-01-10 07:35:58.946066 | Epoch:5652 | LR: 0.0000418 | Loss : 0.0091 | Val loss: 0.0083
2026-01-10 07:36:03.236994 | Epoch:5653 | LR: 0.0000418 | Loss : 0.0093 | Val loss: 0.0088
2026-01-10 07:36:07.484517 | Epoch:5654 | LR: 0.0000418 | Loss : 0.0096 | Val loss: 0.0101
2026-01-10 07:36:11.726814 | Epoch:5655 | LR: 0.0000418 | Loss : 0.0093 | Val loss: 0.0094
2026-01-10 07:36:15.964387 | Epoch:5656 | LR: 0.0000417 | Loss : 0.0089 | Val loss: 0.0090
2026-01-10 07:36:20.710998 | Epoch:5657 | LR: 0.0000417 | Loss : 0.0097 | Val loss: 0.0104
2026-01-10 07:36:25.453535 | Epoch:5658 | LR: 0.0000417 | Loss : 0.0094 | Val loss: 0.0099
2026-01-10 07:36:29.903346 | Epoch:5659 | LR: 0.0000417 | Loss : 0.0097 | Val loss: 0.0094
2026-01-10 07:36:34.299732 | Epoch:5660 | LR: 0.0000417 | Loss : 0.0100 | Val loss: 0.0093
2026-01-10 07:36:39.117657 | Epoch:5661 | LR: 0.0000416 | Loss : 0.0097 | Val loss: 0.0093
2026-01-10 07:36:43.414746 | Epoch:5662 | LR: 0.0000416 | Loss : 0.0094 | Val loss: 0.0098
2026-01-10 07:36:47.742110 | Epoch:5663 | LR: 0.0000416 | Loss : 0.0086 | Val loss: 0.0089
2026-01-10 07:36:52.020269 | Epoch:5664 | LR: 0.0000416 | Loss : 0.0088 | Val loss: 0.0093
2026-01-10 07:36:56.399173 | Epoch:5665 | LR: 0.0000415 | Loss : 0.0088 | Val loss: 0.0094
2026-01-10 07:37:00.762077 | Epoch:5666 | LR: 0.0000415 | Loss : 0.0090 | Val loss: 0.0095
2026-01-10 07:37:05.097751 | Epoch:5667 | LR: 0.0000415 | Loss : 0.0086 | Val loss: 0.0092
2026-01-10 07:37:09.436956 | Epoch:5668 | LR: 0.0000415 | Loss : 0.0090 | Val loss: 0.0105
2026-01-10 07:37:13.819559 | Epoch:5669 | LR: 0.0000414 | Loss : 0.0091 | Val loss: 0.0106
2026-01-10 07:37:18.197424 | Epoch:5670 | LR: 0.0000414 | Loss : 0.0104 | Val loss: 0.0098
2026-01-10 07:37:22.580721 | Epoch:5671 | LR: 0.0000414 | Loss : 0.0092 | Val loss: 0.0095
2026-01-10 07:37:26.978705 | Epoch:5672 | LR: 0.0000414 | Loss : 0.0095 | Val loss: 0.0094
2026-01-10 07:37:31.352262 | Epoch:5673 | LR: 0.0000413 | Loss : 0.0094 | Val loss: 0.0094
2026-01-10 07:37:35.678816 | Epoch:5674 | LR: 0.0000413 | Loss : 0.0093 | Val loss: 0.0092
2026-01-10 07:37:39.938944 | Epoch:5675 | LR: 0.0000413 | Loss : 0.0095 | Val loss: 0.0093
2026-01-10 07:37:44.285782 | Epoch:5676 | LR: 0.0000413 | Loss : 0.0097 | Val loss: 0.0091
2026-01-10 07:37:48.500457 | Epoch:5677 | LR: 0.0000412 | Loss : 0.0096 | Val loss: 0.0093
2026-01-10 07:37:52.844572 | Epoch:5678 | LR: 0.0000412 | Loss : 0.0089 | Val loss: 0.0099
2026-01-10 07:37:57.113861 | Epoch:5679 | LR: 0.0000412 | Loss : 0.0091 | Val loss: 0.0089
2026-01-10 07:38:01.381206 | Epoch:5680 | LR: 0.0000412 | Loss : 0.0088 | Val loss: 0.0081
2026-01-10 07:38:05.690649 | Epoch:5681 | LR: 0.0000412 | Loss : 0.0096 | Val loss: 0.0094
2026-01-10 07:38:10.028984 | Epoch:5682 | LR: 0.0000411 | Loss : 0.0098 | Val loss: 0.0086
2026-01-10 07:38:14.347136 | Epoch:5683 | LR: 0.0000411 | Loss : 0.0090 | Val loss: 0.0092
2026-01-10 07:38:18.740138 | Epoch:5684 | LR: 0.0000411 | Loss : 0.0092 | Val loss: 0.0088
2026-01-10 07:38:23.100100 | Epoch:5685 | LR: 0.0000411 | Loss : 0.0094 | Val loss: 0.0099
2026-01-10 07:38:27.473900 | Epoch:5686 | LR: 0.0000410 | Loss : 0.0090 | Val loss: 0.0096
2026-01-10 07:38:31.864702 | Epoch:5687 | LR: 0.0000410 | Loss : 0.0093 | Val loss: 0.0089
2026-01-10 07:38:36.184878 | Epoch:5688 | LR: 0.0000410 | Loss : 0.0092 | Val loss: 0.0090
2026-01-10 07:38:40.461414 | Epoch:5689 | LR: 0.0000410 | Loss : 0.0086 | Val loss: 0.0096
2026-01-10 07:38:44.765684 | Epoch:5690 | LR: 0.0000409 | Loss : 0.0092 | Val loss: 0.0086
2026-01-10 07:38:49.008171 | Epoch:5691 | LR: 0.0000409 | Loss : 0.0087 | Val loss: 0.0096
2026-01-10 07:38:53.254457 | Epoch:5692 | LR: 0.0000409 | Loss : 0.0085 | Val loss: 0.0095
2026-01-10 07:38:57.644456 | Epoch:5693 | LR: 0.0000409 | Loss : 0.0091 | Val loss: 0.0095
2026-01-10 07:39:01.939289 | Epoch:5694 | LR: 0.0000408 | Loss : 0.0098 | Val loss: 0.0095
2026-01-10 07:39:06.222740 | Epoch:5695 | LR: 0.0000408 | Loss : 0.0095 | Val loss: 0.0090
2026-01-10 07:39:10.520558 | Epoch:5696 | LR: 0.0000408 | Loss : 0.0088 | Val loss: 0.0096
2026-01-10 07:39:14.853060 | Epoch:5697 | LR: 0.0000408 | Loss : 0.0090 | Val loss: 0.0101
2026-01-10 07:39:19.199300 | Epoch:5698 | LR: 0.0000407 | Loss : 0.0092 | Val loss: 0.0106
2026-01-10 07:39:23.536036 | Epoch:5699 | LR: 0.0000407 | Loss : 0.0091 | Val loss: 0.0098
2026-01-10 07:39:28.161853 | Epoch:5700 | LR: 0.0000407 | Loss : 0.0096 | Val loss: 0.0095
2026-01-10 07:39:32.573221 | Epoch:5701 | LR: 0.0000407 | Loss : 0.0093 | Val loss: 0.0094
2026-01-10 07:39:36.982141 | Epoch:5702 | LR: 0.0000406 | Loss : 0.0092 | Val loss: 0.0092
2026-01-10 07:39:41.378650 | Epoch:5703 | LR: 0.0000406 | Loss : 0.0094 | Val loss: 0.0091
2026-01-10 07:39:45.690930 | Epoch:5704 | LR: 0.0000406 | Loss : 0.0091 | Val loss: 0.0081
2026-01-10 07:39:51.887273 | Epoch:5705 | LR: 0.0000406 | Loss : 0.0086 | Val loss: 0.0092
2026-01-10 07:39:56.187642 | Epoch:5706 | LR: 0.0000405 | Loss : 0.0093 | Val loss: 0.0096
2026-01-10 07:40:00.535891 | Epoch:5707 | LR: 0.0000405 | Loss : 0.0096 | Val loss: 0.0089
2026-01-10 07:40:04.873200 | Epoch:5708 | LR: 0.0000405 | Loss : 0.0092 | Val loss: 0.0097
2026-01-10 07:40:09.333648 | Epoch:5709 | LR: 0.0000405 | Loss : 0.0089 | Val loss: 0.0094
2026-01-10 07:40:13.632923 | Epoch:5710 | LR: 0.0000404 | Loss : 0.0100 | Val loss: 0.0102
2026-01-10 07:40:17.949008 | Epoch:5711 | LR: 0.0000404 | Loss : 0.0089 | Val loss: 0.0092
2026-01-10 07:40:22.297583 | Epoch:5712 | LR: 0.0000404 | Loss : 0.0089 | Val loss: 0.0098
2026-01-10 07:40:26.622171 | Epoch:5713 | LR: 0.0000404 | Loss : 0.0095 | Val loss: 0.0087
2026-01-10 07:40:30.966589 | Epoch:5714 | LR: 0.0000403 | Loss : 0.0089 | Val loss: 0.0089
2026-01-10 07:40:35.302780 | Epoch:5715 | LR: 0.0000403 | Loss : 0.0091 | Val loss: 0.0091
2026-01-10 07:40:39.640548 | Epoch:5716 | LR: 0.0000403 | Loss : 0.0092 | Val loss: 0.0090
2026-01-10 07:40:43.967521 | Epoch:5717 | LR: 0.0000403 | Loss : 0.0096 | Val loss: 0.0087
2026-01-10 07:40:48.256813 | Epoch:5718 | LR: 0.0000402 | Loss : 0.0094 | Val loss: 0.0093
2026-01-10 07:40:52.602308 | Epoch:5719 | LR: 0.0000402 | Loss : 0.0091 | Val loss: 0.0100
2026-01-10 07:40:56.844804 | Epoch:5720 | LR: 0.0000402 | Loss : 0.0090 | Val loss: 0.0090
2026-01-10 07:41:01.200042 | Epoch:5721 | LR: 0.0000402 | Loss : 0.0094 | Val loss: 0.0089
2026-01-10 07:41:05.511647 | Epoch:5722 | LR: 0.0000401 | Loss : 0.0088 | Val loss: 0.0088
2026-01-10 07:41:09.855077 | Epoch:5723 | LR: 0.0000401 | Loss : 0.0095 | Val loss: 0.0099
2026-01-10 07:41:14.108435 | Epoch:5724 | LR: 0.0000401 | Loss : 0.0095 | Val loss: 0.0090
2026-01-10 07:41:18.373784 | Epoch:5725 | LR: 0.0000401 | Loss : 0.0092 | Val loss: 0.0091
2026-01-10 07:41:22.638504 | Epoch:5726 | LR: 0.0000400 | Loss : 0.0099 | Val loss: 0.0096
2026-01-10 07:41:26.846794 | Epoch:5727 | LR: 0.0000400 | Loss : 0.0091 | Val loss: 0.0090
2026-01-10 07:41:31.070398 | Epoch:5728 | LR: 0.0000400 | Loss : 0.0094 | Val loss: 0.0091
2026-01-10 07:41:35.572876 | Epoch:5729 | LR: 0.0000400 | Loss : 0.0091 | Val loss: 0.0098
2026-01-10 07:41:40.410441 | Epoch:5730 | LR: 0.0000399 | Loss : 0.0089 | Val loss: 0.0092
2026-01-10 07:41:44.949832 | Epoch:5731 | LR: 0.0000399 | Loss : 0.0093 | Val loss: 0.0094
2026-01-10 07:41:49.274156 | Epoch:5732 | LR: 0.0000399 | Loss : 0.0098 | Val loss: 0.0094
2026-01-10 07:41:53.867300 | Epoch:5733 | LR: 0.0000399 | Loss : 0.0099 | Val loss: 0.0087
2026-01-10 07:41:58.135118 | Epoch:5734 | LR: 0.0000398 | Loss : 0.0097 | Val loss: 0.0099
2026-01-10 07:42:02.416907 | Epoch:5735 | LR: 0.0000398 | Loss : 0.0093 | Val loss: 0.0099
2026-01-10 07:42:06.691208 | Epoch:5736 | LR: 0.0000398 | Loss : 0.0096 | Val loss: 0.0094
2026-01-10 07:42:10.995749 | Epoch:5737 | LR: 0.0000398 | Loss : 0.0093 | Val loss: 0.0087
2026-01-10 07:42:15.634898 | Epoch:5738 | LR: 0.0000397 | Loss : 0.0091 | Val loss: 0.0096
2026-01-10 07:42:19.941889 | Epoch:5739 | LR: 0.0000397 | Loss : 0.0089 | Val loss: 0.0091
2026-01-10 07:42:24.227664 | Epoch:5740 | LR: 0.0000397 | Loss : 0.0093 | Val loss: 0.0089
2026-01-10 07:42:28.553542 | Epoch:5741 | LR: 0.0000397 | Loss : 0.0093 | Val loss: 0.0103
2026-01-10 07:42:32.960349 | Epoch:5742 | LR: 0.0000396 | Loss : 0.0099 | Val loss: 0.0095
2026-01-10 07:42:37.314509 | Epoch:5743 | LR: 0.0000396 | Loss : 0.0092 | Val loss: 0.0088
2026-01-10 07:42:41.689811 | Epoch:5744 | LR: 0.0000396 | Loss : 0.0089 | Val loss: 0.0090
2026-01-10 07:42:46.076165 | Epoch:5745 | LR: 0.0000396 | Loss : 0.0091 | Val loss: 0.0090
2026-01-10 07:42:50.448220 | Epoch:5746 | LR: 0.0000395 | Loss : 0.0098 | Val loss: 0.0088
2026-01-10 07:42:54.859543 | Epoch:5747 | LR: 0.0000395 | Loss : 0.0088 | Val loss: 0.0089
2026-01-10 07:42:59.200401 | Epoch:5748 | LR: 0.0000395 | Loss : 0.0091 | Val loss: 0.0085
2026-01-10 07:43:03.493466 | Epoch:5749 | LR: 0.0000395 | Loss : 0.0089 | Val loss: 0.0088
2026-01-10 07:43:07.782496 | Epoch:5750 | LR: 0.0000394 | Loss : 0.0091 | Val loss: 0.0090
2026-01-10 07:43:12.096013 | Epoch:5751 | LR: 0.0000394 | Loss : 0.0090 | Val loss: 0.0094
2026-01-10 07:43:16.459774 | Epoch:5752 | LR: 0.0000394 | Loss : 0.0093 | Val loss: 0.0103
2026-01-10 07:43:20.853858 | Epoch:5753 | LR: 0.0000394 | Loss : 0.0093 | Val loss: 0.0094
2026-01-10 07:43:25.185948 | Epoch:5754 | LR: 0.0000393 | Loss : 0.0095 | Val loss: 0.0089
2026-01-10 07:43:29.536905 | Epoch:5755 | LR: 0.0000393 | Loss : 0.0095 | Val loss: 0.0096
2026-01-10 07:43:33.925919 | Epoch:5756 | LR: 0.0000393 | Loss : 0.0099 | Val loss: 0.0090
2026-01-10 07:43:38.307662 | Epoch:5757 | LR: 0.0000393 | Loss : 0.0089 | Val loss: 0.0094
2026-01-10 07:43:42.713607 | Epoch:5758 | LR: 0.0000392 | Loss : 0.0086 | Val loss: 0.0092
2026-01-10 07:43:47.107592 | Epoch:5759 | LR: 0.0000392 | Loss : 0.0085 | Val loss: 0.0080
2026-01-10 07:43:51.492014 | Epoch:5760 | LR: 0.0000392 | Loss : 0.0094 | Val loss: 0.0092
2026-01-10 07:43:55.938052 | Epoch:5761 | LR: 0.0000391 | Loss : 0.0087 | Val loss: 0.0091
2026-01-10 07:44:00.321267 | Epoch:5762 | LR: 0.0000391 | Loss : 0.0089 | Val loss: 0.0083
2026-01-10 07:44:04.615342 | Epoch:5763 | LR: 0.0000391 | Loss : 0.0091 | Val loss: 0.0084
2026-01-10 07:44:08.904652 | Epoch:5764 | LR: 0.0000391 | Loss : 0.0088 | Val loss: 0.0091
2026-01-10 07:44:13.188706 | Epoch:5765 | LR: 0.0000390 | Loss : 0.0095 | Val loss: 0.0084
2026-01-10 07:44:17.422244 | Epoch:5766 | LR: 0.0000390 | Loss : 0.0092 | Val loss: 0.0093
2026-01-10 07:44:21.732667 | Epoch:5767 | LR: 0.0000390 | Loss : 0.0090 | Val loss: 0.0089
2026-01-10 07:44:26.115176 | Epoch:5768 | LR: 0.0000390 | Loss : 0.0093 | Val loss: 0.0093
2026-01-10 07:44:30.496356 | Epoch:5769 | LR: 0.0000389 | Loss : 0.0091 | Val loss: 0.0084
2026-01-10 07:44:34.858159 | Epoch:5770 | LR: 0.0000389 | Loss : 0.0091 | Val loss: 0.0095
2026-01-10 07:44:39.209432 | Epoch:5771 | LR: 0.0000389 | Loss : 0.0094 | Val loss: 0.0095
2026-01-10 07:44:43.571070 | Epoch:5772 | LR: 0.0000389 | Loss : 0.0088 | Val loss: 0.0101
2026-01-10 07:44:47.921358 | Epoch:5773 | LR: 0.0000388 | Loss : 0.0091 | Val loss: 0.0090
2026-01-10 07:44:52.299473 | Epoch:5774 | LR: 0.0000388 | Loss : 0.0095 | Val loss: 0.0095
2026-01-10 07:44:56.681316 | Epoch:5775 | LR: 0.0000388 | Loss : 0.0094 | Val loss: 0.0093
2026-01-10 07:45:01.096217 | Epoch:5776 | LR: 0.0000388 | Loss : 0.0092 | Val loss: 0.0097
2026-01-10 07:45:05.487601 | Epoch:5777 | LR: 0.0000387 | Loss : 0.0096 | Val loss: 0.0093
2026-01-10 07:45:09.809051 | Epoch:5778 | LR: 0.0000387 | Loss : 0.0091 | Val loss: 0.0092
2026-01-10 07:45:14.121780 | Epoch:5779 | LR: 0.0000387 | Loss : 0.0092 | Val loss: 0.0086
2026-01-10 07:45:18.419565 | Epoch:5780 | LR: 0.0000387 | Loss : 0.0089 | Val loss: 0.0084
2026-01-10 07:45:22.756337 | Epoch:5781 | LR: 0.0000386 | Loss : 0.0083 | Val loss: 0.0087
2026-01-10 07:45:27.053961 | Epoch:5782 | LR: 0.0000386 | Loss : 0.0086 | Val loss: 0.0098
2026-01-10 07:45:31.575995 | Epoch:5783 | LR: 0.0000386 | Loss : 0.0093 | Val loss: 0.0087
2026-01-10 07:45:35.988886 | Epoch:5784 | LR: 0.0000385 | Loss : 0.0084 | Val loss: 0.0080
2026-01-10 07:45:40.390982 | Epoch:5785 | LR: 0.0000385 | Loss : 0.0084 | Val loss: 0.0092
2026-01-10 07:45:44.767040 | Epoch:5786 | LR: 0.0000385 | Loss : 0.0087 | Val loss: 0.0094
2026-01-10 07:45:49.090501 | Epoch:5787 | LR: 0.0000385 | Loss : 0.0091 | Val loss: 0.0093
2026-01-10 07:45:53.467499 | Epoch:5788 | LR: 0.0000384 | Loss : 0.0086 | Val loss: 0.0082
2026-01-10 07:45:57.942998 | Epoch:5789 | LR: 0.0000384 | Loss : 0.0086 | Val loss: 0.0081
2026-01-10 07:46:02.336011 | Epoch:5790 | LR: 0.0000384 | Loss : 0.0083 | Val loss: 0.0089
2026-01-10 07:46:06.696241 | Epoch:5791 | LR: 0.0000384 | Loss : 0.0086 | Val loss: 0.0093
2026-01-10 07:46:11.068966 | Epoch:5792 | LR: 0.0000383 | Loss : 0.0086 | Val loss: 0.0085
2026-01-10 07:46:15.443435 | Epoch:5793 | LR: 0.0000383 | Loss : 0.0083 | Val loss: 0.0094
2026-01-10 07:46:19.745165 | Epoch:5794 | LR: 0.0000383 | Loss : 0.0091 | Val loss: 0.0094
2026-01-10 07:46:24.022112 | Epoch:5795 | LR: 0.0000383 | Loss : 0.0090 | Val loss: 0.0082
2026-01-10 07:46:28.326408 | Epoch:5796 | LR: 0.0000382 | Loss : 0.0089 | Val loss: 0.0084
2026-01-10 07:46:32.616484 | Epoch:5797 | LR: 0.0000382 | Loss : 0.0091 | Val loss: 0.0092
2026-01-10 07:46:37.071083 | Epoch:5798 | LR: 0.0000382 | Loss : 0.0091 | Val loss: 0.0094
2026-01-10 07:46:41.430028 | Epoch:5799 | LR: 0.0000381 | Loss : 0.0089 | Val loss: 0.0098
2026-01-10 07:46:45.736312 | Epoch:5800 | LR: 0.0000381 | Loss : 0.0086 | Val loss: 0.0097
2026-01-10 07:46:50.073157 | Epoch:5801 | LR: 0.0000381 | Loss : 0.0092 | Val loss: 0.0097
2026-01-10 07:46:54.962509 | Epoch:5802 | LR: 0.0000381 | Loss : 0.0105 | Val loss: 0.0108
2026-01-10 07:46:59.502881 | Epoch:5803 | LR: 0.0000380 | Loss : 0.0104 | Val loss: 0.0098
2026-01-10 07:47:03.847597 | Epoch:5804 | LR: 0.0000380 | Loss : 0.0094 | Val loss: 0.0094
2026-01-10 07:47:08.413135 | Epoch:5805 | LR: 0.0000380 | Loss : 0.0088 | Val loss: 0.0103
2026-01-10 07:47:12.802983 | Epoch:5806 | LR: 0.0000380 | Loss : 0.0093 | Val loss: 0.0098
2026-01-10 07:47:17.138510 | Epoch:5807 | LR: 0.0000379 | Loss : 0.0090 | Val loss: 0.0088
2026-01-10 07:47:21.401534 | Epoch:5808 | LR: 0.0000379 | Loss : 0.0094 | Val loss: 0.0087
2026-01-10 07:47:25.679168 | Epoch:5809 | LR: 0.0000379 | Loss : 0.0090 | Val loss: 0.0085
2026-01-10 07:47:29.943809 | Epoch:5810 | LR: 0.0000379 | Loss : 0.0088 | Val loss: 0.0096
2026-01-10 07:47:34.239199 | Epoch:5811 | LR: 0.0000378 | Loss : 0.0088 | Val loss: 0.0090
2026-01-10 07:47:38.516185 | Epoch:5812 | LR: 0.0000378 | Loss : 0.0085 | Val loss: 0.0087
2026-01-10 07:47:42.910200 | Epoch:5813 | LR: 0.0000378 | Loss : 0.0086 | Val loss: 0.0085
2026-01-10 07:47:47.490258 | Epoch:5814 | LR: 0.0000377 | Loss : 0.0087 | Val loss: 0.0096
2026-01-10 07:47:51.824172 | Epoch:5815 | LR: 0.0000377 | Loss : 0.0088 | Val loss: 0.0091
2026-01-10 07:47:56.436716 | Epoch:5816 | LR: 0.0000377 | Loss : 0.0091 | Val loss: 0.0098
2026-01-10 07:48:00.796116 | Epoch:5817 | LR: 0.0000377 | Loss : 0.0083 | Val loss: 0.0090
2026-01-10 07:48:05.174588 | Epoch:5818 | LR: 0.0000376 | Loss : 0.0089 | Val loss: 0.0090
2026-01-10 07:48:09.539601 | Epoch:5819 | LR: 0.0000376 | Loss : 0.0090 | Val loss: 0.0083
2026-01-10 07:48:13.930732 | Epoch:5820 | LR: 0.0000376 | Loss : 0.0085 | Val loss: 0.0103
2026-01-10 07:48:18.301974 | Epoch:5821 | LR: 0.0000376 | Loss : 0.0087 | Val loss: 0.0083
2026-01-10 07:48:22.676985 | Epoch:5822 | LR: 0.0000375 | Loss : 0.0086 | Val loss: 0.0089
2026-01-10 07:48:27.176869 | Epoch:5823 | LR: 0.0000375 | Loss : 0.0092 | Val loss: 0.0082
2026-01-10 07:48:33.076013 | Epoch:5824 | LR: 0.0000375 | Loss : 0.0082 | Val loss: 0.0092
2026-01-10 07:48:37.349938 | Epoch:5825 | LR: 0.0000374 | Loss : 0.0085 | Val loss: 0.0085
2026-01-10 07:48:41.630355 | Epoch:5826 | LR: 0.0000374 | Loss : 0.0086 | Val loss: 0.0086
2026-01-10 07:48:45.999906 | Epoch:5827 | LR: 0.0000374 | Loss : 0.0087 | Val loss: 0.0090
2026-01-10 07:48:50.465790 | Epoch:5828 | LR: 0.0000374 | Loss : 0.0086 | Val loss: 0.0095
2026-01-10 07:48:54.841486 | Epoch:5829 | LR: 0.0000373 | Loss : 0.0090 | Val loss: 0.0093
2026-01-10 07:48:59.205674 | Epoch:5830 | LR: 0.0000373 | Loss : 0.0093 | Val loss: 0.0096
2026-01-10 07:49:03.497523 | Epoch:5831 | LR: 0.0000373 | Loss : 0.0089 | Val loss: 0.0083
2026-01-10 07:49:07.802817 | Epoch:5832 | LR: 0.0000373 | Loss : 0.0084 | Val loss: 0.0088
2026-01-10 07:49:12.135756 | Epoch:5833 | LR: 0.0000372 | Loss : 0.0088 | Val loss: 0.0085
2026-01-10 07:49:16.463983 | Epoch:5834 | LR: 0.0000372 | Loss : 0.0090 | Val loss: 0.0088
2026-01-10 07:49:20.862336 | Epoch:5835 | LR: 0.0000372 | Loss : 0.0092 | Val loss: 0.0083
2026-01-10 07:49:25.251239 | Epoch:5836 | LR: 0.0000371 | Loss : 0.0081 | Val loss: 0.0090
2026-01-10 07:49:29.576362 | Epoch:5837 | LR: 0.0000371 | Loss : 0.0085 | Val loss: 0.0088
2026-01-10 07:49:33.879273 | Epoch:5838 | LR: 0.0000371 | Loss : 0.0088 | Val loss: 0.0092
2026-01-10 07:49:38.149919 | Epoch:5839 | LR: 0.0000371 | Loss : 0.0092 | Val loss: 0.0085
2026-01-10 07:49:42.435373 | Epoch:5840 | LR: 0.0000370 | Loss : 0.0095 | Val loss: 0.0094
2026-01-10 07:49:46.738459 | Epoch:5841 | LR: 0.0000370 | Loss : 0.0090 | Val loss: 0.0077
2026-01-10 07:49:51.059754 | Epoch:5842 | LR: 0.0000370 | Loss : 0.0086 | Val loss: 0.0089
2026-01-10 07:49:55.423224 | Epoch:5843 | LR: 0.0000369 | Loss : 0.0086 | Val loss: 0.0092
2026-01-10 07:49:59.904255 | Epoch:5844 | LR: 0.0000369 | Loss : 0.0087 | Val loss: 0.0082
2026-01-10 07:50:04.305490 | Epoch:5845 | LR: 0.0000369 | Loss : 0.0084 | Val loss: 0.0088
2026-01-10 07:50:08.654593 | Epoch:5846 | LR: 0.0000369 | Loss : 0.0088 | Val loss: 0.0094
2026-01-10 07:50:12.990979 | Epoch:5847 | LR: 0.0000368 | Loss : 0.0093 | Val loss: 0.0085
2026-01-10 07:50:17.332023 | Epoch:5848 | LR: 0.0000368 | Loss : 0.0093 | Val loss: 0.0096
2026-01-10 07:50:21.650877 | Epoch:5849 | LR: 0.0000368 | Loss : 0.0089 | Val loss: 0.0089
2026-01-10 07:50:25.962656 | Epoch:5850 | LR: 0.0000368 | Loss : 0.0093 | Val loss: 0.0095
2026-01-10 07:50:30.263531 | Epoch:5851 | LR: 0.0000367 | Loss : 0.0092 | Val loss: 0.0086
2026-01-10 07:50:34.657709 | Epoch:5852 | LR: 0.0000367 | Loss : 0.0090 | Val loss: 0.0100
2026-01-10 07:50:38.961659 | Epoch:5853 | LR: 0.0000367 | Loss : 0.0094 | Val loss: 0.0082
2026-01-10 07:50:43.236080 | Epoch:5854 | LR: 0.0000366 | Loss : 0.0092 | Val loss: 0.0095
2026-01-10 07:50:47.482982 | Epoch:5855 | LR: 0.0000366 | Loss : 0.0093 | Val loss: 0.0093
2026-01-10 07:50:51.761801 | Epoch:5856 | LR: 0.0000366 | Loss : 0.0088 | Val loss: 0.0097
2026-01-10 07:50:56.066538 | Epoch:5857 | LR: 0.0000366 | Loss : 0.0091 | Val loss: 0.0084
2026-01-10 07:51:00.378238 | Epoch:5858 | LR: 0.0000365 | Loss : 0.0088 | Val loss: 0.0091
2026-01-10 07:51:04.761774 | Epoch:5859 | LR: 0.0000365 | Loss : 0.0086 | Val loss: 0.0091
2026-01-10 07:51:09.151752 | Epoch:5860 | LR: 0.0000365 | Loss : 0.0087 | Val loss: 0.0082
2026-01-10 07:51:13.472338 | Epoch:5861 | LR: 0.0000364 | Loss : 0.0087 | Val loss: 0.0085
2026-01-10 07:51:17.731376 | Epoch:5862 | LR: 0.0000364 | Loss : 0.0087 | Val loss: 0.0084
2026-01-10 07:51:22.016050 | Epoch:5863 | LR: 0.0000364 | Loss : 0.0086 | Val loss: 0.0093
2026-01-10 07:51:26.331890 | Epoch:5864 | LR: 0.0000364 | Loss : 0.0090 | Val loss: 0.0083
2026-01-10 07:51:30.704900 | Epoch:5865 | LR: 0.0000363 | Loss : 0.0091 | Val loss: 0.0090
2026-01-10 07:51:35.011736 | Epoch:5866 | LR: 0.0000363 | Loss : 0.0092 | Val loss: 0.0088
2026-01-10 07:51:39.352315 | Epoch:5867 | LR: 0.0000363 | Loss : 0.0091 | Val loss: 0.0088
2026-01-10 07:51:43.674410 | Epoch:5868 | LR: 0.0000362 | Loss : 0.0092 | Val loss: 0.0087
2026-01-10 07:51:47.974832 | Epoch:5869 | LR: 0.0000362 | Loss : 0.0085 | Val loss: 0.0080
2026-01-10 07:51:52.263907 | Epoch:5870 | LR: 0.0000362 | Loss : 0.0087 | Val loss: 0.0091
2026-01-10 07:51:56.470086 | Epoch:5871 | LR: 0.0000362 | Loss : 0.0084 | Val loss: 0.0082
2026-01-10 07:52:00.718047 | Epoch:5872 | LR: 0.0000361 | Loss : 0.0094 | Val loss: 0.0098
2026-01-10 07:52:04.951825 | Epoch:5873 | LR: 0.0000361 | Loss : 0.0085 | Val loss: 0.0088
2026-01-10 07:52:09.839638 | Epoch:5874 | LR: 0.0000361 | Loss : 0.0090 | Val loss: 0.0098
2026-01-10 07:52:14.492630 | Epoch:5875 | LR: 0.0000361 | Loss : 0.0091 | Val loss: 0.0088
2026-01-10 07:52:18.913428 | Epoch:5876 | LR: 0.0000360 | Loss : 0.0088 | Val loss: 0.0082
2026-01-10 07:52:23.392260 | Epoch:5877 | LR: 0.0000360 | Loss : 0.0083 | Val loss: 0.0090
2026-01-10 07:52:28.020795 | Epoch:5878 | LR: 0.0000360 | Loss : 0.0087 | Val loss: 0.0083
2026-01-10 07:52:32.705551 | Epoch:5879 | LR: 0.0000359 | Loss : 0.0091 | Val loss: 0.0088
2026-01-10 07:52:37.099691 | Epoch:5880 | LR: 0.0000359 | Loss : 0.0088 | Val loss: 0.0089
2026-01-10 07:52:41.644300 | Epoch:5881 | LR: 0.0000359 | Loss : 0.0089 | Val loss: 0.0091
2026-01-10 07:52:46.068736 | Epoch:5882 | LR: 0.0000359 | Loss : 0.0088 | Val loss: 0.0091
2026-01-10 07:52:50.467094 | Epoch:5883 | LR: 0.0000358 | Loss : 0.0093 | Val loss: 0.0095
2026-01-10 07:52:54.743773 | Epoch:5884 | LR: 0.0000358 | Loss : 0.0092 | Val loss: 0.0086
2026-01-10 07:52:59.040032 | Epoch:5885 | LR: 0.0000358 | Loss : 0.0089 | Val loss: 0.0092
2026-01-10 07:53:03.410541 | Epoch:5886 | LR: 0.0000357 | Loss : 0.0090 | Val loss: 0.0096
2026-01-10 07:53:07.717693 | Epoch:5887 | LR: 0.0000357 | Loss : 0.0083 | Val loss: 0.0080
2026-01-10 07:53:12.062901 | Epoch:5888 | LR: 0.0000357 | Loss : 0.0088 | Val loss: 0.0095
2026-01-10 07:53:16.496396 | Epoch:5889 | LR: 0.0000357 | Loss : 0.0085 | Val loss: 0.0095
2026-01-10 07:53:20.856311 | Epoch:5890 | LR: 0.0000356 | Loss : 0.0089 | Val loss: 0.0077
2026-01-10 07:53:25.260967 | Epoch:5891 | LR: 0.0000356 | Loss : 0.0088 | Val loss: 0.0085
2026-01-10 07:53:29.561253 | Epoch:5892 | LR: 0.0000356 | Loss : 0.0089 | Val loss: 0.0087
2026-01-10 07:53:33.878643 | Epoch:5893 | LR: 0.0000355 | Loss : 0.0089 | Val loss: 0.0084
2026-01-10 07:53:38.273943 | Epoch:5894 | LR: 0.0000355 | Loss : 0.0085 | Val loss: 0.0087
2026-01-10 07:53:42.601430 | Epoch:5895 | LR: 0.0000355 | Loss : 0.0093 | Val loss: 0.0092
2026-01-10 07:53:46.989972 | Epoch:5896 | LR: 0.0000355 | Loss : 0.0090 | Val loss: 0.0086
2026-01-10 07:53:51.349811 | Epoch:5897 | LR: 0.0000354 | Loss : 0.0086 | Val loss: 0.0088
2026-01-10 07:53:55.639879 | Epoch:5898 | LR: 0.0000354 | Loss : 0.0084 | Val loss: 0.0077
2026-01-10 07:53:59.897428 | Epoch:5899 | LR: 0.0000354 | Loss : 0.0087 | Val loss: 0.0091
2026-01-10 07:54:04.205686 | Epoch:5900 | LR: 0.0000353 | Loss : 0.0083 | Val loss: 0.0086
2026-01-10 07:54:08.546364 | Epoch:5901 | LR: 0.0000353 | Loss : 0.0084 | Val loss: 0.0090
2026-01-10 07:54:12.925848 | Epoch:5902 | LR: 0.0000353 | Loss : 0.0089 | Val loss: 0.0085
2026-01-10 07:54:17.337435 | Epoch:5903 | LR: 0.0000353 | Loss : 0.0086 | Val loss: 0.0081
2026-01-10 07:54:21.780952 | Epoch:5904 | LR: 0.0000352 | Loss : 0.0086 | Val loss: 0.0089
2026-01-10 07:54:26.129191 | Epoch:5905 | LR: 0.0000352 | Loss : 0.0087 | Val loss: 0.0084
2026-01-10 07:54:30.533308 | Epoch:5906 | LR: 0.0000352 | Loss : 0.0089 | Val loss: 0.0096
2026-01-10 07:54:34.819467 | Epoch:5907 | LR: 0.0000351 | Loss : 0.0095 | Val loss: 0.0090
2026-01-10 07:54:39.164540 | Epoch:5908 | LR: 0.0000351 | Loss : 0.0085 | Val loss: 0.0084
2026-01-10 07:54:43.474294 | Epoch:5909 | LR: 0.0000351 | Loss : 0.0090 | Val loss: 0.0084
2026-01-10 07:54:47.822228 | Epoch:5910 | LR: 0.0000351 | Loss : 0.0089 | Val loss: 0.0086
2026-01-10 07:54:52.157678 | Epoch:5911 | LR: 0.0000350 | Loss : 0.0088 | Val loss: 0.0096
2026-01-10 07:54:56.472847 | Epoch:5912 | LR: 0.0000350 | Loss : 0.0088 | Val loss: 0.0082
2026-01-10 07:55:00.832051 | Epoch:5913 | LR: 0.0000350 | Loss : 0.0088 | Val loss: 0.0093
2026-01-10 07:55:05.151381 | Epoch:5914 | LR: 0.0000349 | Loss : 0.0085 | Val loss: 0.0084
2026-01-10 07:55:09.440079 | Epoch:5915 | LR: 0.0000349 | Loss : 0.0088 | Val loss: 0.0081
2026-01-10 07:55:13.785367 | Epoch:5916 | LR: 0.0000349 | Loss : 0.0087 | Val loss: 0.0080
2026-01-10 07:55:18.073361 | Epoch:5917 | LR: 0.0000348 | Loss : 0.0088 | Val loss: 0.0088
2026-01-10 07:55:22.467230 | Epoch:5918 | LR: 0.0000348 | Loss : 0.0088 | Val loss: 0.0084
2026-01-10 07:55:26.991650 | Epoch:5919 | LR: 0.0000348 | Loss : 0.0086 | Val loss: 0.0088
2026-01-10 07:55:31.323351 | Epoch:5920 | LR: 0.0000348 | Loss : 0.0088 | Val loss: 0.0085
2026-01-10 07:55:35.646062 | Epoch:5921 | LR: 0.0000347 | Loss : 0.0084 | Val loss: 0.0085
2026-01-10 07:55:39.925772 | Epoch:5922 | LR: 0.0000347 | Loss : 0.0084 | Val loss: 0.0085
2026-01-10 07:55:44.540155 | Epoch:5923 | LR: 0.0000347 | Loss : 0.0091 | Val loss: 0.0083
2026-01-10 07:55:48.939442 | Epoch:5924 | LR: 0.0000346 | Loss : 0.0085 | Val loss: 0.0090
2026-01-10 07:55:53.300993 | Epoch:5925 | LR: 0.0000346 | Loss : 0.0083 | Val loss: 0.0090
2026-01-10 07:55:57.651562 | Epoch:5926 | LR: 0.0000346 | Loss : 0.0085 | Val loss: 0.0092
2026-01-10 07:56:02.082493 | Epoch:5927 | LR: 0.0000346 | Loss : 0.0085 | Val loss: 0.0083
2026-01-10 07:56:06.439927 | Epoch:5928 | LR: 0.0000345 | Loss : 0.0088 | Val loss: 0.0095
2026-01-10 07:56:10.743962 | Epoch:5929 | LR: 0.0000345 | Loss : 0.0087 | Val loss: 0.0086
2026-01-10 07:56:15.148332 | Epoch:5930 | LR: 0.0000345 | Loss : 0.0085 | Val loss: 0.0089
2026-01-10 07:56:19.478935 | Epoch:5931 | LR: 0.0000344 | Loss : 0.0088 | Val loss: 0.0088
2026-01-10 07:56:23.798571 | Epoch:5932 | LR: 0.0000344 | Loss : 0.0094 | Val loss: 0.0090
2026-01-10 07:56:28.189765 | Epoch:5933 | LR: 0.0000344 | Loss : 0.0092 | Val loss: 0.0094
2026-01-10 07:56:32.678340 | Epoch:5934 | LR: 0.0000344 | Loss : 0.0092 | Val loss: 0.0100
2026-01-10 07:56:37.047374 | Epoch:5935 | LR: 0.0000343 | Loss : 0.0086 | Val loss: 0.0093
2026-01-10 07:56:41.357339 | Epoch:5936 | LR: 0.0000343 | Loss : 0.0085 | Val loss: 0.0087
2026-01-10 07:56:45.700208 | Epoch:5937 | LR: 0.0000343 | Loss : 0.0096 | Val loss: 0.0099
2026-01-10 07:56:50.376216 | Epoch:5938 | LR: 0.0000342 | Loss : 0.0096 | Val loss: 0.0097
2026-01-10 07:56:54.780440 | Epoch:5939 | LR: 0.0000342 | Loss : 0.0088 | Val loss: 0.0087
2026-01-10 07:56:59.187152 | Epoch:5940 | LR: 0.0000342 | Loss : 0.0089 | Val loss: 0.0091
2026-01-10 07:57:03.590567 | Epoch:5941 | LR: 0.0000341 | Loss : 0.0088 | Val loss: 0.0094
2026-01-10 07:57:08.029959 | Epoch:5942 | LR: 0.0000341 | Loss : 0.0082 | Val loss: 0.0088
2026-01-10 07:57:12.343103 | Epoch:5943 | LR: 0.0000341 | Loss : 0.0097 | Val loss: 0.0082
2026-01-10 07:57:16.593576 | Epoch:5944 | LR: 0.0000341 | Loss : 0.0087 | Val loss: 0.0092
2026-01-10 07:57:20.852994 | Epoch:5945 | LR: 0.0000340 | Loss : 0.0090 | Val loss: 0.0088
2026-01-10 07:57:25.741098 | Epoch:5946 | LR: 0.0000340 | Loss : 0.0082 | Val loss: 0.0095
2026-01-10 07:57:30.342754 | Epoch:5947 | LR: 0.0000340 | Loss : 0.0091 | Val loss: 0.0084
2026-01-10 07:57:34.852587 | Epoch:5948 | LR: 0.0000339 | Loss : 0.0086 | Val loss: 0.0085
2026-01-10 07:57:39.473137 | Epoch:5949 | LR: 0.0000339 | Loss : 0.0082 | Val loss: 0.0079
2026-01-10 07:57:44.001615 | Epoch:5950 | LR: 0.0000339 | Loss : 0.0088 | Val loss: 0.0089
2026-01-10 07:57:48.313517 | Epoch:5951 | LR: 0.0000339 | Loss : 0.0084 | Val loss: 0.0093
2026-01-10 07:57:52.650518 | Epoch:5952 | LR: 0.0000338 | Loss : 0.0085 | Val loss: 0.0092
2026-01-10 07:57:57.023049 | Epoch:5953 | LR: 0.0000338 | Loss : 0.0083 | Val loss: 0.0083
2026-01-10 07:58:01.389174 | Epoch:5954 | LR: 0.0000338 | Loss : 0.0085 | Val loss: 0.0087
2026-01-10 07:58:05.744983 | Epoch:5955 | LR: 0.0000337 | Loss : 0.0086 | Val loss: 0.0083
2026-01-10 07:58:10.113573 | Epoch:5956 | LR: 0.0000337 | Loss : 0.0085 | Val loss: 0.0093
2026-01-10 07:58:14.534828 | Epoch:5957 | LR: 0.0000337 | Loss : 0.0078 | Val loss: 0.0087
2026-01-10 07:58:18.854344 | Epoch:5958 | LR: 0.0000336 | Loss : 0.0086 | Val loss: 0.0076
2026-01-10 07:58:23.149897 | Epoch:5959 | LR: 0.0000336 | Loss : 0.0081 | Val loss: 0.0085
2026-01-10 07:58:27.463628 | Epoch:5960 | LR: 0.0000336 | Loss : 0.0082 | Val loss: 0.0093
2026-01-10 07:58:31.808255 | Epoch:5961 | LR: 0.0000336 | Loss : 0.0084 | Val loss: 0.0089
2026-01-10 07:58:36.166391 | Epoch:5962 | LR: 0.0000335 | Loss : 0.0087 | Val loss: 0.0088
2026-01-10 07:58:40.559504 | Epoch:5963 | LR: 0.0000335 | Loss : 0.0085 | Val loss: 0.0079
2026-01-10 07:58:45.025857 | Epoch:5964 | LR: 0.0000335 | Loss : 0.0087 | Val loss: 0.0082
2026-01-10 07:58:49.300824 | Epoch:5965 | LR: 0.0000334 | Loss : 0.0085 | Val loss: 0.0083
2026-01-10 07:58:53.580334 | Epoch:5966 | LR: 0.0000334 | Loss : 0.0089 | Val loss: 0.0084
2026-01-10 07:58:57.862629 | Epoch:5967 | LR: 0.0000334 | Loss : 0.0085 | Val loss: 0.0088
2026-01-10 07:59:02.235076 | Epoch:5968 | LR: 0.0000334 | Loss : 0.0090 | Val loss: 0.0086
2026-01-10 07:59:06.593112 | Epoch:5969 | LR: 0.0000333 | Loss : 0.0087 | Val loss: 0.0089
2026-01-10 07:59:10.960450 | Epoch:5970 | LR: 0.0000333 | Loss : 0.0080 | Val loss: 0.0083
2026-01-10 07:59:15.315182 | Epoch:5971 | LR: 0.0000333 | Loss : 0.0080 | Val loss: 0.0086
2026-01-10 07:59:19.720266 | Epoch:5972 | LR: 0.0000332 | Loss : 0.0081 | Val loss: 0.0087
2026-01-10 07:59:24.094534 | Epoch:5973 | LR: 0.0000332 | Loss : 0.0082 | Val loss: 0.0083
2026-01-10 07:59:30.515202 | Epoch:5974 | LR: 0.0000332 | Loss : 0.0088 | Val loss: 0.0088
2026-01-10 07:59:34.855949 | Epoch:5975 | LR: 0.0000331 | Loss : 0.0090 | Val loss: 0.0090
2026-01-10 07:59:39.215727 | Epoch:5976 | LR: 0.0000331 | Loss : 0.0081 | Val loss: 0.0084
2026-01-10 07:59:43.600734 | Epoch:5977 | LR: 0.0000331 | Loss : 0.0083 | Val loss: 0.0084
2026-01-10 07:59:48.042595 | Epoch:5978 | LR: 0.0000331 | Loss : 0.0085 | Val loss: 0.0083
2026-01-10 07:59:52.475616 | Epoch:5979 | LR: 0.0000330 | Loss : 0.0084 | Val loss: 0.0086
2026-01-10 07:59:57.225976 | Epoch:5980 | LR: 0.0000330 | Loss : 0.0085 | Val loss: 0.0084
2026-01-10 08:00:01.508213 | Epoch:5981 | LR: 0.0000330 | Loss : 0.0087 | Val loss: 0.0075
2026-01-10 08:00:05.887670 | Epoch:5982 | LR: 0.0000329 | Loss : 0.0092 | Val loss: 0.0083
2026-01-10 08:00:10.242651 | Epoch:5983 | LR: 0.0000329 | Loss : 0.0087 | Val loss: 0.0091
2026-01-10 08:00:14.591115 | Epoch:5984 | LR: 0.0000329 | Loss : 0.0087 | Val loss: 0.0091
2026-01-10 08:00:18.947886 | Epoch:5985 | LR: 0.0000328 | Loss : 0.0091 | Val loss: 0.0084
2026-01-10 08:00:23.304090 | Epoch:5986 | LR: 0.0000328 | Loss : 0.0085 | Val loss: 0.0082
2026-01-10 08:00:27.674679 | Epoch:5987 | LR: 0.0000328 | Loss : 0.0083 | Val loss: 0.0083
2026-01-10 08:00:32.255338 | Epoch:5988 | LR: 0.0000328 | Loss : 0.0085 | Val loss: 0.0084
2026-01-10 08:00:36.596222 | Epoch:5989 | LR: 0.0000327 | Loss : 0.0082 | Val loss: 0.0090
2026-01-10 08:00:40.949378 | Epoch:5990 | LR: 0.0000327 | Loss : 0.0083 | Val loss: 0.0083
2026-01-10 08:00:45.357802 | Epoch:5991 | LR: 0.0000327 | Loss : 0.0085 | Val loss: 0.0083
2026-01-10 08:00:49.757876 | Epoch:5992 | LR: 0.0000326 | Loss : 0.0090 | Val loss: 0.0085
2026-01-10 08:00:54.181267 | Epoch:5993 | LR: 0.0000326 | Loss : 0.0088 | Val loss: 0.0086
2026-01-10 08:00:58.589766 | Epoch:5994 | LR: 0.0000326 | Loss : 0.0089 | Val loss: 0.0084
2026-01-10 08:01:02.984015 | Epoch:5995 | LR: 0.0000325 | Loss : 0.0092 | Val loss: 0.0082
2026-01-10 08:01:07.283308 | Epoch:5996 | LR: 0.0000325 | Loss : 0.0082 | Val loss: 0.0091
2026-01-10 08:01:11.635213 | Epoch:5997 | LR: 0.0000325 | Loss : 0.0084 | Val loss: 0.0086
2026-01-10 08:01:16.014995 | Epoch:5998 | LR: 0.0000325 | Loss : 0.0083 | Val loss: 0.0087
2026-01-10 08:01:20.394602 | Epoch:5999 | LR: 0.0000324 | Loss : 0.0090 | Val loss: 0.0081
2026-01-10 08:01:24.750282 | Epoch:6000 | LR: 0.0000324 | Loss : 0.0082 | Val loss: 0.0081
2026-01-10 08:01:29.145023 | Epoch:6001 | LR: 0.0000324 | Loss : 0.0084 | Val loss: 0.0084
2026-01-10 08:01:33.543517 | Epoch:6002 | LR: 0.0000323 | Loss : 0.0082 | Val loss: 0.0085
2026-01-10 08:01:37.979435 | Epoch:6003 | LR: 0.0000323 | Loss : 0.0085 | Val loss: 0.0084
2026-01-10 08:01:42.336272 | Epoch:6004 | LR: 0.0000323 | Loss : 0.0082 | Val loss: 0.0087
2026-01-10 08:01:46.685500 | Epoch:6005 | LR: 0.0000322 | Loss : 0.0087 | Val loss: 0.0088
2026-01-10 08:01:51.067416 | Epoch:6006 | LR: 0.0000322 | Loss : 0.0085 | Val loss: 0.0093
2026-01-10 08:01:55.455862 | Epoch:6007 | LR: 0.0000322 | Loss : 0.0085 | Val loss: 0.0079
2026-01-10 08:01:59.832267 | Epoch:6008 | LR: 0.0000322 | Loss : 0.0088 | Val loss: 0.0085
2026-01-10 08:02:04.215537 | Epoch:6009 | LR: 0.0000321 | Loss : 0.0084 | Val loss: 0.0084
2026-01-10 08:02:08.549559 | Epoch:6010 | LR: 0.0000321 | Loss : 0.0088 | Val loss: 0.0083
2026-01-10 08:02:12.768823 | Epoch:6011 | LR: 0.0000321 | Loss : 0.0083 | Val loss: 0.0082
2026-01-10 08:02:17.081589 | Epoch:6012 | LR: 0.0000320 | Loss : 0.0082 | Val loss: 0.0076
2026-01-10 08:02:21.403542 | Epoch:6013 | LR: 0.0000320 | Loss : 0.0094 | Val loss: 0.0089
2026-01-10 08:02:25.720829 | Epoch:6014 | LR: 0.0000320 | Loss : 0.0084 | Val loss: 0.0091
2026-01-10 08:02:29.943732 | Epoch:6015 | LR: 0.0000319 | Loss : 0.0089 | Val loss: 0.0087
2026-01-10 08:02:34.179017 | Epoch:6016 | LR: 0.0000319 | Loss : 0.0083 | Val loss: 0.0081
2026-01-10 08:02:38.562612 | Epoch:6017 | LR: 0.0000319 | Loss : 0.0087 | Val loss: 0.0085
2026-01-10 08:02:43.524492 | Epoch:6018 | LR: 0.0000319 | Loss : 0.0079 | Val loss: 0.0081
2026-01-10 08:02:48.056148 | Epoch:6019 | LR: 0.0000318 | Loss : 0.0083 | Val loss: 0.0087
2026-01-10 08:02:52.290780 | Epoch:6020 | LR: 0.0000318 | Loss : 0.0083 | Val loss: 0.0082
2026-01-10 08:02:56.917671 | Epoch:6021 | LR: 0.0000318 | Loss : 0.0084 | Val loss: 0.0087
2026-01-10 08:03:01.345839 | Epoch:6022 | LR: 0.0000317 | Loss : 0.0085 | Val loss: 0.0082
2026-01-10 08:03:05.855562 | Epoch:6023 | LR: 0.0000317 | Loss : 0.0086 | Val loss: 0.0082
2026-01-10 08:03:10.343154 | Epoch:6024 | LR: 0.0000317 | Loss : 0.0088 | Val loss: 0.0093
2026-01-10 08:03:14.768268 | Epoch:6025 | LR: 0.0000316 | Loss : 0.0087 | Val loss: 0.0085
2026-01-10 08:03:19.043612 | Epoch:6026 | LR: 0.0000316 | Loss : 0.0089 | Val loss: 0.0090
2026-01-10 08:03:23.348812 | Epoch:6027 | LR: 0.0000316 | Loss : 0.0088 | Val loss: 0.0077
2026-01-10 08:03:27.675195 | Epoch:6028 | LR: 0.0000315 | Loss : 0.0084 | Val loss: 0.0082
2026-01-10 08:03:31.996578 | Epoch:6029 | LR: 0.0000315 | Loss : 0.0089 | Val loss: 0.0083
2026-01-10 08:03:36.777745 | Epoch:6030 | LR: 0.0000315 | Loss : 0.0083 | Val loss: 0.0081
2026-01-10 08:03:41.268118 | Epoch:6031 | LR: 0.0000315 | Loss : 0.0083 | Val loss: 0.0091
2026-01-10 08:03:45.651479 | Epoch:6032 | LR: 0.0000314 | Loss : 0.0082 | Val loss: 0.0083
2026-01-10 08:03:50.074209 | Epoch:6033 | LR: 0.0000314 | Loss : 0.0082 | Val loss: 0.0078
2026-01-10 08:03:54.463970 | Epoch:6034 | LR: 0.0000314 | Loss : 0.0086 | Val loss: 0.0090
2026-01-10 08:03:58.810211 | Epoch:6035 | LR: 0.0000313 | Loss : 0.0080 | Val loss: 0.0082
2026-01-10 08:04:03.214531 | Epoch:6036 | LR: 0.0000313 | Loss : 0.0081 | Val loss: 0.0087
2026-01-10 08:04:07.579381 | Epoch:6037 | LR: 0.0000313 | Loss : 0.0083 | Val loss: 0.0084
2026-01-10 08:04:11.909693 | Epoch:6038 | LR: 0.0000312 | Loss : 0.0084 | Val loss: 0.0083
2026-01-10 08:04:16.293353 | Epoch:6039 | LR: 0.0000312 | Loss : 0.0086 | Val loss: 0.0084
2026-01-10 08:04:20.623842 | Epoch:6040 | LR: 0.0000312 | Loss : 0.0091 | Val loss: 0.0089
2026-01-10 08:04:24.944785 | Epoch:6041 | LR: 0.0000312 | Loss : 0.0083 | Val loss: 0.0081
2026-01-10 08:04:29.251232 | Epoch:6042 | LR: 0.0000311 | Loss : 0.0085 | Val loss: 0.0077
2026-01-10 08:04:33.601316 | Epoch:6043 | LR: 0.0000311 | Loss : 0.0083 | Val loss: 0.0082
2026-01-10 08:04:37.982267 | Epoch:6044 | LR: 0.0000311 | Loss : 0.0093 | Val loss: 0.0089
2026-01-10 08:04:42.379394 | Epoch:6045 | LR: 0.0000310 | Loss : 0.0083 | Val loss: 0.0084
2026-01-10 08:04:46.802294 | Epoch:6046 | LR: 0.0000310 | Loss : 0.0078 | Val loss: 0.0084
2026-01-10 08:04:51.191921 | Epoch:6047 | LR: 0.0000310 | Loss : 0.0085 | Val loss: 0.0089
2026-01-10 08:04:55.589183 | Epoch:6048 | LR: 0.0000309 | Loss : 0.0084 | Val loss: 0.0078
2026-01-10 08:05:00.008575 | Epoch:6049 | LR: 0.0000309 | Loss : 0.0081 | Val loss: 0.0086
2026-01-10 08:05:04.395850 | Epoch:6050 | LR: 0.0000309 | Loss : 0.0093 | Val loss: 0.0083
2026-01-10 08:05:08.808050 | Epoch:6051 | LR: 0.0000308 | Loss : 0.0091 | Val loss: 0.0083
2026-01-10 08:05:13.257949 | Epoch:6052 | LR: 0.0000308 | Loss : 0.0085 | Val loss: 0.0097
2026-01-10 08:05:17.551505 | Epoch:6053 | LR: 0.0000308 | Loss : 0.0083 | Val loss: 0.0081
2026-01-10 08:05:21.951498 | Epoch:6054 | LR: 0.0000308 | Loss : 0.0086 | Val loss: 0.0084
2026-01-10 08:05:26.196577 | Epoch:6055 | LR: 0.0000307 | Loss : 0.0091 | Val loss: 0.0096
2026-01-10 08:05:30.823207 | Epoch:6056 | LR: 0.0000307 | Loss : 0.0084 | Val loss: 0.0084
2026-01-10 08:05:35.161779 | Epoch:6057 | LR: 0.0000307 | Loss : 0.0080 | Val loss: 0.0077
2026-01-10 08:05:39.583977 | Epoch:6058 | LR: 0.0000306 | Loss : 0.0090 | Val loss: 0.0078
2026-01-10 08:05:43.945734 | Epoch:6059 | LR: 0.0000306 | Loss : 0.0083 | Val loss: 0.0073
2026-01-10 08:05:48.329671 | Epoch:6060 | LR: 0.0000306 | Loss : 0.0083 | Val loss: 0.0081
2026-01-10 08:05:52.717160 | Epoch:6061 | LR: 0.0000305 | Loss : 0.0080 | Val loss: 0.0085
2026-01-10 08:05:57.143224 | Epoch:6062 | LR: 0.0000305 | Loss : 0.0081 | Val loss: 0.0086
2026-01-10 08:06:01.558754 | Epoch:6063 | LR: 0.0000305 | Loss : 0.0080 | Val loss: 0.0084
2026-01-10 08:06:05.930341 | Epoch:6064 | LR: 0.0000305 | Loss : 0.0084 | Val loss: 0.0083
2026-01-10 08:06:10.285530 | Epoch:6065 | LR: 0.0000304 | Loss : 0.0085 | Val loss: 0.0086
2026-01-10 08:06:14.654050 | Epoch:6066 | LR: 0.0000304 | Loss : 0.0083 | Val loss: 0.0091
2026-01-10 08:06:19.040378 | Epoch:6067 | LR: 0.0000304 | Loss : 0.0084 | Val loss: 0.0080
2026-01-10 08:06:23.352568 | Epoch:6068 | LR: 0.0000303 | Loss : 0.0090 | Val loss: 0.0092
2026-01-10 08:06:27.737279 | Epoch:6069 | LR: 0.0000303 | Loss : 0.0084 | Val loss: 0.0091
2026-01-10 08:06:32.010976 | Epoch:6070 | LR: 0.0000303 | Loss : 0.0085 | Val loss: 0.0087
2026-01-10 08:06:36.345112 | Epoch:6071 | LR: 0.0000302 | Loss : 0.0084 | Val loss: 0.0085
2026-01-10 08:06:40.619964 | Epoch:6072 | LR: 0.0000302 | Loss : 0.0082 | Val loss: 0.0086
2026-01-10 08:06:44.945856 | Epoch:6073 | LR: 0.0000302 | Loss : 0.0081 | Val loss: 0.0082
2026-01-10 08:06:49.290485 | Epoch:6074 | LR: 0.0000301 | Loss : 0.0084 | Val loss: 0.0084
2026-01-10 08:06:53.658601 | Epoch:6075 | LR: 0.0000301 | Loss : 0.0082 | Val loss: 0.0086
2026-01-10 08:06:58.026330 | Epoch:6076 | LR: 0.0000301 | Loss : 0.0079 | Val loss: 0.0079
2026-01-10 08:07:02.396046 | Epoch:6077 | LR: 0.0000301 | Loss : 0.0085 | Val loss: 0.0085
2026-01-10 08:07:06.759435 | Epoch:6078 | LR: 0.0000300 | Loss : 0.0084 | Val loss: 0.0084
2026-01-10 08:07:11.099099 | Epoch:6079 | LR: 0.0000300 | Loss : 0.0079 | Val loss: 0.0092
2026-01-10 08:07:15.455230 | Epoch:6080 | LR: 0.0000300 | Loss : 0.0083 | Val loss: 0.0086
2026-01-10 08:07:19.833325 | Epoch:6081 | LR: 0.0000299 | Loss : 0.0083 | Val loss: 0.0093
2026-01-10 08:07:24.256296 | Epoch:6082 | LR: 0.0000299 | Loss : 0.0077 | Val loss: 0.0083
2026-01-10 08:07:28.604936 | Epoch:6083 | LR: 0.0000299 | Loss : 0.0083 | Val loss: 0.0081
2026-01-10 08:07:32.945243 | Epoch:6084 | LR: 0.0000298 | Loss : 0.0084 | Val loss: 0.0078
2026-01-10 08:07:37.230234 | Epoch:6085 | LR: 0.0000298 | Loss : 0.0083 | Val loss: 0.0093
2026-01-10 08:07:41.565162 | Epoch:6086 | LR: 0.0000298 | Loss : 0.0082 | Val loss: 0.0084
2026-01-10 08:07:45.707636 | Epoch:6087 | LR: 0.0000297 | Loss : 0.0083 | Val loss: 0.0084
2026-01-10 08:07:49.850452 | Epoch:6088 | LR: 0.0000297 | Loss : 0.0084 | Val loss: 0.0081
2026-01-10 08:07:54.096353 | Epoch:6089 | LR: 0.0000297 | Loss : 0.0087 | Val loss: 0.0082
2026-01-10 08:07:59.078456 | Epoch:6090 | LR: 0.0000297 | Loss : 0.0081 | Val loss: 0.0087
2026-01-10 08:08:03.672992 | Epoch:6091 | LR: 0.0000296 | Loss : 0.0088 | Val loss: 0.0088
2026-01-10 08:08:07.975086 | Epoch:6092 | LR: 0.0000296 | Loss : 0.0083 | Val loss: 0.0083
2026-01-10 08:08:12.746814 | Epoch:6093 | LR: 0.0000296 | Loss : 0.0082 | Val loss: 0.0083
2026-01-10 08:08:17.182546 | Epoch:6094 | LR: 0.0000295 | Loss : 0.0080 | Val loss: 0.0074
2026-01-10 08:08:21.767795 | Epoch:6095 | LR: 0.0000295 | Loss : 0.0078 | Val loss: 0.0082
2026-01-10 08:08:26.374826 | Epoch:6096 | LR: 0.0000295 | Loss : 0.0086 | Val loss: 0.0081
2026-01-10 08:08:32.886087 | Epoch:6097 | LR: 0.0000294 | Loss : 0.0082 | Val loss: 0.0086
2026-01-10 08:08:37.440672 | Epoch:6098 | LR: 0.0000294 | Loss : 0.0078 | Val loss: 0.0086
2026-01-10 08:08:41.781128 | Epoch:6099 | LR: 0.0000294 | Loss : 0.0082 | Val loss: 0.0079
2026-01-10 08:08:46.187514 | Epoch:6100 | LR: 0.0000293 | Loss : 0.0082 | Val loss: 0.0092
2026-01-10 08:08:50.434558 | Epoch:6101 | LR: 0.0000293 | Loss : 0.0085 | Val loss: 0.0086
2026-01-10 08:08:54.723871 | Epoch:6102 | LR: 0.0000293 | Loss : 0.0083 | Val loss: 0.0080
2026-01-10 08:08:59.039045 | Epoch:6103 | LR: 0.0000293 | Loss : 0.0079 | Val loss: 0.0078
2026-01-10 08:09:03.387096 | Epoch:6104 | LR: 0.0000292 | Loss : 0.0084 | Val loss: 0.0087
2026-01-10 08:09:07.723123 | Epoch:6105 | LR: 0.0000292 | Loss : 0.0082 | Val loss: 0.0082
2026-01-10 08:09:12.082596 | Epoch:6106 | LR: 0.0000292 | Loss : 0.0084 | Val loss: 0.0080
2026-01-10 08:09:16.468481 | Epoch:6107 | LR: 0.0000291 | Loss : 0.0084 | Val loss: 0.0082
2026-01-10 08:09:20.845823 | Epoch:6108 | LR: 0.0000291 | Loss : 0.0086 | Val loss: 0.0086
2026-01-10 08:09:25.167712 | Epoch:6109 | LR: 0.0000291 | Loss : 0.0081 | Val loss: 0.0083
2026-01-10 08:09:29.495045 | Epoch:6110 | LR: 0.0000290 | Loss : 0.0082 | Val loss: 0.0081
2026-01-10 08:09:33.816267 | Epoch:6111 | LR: 0.0000290 | Loss : 0.0082 | Val loss: 0.0082
2026-01-10 08:09:38.087721 | Epoch:6112 | LR: 0.0000290 | Loss : 0.0080 | Val loss: 0.0078
2026-01-10 08:09:42.322228 | Epoch:6113 | LR: 0.0000289 | Loss : 0.0082 | Val loss: 0.0086
2026-01-10 08:09:46.702667 | Epoch:6114 | LR: 0.0000289 | Loss : 0.0087 | Val loss: 0.0078
2026-01-10 08:09:50.979965 | Epoch:6115 | LR: 0.0000289 | Loss : 0.0083 | Val loss: 0.0080
2026-01-10 08:09:55.198351 | Epoch:6116 | LR: 0.0000288 | Loss : 0.0085 | Val loss: 0.0081
2026-01-10 08:09:59.482559 | Epoch:6117 | LR: 0.0000288 | Loss : 0.0082 | Val loss: 0.0080
2026-01-10 08:10:03.765043 | Epoch:6118 | LR: 0.0000288 | Loss : 0.0085 | Val loss: 0.0092
2026-01-10 08:10:08.067352 | Epoch:6119 | LR: 0.0000288 | Loss : 0.0079 | Val loss: 0.0079
2026-01-10 08:10:12.412496 | Epoch:6120 | LR: 0.0000287 | Loss : 0.0078 | Val loss: 0.0084
2026-01-10 08:10:16.780291 | Epoch:6121 | LR: 0.0000287 | Loss : 0.0084 | Val loss: 0.0083
2026-01-10 08:10:21.131030 | Epoch:6122 | LR: 0.0000287 | Loss : 0.0081 | Val loss: 0.0077
2026-01-10 08:10:25.468484 | Epoch:6123 | LR: 0.0000286 | Loss : 0.0081 | Val loss: 0.0089
2026-01-10 08:10:29.837543 | Epoch:6124 | LR: 0.0000286 | Loss : 0.0085 | Val loss: 0.0078
2026-01-10 08:10:34.234085 | Epoch:6125 | LR: 0.0000286 | Loss : 0.0081 | Val loss: 0.0085
2026-01-10 08:10:38.562820 | Epoch:6126 | LR: 0.0000285 | Loss : 0.0084 | Val loss: 0.0080
2026-01-10 08:10:42.918359 | Epoch:6127 | LR: 0.0000285 | Loss : 0.0083 | Val loss: 0.0079
2026-01-10 08:10:47.226691 | Epoch:6128 | LR: 0.0000285 | Loss : 0.0084 | Val loss: 0.0079
2026-01-10 08:10:51.645202 | Epoch:6129 | LR: 0.0000284 | Loss : 0.0082 | Val loss: 0.0082
2026-01-10 08:10:55.972142 | Epoch:6130 | LR: 0.0000284 | Loss : 0.0083 | Val loss: 0.0079
2026-01-10 08:11:00.326405 | Epoch:6131 | LR: 0.0000284 | Loss : 0.0081 | Val loss: 0.0081
2026-01-10 08:11:04.644056 | Epoch:6132 | LR: 0.0000283 | Loss : 0.0082 | Val loss: 0.0077
2026-01-10 08:11:08.956283 | Epoch:6133 | LR: 0.0000283 | Loss : 0.0081 | Val loss: 0.0082
2026-01-10 08:11:13.279946 | Epoch:6134 | LR: 0.0000283 | Loss : 0.0083 | Val loss: 0.0091
2026-01-10 08:11:17.600935 | Epoch:6135 | LR: 0.0000283 | Loss : 0.0081 | Val loss: 0.0090
2026-01-10 08:11:21.932809 | Epoch:6136 | LR: 0.0000282 | Loss : 0.0081 | Val loss: 0.0089
2026-01-10 08:11:26.540810 | Epoch:6137 | LR: 0.0000282 | Loss : 0.0085 | Val loss: 0.0083
2026-01-10 08:11:31.154709 | Epoch:6138 | LR: 0.0000282 | Loss : 0.0080 | Val loss: 0.0090
2026-01-10 08:11:35.533092 | Epoch:6139 | LR: 0.0000281 | Loss : 0.0083 | Val loss: 0.0080
2026-01-10 08:11:39.979143 | Epoch:6140 | LR: 0.0000281 | Loss : 0.0083 | Val loss: 0.0083
2026-01-10 08:11:44.316512 | Epoch:6141 | LR: 0.0000281 | Loss : 0.0081 | Val loss: 0.0084
2026-01-10 08:11:48.819376 | Epoch:6142 | LR: 0.0000280 | Loss : 0.0082 | Val loss: 0.0075
2026-01-10 08:11:53.169470 | Epoch:6143 | LR: 0.0000280 | Loss : 0.0081 | Val loss: 0.0081
2026-01-10 08:11:57.472052 | Epoch:6144 | LR: 0.0000280 | Loss : 0.0089 | Val loss: 0.0085
2026-01-10 08:12:01.679877 | Epoch:6145 | LR: 0.0000279 | Loss : 0.0090 | Val loss: 0.0080
2026-01-10 08:12:05.993973 | Epoch:6146 | LR: 0.0000279 | Loss : 0.0085 | Val loss: 0.0080
2026-01-10 08:12:10.306927 | Epoch:6147 | LR: 0.0000279 | Loss : 0.0076 | Val loss: 0.0076
2026-01-10 08:12:14.623200 | Epoch:6148 | LR: 0.0000278 | Loss : 0.0080 | Val loss: 0.0079
2026-01-10 08:12:19.126056 | Epoch:6149 | LR: 0.0000278 | Loss : 0.0081 | Val loss: 0.0094
2026-01-10 08:12:23.479637 | Epoch:6150 | LR: 0.0000278 | Loss : 0.0080 | Val loss: 0.0088
2026-01-10 08:12:27.854914 | Epoch:6151 | LR: 0.0000278 | Loss : 0.0083 | Val loss: 0.0082
2026-01-10 08:12:32.213350 | Epoch:6152 | LR: 0.0000277 | Loss : 0.0082 | Val loss: 0.0085
2026-01-10 08:12:36.580101 | Epoch:6153 | LR: 0.0000277 | Loss : 0.0085 | Val loss: 0.0082
2026-01-10 08:12:40.945309 | Epoch:6154 | LR: 0.0000277 | Loss : 0.0080 | Val loss: 0.0079
2026-01-10 08:12:45.326862 | Epoch:6155 | LR: 0.0000276 | Loss : 0.0078 | Val loss: 0.0089
2026-01-10 08:12:49.638756 | Epoch:6156 | LR: 0.0000276 | Loss : 0.0081 | Val loss: 0.0081
2026-01-10 08:12:54.034513 | Epoch:6157 | LR: 0.0000276 | Loss : 0.0083 | Val loss: 0.0080
2026-01-10 08:12:58.351405 | Epoch:6158 | LR: 0.0000275 | Loss : 0.0079 | Val loss: 0.0075
2026-01-10 08:13:02.675052 | Epoch:6159 | LR: 0.0000275 | Loss : 0.0082 | Val loss: 0.0077
2026-01-10 08:13:06.798414 | Epoch:6160 | LR: 0.0000275 | Loss : 0.0076 | Val loss: 0.0082
2026-01-10 08:13:11.166809 | Epoch:6161 | LR: 0.0000274 | Loss : 0.0082 | Val loss: 0.0081
2026-01-10 08:13:15.833825 | Epoch:6162 | LR: 0.0000274 | Loss : 0.0081 | Val loss: 0.0078
2026-01-10 08:13:20.329612 | Epoch:6163 | LR: 0.0000274 | Loss : 0.0081 | Val loss: 0.0081
2026-01-10 08:13:24.585381 | Epoch:6164 | LR: 0.0000273 | Loss : 0.0078 | Val loss: 0.0083
2026-01-10 08:13:29.225230 | Epoch:6165 | LR: 0.0000273 | Loss : 0.0083 | Val loss: 0.0094
2026-01-10 08:13:33.672902 | Epoch:6166 | LR: 0.0000273 | Loss : 0.0084 | Val loss: 0.0084
2026-01-10 08:13:38.059549 | Epoch:6167 | LR: 0.0000273 | Loss : 0.0088 | Val loss: 0.0083
2026-01-10 08:13:42.422405 | Epoch:6168 | LR: 0.0000272 | Loss : 0.0089 | Val loss: 0.0090
2026-01-10 08:13:46.789901 | Epoch:6169 | LR: 0.0000272 | Loss : 0.0081 | Val loss: 0.0078
2026-01-10 08:13:51.220394 | Epoch:6170 | LR: 0.0000272 | Loss : 0.0087 | Val loss: 0.0099
2026-01-10 08:13:55.521949 | Epoch:6171 | LR: 0.0000271 | Loss : 0.0081 | Val loss: 0.0086
2026-01-10 08:13:59.788762 | Epoch:6172 | LR: 0.0000271 | Loss : 0.0086 | Val loss: 0.0086
2026-01-10 08:14:04.181945 | Epoch:6173 | LR: 0.0000271 | Loss : 0.0085 | Val loss: 0.0090
2026-01-10 08:14:08.544162 | Epoch:6174 | LR: 0.0000270 | Loss : 0.0082 | Val loss: 0.0076
2026-01-10 08:14:12.801569 | Epoch:6175 | LR: 0.0000270 | Loss : 0.0084 | Val loss: 0.0079
2026-01-10 08:14:17.168512 | Epoch:6176 | LR: 0.0000270 | Loss : 0.0078 | Val loss: 0.0084
2026-01-10 08:14:21.461698 | Epoch:6177 | LR: 0.0000269 | Loss : 0.0079 | Val loss: 0.0079
2026-01-10 08:14:25.789130 | Epoch:6178 | LR: 0.0000269 | Loss : 0.0077 | Val loss: 0.0080
2026-01-10 08:14:30.142058 | Epoch:6179 | LR: 0.0000269 | Loss : 0.0085 | Val loss: 0.0086
2026-01-10 08:14:34.508973 | Epoch:6180 | LR: 0.0000268 | Loss : 0.0077 | Val loss: 0.0090
2026-01-10 08:14:38.850146 | Epoch:6181 | LR: 0.0000268 | Loss : 0.0078 | Val loss: 0.0089
2026-01-10 08:14:43.187844 | Epoch:6182 | LR: 0.0000268 | Loss : 0.0081 | Val loss: 0.0087
2026-01-10 08:14:47.535821 | Epoch:6183 | LR: 0.0000267 | Loss : 0.0079 | Val loss: 0.0077
2026-01-10 08:14:51.898857 | Epoch:6184 | LR: 0.0000267 | Loss : 0.0084 | Val loss: 0.0086
2026-01-10 08:14:56.222764 | Epoch:6185 | LR: 0.0000267 | Loss : 0.0078 | Val loss: 0.0080
2026-01-10 08:15:00.508434 | Epoch:6186 | LR: 0.0000267 | Loss : 0.0080 | Val loss: 0.0085
2026-01-10 08:15:04.824550 | Epoch:6187 | LR: 0.0000266 | Loss : 0.0082 | Val loss: 0.0086
2026-01-10 08:15:09.184972 | Epoch:6188 | LR: 0.0000266 | Loss : 0.0082 | Val loss: 0.0086
2026-01-10 08:15:13.568127 | Epoch:6189 | LR: 0.0000266 | Loss : 0.0080 | Val loss: 0.0080
2026-01-10 08:15:17.801928 | Epoch:6190 | LR: 0.0000265 | Loss : 0.0080 | Val loss: 0.0084
2026-01-10 08:15:22.064360 | Epoch:6191 | LR: 0.0000265 | Loss : 0.0078 | Val loss: 0.0079
2026-01-10 08:15:26.353794 | Epoch:6192 | LR: 0.0000265 | Loss : 0.0083 | Val loss: 0.0085
2026-01-10 08:15:30.657051 | Epoch:6193 | LR: 0.0000264 | Loss : 0.0085 | Val loss: 0.0084
2026-01-10 08:15:35.006300 | Epoch:6194 | LR: 0.0000264 | Loss : 0.0078 | Val loss: 0.0080
2026-01-10 08:15:39.373140 | Epoch:6195 | LR: 0.0000264 | Loss : 0.0084 | Val loss: 0.0074
2026-01-10 08:15:43.768825 | Epoch:6196 | LR: 0.0000263 | Loss : 0.0079 | Val loss: 0.0078
2026-01-10 08:15:48.095550 | Epoch:6197 | LR: 0.0000263 | Loss : 0.0083 | Val loss: 0.0083
2026-01-10 08:15:52.443976 | Epoch:6198 | LR: 0.0000263 | Loss : 0.0083 | Val loss: 0.0081
2026-01-10 08:15:56.963439 | Epoch:6199 | LR: 0.0000262 | Loss : 0.0081 | Val loss: 0.0080
2026-01-10 08:16:01.279814 | Epoch:6200 | LR: 0.0000262 | Loss : 0.0080 | Val loss: 0.0087
2026-01-10 08:16:05.549561 | Epoch:6201 | LR: 0.0000262 | Loss : 0.0084 | Val loss: 0.0083
2026-01-10 08:16:10.061347 | Epoch:6202 | LR: 0.0000262 | Loss : 0.0083 | Val loss: 0.0080
2026-01-10 08:16:14.351157 | Epoch:6203 | LR: 0.0000261 | Loss : 0.0079 | Val loss: 0.0081
2026-01-10 08:16:18.721191 | Epoch:6204 | LR: 0.0000261 | Loss : 0.0077 | Val loss: 0.0084
2026-01-10 08:16:22.922184 | Epoch:6205 | LR: 0.0000261 | Loss : 0.0081 | Val loss: 0.0082
2026-01-10 08:16:27.176182 | Epoch:6206 | LR: 0.0000260 | Loss : 0.0081 | Val loss: 0.0084
2026-01-10 08:16:31.483095 | Epoch:6207 | LR: 0.0000260 | Loss : 0.0085 | Val loss: 0.0087
2026-01-10 08:16:35.769070 | Epoch:6208 | LR: 0.0000260 | Loss : 0.0079 | Val loss: 0.0089
2026-01-10 08:16:40.090548 | Epoch:6209 | LR: 0.0000259 | Loss : 0.0082 | Val loss: 0.0078
2026-01-10 08:16:44.455813 | Epoch:6210 | LR: 0.0000259 | Loss : 0.0086 | Val loss: 0.0086
2026-01-10 08:16:48.868507 | Epoch:6211 | LR: 0.0000259 | Loss : 0.0087 | Val loss: 0.0085
2026-01-10 08:16:53.269414 | Epoch:6212 | LR: 0.0000258 | Loss : 0.0078 | Val loss: 0.0085
2026-01-10 08:16:57.630864 | Epoch:6213 | LR: 0.0000258 | Loss : 0.0082 | Val loss: 0.0079
2026-01-10 08:17:02.036898 | Epoch:6214 | LR: 0.0000258 | Loss : 0.0084 | Val loss: 0.0078
2026-01-10 08:17:06.371828 | Epoch:6215 | LR: 0.0000257 | Loss : 0.0076 | Val loss: 0.0084
2026-01-10 08:17:10.685050 | Epoch:6216 | LR: 0.0000257 | Loss : 0.0080 | Val loss: 0.0081
2026-01-10 08:17:14.988923 | Epoch:6217 | LR: 0.0000257 | Loss : 0.0084 | Val loss: 0.0080
2026-01-10 08:17:19.401066 | Epoch:6218 | LR: 0.0000256 | Loss : 0.0084 | Val loss: 0.0074
2026-01-10 08:17:23.742686 | Epoch:6219 | LR: 0.0000256 | Loss : 0.0082 | Val loss: 0.0080
2026-01-10 08:17:28.036385 | Epoch:6220 | LR: 0.0000256 | Loss : 0.0078 | Val loss: 0.0084
2026-01-10 08:17:32.289726 | Epoch:6221 | LR: 0.0000256 | Loss : 0.0082 | Val loss: 0.0080
2026-01-10 08:17:36.721928 | Epoch:6222 | LR: 0.0000255 | Loss : 0.0081 | Val loss: 0.0088
2026-01-10 08:17:40.996880 | Epoch:6223 | LR: 0.0000255 | Loss : 0.0080 | Val loss: 0.0082
2026-01-10 08:17:45.332992 | Epoch:6224 | LR: 0.0000255 | Loss : 0.0085 | Val loss: 0.0079
2026-01-10 08:17:49.656639 | Epoch:6225 | LR: 0.0000254 | Loss : 0.0083 | Val loss: 0.0079
2026-01-10 08:17:53.991088 | Epoch:6226 | LR: 0.0000254 | Loss : 0.0083 | Val loss: 0.0082
2026-01-10 08:17:58.337272 | Epoch:6227 | LR: 0.0000254 | Loss : 0.0082 | Val loss: 0.0083
2026-01-10 08:18:02.669174 | Epoch:6228 | LR: 0.0000253 | Loss : 0.0080 | Val loss: 0.0087
2026-01-10 08:18:07.022979 | Epoch:6229 | LR: 0.0000253 | Loss : 0.0078 | Val loss: 0.0091
2026-01-10 08:18:11.323309 | Epoch:6230 | LR: 0.0000253 | Loss : 0.0080 | Val loss: 0.0088
2026-01-10 08:18:15.520238 | Epoch:6231 | LR: 0.0000252 | Loss : 0.0080 | Val loss: 0.0079
2026-01-10 08:18:19.658607 | Epoch:6232 | LR: 0.0000252 | Loss : 0.0077 | Val loss: 0.0084
2026-01-10 08:18:23.842621 | Epoch:6233 | LR: 0.0000252 | Loss : 0.0079 | Val loss: 0.0081
2026-01-10 08:18:28.377387 | Epoch:6234 | LR: 0.0000251 | Loss : 0.0075 | Val loss: 0.0081
2026-01-10 08:18:33.047049 | Epoch:6235 | LR: 0.0000251 | Loss : 0.0082 | Val loss: 0.0084
2026-01-10 08:18:37.403702 | Epoch:6236 | LR: 0.0000251 | Loss : 0.0087 | Val loss: 0.0085
2026-01-10 08:18:41.601476 | Epoch:6237 | LR: 0.0000250 | Loss : 0.0080 | Val loss: 0.0076
2026-01-10 08:18:46.630061 | Epoch:6238 | LR: 0.0000250 | Loss : 0.0082 | Val loss: 0.0078
2026-01-10 08:18:50.952815 | Epoch:6239 | LR: 0.0000250 | Loss : 0.0083 | Val loss: 0.0081
2026-01-10 08:18:55.238929 | Epoch:6240 | LR: 0.0000250 | Loss : 0.0084 | Val loss: 0.0087
2026-01-10 08:18:59.559074 | Epoch:6241 | LR: 0.0000249 | Loss : 0.0079 | Val loss: 0.0083
2026-01-10 08:19:03.878494 | Epoch:6242 | LR: 0.0000249 | Loss : 0.0080 | Val loss: 0.0091
2026-01-10 08:19:08.530729 | Epoch:6243 | LR: 0.0000249 | Loss : 0.0082 | Val loss: 0.0086
2026-01-10 08:19:13.149397 | Epoch:6244 | LR: 0.0000248 | Loss : 0.0082 | Val loss: 0.0080
2026-01-10 08:19:17.403778 | Epoch:6245 | LR: 0.0000248 | Loss : 0.0080 | Val loss: 0.0079
2026-01-10 08:19:21.639493 | Epoch:6246 | LR: 0.0000248 | Loss : 0.0078 | Val loss: 0.0073
2026-01-10 08:19:25.954659 | Epoch:6247 | LR: 0.0000247 | Loss : 0.0080 | Val loss: 0.0072
2026-01-10 08:19:30.196870 | Epoch:6248 | LR: 0.0000247 | Loss : 0.0079 | Val loss: 0.0079
2026-01-10 08:19:34.422787 | Epoch:6249 | LR: 0.0000247 | Loss : 0.0081 | Val loss: 0.0079
2026-01-10 08:19:38.666323 | Epoch:6250 | LR: 0.0000246 | Loss : 0.0087 | Val loss: 0.0077
2026-01-10 08:19:42.854078 | Epoch:6251 | LR: 0.0000246 | Loss : 0.0083 | Val loss: 0.0081
2026-01-10 08:19:47.109330 | Epoch:6252 | LR: 0.0000246 | Loss : 0.0083 | Val loss: 0.0083
2026-01-10 08:19:51.398375 | Epoch:6253 | LR: 0.0000245 | Loss : 0.0081 | Val loss: 0.0075
2026-01-10 08:19:57.838304 | Epoch:6254 | LR: 0.0000245 | Loss : 0.0078 | Val loss: 0.0083
2026-01-10 08:20:02.189979 | Epoch:6255 | LR: 0.0000245 | Loss : 0.0084 | Val loss: 0.0083
2026-01-10 08:20:06.531484 | Epoch:6256 | LR: 0.0000244 | Loss : 0.0080 | Val loss: 0.0090
2026-01-10 08:20:10.920828 | Epoch:6257 | LR: 0.0000244 | Loss : 0.0079 | Val loss: 0.0088
2026-01-10 08:20:15.278206 | Epoch:6258 | LR: 0.0000244 | Loss : 0.0078 | Val loss: 0.0079
2026-01-10 08:20:19.665619 | Epoch:6259 | LR: 0.0000244 | Loss : 0.0083 | Val loss: 0.0081
2026-01-10 08:20:23.943124 | Epoch:6260 | LR: 0.0000243 | Loss : 0.0082 | Val loss: 0.0088
2026-01-10 08:20:28.217811 | Epoch:6261 | LR: 0.0000243 | Loss : 0.0076 | Val loss: 0.0078
2026-01-10 08:20:32.486943 | Epoch:6262 | LR: 0.0000243 | Loss : 0.0081 | Val loss: 0.0076
2026-01-10 08:20:36.831659 | Epoch:6263 | LR: 0.0000242 | Loss : 0.0077 | Val loss: 0.0078
2026-01-10 08:20:41.179036 | Epoch:6264 | LR: 0.0000242 | Loss : 0.0077 | Val loss: 0.0075
2026-01-10 08:20:45.595510 | Epoch:6265 | LR: 0.0000242 | Loss : 0.0074 | Val loss: 0.0077
2026-01-10 08:20:49.856169 | Epoch:6266 | LR: 0.0000241 | Loss : 0.0081 | Val loss: 0.0076
2026-01-10 08:20:54.174811 | Epoch:6267 | LR: 0.0000241 | Loss : 0.0079 | Val loss: 0.0078
2026-01-10 08:20:58.485255 | Epoch:6268 | LR: 0.0000241 | Loss : 0.0083 | Val loss: 0.0076
2026-01-10 08:21:02.816513 | Epoch:6269 | LR: 0.0000240 | Loss : 0.0080 | Val loss: 0.0078
2026-01-10 08:21:07.264662 | Epoch:6270 | LR: 0.0000240 | Loss : 0.0073 | Val loss: 0.0083
2026-01-10 08:21:11.630723 | Epoch:6271 | LR: 0.0000240 | Loss : 0.0078 | Val loss: 0.0079
2026-01-10 08:21:16.011524 | Epoch:6272 | LR: 0.0000239 | Loss : 0.0080 | Val loss: 0.0079
2026-01-10 08:21:20.384581 | Epoch:6273 | LR: 0.0000239 | Loss : 0.0089 | Val loss: 0.0077
2026-01-10 08:21:24.745200 | Epoch:6274 | LR: 0.0000239 | Loss : 0.0079 | Val loss: 0.0078
2026-01-10 08:21:29.091685 | Epoch:6275 | LR: 0.0000238 | Loss : 0.0081 | Val loss: 0.0083
2026-01-10 08:21:33.390976 | Epoch:6276 | LR: 0.0000238 | Loss : 0.0081 | Val loss: 0.0078
2026-01-10 08:21:37.654963 | Epoch:6277 | LR: 0.0000238 | Loss : 0.0081 | Val loss: 0.0081
2026-01-10 08:21:41.972753 | Epoch:6278 | LR: 0.0000238 | Loss : 0.0077 | Val loss: 0.0080
2026-01-10 08:21:46.205888 | Epoch:6279 | LR: 0.0000237 | Loss : 0.0082 | Val loss: 0.0078
2026-01-10 08:21:50.633928 | Epoch:6280 | LR: 0.0000237 | Loss : 0.0080 | Val loss: 0.0083
2026-01-10 08:21:54.873591 | Epoch:6281 | LR: 0.0000237 | Loss : 0.0078 | Val loss: 0.0084
2026-01-10 08:21:59.199402 | Epoch:6282 | LR: 0.0000236 | Loss : 0.0082 | Val loss: 0.0078
2026-01-10 08:22:03.519135 | Epoch:6283 | LR: 0.0000236 | Loss : 0.0080 | Val loss: 0.0075
2026-01-10 08:22:07.881669 | Epoch:6284 | LR: 0.0000236 | Loss : 0.0080 | Val loss: 0.0075
2026-01-10 08:22:12.265715 | Epoch:6285 | LR: 0.0000235 | Loss : 0.0079 | Val loss: 0.0084
2026-01-10 08:22:16.660184 | Epoch:6286 | LR: 0.0000235 | Loss : 0.0082 | Val loss: 0.0077
2026-01-10 08:22:21.026208 | Epoch:6287 | LR: 0.0000235 | Loss : 0.0079 | Val loss: 0.0078
2026-01-10 08:22:25.431436 | Epoch:6288 | LR: 0.0000234 | Loss : 0.0077 | Val loss: 0.0090
2026-01-10 08:22:29.807467 | Epoch:6289 | LR: 0.0000234 | Loss : 0.0077 | Val loss: 0.0077
2026-01-10 08:22:34.125655 | Epoch:6290 | LR: 0.0000234 | Loss : 0.0076 | Val loss: 0.0080
2026-01-10 08:22:38.418825 | Epoch:6291 | LR: 0.0000233 | Loss : 0.0078 | Val loss: 0.0081
2026-01-10 08:22:42.671764 | Epoch:6292 | LR: 0.0000233 | Loss : 0.0075 | Val loss: 0.0077
2026-01-10 08:22:46.967395 | Epoch:6293 | LR: 0.0000233 | Loss : 0.0081 | Val loss: 0.0079
2026-01-10 08:22:51.301294 | Epoch:6294 | LR: 0.0000233 | Loss : 0.0077 | Val loss: 0.0075
2026-01-10 08:22:55.732786 | Epoch:6295 | LR: 0.0000232 | Loss : 0.0082 | Val loss: 0.0080
2026-01-10 08:23:00.052086 | Epoch:6296 | LR: 0.0000232 | Loss : 0.0083 | Val loss: 0.0073
2026-01-10 08:23:04.325433 | Epoch:6297 | LR: 0.0000232 | Loss : 0.0084 | Val loss: 0.0082
2026-01-10 08:23:08.621801 | Epoch:6298 | LR: 0.0000231 | Loss : 0.0077 | Val loss: 0.0071
2026-01-10 08:23:12.985244 | Epoch:6299 | LR: 0.0000231 | Loss : 0.0079 | Val loss: 0.0083
2026-01-10 08:23:17.371385 | Epoch:6300 | LR: 0.0000231 | Loss : 0.0084 | Val loss: 0.0080
2026-01-10 08:23:21.730725 | Epoch:6301 | LR: 0.0000230 | Loss : 0.0080 | Val loss: 0.0083
2026-01-10 08:23:26.096585 | Epoch:6302 | LR: 0.0000230 | Loss : 0.0081 | Val loss: 0.0082
2026-01-10 08:23:30.385710 | Epoch:6303 | LR: 0.0000230 | Loss : 0.0077 | Val loss: 0.0070
2026-01-10 08:23:34.625589 | Epoch:6304 | LR: 0.0000229 | Loss : 0.0077 | Val loss: 0.0083
2026-01-10 08:23:38.844868 | Epoch:6305 | LR: 0.0000229 | Loss : 0.0077 | Val loss: 0.0079
2026-01-10 08:23:43.395326 | Epoch:6306 | LR: 0.0000229 | Loss : 0.0079 | Val loss: 0.0084
2026-01-10 08:23:47.972011 | Epoch:6307 | LR: 0.0000228 | Loss : 0.0081 | Val loss: 0.0077
2026-01-10 08:23:52.676404 | Epoch:6308 | LR: 0.0000228 | Loss : 0.0081 | Val loss: 0.0079
2026-01-10 08:23:57.126389 | Epoch:6309 | LR: 0.0000228 | Loss : 0.0080 | Val loss: 0.0077
2026-01-10 08:24:02.049274 | Epoch:6310 | LR: 0.0000227 | Loss : 0.0081 | Val loss: 0.0083
2026-01-10 08:24:06.380021 | Epoch:6311 | LR: 0.0000227 | Loss : 0.0079 | Val loss: 0.0079
2026-01-10 08:24:10.678275 | Epoch:6312 | LR: 0.0000227 | Loss : 0.0082 | Val loss: 0.0079
2026-01-10 08:24:14.974632 | Epoch:6313 | LR: 0.0000227 | Loss : 0.0078 | Val loss: 0.0081
2026-01-10 08:24:19.258026 | Epoch:6314 | LR: 0.0000226 | Loss : 0.0081 | Val loss: 0.0082
2026-01-10 08:24:23.579928 | Epoch:6315 | LR: 0.0000226 | Loss : 0.0080 | Val loss: 0.0077
2026-01-10 08:24:27.900019 | Epoch:6316 | LR: 0.0000226 | Loss : 0.0081 | Val loss: 0.0077
2026-01-10 08:24:32.246110 | Epoch:6317 | LR: 0.0000225 | Loss : 0.0080 | Val loss: 0.0077
2026-01-10 08:24:36.590771 | Epoch:6318 | LR: 0.0000225 | Loss : 0.0085 | Val loss: 0.0080
2026-01-10 08:24:40.966591 | Epoch:6319 | LR: 0.0000225 | Loss : 0.0076 | Val loss: 0.0078
2026-01-10 08:24:45.260175 | Epoch:6320 | LR: 0.0000224 | Loss : 0.0078 | Val loss: 0.0074
2026-01-10 08:24:49.528872 | Epoch:6321 | LR: 0.0000224 | Loss : 0.0075 | Val loss: 0.0083
2026-01-10 08:24:53.743239 | Epoch:6322 | LR: 0.0000224 | Loss : 0.0078 | Val loss: 0.0081
2026-01-10 08:24:57.979834 | Epoch:6323 | LR: 0.0000223 | Loss : 0.0075 | Val loss: 0.0073
2026-01-10 08:25:02.387702 | Epoch:6324 | LR: 0.0000223 | Loss : 0.0074 | Val loss: 0.0081
2026-01-10 08:25:06.680054 | Epoch:6325 | LR: 0.0000223 | Loss : 0.0080 | Val loss: 0.0083
2026-01-10 08:25:11.039060 | Epoch:6326 | LR: 0.0000222 | Loss : 0.0078 | Val loss: 0.0083
2026-01-10 08:25:15.373438 | Epoch:6327 | LR: 0.0000222 | Loss : 0.0083 | Val loss: 0.0070
2026-01-10 08:25:19.709714 | Epoch:6328 | LR: 0.0000222 | Loss : 0.0077 | Val loss: 0.0081
2026-01-10 08:25:24.030628 | Epoch:6329 | LR: 0.0000222 | Loss : 0.0075 | Val loss: 0.0076
2026-01-10 08:25:28.375311 | Epoch:6330 | LR: 0.0000221 | Loss : 0.0080 | Val loss: 0.0087
2026-01-10 08:25:32.686225 | Epoch:6331 | LR: 0.0000221 | Loss : 0.0079 | Val loss: 0.0081
2026-01-10 08:25:36.999924 | Epoch:6332 | LR: 0.0000221 | Loss : 0.0077 | Val loss: 0.0073
2026-01-10 08:25:41.358763 | Epoch:6333 | LR: 0.0000220 | Loss : 0.0078 | Val loss: 0.0077
2026-01-10 08:25:45.665582 | Epoch:6334 | LR: 0.0000220 | Loss : 0.0078 | Val loss: 0.0079
2026-01-10 08:25:49.958057 | Epoch:6335 | LR: 0.0000220 | Loss : 0.0080 | Val loss: 0.0075
2026-01-10 08:25:54.251894 | Epoch:6336 | LR: 0.0000219 | Loss : 0.0079 | Val loss: 0.0079
2026-01-10 08:25:58.497389 | Epoch:6337 | LR: 0.0000219 | Loss : 0.0079 | Val loss: 0.0074
2026-01-10 08:26:02.827913 | Epoch:6338 | LR: 0.0000219 | Loss : 0.0080 | Val loss: 0.0076
2026-01-10 08:26:07.033193 | Epoch:6339 | LR: 0.0000218 | Loss : 0.0082 | Val loss: 0.0074
2026-01-10 08:26:11.335705 | Epoch:6340 | LR: 0.0000218 | Loss : 0.0079 | Val loss: 0.0080
2026-01-10 08:26:15.739063 | Epoch:6341 | LR: 0.0000218 | Loss : 0.0078 | Val loss: 0.0079
2026-01-10 08:26:20.048638 | Epoch:6342 | LR: 0.0000217 | Loss : 0.0075 | Val loss: 0.0077
2026-01-10 08:26:24.454385 | Epoch:6343 | LR: 0.0000217 | Loss : 0.0077 | Val loss: 0.0078
2026-01-10 08:26:28.778936 | Epoch:6344 | LR: 0.0000217 | Loss : 0.0075 | Val loss: 0.0083
2026-01-10 08:26:33.135667 | Epoch:6345 | LR: 0.0000217 | Loss : 0.0074 | Val loss: 0.0077
2026-01-10 08:26:37.544292 | Epoch:6346 | LR: 0.0000216 | Loss : 0.0077 | Val loss: 0.0076
2026-01-10 08:26:41.935824 | Epoch:6347 | LR: 0.0000216 | Loss : 0.0080 | Val loss: 0.0075
2026-01-10 08:26:46.294623 | Epoch:6348 | LR: 0.0000216 | Loss : 0.0078 | Val loss: 0.0072
2026-01-10 08:26:50.728459 | Epoch:6349 | LR: 0.0000215 | Loss : 0.0075 | Val loss: 0.0071
2026-01-10 08:26:55.333047 | Epoch:6350 | LR: 0.0000215 | Loss : 0.0075 | Val loss: 0.0079
2026-01-10 08:26:59.967312 | Epoch:6351 | LR: 0.0000215 | Loss : 0.0077 | Val loss: 0.0085
2026-01-10 08:27:04.198201 | Epoch:6352 | LR: 0.0000214 | Loss : 0.0082 | Val loss: 0.0078
2026-01-10 08:27:08.526504 | Epoch:6353 | LR: 0.0000214 | Loss : 0.0074 | Val loss: 0.0082
2026-01-10 08:27:12.803094 | Epoch:6354 | LR: 0.0000214 | Loss : 0.0075 | Val loss: 0.0081
2026-01-10 08:27:17.140640 | Epoch:6355 | LR: 0.0000213 | Loss : 0.0079 | Val loss: 0.0075
2026-01-10 08:27:21.513545 | Epoch:6356 | LR: 0.0000213 | Loss : 0.0080 | Val loss: 0.0069
2026-01-10 08:27:25.931922 | Epoch:6357 | LR: 0.0000213 | Loss : 0.0078 | Val loss: 0.0079
2026-01-10 08:27:30.292117 | Epoch:6358 | LR: 0.0000212 | Loss : 0.0077 | Val loss: 0.0076
2026-01-10 08:27:34.667711 | Epoch:6359 | LR: 0.0000212 | Loss : 0.0079 | Val loss: 0.0077
2026-01-10 08:27:39.074405 | Epoch:6360 | LR: 0.0000212 | Loss : 0.0081 | Val loss: 0.0083
2026-01-10 08:27:43.442724 | Epoch:6361 | LR: 0.0000212 | Loss : 0.0080 | Val loss: 0.0080
2026-01-10 08:27:47.765294 | Epoch:6362 | LR: 0.0000211 | Loss : 0.0078 | Val loss: 0.0079
2026-01-10 08:27:52.081095 | Epoch:6363 | LR: 0.0000211 | Loss : 0.0080 | Val loss: 0.0087
2026-01-10 08:27:56.429505 | Epoch:6364 | LR: 0.0000211 | Loss : 0.0080 | Val loss: 0.0073
2026-01-10 08:28:00.787674 | Epoch:6365 | LR: 0.0000210 | Loss : 0.0077 | Val loss: 0.0077
2026-01-10 08:28:05.123817 | Epoch:6366 | LR: 0.0000210 | Loss : 0.0078 | Val loss: 0.0084
2026-01-10 08:28:09.431833 | Epoch:6367 | LR: 0.0000210 | Loss : 0.0077 | Val loss: 0.0080
2026-01-10 08:28:13.679034 | Epoch:6368 | LR: 0.0000209 | Loss : 0.0084 | Val loss: 0.0079
2026-01-10 08:28:17.923718 | Epoch:6369 | LR: 0.0000209 | Loss : 0.0077 | Val loss: 0.0070
2026-01-10 08:28:22.227147 | Epoch:6370 | LR: 0.0000209 | Loss : 0.0076 | Val loss: 0.0079
2026-01-10 08:28:26.564577 | Epoch:6371 | LR: 0.0000208 | Loss : 0.0078 | Val loss: 0.0073
2026-01-10 08:28:31.014512 | Epoch:6372 | LR: 0.0000208 | Loss : 0.0077 | Val loss: 0.0079
2026-01-10 08:28:35.409932 | Epoch:6373 | LR: 0.0000208 | Loss : 0.0084 | Val loss: 0.0074
2026-01-10 08:28:39.814395 | Epoch:6374 | LR: 0.0000207 | Loss : 0.0081 | Val loss: 0.0074
2026-01-10 08:28:44.134710 | Epoch:6375 | LR: 0.0000207 | Loss : 0.0081 | Val loss: 0.0077
2026-01-10 08:28:48.402824 | Epoch:6376 | LR: 0.0000207 | Loss : 0.0075 | Val loss: 0.0078
2026-01-10 08:28:52.693539 | Epoch:6377 | LR: 0.0000207 | Loss : 0.0080 | Val loss: 0.0093
2026-01-10 08:28:57.096973 | Epoch:6378 | LR: 0.0000206 | Loss : 0.0080 | Val loss: 0.0076
2026-01-10 08:29:02.088856 | Epoch:6379 | LR: 0.0000206 | Loss : 0.0080 | Val loss: 0.0080
2026-01-10 08:29:06.744316 | Epoch:6380 | LR: 0.0000206 | Loss : 0.0082 | Val loss: 0.0085
2026-01-10 08:29:10.969904 | Epoch:6381 | LR: 0.0000205 | Loss : 0.0083 | Val loss: 0.0070
2026-01-10 08:29:15.687917 | Epoch:6382 | LR: 0.0000205 | Loss : 0.0077 | Val loss: 0.0072
2026-01-10 08:29:20.026830 | Epoch:6383 | LR: 0.0000205 | Loss : 0.0079 | Val loss: 0.0073
2026-01-10 08:29:26.334749 | Epoch:6384 | LR: 0.0000204 | Loss : 0.0081 | Val loss: 0.0077
2026-01-10 08:29:30.767972 | Epoch:6385 | LR: 0.0000204 | Loss : 0.0076 | Val loss: 0.0075
2026-01-10 08:29:35.106774 | Epoch:6386 | LR: 0.0000204 | Loss : 0.0074 | Val loss: 0.0075
2026-01-10 08:29:39.567657 | Epoch:6387 | LR: 0.0000203 | Loss : 0.0080 | Val loss: 0.0072
2026-01-10 08:29:43.918419 | Epoch:6388 | LR: 0.0000203 | Loss : 0.0080 | Val loss: 0.0075
2026-01-10 08:29:48.348799 | Epoch:6389 | LR: 0.0000203 | Loss : 0.0081 | Val loss: 0.0079
2026-01-10 08:29:52.753992 | Epoch:6390 | LR: 0.0000203 | Loss : 0.0075 | Val loss: 0.0079
2026-01-10 08:29:57.131121 | Epoch:6391 | LR: 0.0000202 | Loss : 0.0079 | Val loss: 0.0083
2026-01-10 08:30:01.548810 | Epoch:6392 | LR: 0.0000202 | Loss : 0.0078 | Val loss: 0.0070
2026-01-10 08:30:05.868060 | Epoch:6393 | LR: 0.0000202 | Loss : 0.0084 | Val loss: 0.0084
2026-01-10 08:30:10.208174 | Epoch:6394 | LR: 0.0000201 | Loss : 0.0078 | Val loss: 0.0074
2026-01-10 08:30:14.643699 | Epoch:6395 | LR: 0.0000201 | Loss : 0.0078 | Val loss: 0.0077
2026-01-10 08:30:19.051675 | Epoch:6396 | LR: 0.0000201 | Loss : 0.0076 | Val loss: 0.0075
2026-01-10 08:30:23.384352 | Epoch:6397 | LR: 0.0000200 | Loss : 0.0077 | Val loss: 0.0075
2026-01-10 08:30:27.637470 | Epoch:6398 | LR: 0.0000200 | Loss : 0.0077 | Val loss: 0.0074
2026-01-10 08:30:31.916271 | Epoch:6399 | LR: 0.0000200 | Loss : 0.0079 | Val loss: 0.0073
2026-01-10 08:30:36.360817 | Epoch:6400 | LR: 0.0000199 | Loss : 0.0079 | Val loss: 0.0070
2026-01-10 08:30:40.694608 | Epoch:6401 | LR: 0.0000199 | Loss : 0.0082 | Val loss: 0.0081
2026-01-10 08:30:45.162009 | Epoch:6402 | LR: 0.0000199 | Loss : 0.0080 | Val loss: 0.0085
2026-01-10 08:30:49.511593 | Epoch:6403 | LR: 0.0000199 | Loss : 0.0081 | Val loss: 0.0076
2026-01-10 08:30:53.860474 | Epoch:6404 | LR: 0.0000198 | Loss : 0.0082 | Val loss: 0.0078
2026-01-10 08:30:58.528692 | Epoch:6405 | LR: 0.0000198 | Loss : 0.0077 | Val loss: 0.0074
2026-01-10 08:31:02.858315 | Epoch:6406 | LR: 0.0000198 | Loss : 0.0077 | Val loss: 0.0081
2026-01-10 08:31:07.199460 | Epoch:6407 | LR: 0.0000197 | Loss : 0.0076 | Val loss: 0.0076
2026-01-10 08:31:11.517362 | Epoch:6408 | LR: 0.0000197 | Loss : 0.0074 | Val loss: 0.0079
2026-01-10 08:31:15.910449 | Epoch:6409 | LR: 0.0000197 | Loss : 0.0076 | Val loss: 0.0074
2026-01-10 08:31:20.266593 | Epoch:6410 | LR: 0.0000196 | Loss : 0.0080 | Val loss: 0.0081
2026-01-10 08:31:24.636393 | Epoch:6411 | LR: 0.0000196 | Loss : 0.0080 | Val loss: 0.0076
2026-01-10 08:31:28.953572 | Epoch:6412 | LR: 0.0000196 | Loss : 0.0076 | Val loss: 0.0080
2026-01-10 08:31:33.275475 | Epoch:6413 | LR: 0.0000195 | Loss : 0.0076 | Val loss: 0.0082
2026-01-10 08:31:37.535156 | Epoch:6414 | LR: 0.0000195 | Loss : 0.0077 | Val loss: 0.0082
2026-01-10 08:31:41.836221 | Epoch:6415 | LR: 0.0000195 | Loss : 0.0077 | Val loss: 0.0084
2026-01-10 08:31:46.428671 | Epoch:6416 | LR: 0.0000195 | Loss : 0.0078 | Val loss: 0.0072
2026-01-10 08:31:50.810310 | Epoch:6417 | LR: 0.0000194 | Loss : 0.0077 | Val loss: 0.0076
2026-01-10 08:31:55.123145 | Epoch:6418 | LR: 0.0000194 | Loss : 0.0079 | Val loss: 0.0073
2026-01-10 08:31:59.479692 | Epoch:6419 | LR: 0.0000194 | Loss : 0.0075 | Val loss: 0.0077
2026-01-10 08:32:03.839087 | Epoch:6420 | LR: 0.0000193 | Loss : 0.0076 | Val loss: 0.0080
2026-01-10 08:32:08.216018 | Epoch:6421 | LR: 0.0000193 | Loss : 0.0079 | Val loss: 0.0080
2026-01-10 08:32:12.551050 | Epoch:6422 | LR: 0.0000193 | Loss : 0.0078 | Val loss: 0.0075
2026-01-10 08:32:16.853836 | Epoch:6423 | LR: 0.0000192 | Loss : 0.0075 | Val loss: 0.0077
2026-01-10 08:32:21.173026 | Epoch:6424 | LR: 0.0000192 | Loss : 0.0081 | Val loss: 0.0080
2026-01-10 08:32:25.549079 | Epoch:6425 | LR: 0.0000192 | Loss : 0.0078 | Val loss: 0.0079
2026-01-10 08:32:30.015432 | Epoch:6426 | LR: 0.0000191 | Loss : 0.0079 | Val loss: 0.0078
2026-01-10 08:32:34.268108 | Epoch:6427 | LR: 0.0000191 | Loss : 0.0077 | Val loss: 0.0076
2026-01-10 08:32:38.532270 | Epoch:6428 | LR: 0.0000191 | Loss : 0.0077 | Val loss: 0.0076
2026-01-10 08:32:42.802384 | Epoch:6429 | LR: 0.0000191 | Loss : 0.0084 | Val loss: 0.0072
2026-01-10 08:32:47.053638 | Epoch:6430 | LR: 0.0000190 | Loss : 0.0074 | Val loss: 0.0075
2026-01-10 08:32:51.421880 | Epoch:6431 | LR: 0.0000190 | Loss : 0.0077 | Val loss: 0.0073
2026-01-10 08:32:55.802743 | Epoch:6432 | LR: 0.0000190 | Loss : 0.0077 | Val loss: 0.0077
2026-01-10 08:33:00.076442 | Epoch:6433 | LR: 0.0000189 | Loss : 0.0081 | Val loss: 0.0078
2026-01-10 08:33:04.436402 | Epoch:6434 | LR: 0.0000189 | Loss : 0.0083 | Val loss: 0.0077
2026-01-10 08:33:08.776751 | Epoch:6435 | LR: 0.0000189 | Loss : 0.0078 | Val loss: 0.0081
2026-01-10 08:33:13.087467 | Epoch:6436 | LR: 0.0000188 | Loss : 0.0075 | Val loss: 0.0074
2026-01-10 08:33:17.441386 | Epoch:6437 | LR: 0.0000188 | Loss : 0.0076 | Val loss: 0.0071
2026-01-10 08:33:21.778633 | Epoch:6438 | LR: 0.0000188 | Loss : 0.0080 | Val loss: 0.0079
2026-01-10 08:33:26.156022 | Epoch:6439 | LR: 0.0000187 | Loss : 0.0074 | Val loss: 0.0075
2026-01-10 08:33:30.522901 | Epoch:6440 | LR: 0.0000187 | Loss : 0.0076 | Val loss: 0.0078
2026-01-10 08:33:34.863606 | Epoch:6441 | LR: 0.0000187 | Loss : 0.0076 | Val loss: 0.0073
2026-01-10 08:33:39.180865 | Epoch:6442 | LR: 0.0000187 | Loss : 0.0078 | Val loss: 0.0083
2026-01-10 08:33:43.515964 | Epoch:6443 | LR: 0.0000186 | Loss : 0.0079 | Val loss: 0.0073
2026-01-10 08:33:47.789205 | Epoch:6444 | LR: 0.0000186 | Loss : 0.0084 | Val loss: 0.0072
2026-01-10 08:33:52.032471 | Epoch:6445 | LR: 0.0000186 | Loss : 0.0075 | Val loss: 0.0093
2026-01-10 08:33:56.407790 | Epoch:6446 | LR: 0.0000185 | Loss : 0.0077 | Val loss: 0.0078
2026-01-10 08:34:00.760056 | Epoch:6447 | LR: 0.0000185 | Loss : 0.0083 | Val loss: 0.0082
2026-01-10 08:34:04.983798 | Epoch:6448 | LR: 0.0000185 | Loss : 0.0076 | Val loss: 0.0074
2026-01-10 08:34:09.290215 | Epoch:6449 | LR: 0.0000184 | Loss : 0.0079 | Val loss: 0.0076
2026-01-10 08:34:13.897942 | Epoch:6450 | LR: 0.0000184 | Loss : 0.0080 | Val loss: 0.0084
2026-01-10 08:34:18.616507 | Epoch:6451 | LR: 0.0000184 | Loss : 0.0078 | Val loss: 0.0087
2026-01-10 08:34:23.070328 | Epoch:6452 | LR: 0.0000184 | Loss : 0.0077 | Val loss: 0.0074
2026-01-10 08:34:27.306052 | Epoch:6453 | LR: 0.0000183 | Loss : 0.0080 | Val loss: 0.0071
2026-01-10 08:34:32.128697 | Epoch:6454 | LR: 0.0000183 | Loss : 0.0071 | Val loss: 0.0082
2026-01-10 08:34:36.526932 | Epoch:6455 | LR: 0.0000183 | Loss : 0.0076 | Val loss: 0.0072
2026-01-10 08:34:40.911067 | Epoch:6456 | LR: 0.0000182 | Loss : 0.0072 | Val loss: 0.0074
2026-01-10 08:34:45.242957 | Epoch:6457 | LR: 0.0000182 | Loss : 0.0077 | Val loss: 0.0076
2026-01-10 08:34:49.805794 | Epoch:6458 | LR: 0.0000182 | Loss : 0.0077 | Val loss: 0.0084
2026-01-10 08:34:54.173188 | Epoch:6459 | LR: 0.0000181 | Loss : 0.0081 | Val loss: 0.0077
2026-01-10 08:34:58.686158 | Epoch:6460 | LR: 0.0000181 | Loss : 0.0088 | Val loss: 0.0089
2026-01-10 08:35:03.104192 | Epoch:6461 | LR: 0.0000181 | Loss : 0.0078 | Val loss: 0.0073
2026-01-10 08:35:07.516047 | Epoch:6462 | LR: 0.0000180 | Loss : 0.0080 | Val loss: 0.0075
2026-01-10 08:35:11.884494 | Epoch:6463 | LR: 0.0000180 | Loss : 0.0079 | Val loss: 0.0076
2026-01-10 08:35:16.232714 | Epoch:6464 | LR: 0.0000180 | Loss : 0.0078 | Val loss: 0.0078
2026-01-10 08:35:20.603266 | Epoch:6465 | LR: 0.0000180 | Loss : 0.0079 | Val loss: 0.0077
2026-01-10 08:35:24.896785 | Epoch:6466 | LR: 0.0000179 | Loss : 0.0078 | Val loss: 0.0079
2026-01-10 08:35:29.201812 | Epoch:6467 | LR: 0.0000179 | Loss : 0.0081 | Val loss: 0.0074
2026-01-10 08:35:33.555157 | Epoch:6468 | LR: 0.0000179 | Loss : 0.0075 | Val loss: 0.0074
2026-01-10 08:35:37.932987 | Epoch:6469 | LR: 0.0000178 | Loss : 0.0077 | Val loss: 0.0082
2026-01-10 08:35:42.277204 | Epoch:6470 | LR: 0.0000178 | Loss : 0.0084 | Val loss: 0.0076
2026-01-10 08:35:46.739276 | Epoch:6471 | LR: 0.0000178 | Loss : 0.0072 | Val loss: 0.0085
2026-01-10 08:35:51.020503 | Epoch:6472 | LR: 0.0000177 | Loss : 0.0077 | Val loss: 0.0082
2026-01-10 08:35:55.254581 | Epoch:6473 | LR: 0.0000177 | Loss : 0.0080 | Val loss: 0.0078
2026-01-10 08:35:59.496894 | Epoch:6474 | LR: 0.0000177 | Loss : 0.0078 | Val loss: 0.0081
2026-01-10 08:36:03.824517 | Epoch:6475 | LR: 0.0000177 | Loss : 0.0079 | Val loss: 0.0076
2026-01-10 08:36:08.504476 | Epoch:6476 | LR: 0.0000176 | Loss : 0.0081 | Val loss: 0.0079
2026-01-10 08:36:12.871161 | Epoch:6477 | LR: 0.0000176 | Loss : 0.0076 | Val loss: 0.0080
2026-01-10 08:36:17.209427 | Epoch:6478 | LR: 0.0000176 | Loss : 0.0076 | Val loss: 0.0070
2026-01-10 08:36:21.532664 | Epoch:6479 | LR: 0.0000175 | Loss : 0.0077 | Val loss: 0.0079
2026-01-10 08:36:25.886487 | Epoch:6480 | LR: 0.0000175 | Loss : 0.0081 | Val loss: 0.0075
2026-01-10 08:36:30.290065 | Epoch:6481 | LR: 0.0000175 | Loss : 0.0076 | Val loss: 0.0078
2026-01-10 08:36:34.641828 | Epoch:6482 | LR: 0.0000174 | Loss : 0.0079 | Val loss: 0.0076
2026-01-10 08:36:39.021768 | Epoch:6483 | LR: 0.0000174 | Loss : 0.0072 | Val loss: 0.0087
2026-01-10 08:36:43.439808 | Epoch:6484 | LR: 0.0000174 | Loss : 0.0072 | Val loss: 0.0080
2026-01-10 08:36:47.803016 | Epoch:6485 | LR: 0.0000174 | Loss : 0.0082 | Val loss: 0.0076
2026-01-10 08:36:52.172397 | Epoch:6486 | LR: 0.0000173 | Loss : 0.0081 | Val loss: 0.0080
2026-01-10 08:36:56.474460 | Epoch:6487 | LR: 0.0000173 | Loss : 0.0085 | Val loss: 0.0078
2026-01-10 08:37:00.802373 | Epoch:6488 | LR: 0.0000173 | Loss : 0.0075 | Val loss: 0.0078
2026-01-10 08:37:05.140125 | Epoch:6489 | LR: 0.0000172 | Loss : 0.0078 | Val loss: 0.0076
2026-01-10 08:37:09.513504 | Epoch:6490 | LR: 0.0000172 | Loss : 0.0076 | Val loss: 0.0079
2026-01-10 08:37:13.944791 | Epoch:6491 | LR: 0.0000172 | Loss : 0.0075 | Val loss: 0.0069
2026-01-10 08:37:18.302652 | Epoch:6492 | LR: 0.0000171 | Loss : 0.0076 | Val loss: 0.0080
2026-01-10 08:37:22.665445 | Epoch:6493 | LR: 0.0000171 | Loss : 0.0076 | Val loss: 0.0073
2026-01-10 08:37:27.044258 | Epoch:6494 | LR: 0.0000171 | Loss : 0.0077 | Val loss: 0.0076
2026-01-10 08:37:31.423271 | Epoch:6495 | LR: 0.0000171 | Loss : 0.0074 | Val loss: 0.0080
2026-01-10 08:37:35.778499 | Epoch:6496 | LR: 0.0000170 | Loss : 0.0078 | Val loss: 0.0074
2026-01-10 08:37:40.134969 | Epoch:6497 | LR: 0.0000170 | Loss : 0.0074 | Val loss: 0.0072
2026-01-10 08:37:44.490029 | Epoch:6498 | LR: 0.0000170 | Loss : 0.0079 | Val loss: 0.0073
2026-01-10 08:37:48.911186 | Epoch:6499 | LR: 0.0000169 | Loss : 0.0074 | Val loss: 0.0071
2026-01-10 08:37:53.305976 | Epoch:6500 | LR: 0.0000169 | Loss : 0.0074 | Val loss: 0.0072
2026-01-10 08:37:57.626124 | Epoch:6501 | LR: 0.0000169 | Loss : 0.0076 | Val loss: 0.0081
2026-01-10 08:38:01.869234 | Epoch:6502 | LR: 0.0000168 | Loss : 0.0075 | Val loss: 0.0080
2026-01-10 08:38:06.158973 | Epoch:6503 | LR: 0.0000168 | Loss : 0.0072 | Val loss: 0.0074
2026-01-10 08:38:10.557444 | Epoch:6504 | LR: 0.0000168 | Loss : 0.0076 | Val loss: 0.0078
2026-01-10 08:38:14.970173 | Epoch:6505 | LR: 0.0000168 | Loss : 0.0076 | Val loss: 0.0072
2026-01-10 08:38:19.406348 | Epoch:6506 | LR: 0.0000167 | Loss : 0.0076 | Val loss: 0.0072
2026-01-10 08:38:23.759409 | Epoch:6507 | LR: 0.0000167 | Loss : 0.0078 | Val loss: 0.0076
2026-01-10 08:38:28.171736 | Epoch:6508 | LR: 0.0000167 | Loss : 0.0074 | Val loss: 0.0080
2026-01-10 08:38:32.559286 | Epoch:6509 | LR: 0.0000166 | Loss : 0.0077 | Val loss: 0.0075
2026-01-10 08:38:36.898120 | Epoch:6510 | LR: 0.0000166 | Loss : 0.0078 | Val loss: 0.0079
2026-01-10 08:38:41.248505 | Epoch:6511 | LR: 0.0000166 | Loss : 0.0074 | Val loss: 0.0071
2026-01-10 08:38:45.617719 | Epoch:6512 | LR: 0.0000165 | Loss : 0.0078 | Val loss: 0.0076
2026-01-10 08:38:49.998101 | Epoch:6513 | LR: 0.0000165 | Loss : 0.0079 | Val loss: 0.0074
2026-01-10 08:38:54.362525 | Epoch:6514 | LR: 0.0000165 | Loss : 0.0077 | Val loss: 0.0080
2026-01-10 08:38:58.678456 | Epoch:6515 | LR: 0.0000165 | Loss : 0.0079 | Val loss: 0.0074
2026-01-10 08:39:03.245009 | Epoch:6516 | LR: 0.0000164 | Loss : 0.0075 | Val loss: 0.0080
2026-01-10 08:39:07.544083 | Epoch:6517 | LR: 0.0000164 | Loss : 0.0076 | Val loss: 0.0071
2026-01-10 08:39:11.811393 | Epoch:6518 | LR: 0.0000164 | Loss : 0.0074 | Val loss: 0.0081
2026-01-10 08:39:16.148096 | Epoch:6519 | LR: 0.0000163 | Loss : 0.0079 | Val loss: 0.0072
2026-01-10 08:39:20.436448 | Epoch:6520 | LR: 0.0000163 | Loss : 0.0080 | Val loss: 0.0072
2026-01-10 08:39:24.756004 | Epoch:6521 | LR: 0.0000163 | Loss : 0.0076 | Val loss: 0.0074
2026-01-10 08:39:29.195489 | Epoch:6522 | LR: 0.0000163 | Loss : 0.0074 | Val loss: 0.0079
2026-01-10 08:39:34.420124 | Epoch:6523 | LR: 0.0000162 | Loss : 0.0074 | Val loss: 0.0073
2026-01-10 08:39:38.911170 | Epoch:6524 | LR: 0.0000162 | Loss : 0.0072 | Val loss: 0.0077
2026-01-10 08:39:43.107091 | Epoch:6525 | LR: 0.0000162 | Loss : 0.0071 | Val loss: 0.0077
2026-01-10 08:39:47.826324 | Epoch:6526 | LR: 0.0000161 | Loss : 0.0073 | Val loss: 0.0079
2026-01-10 08:39:52.179258 | Epoch:6527 | LR: 0.0000161 | Loss : 0.0078 | Val loss: 0.0088
2026-01-10 08:39:56.531412 | Epoch:6528 | LR: 0.0000161 | Loss : 0.0080 | Val loss: 0.0076
2026-01-10 08:40:00.897627 | Epoch:6529 | LR: 0.0000160 | Loss : 0.0076 | Val loss: 0.0077
2026-01-10 08:40:05.224479 | Epoch:6530 | LR: 0.0000160 | Loss : 0.0075 | Val loss: 0.0071
2026-01-10 08:40:09.512978 | Epoch:6531 | LR: 0.0000160 | Loss : 0.0074 | Val loss: 0.0081
2026-01-10 08:40:13.813752 | Epoch:6532 | LR: 0.0000160 | Loss : 0.0078 | Val loss: 0.0074
2026-01-10 08:40:18.073908 | Epoch:6533 | LR: 0.0000159 | Loss : 0.0077 | Val loss: 0.0082
2026-01-10 08:40:22.400888 | Epoch:6534 | LR: 0.0000159 | Loss : 0.0074 | Val loss: 0.0078
2026-01-10 08:40:26.807010 | Epoch:6535 | LR: 0.0000159 | Loss : 0.0081 | Val loss: 0.0083
2026-01-10 08:40:31.266325 | Epoch:6536 | LR: 0.0000158 | Loss : 0.0083 | Val loss: 0.0072
2026-01-10 08:40:35.646022 | Epoch:6537 | LR: 0.0000158 | Loss : 0.0074 | Val loss: 0.0075
2026-01-10 08:40:40.002902 | Epoch:6538 | LR: 0.0000158 | Loss : 0.0072 | Val loss: 0.0071
2026-01-10 08:40:44.401192 | Epoch:6539 | LR: 0.0000158 | Loss : 0.0079 | Val loss: 0.0097
2026-01-10 08:40:48.762387 | Epoch:6540 | LR: 0.0000157 | Loss : 0.0075 | Val loss: 0.0080
2026-01-10 08:40:53.083829 | Epoch:6541 | LR: 0.0000157 | Loss : 0.0075 | Val loss: 0.0080
2026-01-10 08:40:57.412920 | Epoch:6542 | LR: 0.0000157 | Loss : 0.0073 | Val loss: 0.0086
2026-01-10 08:41:01.806255 | Epoch:6543 | LR: 0.0000156 | Loss : 0.0074 | Val loss: 0.0083
2026-01-10 08:41:06.146096 | Epoch:6544 | LR: 0.0000156 | Loss : 0.0077 | Val loss: 0.0086
2026-01-10 08:41:10.661126 | Epoch:6545 | LR: 0.0000156 | Loss : 0.0082 | Val loss: 0.0072
2026-01-10 08:41:14.963342 | Epoch:6546 | LR: 0.0000155 | Loss : 0.0074 | Val loss: 0.0080
2026-01-10 08:41:19.228904 | Epoch:6547 | LR: 0.0000155 | Loss : 0.0075 | Val loss: 0.0070
2026-01-10 08:41:23.571941 | Epoch:6548 | LR: 0.0000155 | Loss : 0.0075 | Val loss: 0.0083
2026-01-10 08:41:27.924227 | Epoch:6549 | LR: 0.0000155 | Loss : 0.0072 | Val loss: 0.0073
2026-01-10 08:41:32.363241 | Epoch:6550 | LR: 0.0000154 | Loss : 0.0080 | Val loss: 0.0068
2026-01-10 08:41:36.816289 | Epoch:6551 | LR: 0.0000154 | Loss : 0.0074 | Val loss: 0.0075
2026-01-10 08:41:41.198535 | Epoch:6552 | LR: 0.0000154 | Loss : 0.0080 | Val loss: 0.0078
2026-01-10 08:41:45.684519 | Epoch:6553 | LR: 0.0000153 | Loss : 0.0078 | Val loss: 0.0073
2026-01-10 08:41:50.039662 | Epoch:6554 | LR: 0.0000153 | Loss : 0.0082 | Val loss: 0.0074
2026-01-10 08:41:54.359095 | Epoch:6555 | LR: 0.0000153 | Loss : 0.0075 | Val loss: 0.0076
2026-01-10 08:41:58.979214 | Epoch:6556 | LR: 0.0000153 | Loss : 0.0074 | Val loss: 0.0075
2026-01-10 08:42:03.342011 | Epoch:6557 | LR: 0.0000152 | Loss : 0.0077 | Val loss: 0.0077
2026-01-10 08:42:07.720860 | Epoch:6558 | LR: 0.0000152 | Loss : 0.0077 | Val loss: 0.0075
2026-01-10 08:42:12.125697 | Epoch:6559 | LR: 0.0000152 | Loss : 0.0076 | Val loss: 0.0073
2026-01-10 08:42:16.482594 | Epoch:6560 | LR: 0.0000151 | Loss : 0.0075 | Val loss: 0.0078
2026-01-10 08:42:20.780819 | Epoch:6561 | LR: 0.0000151 | Loss : 0.0078 | Val loss: 0.0072
2026-01-10 08:42:25.078931 | Epoch:6562 | LR: 0.0000151 | Loss : 0.0079 | Val loss: 0.0076
2026-01-10 08:42:29.459643 | Epoch:6563 | LR: 0.0000151 | Loss : 0.0077 | Val loss: 0.0077
2026-01-10 08:42:33.809202 | Epoch:6564 | LR: 0.0000150 | Loss : 0.0073 | Val loss: 0.0076
2026-01-10 08:42:38.577324 | Epoch:6565 | LR: 0.0000150 | Loss : 0.0074 | Val loss: 0.0066
2026-01-10 08:42:42.946709 | Epoch:6566 | LR: 0.0000150 | Loss : 0.0077 | Val loss: 0.0086
2026-01-10 08:42:47.292010 | Epoch:6567 | LR: 0.0000149 | Loss : 0.0079 | Val loss: 0.0084
2026-01-10 08:42:51.664077 | Epoch:6568 | LR: 0.0000149 | Loss : 0.0076 | Val loss: 0.0078
2026-01-10 08:42:56.032613 | Epoch:6569 | LR: 0.0000149 | Loss : 0.0083 | Val loss: 0.0066
2026-01-10 08:43:02.532953 | Epoch:6570 | LR: 0.0000149 | Loss : 0.0079 | Val loss: 0.0073
2026-01-10 08:43:06.906351 | Epoch:6571 | LR: 0.0000148 | Loss : 0.0073 | Val loss: 0.0074
2026-01-10 08:43:11.278723 | Epoch:6572 | LR: 0.0000148 | Loss : 0.0075 | Val loss: 0.0084
2026-01-10 08:43:15.661196 | Epoch:6573 | LR: 0.0000148 | Loss : 0.0073 | Val loss: 0.0070
2026-01-10 08:43:19.983868 | Epoch:6574 | LR: 0.0000147 | Loss : 0.0079 | Val loss: 0.0072
2026-01-10 08:43:24.293497 | Epoch:6575 | LR: 0.0000147 | Loss : 0.0077 | Val loss: 0.0069
2026-01-10 08:43:28.578925 | Epoch:6576 | LR: 0.0000147 | Loss : 0.0079 | Val loss: 0.0075
2026-01-10 08:43:32.857278 | Epoch:6577 | LR: 0.0000147 | Loss : 0.0080 | Val loss: 0.0071
2026-01-10 08:43:37.186920 | Epoch:6578 | LR: 0.0000146 | Loss : 0.0075 | Val loss: 0.0072
2026-01-10 08:43:41.560256 | Epoch:6579 | LR: 0.0000146 | Loss : 0.0077 | Val loss: 0.0072
2026-01-10 08:43:46.077508 | Epoch:6580 | LR: 0.0000146 | Loss : 0.0073 | Val loss: 0.0083
2026-01-10 08:43:50.487402 | Epoch:6581 | LR: 0.0000145 | Loss : 0.0078 | Val loss: 0.0076
2026-01-10 08:43:54.838873 | Epoch:6582 | LR: 0.0000145 | Loss : 0.0083 | Val loss: 0.0082
2026-01-10 08:43:59.208132 | Epoch:6583 | LR: 0.0000145 | Loss : 0.0073 | Val loss: 0.0077
2026-01-10 08:44:03.614105 | Epoch:6584 | LR: 0.0000145 | Loss : 0.0075 | Val loss: 0.0068
2026-01-10 08:44:07.964227 | Epoch:6585 | LR: 0.0000144 | Loss : 0.0075 | Val loss: 0.0076
2026-01-10 08:44:12.299979 | Epoch:6586 | LR: 0.0000144 | Loss : 0.0074 | Val loss: 0.0081
2026-01-10 08:44:16.643133 | Epoch:6587 | LR: 0.0000144 | Loss : 0.0075 | Val loss: 0.0077
2026-01-10 08:44:21.006517 | Epoch:6588 | LR: 0.0000143 | Loss : 0.0075 | Val loss: 0.0077
2026-01-10 08:44:25.392463 | Epoch:6589 | LR: 0.0000143 | Loss : 0.0075 | Val loss: 0.0076
2026-01-10 08:44:29.655636 | Epoch:6590 | LR: 0.0000143 | Loss : 0.0078 | Val loss: 0.0080
2026-01-10 08:44:33.873083 | Epoch:6591 | LR: 0.0000143 | Loss : 0.0074 | Val loss: 0.0071
2026-01-10 08:44:38.054106 | Epoch:6592 | LR: 0.0000142 | Loss : 0.0074 | Val loss: 0.0070
2026-01-10 08:44:42.237431 | Epoch:6593 | LR: 0.0000142 | Loss : 0.0070 | Val loss: 0.0076
2026-01-10 08:44:47.033482 | Epoch:6594 | LR: 0.0000142 | Loss : 0.0074 | Val loss: 0.0069
2026-01-10 08:44:51.777936 | Epoch:6595 | LR: 0.0000141 | Loss : 0.0078 | Val loss: 0.0079
2026-01-10 08:44:56.240255 | Epoch:6596 | LR: 0.0000141 | Loss : 0.0077 | Val loss: 0.0079
2026-01-10 08:45:01.039322 | Epoch:6597 | LR: 0.0000141 | Loss : 0.0079 | Val loss: 0.0077
2026-01-10 08:45:05.633374 | Epoch:6598 | LR: 0.0000141 | Loss : 0.0076 | Val loss: 0.0074
2026-01-10 08:45:09.993326 | Epoch:6599 | LR: 0.0000140 | Loss : 0.0075 | Val loss: 0.0081
2026-01-10 08:45:14.386201 | Epoch:6600 | LR: 0.0000140 | Loss : 0.0076 | Val loss: 0.0079
2026-01-10 08:45:18.807215 | Epoch:6601 | LR: 0.0000140 | Loss : 0.0074 | Val loss: 0.0074
2026-01-10 08:45:23.203453 | Epoch:6602 | LR: 0.0000139 | Loss : 0.0076 | Val loss: 0.0067
2026-01-10 08:45:27.692174 | Epoch:6603 | LR: 0.0000139 | Loss : 0.0078 | Val loss: 0.0071
2026-01-10 08:45:32.072944 | Epoch:6604 | LR: 0.0000139 | Loss : 0.0076 | Val loss: 0.0076
2026-01-10 08:45:36.446500 | Epoch:6605 | LR: 0.0000139 | Loss : 0.0077 | Val loss: 0.0080
2026-01-10 08:45:40.773649 | Epoch:6606 | LR: 0.0000138 | Loss : 0.0075 | Val loss: 0.0081
2026-01-10 08:45:45.163429 | Epoch:6607 | LR: 0.0000138 | Loss : 0.0073 | Val loss: 0.0078
2026-01-10 08:45:49.565092 | Epoch:6608 | LR: 0.0000138 | Loss : 0.0073 | Val loss: 0.0075
2026-01-10 08:45:53.944408 | Epoch:6609 | LR: 0.0000137 | Loss : 0.0074 | Val loss: 0.0071
2026-01-10 08:45:58.303939 | Epoch:6610 | LR: 0.0000137 | Loss : 0.0079 | Val loss: 0.0080
2026-01-10 08:46:02.702273 | Epoch:6611 | LR: 0.0000137 | Loss : 0.0074 | Val loss: 0.0072
2026-01-10 08:46:07.101163 | Epoch:6612 | LR: 0.0000137 | Loss : 0.0071 | Val loss: 0.0077
2026-01-10 08:46:11.466665 | Epoch:6613 | LR: 0.0000136 | Loss : 0.0075 | Val loss: 0.0082
2026-01-10 08:46:15.813449 | Epoch:6614 | LR: 0.0000136 | Loss : 0.0074 | Val loss: 0.0078
2026-01-10 08:46:20.152284 | Epoch:6615 | LR: 0.0000136 | Loss : 0.0075 | Val loss: 0.0081
2026-01-10 08:46:24.515714 | Epoch:6616 | LR: 0.0000135 | Loss : 0.0076 | Val loss: 0.0081
2026-01-10 08:46:28.878883 | Epoch:6617 | LR: 0.0000135 | Loss : 0.0075 | Val loss: 0.0076
2026-01-10 08:46:33.241597 | Epoch:6618 | LR: 0.0000135 | Loss : 0.0075 | Val loss: 0.0074
2026-01-10 08:46:37.571272 | Epoch:6619 | LR: 0.0000135 | Loss : 0.0074 | Val loss: 0.0072
2026-01-10 08:46:41.902947 | Epoch:6620 | LR: 0.0000134 | Loss : 0.0077 | Val loss: 0.0077
2026-01-10 08:46:46.253972 | Epoch:6621 | LR: 0.0000134 | Loss : 0.0078 | Val loss: 0.0078
2026-01-10 08:46:50.654495 | Epoch:6622 | LR: 0.0000134 | Loss : 0.0076 | Val loss: 0.0079
2026-01-10 08:46:55.067775 | Epoch:6623 | LR: 0.0000133 | Loss : 0.0071 | Val loss: 0.0080
2026-01-10 08:46:59.544146 | Epoch:6624 | LR: 0.0000133 | Loss : 0.0078 | Val loss: 0.0076
2026-01-10 08:47:03.961550 | Epoch:6625 | LR: 0.0000133 | Loss : 0.0074 | Val loss: 0.0078
2026-01-10 08:47:08.375317 | Epoch:6626 | LR: 0.0000133 | Loss : 0.0079 | Val loss: 0.0074
2026-01-10 08:47:12.813650 | Epoch:6627 | LR: 0.0000132 | Loss : 0.0074 | Val loss: 0.0085
2026-01-10 08:47:17.119357 | Epoch:6628 | LR: 0.0000132 | Loss : 0.0073 | Val loss: 0.0076
2026-01-10 08:47:21.455009 | Epoch:6629 | LR: 0.0000132 | Loss : 0.0075 | Val loss: 0.0070
2026-01-10 08:47:26.057518 | Epoch:6630 | LR: 0.0000132 | Loss : 0.0076 | Val loss: 0.0076
2026-01-10 08:47:30.433988 | Epoch:6631 | LR: 0.0000131 | Loss : 0.0074 | Val loss: 0.0076
2026-01-10 08:47:34.899785 | Epoch:6632 | LR: 0.0000131 | Loss : 0.0074 | Val loss: 0.0076
2026-01-10 08:47:39.290190 | Epoch:6633 | LR: 0.0000131 | Loss : 0.0075 | Val loss: 0.0068
2026-01-10 08:47:43.634292 | Epoch:6634 | LR: 0.0000130 | Loss : 0.0073 | Val loss: 0.0073
2026-01-10 08:47:47.922558 | Epoch:6635 | LR: 0.0000130 | Loss : 0.0074 | Val loss: 0.0078
2026-01-10 08:47:52.258845 | Epoch:6636 | LR: 0.0000130 | Loss : 0.0082 | Val loss: 0.0070
2026-01-10 08:47:56.656445 | Epoch:6637 | LR: 0.0000130 | Loss : 0.0074 | Val loss: 0.0072
2026-01-10 08:48:01.030483 | Epoch:6638 | LR: 0.0000129 | Loss : 0.0072 | Val loss: 0.0075
2026-01-10 08:48:05.487151 | Epoch:6639 | LR: 0.0000129 | Loss : 0.0079 | Val loss: 0.0079
2026-01-10 08:48:09.953827 | Epoch:6640 | LR: 0.0000129 | Loss : 0.0073 | Val loss: 0.0074
2026-01-10 08:48:14.299114 | Epoch:6641 | LR: 0.0000129 | Loss : 0.0075 | Val loss: 0.0078
2026-01-10 08:48:18.635165 | Epoch:6642 | LR: 0.0000128 | Loss : 0.0075 | Val loss: 0.0072
2026-01-10 08:48:22.927717 | Epoch:6643 | LR: 0.0000128 | Loss : 0.0070 | Val loss: 0.0078
2026-01-10 08:48:27.242747 | Epoch:6644 | LR: 0.0000128 | Loss : 0.0077 | Val loss: 0.0068
2026-01-10 08:48:31.601678 | Epoch:6645 | LR: 0.0000127 | Loss : 0.0073 | Val loss: 0.0075
2026-01-10 08:48:35.982289 | Epoch:6646 | LR: 0.0000127 | Loss : 0.0077 | Val loss: 0.0074
2026-01-10 08:48:40.515304 | Epoch:6647 | LR: 0.0000127 | Loss : 0.0073 | Val loss: 0.0071
2026-01-10 08:48:44.916675 | Epoch:6648 | LR: 0.0000127 | Loss : 0.0077 | Val loss: 0.0075
2026-01-10 08:48:49.276259 | Epoch:6649 | LR: 0.0000126 | Loss : 0.0070 | Val loss: 0.0074
2026-01-10 08:48:53.661779 | Epoch:6650 | LR: 0.0000126 | Loss : 0.0080 | Val loss: 0.0075
2026-01-10 08:48:58.022276 | Epoch:6651 | LR: 0.0000126 | Loss : 0.0074 | Val loss: 0.0077
2026-01-10 08:49:02.410259 | Epoch:6652 | LR: 0.0000125 | Loss : 0.0072 | Val loss: 0.0075
2026-01-10 08:49:06.840867 | Epoch:6653 | LR: 0.0000125 | Loss : 0.0077 | Val loss: 0.0073
2026-01-10 08:49:11.387438 | Epoch:6654 | LR: 0.0000125 | Loss : 0.0083 | Val loss: 0.0071
2026-01-10 08:49:15.876884 | Epoch:6655 | LR: 0.0000125 | Loss : 0.0076 | Val loss: 0.0077
2026-01-10 08:49:20.332503 | Epoch:6656 | LR: 0.0000124 | Loss : 0.0074 | Val loss: 0.0082
2026-01-10 08:49:24.723373 | Epoch:6657 | LR: 0.0000124 | Loss : 0.0077 | Val loss: 0.0075
2026-01-10 08:49:29.155777 | Epoch:6658 | LR: 0.0000124 | Loss : 0.0079 | Val loss: 0.0079
2026-01-10 08:49:33.568018 | Epoch:6659 | LR: 0.0000124 | Loss : 0.0079 | Val loss: 0.0073
2026-01-10 08:49:38.028399 | Epoch:6660 | LR: 0.0000123 | Loss : 0.0074 | Val loss: 0.0077
2026-01-10 08:49:42.461993 | Epoch:6661 | LR: 0.0000123 | Loss : 0.0075 | Val loss: 0.0066
2026-01-10 08:49:47.109126 | Epoch:6662 | LR: 0.0000123 | Loss : 0.0074 | Val loss: 0.0070
2026-01-10 08:49:51.381218 | Epoch:6663 | LR: 0.0000122 | Loss : 0.0080 | Val loss: 0.0076
2026-01-10 08:49:55.621347 | Epoch:6664 | LR: 0.0000122 | Loss : 0.0076 | Val loss: 0.0072
2026-01-10 08:50:00.052888 | Epoch:6665 | LR: 0.0000122 | Loss : 0.0072 | Val loss: 0.0074
2026-01-10 08:50:04.905425 | Epoch:6666 | LR: 0.0000122 | Loss : 0.0073 | Val loss: 0.0073
2026-01-10 08:50:09.516865 | Epoch:6667 | LR: 0.0000121 | Loss : 0.0079 | Val loss: 0.0073
2026-01-10 08:50:13.791424 | Epoch:6668 | LR: 0.0000121 | Loss : 0.0075 | Val loss: 0.0085
2026-01-10 08:50:18.863087 | Epoch:6669 | LR: 0.0000121 | Loss : 0.0075 | Val loss: 0.0079
2026-01-10 08:50:23.285784 | Epoch:6670 | LR: 0.0000121 | Loss : 0.0072 | Val loss: 0.0073
2026-01-10 08:50:27.650095 | Epoch:6671 | LR: 0.0000120 | Loss : 0.0078 | Val loss: 0.0076
2026-01-10 08:50:32.307309 | Epoch:6672 | LR: 0.0000120 | Loss : 0.0075 | Val loss: 0.0077
2026-01-10 08:50:36.602110 | Epoch:6673 | LR: 0.0000120 | Loss : 0.0074 | Val loss: 0.0069
2026-01-10 08:50:43.550539 | Epoch:6674 | LR: 0.0000120 | Loss : 0.0074 | Val loss: 0.0072
2026-01-10 08:50:48.029266 | Epoch:6675 | LR: 0.0000119 | Loss : 0.0074 | Val loss: 0.0072
2026-01-10 08:50:52.653366 | Epoch:6676 | LR: 0.0000119 | Loss : 0.0070 | Val loss: 0.0084
2026-01-10 08:50:57.196412 | Epoch:6677 | LR: 0.0000119 | Loss : 0.0073 | Val loss: 0.0085
2026-01-10 08:51:01.710815 | Epoch:6678 | LR: 0.0000118 | Loss : 0.0078 | Val loss: 0.0071
2026-01-10 08:51:06.228664 | Epoch:6679 | LR: 0.0000118 | Loss : 0.0073 | Val loss: 0.0071
2026-01-10 08:51:10.720357 | Epoch:6680 | LR: 0.0000118 | Loss : 0.0076 | Val loss: 0.0077
2026-01-10 08:51:15.119153 | Epoch:6681 | LR: 0.0000118 | Loss : 0.0074 | Val loss: 0.0081
2026-01-10 08:51:19.464590 | Epoch:6682 | LR: 0.0000117 | Loss : 0.0076 | Val loss: 0.0075
2026-01-10 08:51:23.909306 | Epoch:6683 | LR: 0.0000117 | Loss : 0.0074 | Val loss: 0.0073
2026-01-10 08:51:28.337536 | Epoch:6684 | LR: 0.0000117 | Loss : 0.0074 | Val loss: 0.0073
2026-01-10 08:51:32.696187 | Epoch:6685 | LR: 0.0000117 | Loss : 0.0077 | Val loss: 0.0070
2026-01-10 08:51:37.075754 | Epoch:6686 | LR: 0.0000116 | Loss : 0.0073 | Val loss: 0.0083
2026-01-10 08:51:41.486213 | Epoch:6687 | LR: 0.0000116 | Loss : 0.0075 | Val loss: 0.0071
2026-01-10 08:51:45.895317 | Epoch:6688 | LR: 0.0000116 | Loss : 0.0075 | Val loss: 0.0065
2026-01-10 08:51:50.317860 | Epoch:6689 | LR: 0.0000116 | Loss : 0.0075 | Val loss: 0.0078
2026-01-10 08:51:54.782100 | Epoch:6690 | LR: 0.0000115 | Loss : 0.0073 | Val loss: 0.0077
2026-01-10 08:51:59.082193 | Epoch:6691 | LR: 0.0000115 | Loss : 0.0072 | Val loss: 0.0074
2026-01-10 08:52:03.347555 | Epoch:6692 | LR: 0.0000115 | Loss : 0.0075 | Val loss: 0.0079
2026-01-10 08:52:07.634157 | Epoch:6693 | LR: 0.0000114 | Loss : 0.0072 | Val loss: 0.0078
2026-01-10 08:52:12.006188 | Epoch:6694 | LR: 0.0000114 | Loss : 0.0076 | Val loss: 0.0079
2026-01-10 08:52:16.393526 | Epoch:6695 | LR: 0.0000114 | Loss : 0.0076 | Val loss: 0.0068
2026-01-10 08:52:20.738645 | Epoch:6696 | LR: 0.0000114 | Loss : 0.0079 | Val loss: 0.0081
2026-01-10 08:52:25.096216 | Epoch:6697 | LR: 0.0000113 | Loss : 0.0071 | Val loss: 0.0080
2026-01-10 08:52:29.471319 | Epoch:6698 | LR: 0.0000113 | Loss : 0.0070 | Val loss: 0.0080
2026-01-10 08:52:33.841023 | Epoch:6699 | LR: 0.0000113 | Loss : 0.0074 | Val loss: 0.0074
2026-01-10 08:52:38.182740 | Epoch:6700 | LR: 0.0000113 | Loss : 0.0072 | Val loss: 0.0077
2026-01-10 08:52:42.550379 | Epoch:6701 | LR: 0.0000112 | Loss : 0.0073 | Val loss: 0.0072
2026-01-10 08:52:46.897196 | Epoch:6702 | LR: 0.0000112 | Loss : 0.0076 | Val loss: 0.0076
2026-01-10 08:52:51.339786 | Epoch:6703 | LR: 0.0000112 | Loss : 0.0071 | Val loss: 0.0069
2026-01-10 08:52:56.035784 | Epoch:6704 | LR: 0.0000112 | Loss : 0.0073 | Val loss: 0.0073
2026-01-10 08:53:00.362406 | Epoch:6705 | LR: 0.0000111 | Loss : 0.0075 | Val loss: 0.0070
2026-01-10 08:53:04.645077 | Epoch:6706 | LR: 0.0000111 | Loss : 0.0079 | Val loss: 0.0078
2026-01-10 08:53:08.933187 | Epoch:6707 | LR: 0.0000111 | Loss : 0.0080 | Val loss: 0.0074
2026-01-10 08:53:13.224923 | Epoch:6708 | LR: 0.0000111 | Loss : 0.0075 | Val loss: 0.0076
2026-01-10 08:53:17.611533 | Epoch:6709 | LR: 0.0000110 | Loss : 0.0073 | Val loss: 0.0068
2026-01-10 08:53:22.038752 | Epoch:6710 | LR: 0.0000110 | Loss : 0.0074 | Val loss: 0.0075
2026-01-10 08:53:26.493409 | Epoch:6711 | LR: 0.0000110 | Loss : 0.0077 | Val loss: 0.0069
2026-01-10 08:53:30.899032 | Epoch:6712 | LR: 0.0000109 | Loss : 0.0079 | Val loss: 0.0076
2026-01-10 08:53:35.248771 | Epoch:6713 | LR: 0.0000109 | Loss : 0.0078 | Val loss: 0.0074
2026-01-10 08:53:39.608132 | Epoch:6714 | LR: 0.0000109 | Loss : 0.0072 | Val loss: 0.0071
2026-01-10 08:53:43.944648 | Epoch:6715 | LR: 0.0000109 | Loss : 0.0072 | Val loss: 0.0073
2026-01-10 08:53:48.291464 | Epoch:6716 | LR: 0.0000108 | Loss : 0.0074 | Val loss: 0.0075
2026-01-10 08:53:52.646815 | Epoch:6717 | LR: 0.0000108 | Loss : 0.0076 | Val loss: 0.0078
2026-01-10 08:53:57.049274 | Epoch:6718 | LR: 0.0000108 | Loss : 0.0075 | Val loss: 0.0073
2026-01-10 08:54:01.440961 | Epoch:6719 | LR: 0.0000108 | Loss : 0.0075 | Val loss: 0.0078
2026-01-10 08:54:05.821146 | Epoch:6720 | LR: 0.0000107 | Loss : 0.0078 | Val loss: 0.0075
2026-01-10 08:54:10.142855 | Epoch:6721 | LR: 0.0000107 | Loss : 0.0078 | Val loss: 0.0074
2026-01-10 08:54:14.484313 | Epoch:6722 | LR: 0.0000107 | Loss : 0.0071 | Val loss: 0.0076
2026-01-10 08:54:18.814665 | Epoch:6723 | LR: 0.0000107 | Loss : 0.0070 | Val loss: 0.0076
2026-01-10 08:54:23.192088 | Epoch:6724 | LR: 0.0000106 | Loss : 0.0070 | Val loss: 0.0077
2026-01-10 08:54:27.586806 | Epoch:6725 | LR: 0.0000106 | Loss : 0.0074 | Val loss: 0.0072
2026-01-10 08:54:32.064625 | Epoch:6726 | LR: 0.0000106 | Loss : 0.0073 | Val loss: 0.0069
2026-01-10 08:54:36.433535 | Epoch:6727 | LR: 0.0000106 | Loss : 0.0072 | Val loss: 0.0064
2026-01-10 08:54:40.890194 | Epoch:6728 | LR: 0.0000105 | Loss : 0.0074 | Val loss: 0.0072
2026-01-10 08:54:45.248575 | Epoch:6729 | LR: 0.0000105 | Loss : 0.0072 | Val loss: 0.0076
2026-01-10 08:54:49.609351 | Epoch:6730 | LR: 0.0000105 | Loss : 0.0076 | Val loss: 0.0078
2026-01-10 08:54:53.982706 | Epoch:6731 | LR: 0.0000105 | Loss : 0.0074 | Val loss: 0.0077
2026-01-10 08:54:58.365143 | Epoch:6732 | LR: 0.0000104 | Loss : 0.0072 | Val loss: 0.0078
2026-01-10 08:55:02.745240 | Epoch:6733 | LR: 0.0000104 | Loss : 0.0079 | Val loss: 0.0077
2026-01-10 08:55:07.051040 | Epoch:6734 | LR: 0.0000104 | Loss : 0.0074 | Val loss: 0.0078
2026-01-10 08:55:11.328120 | Epoch:6735 | LR: 0.0000104 | Loss : 0.0074 | Val loss: 0.0076
2026-01-10 08:55:15.738340 | Epoch:6736 | LR: 0.0000103 | Loss : 0.0073 | Val loss: 0.0078
2026-01-10 08:55:20.765106 | Epoch:6737 | LR: 0.0000103 | Loss : 0.0074 | Val loss: 0.0070
2026-01-10 08:55:25.278960 | Epoch:6738 | LR: 0.0000103 | Loss : 0.0076 | Val loss: 0.0070
2026-01-10 08:55:29.552716 | Epoch:6739 | LR: 0.0000103 | Loss : 0.0076 | Val loss: 0.0074
2026-01-10 08:55:34.325777 | Epoch:6740 | LR: 0.0000102 | Loss : 0.0076 | Val loss: 0.0071
2026-01-10 08:55:38.779106 | Epoch:6741 | LR: 0.0000102 | Loss : 0.0079 | Val loss: 0.0069
2026-01-10 08:55:43.223154 | Epoch:6742 | LR: 0.0000102 | Loss : 0.0075 | Val loss: 0.0074
2026-01-10 08:55:47.630849 | Epoch:6743 | LR: 0.0000101 | Loss : 0.0077 | Val loss: 0.0077
2026-01-10 08:55:51.954166 | Epoch:6744 | LR: 0.0000101 | Loss : 0.0076 | Val loss: 0.0072
2026-01-10 08:55:56.302288 | Epoch:6745 | LR: 0.0000101 | Loss : 0.0070 | Val loss: 0.0086
2026-01-10 08:56:00.671943 | Epoch:6746 | LR: 0.0000101 | Loss : 0.0075 | Val loss: 0.0074
2026-01-10 08:56:05.031413 | Epoch:6747 | LR: 0.0000100 | Loss : 0.0078 | Val loss: 0.0075
2026-01-10 08:56:09.387103 | Epoch:6748 | LR: 0.0000100 | Loss : 0.0072 | Val loss: 0.0079
2026-01-10 08:56:13.777578 | Epoch:6749 | LR: 0.0000100 | Loss : 0.0078 | Val loss: 0.0072
2026-01-10 08:56:18.186618 | Epoch:6750 | LR: 0.0000100 | Loss : 0.0078 | Val loss: 0.0077
2026-01-10 08:56:22.512639 | Epoch:6751 | LR: 0.0000099 | Loss : 0.0078 | Val loss: 0.0075
2026-01-10 08:56:27.092639 | Epoch:6752 | LR: 0.0000099 | Loss : 0.0084 | Val loss: 0.0072
2026-01-10 08:56:31.417829 | Epoch:6753 | LR: 0.0000099 | Loss : 0.0074 | Val loss: 0.0076
2026-01-10 08:56:35.929016 | Epoch:6754 | LR: 0.0000099 | Loss : 0.0074 | Val loss: 0.0084
2026-01-10 08:56:40.326185 | Epoch:6755 | LR: 0.0000098 | Loss : 0.0076 | Val loss: 0.0075
2026-01-10 08:56:44.712638 | Epoch:6756 | LR: 0.0000098 | Loss : 0.0072 | Val loss: 0.0075
2026-01-10 08:56:49.098487 | Epoch:6757 | LR: 0.0000098 | Loss : 0.0076 | Val loss: 0.0082
2026-01-10 08:56:53.451233 | Epoch:6758 | LR: 0.0000098 | Loss : 0.0072 | Val loss: 0.0068
2026-01-10 08:56:58.051991 | Epoch:6759 | LR: 0.0000097 | Loss : 0.0073 | Val loss: 0.0073
2026-01-10 08:57:02.433127 | Epoch:6760 | LR: 0.0000097 | Loss : 0.0070 | Val loss: 0.0073
2026-01-10 08:57:06.790060 | Epoch:6761 | LR: 0.0000097 | Loss : 0.0073 | Val loss: 0.0069
2026-01-10 08:57:11.147918 | Epoch:6762 | LR: 0.0000097 | Loss : 0.0074 | Val loss: 0.0067
2026-01-10 08:57:15.526686 | Epoch:6763 | LR: 0.0000096 | Loss : 0.0076 | Val loss: 0.0071
2026-01-10 08:57:19.915238 | Epoch:6764 | LR: 0.0000096 | Loss : 0.0073 | Val loss: 0.0071
2026-01-10 08:57:24.258445 | Epoch:6765 | LR: 0.0000096 | Loss : 0.0073 | Val loss: 0.0079
2026-01-10 08:57:28.564815 | Epoch:6766 | LR: 0.0000096 | Loss : 0.0082 | Val loss: 0.0074
2026-01-10 08:57:32.855831 | Epoch:6767 | LR: 0.0000095 | Loss : 0.0070 | Val loss: 0.0077
2026-01-10 08:57:37.182588 | Epoch:6768 | LR: 0.0000095 | Loss : 0.0077 | Val loss: 0.0073
2026-01-10 08:57:41.522675 | Epoch:6769 | LR: 0.0000095 | Loss : 0.0072 | Val loss: 0.0078
2026-01-10 08:57:45.935164 | Epoch:6770 | LR: 0.0000095 | Loss : 0.0074 | Val loss: 0.0069
2026-01-10 08:57:50.334089 | Epoch:6771 | LR: 0.0000094 | Loss : 0.0072 | Val loss: 0.0069
2026-01-10 08:57:54.680882 | Epoch:6772 | LR: 0.0000094 | Loss : 0.0079 | Val loss: 0.0079
2026-01-10 08:57:58.981521 | Epoch:6773 | LR: 0.0000094 | Loss : 0.0074 | Val loss: 0.0068
2026-01-10 08:58:03.283731 | Epoch:6774 | LR: 0.0000094 | Loss : 0.0080 | Val loss: 0.0070
2026-01-10 08:58:07.626120 | Epoch:6775 | LR: 0.0000093 | Loss : 0.0074 | Val loss: 0.0072
2026-01-10 08:58:11.945780 | Epoch:6776 | LR: 0.0000093 | Loss : 0.0079 | Val loss: 0.0075
2026-01-10 08:58:16.344340 | Epoch:6777 | LR: 0.0000093 | Loss : 0.0068 | Val loss: 0.0072
2026-01-10 08:58:20.744425 | Epoch:6778 | LR: 0.0000093 | Loss : 0.0073 | Val loss: 0.0075
2026-01-10 08:58:25.366102 | Epoch:6779 | LR: 0.0000093 | Loss : 0.0076 | Val loss: 0.0070
2026-01-10 08:58:29.752438 | Epoch:6780 | LR: 0.0000092 | Loss : 0.0073 | Val loss: 0.0064
2026-01-10 08:58:36.341829 | Epoch:6781 | LR: 0.0000092 | Loss : 0.0071 | Val loss: 0.0077
2026-01-10 08:58:40.666523 | Epoch:6782 | LR: 0.0000092 | Loss : 0.0079 | Val loss: 0.0074
2026-01-10 08:58:44.946766 | Epoch:6783 | LR: 0.0000092 | Loss : 0.0073 | Val loss: 0.0077
2026-01-10 08:58:49.336193 | Epoch:6784 | LR: 0.0000091 | Loss : 0.0072 | Val loss: 0.0074
2026-01-10 08:58:53.887047 | Epoch:6785 | LR: 0.0000091 | Loss : 0.0072 | Val loss: 0.0071
2026-01-10 08:58:58.278356 | Epoch:6786 | LR: 0.0000091 | Loss : 0.0078 | Val loss: 0.0083
2026-01-10 08:59:02.646715 | Epoch:6787 | LR: 0.0000091 | Loss : 0.0088 | Val loss: 0.0075
2026-01-10 08:59:06.932110 | Epoch:6788 | LR: 0.0000090 | Loss : 0.0071 | Val loss: 0.0069
2026-01-10 08:59:11.251787 | Epoch:6789 | LR: 0.0000090 | Loss : 0.0069 | Val loss: 0.0072
2026-01-10 08:59:15.610067 | Epoch:6790 | LR: 0.0000090 | Loss : 0.0076 | Val loss: 0.0072
2026-01-10 08:59:19.971839 | Epoch:6791 | LR: 0.0000090 | Loss : 0.0073 | Val loss: 0.0077
2026-01-10 08:59:24.361126 | Epoch:6792 | LR: 0.0000089 | Loss : 0.0070 | Val loss: 0.0072
2026-01-10 08:59:28.747389 | Epoch:6793 | LR: 0.0000089 | Loss : 0.0077 | Val loss: 0.0073
2026-01-10 08:59:33.133843 | Epoch:6794 | LR: 0.0000089 | Loss : 0.0073 | Val loss: 0.0075
2026-01-10 08:59:37.445102 | Epoch:6795 | LR: 0.0000089 | Loss : 0.0074 | Val loss: 0.0080
2026-01-10 08:59:41.733239 | Epoch:6796 | LR: 0.0000088 | Loss : 0.0076 | Val loss: 0.0078
2026-01-10 08:59:46.105361 | Epoch:6797 | LR: 0.0000088 | Loss : 0.0075 | Val loss: 0.0080
2026-01-10 08:59:50.441675 | Epoch:6798 | LR: 0.0000088 | Loss : 0.0072 | Val loss: 0.0072
2026-01-10 08:59:54.879654 | Epoch:6799 | LR: 0.0000088 | Loss : 0.0076 | Val loss: 0.0074
2026-01-10 08:59:59.322523 | Epoch:6800 | LR: 0.0000087 | Loss : 0.0074 | Val loss: 0.0077
2026-01-10 09:00:03.690315 | Epoch:6801 | LR: 0.0000087 | Loss : 0.0079 | Val loss: 0.0076
2026-01-10 09:00:08.059213 | Epoch:6802 | LR: 0.0000087 | Loss : 0.0077 | Val loss: 0.0081
2026-01-10 09:00:12.362143 | Epoch:6803 | LR: 0.0000087 | Loss : 0.0074 | Val loss: 0.0068
2026-01-10 09:00:16.715862 | Epoch:6804 | LR: 0.0000086 | Loss : 0.0079 | Val loss: 0.0074
2026-01-10 09:00:20.990292 | Epoch:6805 | LR: 0.0000086 | Loss : 0.0076 | Val loss: 0.0070
2026-01-10 09:00:25.237410 | Epoch:6806 | LR: 0.0000086 | Loss : 0.0076 | Val loss: 0.0077
2026-01-10 09:00:29.480305 | Epoch:6807 | LR: 0.0000086 | Loss : 0.0068 | Val loss: 0.0073
2026-01-10 09:00:34.342902 | Epoch:6808 | LR: 0.0000086 | Loss : 0.0072 | Val loss: 0.0078
2026-01-10 09:00:38.861102 | Epoch:6809 | LR: 0.0000085 | Loss : 0.0077 | Val loss: 0.0074
2026-01-10 09:00:43.208231 | Epoch:6810 | LR: 0.0000085 | Loss : 0.0079 | Val loss: 0.0071
2026-01-10 09:00:47.632245 | Epoch:6811 | LR: 0.0000085 | Loss : 0.0070 | Val loss: 0.0075
2026-01-10 09:00:52.333488 | Epoch:6812 | LR: 0.0000085 | Loss : 0.0072 | Val loss: 0.0073
2026-01-10 09:00:56.711134 | Epoch:6813 | LR: 0.0000084 | Loss : 0.0075 | Val loss: 0.0084
2026-01-10 09:01:01.135874 | Epoch:6814 | LR: 0.0000084 | Loss : 0.0075 | Val loss: 0.0071
2026-01-10 09:01:05.614616 | Epoch:6815 | LR: 0.0000084 | Loss : 0.0075 | Val loss: 0.0073
2026-01-10 09:01:09.997984 | Epoch:6816 | LR: 0.0000084 | Loss : 0.0075 | Val loss: 0.0072
2026-01-10 09:01:14.379709 | Epoch:6817 | LR: 0.0000083 | Loss : 0.0073 | Val loss: 0.0074
2026-01-10 09:01:18.690978 | Epoch:6818 | LR: 0.0000083 | Loss : 0.0075 | Val loss: 0.0076
2026-01-10 09:01:22.975033 | Epoch:6819 | LR: 0.0000083 | Loss : 0.0072 | Val loss: 0.0074
2026-01-10 09:01:27.288115 | Epoch:6820 | LR: 0.0000083 | Loss : 0.0071 | Val loss: 0.0071
2026-01-10 09:01:31.655716 | Epoch:6821 | LR: 0.0000082 | Loss : 0.0077 | Val loss: 0.0074
2026-01-10 09:01:36.005053 | Epoch:6822 | LR: 0.0000082 | Loss : 0.0073 | Val loss: 0.0073
2026-01-10 09:01:40.353542 | Epoch:6823 | LR: 0.0000082 | Loss : 0.0072 | Val loss: 0.0072
2026-01-10 09:01:44.718508 | Epoch:6824 | LR: 0.0000082 | Loss : 0.0070 | Val loss: 0.0073
2026-01-10 09:01:49.070974 | Epoch:6825 | LR: 0.0000082 | Loss : 0.0079 | Val loss: 0.0068
2026-01-10 09:01:53.421514 | Epoch:6826 | LR: 0.0000081 | Loss : 0.0075 | Val loss: 0.0076
2026-01-10 09:01:57.782220 | Epoch:6827 | LR: 0.0000081 | Loss : 0.0071 | Val loss: 0.0078
2026-01-10 09:02:02.251608 | Epoch:6828 | LR: 0.0000081 | Loss : 0.0075 | Val loss: 0.0073
2026-01-10 09:02:06.920970 | Epoch:6829 | LR: 0.0000081 | Loss : 0.0072 | Val loss: 0.0075
2026-01-10 09:02:11.437798 | Epoch:6830 | LR: 0.0000080 | Loss : 0.0074 | Val loss: 0.0083
2026-01-10 09:02:15.825736 | Epoch:6831 | LR: 0.0000080 | Loss : 0.0074 | Val loss: 0.0073
2026-01-10 09:02:20.142803 | Epoch:6832 | LR: 0.0000080 | Loss : 0.0072 | Val loss: 0.0076
2026-01-10 09:02:24.433197 | Epoch:6833 | LR: 0.0000080 | Loss : 0.0072 | Val loss: 0.0081
2026-01-10 09:02:28.764749 | Epoch:6834 | LR: 0.0000079 | Loss : 0.0072 | Val loss: 0.0085
2026-01-10 09:02:33.179647 | Epoch:6835 | LR: 0.0000079 | Loss : 0.0071 | Val loss: 0.0075
2026-01-10 09:02:37.540589 | Epoch:6836 | LR: 0.0000079 | Loss : 0.0071 | Val loss: 0.0074
2026-01-10 09:02:41.874748 | Epoch:6837 | LR: 0.0000079 | Loss : 0.0076 | Val loss: 0.0077
2026-01-10 09:02:46.249268 | Epoch:6838 | LR: 0.0000079 | Loss : 0.0074 | Val loss: 0.0077
2026-01-10 09:02:50.676587 | Epoch:6839 | LR: 0.0000078 | Loss : 0.0072 | Val loss: 0.0082
2026-01-10 09:02:55.008979 | Epoch:6840 | LR: 0.0000078 | Loss : 0.0077 | Val loss: 0.0072
2026-01-10 09:02:59.309680 | Epoch:6841 | LR: 0.0000078 | Loss : 0.0073 | Val loss: 0.0069
2026-01-10 09:03:03.640747 | Epoch:6842 | LR: 0.0000078 | Loss : 0.0075 | Val loss: 0.0075
2026-01-10 09:03:07.930123 | Epoch:6843 | LR: 0.0000077 | Loss : 0.0074 | Val loss: 0.0070
2026-01-10 09:03:12.576561 | Epoch:6844 | LR: 0.0000077 | Loss : 0.0075 | Val loss: 0.0074
2026-01-10 09:03:17.055237 | Epoch:6845 | LR: 0.0000077 | Loss : 0.0074 | Val loss: 0.0076
2026-01-10 09:03:21.414196 | Epoch:6846 | LR: 0.0000077 | Loss : 0.0075 | Val loss: 0.0071
2026-01-10 09:03:25.755455 | Epoch:6847 | LR: 0.0000076 | Loss : 0.0073 | Val loss: 0.0074
2026-01-10 09:03:30.125383 | Epoch:6848 | LR: 0.0000076 | Loss : 0.0075 | Val loss: 0.0077
2026-01-10 09:03:34.472828 | Epoch:6849 | LR: 0.0000076 | Loss : 0.0075 | Val loss: 0.0071
2026-01-10 09:03:38.811017 | Epoch:6850 | LR: 0.0000076 | Loss : 0.0075 | Val loss: 0.0077
2026-01-10 09:03:43.158501 | Epoch:6851 | LR: 0.0000076 | Loss : 0.0071 | Val loss: 0.0076
2026-01-10 09:03:47.588664 | Epoch:6852 | LR: 0.0000075 | Loss : 0.0071 | Val loss: 0.0077
2026-01-10 09:03:51.977953 | Epoch:6853 | LR: 0.0000075 | Loss : 0.0073 | Val loss: 0.0075
2026-01-10 09:03:56.355911 | Epoch:6854 | LR: 0.0000075 | Loss : 0.0075 | Val loss: 0.0076
2026-01-10 09:04:00.713038 | Epoch:6855 | LR: 0.0000075 | Loss : 0.0071 | Val loss: 0.0075
2026-01-10 09:04:05.037167 | Epoch:6856 | LR: 0.0000074 | Loss : 0.0075 | Val loss: 0.0071
2026-01-10 09:04:09.329219 | Epoch:6857 | LR: 0.0000074 | Loss : 0.0072 | Val loss: 0.0072
2026-01-10 09:04:13.706260 | Epoch:6858 | LR: 0.0000074 | Loss : 0.0075 | Val loss: 0.0074
2026-01-10 09:04:18.145489 | Epoch:6859 | LR: 0.0000074 | Loss : 0.0075 | Val loss: 0.0073
2026-01-10 09:04:22.635336 | Epoch:6860 | LR: 0.0000074 | Loss : 0.0079 | Val loss: 0.0063
2026-01-10 09:04:26.978987 | Epoch:6861 | LR: 0.0000073 | Loss : 0.0073 | Val loss: 0.0074
2026-01-10 09:04:31.306580 | Epoch:6862 | LR: 0.0000073 | Loss : 0.0071 | Val loss: 0.0077
2026-01-10 09:04:35.671711 | Epoch:6863 | LR: 0.0000073 | Loss : 0.0076 | Val loss: 0.0069
2026-01-10 09:04:40.035259 | Epoch:6864 | LR: 0.0000073 | Loss : 0.0071 | Val loss: 0.0074
2026-01-10 09:04:44.469330 | Epoch:6865 | LR: 0.0000072 | Loss : 0.0073 | Val loss: 0.0077
2026-01-10 09:04:48.836340 | Epoch:6866 | LR: 0.0000072 | Loss : 0.0076 | Val loss: 0.0072
2026-01-10 09:04:53.281856 | Epoch:6867 | LR: 0.0000072 | Loss : 0.0077 | Val loss: 0.0076
2026-01-10 09:04:57.740047 | Epoch:6868 | LR: 0.0000072 | Loss : 0.0074 | Val loss: 0.0069
2026-01-10 09:05:02.162285 | Epoch:6869 | LR: 0.0000072 | Loss : 0.0074 | Val loss: 0.0063
2026-01-10 09:05:06.820059 | Epoch:6870 | LR: 0.0000071 | Loss : 0.0074 | Val loss: 0.0070
2026-01-10 09:05:11.175620 | Epoch:6871 | LR: 0.0000071 | Loss : 0.0069 | Val loss: 0.0073
2026-01-10 09:05:15.562646 | Epoch:6872 | LR: 0.0000071 | Loss : 0.0075 | Val loss: 0.0074
2026-01-10 09:05:19.990194 | Epoch:6873 | LR: 0.0000071 | Loss : 0.0078 | Val loss: 0.0074
2026-01-10 09:05:24.503122 | Epoch:6874 | LR: 0.0000070 | Loss : 0.0073 | Val loss: 0.0077
2026-01-10 09:05:28.953352 | Epoch:6875 | LR: 0.0000070 | Loss : 0.0074 | Val loss: 0.0075
2026-01-10 09:05:33.353867 | Epoch:6876 | LR: 0.0000070 | Loss : 0.0069 | Val loss: 0.0083
2026-01-10 09:05:37.555445 | Epoch:6877 | LR: 0.0000070 | Loss : 0.0074 | Val loss: 0.0077
2026-01-10 09:05:41.795706 | Epoch:6878 | LR: 0.0000070 | Loss : 0.0075 | Val loss: 0.0069
2026-01-10 09:05:45.999224 | Epoch:6879 | LR: 0.0000069 | Loss : 0.0076 | Val loss: 0.0071
2026-01-10 09:05:51.039797 | Epoch:6880 | LR: 0.0000069 | Loss : 0.0072 | Val loss: 0.0070
2026-01-10 09:05:55.700362 | Epoch:6881 | LR: 0.0000069 | Loss : 0.0075 | Val loss: 0.0076
2026-01-10 09:06:00.033844 | Epoch:6882 | LR: 0.0000069 | Loss : 0.0080 | Val loss: 0.0075
2026-01-10 09:06:04.799337 | Epoch:6883 | LR: 0.0000068 | Loss : 0.0077 | Val loss: 0.0068
2026-01-10 09:06:09.298283 | Epoch:6884 | LR: 0.0000068 | Loss : 0.0073 | Val loss: 0.0082
2026-01-10 09:06:13.677683 | Epoch:6885 | LR: 0.0000068 | Loss : 0.0075 | Val loss: 0.0073
2026-01-10 09:06:18.308293 | Epoch:6886 | LR: 0.0000068 | Loss : 0.0072 | Val loss: 0.0077
2026-01-10 09:06:22.696798 | Epoch:6887 | LR: 0.0000068 | Loss : 0.0076 | Val loss: 0.0069
2026-01-10 09:06:27.186011 | Epoch:6888 | LR: 0.0000067 | Loss : 0.0076 | Val loss: 0.0070
2026-01-10 09:06:31.529669 | Epoch:6889 | LR: 0.0000067 | Loss : 0.0072 | Val loss: 0.0079
2026-01-10 09:06:35.931971 | Epoch:6890 | LR: 0.0000067 | Loss : 0.0070 | Val loss: 0.0077
2026-01-10 09:06:40.308846 | Epoch:6891 | LR: 0.0000067 | Loss : 0.0071 | Val loss: 0.0075
2026-01-10 09:06:44.549126 | Epoch:6892 | LR: 0.0000067 | Loss : 0.0070 | Val loss: 0.0072
2026-01-10 09:06:48.871027 | Epoch:6893 | LR: 0.0000066 | Loss : 0.0071 | Val loss: 0.0078
2026-01-10 09:06:53.162785 | Epoch:6894 | LR: 0.0000066 | Loss : 0.0073 | Val loss: 0.0066
2026-01-10 09:06:57.476238 | Epoch:6895 | LR: 0.0000066 | Loss : 0.0073 | Val loss: 0.0086
2026-01-10 09:07:01.812078 | Epoch:6896 | LR: 0.0000066 | Loss : 0.0073 | Val loss: 0.0078
2026-01-10 09:07:06.202991 | Epoch:6897 | LR: 0.0000065 | Loss : 0.0075 | Val loss: 0.0070
2026-01-10 09:07:10.548516 | Epoch:6898 | LR: 0.0000065 | Loss : 0.0068 | Val loss: 0.0076
2026-01-10 09:07:14.952934 | Epoch:6899 | LR: 0.0000065 | Loss : 0.0075 | Val loss: 0.0075
2026-01-10 09:07:19.273671 | Epoch:6900 | LR: 0.0000065 | Loss : 0.0073 | Val loss: 0.0075
2026-01-10 09:07:23.575382 | Epoch:6901 | LR: 0.0000065 | Loss : 0.0074 | Val loss: 0.0070
2026-01-10 09:07:27.903690 | Epoch:6902 | LR: 0.0000064 | Loss : 0.0069 | Val loss: 0.0070
2026-01-10 09:07:32.250095 | Epoch:6903 | LR: 0.0000064 | Loss : 0.0074 | Val loss: 0.0072
2026-01-10 09:07:36.575708 | Epoch:6904 | LR: 0.0000064 | Loss : 0.0070 | Val loss: 0.0076
2026-01-10 09:07:40.925552 | Epoch:6905 | LR: 0.0000064 | Loss : 0.0075 | Val loss: 0.0069
2026-01-10 09:07:45.276772 | Epoch:6906 | LR: 0.0000064 | Loss : 0.0071 | Val loss: 0.0068
2026-01-10 09:07:49.527472 | Epoch:6907 | LR: 0.0000063 | Loss : 0.0075 | Val loss: 0.0084
2026-01-10 09:07:53.873396 | Epoch:6908 | LR: 0.0000063 | Loss : 0.0080 | Val loss: 0.0073
2026-01-10 09:07:58.201651 | Epoch:6909 | LR: 0.0000063 | Loss : 0.0069 | Val loss: 0.0072
2026-01-10 09:08:02.814841 | Epoch:6910 | LR: 0.0000063 | Loss : 0.0072 | Val loss: 0.0074
2026-01-10 09:08:07.134370 | Epoch:6911 | LR: 0.0000063 | Loss : 0.0072 | Val loss: 0.0070
2026-01-10 09:08:11.527442 | Epoch:6912 | LR: 0.0000062 | Loss : 0.0072 | Val loss: 0.0076
2026-01-10 09:08:15.912796 | Epoch:6913 | LR: 0.0000062 | Loss : 0.0070 | Val loss: 0.0074
2026-01-10 09:08:20.272914 | Epoch:6914 | LR: 0.0000062 | Loss : 0.0077 | Val loss: 0.0070
2026-01-10 09:08:24.650733 | Epoch:6915 | LR: 0.0000062 | Loss : 0.0079 | Val loss: 0.0075
2026-01-10 09:08:29.005606 | Epoch:6916 | LR: 0.0000061 | Loss : 0.0072 | Val loss: 0.0076
2026-01-10 09:08:33.317473 | Epoch:6917 | LR: 0.0000061 | Loss : 0.0073 | Val loss: 0.0068
2026-01-10 09:08:37.709052 | Epoch:6918 | LR: 0.0000061 | Loss : 0.0072 | Val loss: 0.0069
2026-01-10 09:08:42.070163 | Epoch:6919 | LR: 0.0000061 | Loss : 0.0074 | Val loss: 0.0082
2026-01-10 09:08:46.492833 | Epoch:6920 | LR: 0.0000061 | Loss : 0.0070 | Val loss: 0.0065
2026-01-10 09:08:50.856108 | Epoch:6921 | LR: 0.0000060 | Loss : 0.0073 | Val loss: 0.0071
2026-01-10 09:08:55.074813 | Epoch:6922 | LR: 0.0000060 | Loss : 0.0072 | Val loss: 0.0070
2026-01-10 09:08:59.355990 | Epoch:6923 | LR: 0.0000060 | Loss : 0.0072 | Val loss: 0.0075
2026-01-10 09:09:03.649338 | Epoch:6924 | LR: 0.0000060 | Loss : 0.0073 | Val loss: 0.0071
2026-01-10 09:09:10.170473 | Epoch:6925 | LR: 0.0000060 | Loss : 0.0075 | Val loss: 0.0076
2026-01-10 09:09:14.587722 | Epoch:6926 | LR: 0.0000059 | Loss : 0.0079 | Val loss: 0.0076
2026-01-10 09:09:18.964483 | Epoch:6927 | LR: 0.0000059 | Loss : 0.0073 | Val loss: 0.0074
2026-01-10 09:09:23.319525 | Epoch:6928 | LR: 0.0000059 | Loss : 0.0076 | Val loss: 0.0076
2026-01-10 09:09:27.723629 | Epoch:6929 | LR: 0.0000059 | Loss : 0.0070 | Val loss: 0.0074
2026-01-10 09:09:32.106170 | Epoch:6930 | LR: 0.0000059 | Loss : 0.0072 | Val loss: 0.0070
2026-01-10 09:09:36.486941 | Epoch:6931 | LR: 0.0000058 | Loss : 0.0073 | Val loss: 0.0066
2026-01-10 09:09:40.866639 | Epoch:6932 | LR: 0.0000058 | Loss : 0.0073 | Val loss: 0.0076
2026-01-10 09:09:45.241289 | Epoch:6933 | LR: 0.0000058 | Loss : 0.0070 | Val loss: 0.0072
2026-01-10 09:09:49.542443 | Epoch:6934 | LR: 0.0000058 | Loss : 0.0077 | Val loss: 0.0072
2026-01-10 09:09:53.993678 | Epoch:6935 | LR: 0.0000058 | Loss : 0.0073 | Val loss: 0.0072
2026-01-10 09:09:58.333275 | Epoch:6936 | LR: 0.0000057 | Loss : 0.0076 | Val loss: 0.0070
2026-01-10 09:10:02.653568 | Epoch:6937 | LR: 0.0000057 | Loss : 0.0072 | Val loss: 0.0077
2026-01-10 09:10:07.096601 | Epoch:6938 | LR: 0.0000057 | Loss : 0.0073 | Val loss: 0.0076
2026-01-10 09:10:11.438077 | Epoch:6939 | LR: 0.0000057 | Loss : 0.0071 | Val loss: 0.0066
2026-01-10 09:10:15.864265 | Epoch:6940 | LR: 0.0000057 | Loss : 0.0075 | Val loss: 0.0081
2026-01-10 09:10:20.244506 | Epoch:6941 | LR: 0.0000056 | Loss : 0.0069 | Val loss: 0.0076
2026-01-10 09:10:24.625352 | Epoch:6942 | LR: 0.0000056 | Loss : 0.0072 | Val loss: 0.0072
2026-01-10 09:10:29.024452 | Epoch:6943 | LR: 0.0000056 | Loss : 0.0075 | Val loss: 0.0076
2026-01-10 09:10:33.388187 | Epoch:6944 | LR: 0.0000056 | Loss : 0.0069 | Val loss: 0.0077
2026-01-10 09:10:37.752523 | Epoch:6945 | LR: 0.0000056 | Loss : 0.0075 | Val loss: 0.0063
2026-01-10 09:10:42.108279 | Epoch:6946 | LR: 0.0000055 | Loss : 0.0077 | Val loss: 0.0068
2026-01-10 09:10:46.475668 | Epoch:6947 | LR: 0.0000055 | Loss : 0.0071 | Val loss: 0.0071
2026-01-10 09:10:50.832205 | Epoch:6948 | LR: 0.0000055 | Loss : 0.0073 | Val loss: 0.0072
2026-01-10 09:10:55.275008 | Epoch:6949 | LR: 0.0000055 | Loss : 0.0072 | Val loss: 0.0074
2026-01-10 09:10:59.490575 | Epoch:6950 | LR: 0.0000055 | Loss : 0.0072 | Val loss: 0.0074
2026-01-10 09:11:04.361879 | Epoch:6951 | LR: 0.0000054 | Loss : 0.0073 | Val loss: 0.0076
2026-01-10 09:11:08.982212 | Epoch:6952 | LR: 0.0000054 | Loss : 0.0072 | Val loss: 0.0071
2026-01-10 09:11:13.565696 | Epoch:6953 | LR: 0.0000054 | Loss : 0.0071 | Val loss: 0.0070
2026-01-10 09:11:17.957701 | Epoch:6954 | LR: 0.0000054 | Loss : 0.0071 | Val loss: 0.0073
2026-01-10 09:11:22.813113 | Epoch:6955 | LR: 0.0000054 | Loss : 0.0071 | Val loss: 0.0069
2026-01-10 09:11:27.225026 | Epoch:6956 | LR: 0.0000053 | Loss : 0.0073 | Val loss: 0.0071
2026-01-10 09:11:31.597149 | Epoch:6957 | LR: 0.0000053 | Loss : 0.0073 | Val loss: 0.0075
2026-01-10 09:11:35.983660 | Epoch:6958 | LR: 0.0000053 | Loss : 0.0073 | Val loss: 0.0073
2026-01-10 09:11:40.373361 | Epoch:6959 | LR: 0.0000053 | Loss : 0.0073 | Val loss: 0.0065
2026-01-10 09:11:44.811332 | Epoch:6960 | LR: 0.0000053 | Loss : 0.0073 | Val loss: 0.0074
2026-01-10 09:11:49.191459 | Epoch:6961 | LR: 0.0000052 | Loss : 0.0071 | Val loss: 0.0072
2026-01-10 09:11:53.567187 | Epoch:6962 | LR: 0.0000052 | Loss : 0.0073 | Val loss: 0.0078
2026-01-10 09:11:57.876237 | Epoch:6963 | LR: 0.0000052 | Loss : 0.0069 | Val loss: 0.0074
2026-01-10 09:12:02.171990 | Epoch:6964 | LR: 0.0000052 | Loss : 0.0079 | Val loss: 0.0073
2026-01-10 09:12:06.567294 | Epoch:6965 | LR: 0.0000052 | Loss : 0.0076 | Val loss: 0.0074
2026-01-10 09:12:10.811505 | Epoch:6966 | LR: 0.0000052 | Loss : 0.0078 | Val loss: 0.0076
2026-01-10 09:12:15.091253 | Epoch:6967 | LR: 0.0000051 | Loss : 0.0078 | Val loss: 0.0076
2026-01-10 09:12:19.382504 | Epoch:6968 | LR: 0.0000051 | Loss : 0.0072 | Val loss: 0.0073
2026-01-10 09:12:23.690438 | Epoch:6969 | LR: 0.0000051 | Loss : 0.0075 | Val loss: 0.0073
2026-01-10 09:12:28.035451 | Epoch:6970 | LR: 0.0000051 | Loss : 0.0072 | Val loss: 0.0070
2026-01-10 09:12:32.365499 | Epoch:6971 | LR: 0.0000051 | Loss : 0.0073 | Val loss: 0.0068
2026-01-10 09:12:36.705651 | Epoch:6972 | LR: 0.0000050 | Loss : 0.0079 | Val loss: 0.0073
2026-01-10 09:12:41.085107 | Epoch:6973 | LR: 0.0000050 | Loss : 0.0074 | Val loss: 0.0070
2026-01-10 09:12:45.472196 | Epoch:6974 | LR: 0.0000050 | Loss : 0.0074 | Val loss: 0.0073
2026-01-10 09:12:49.812075 | Epoch:6975 | LR: 0.0000050 | Loss : 0.0073 | Val loss: 0.0077
2026-01-10 09:12:54.181221 | Epoch:6976 | LR: 0.0000050 | Loss : 0.0074 | Val loss: 0.0079
2026-01-10 09:12:58.541922 | Epoch:6977 | LR: 0.0000049 | Loss : 0.0072 | Val loss: 0.0077
2026-01-10 09:13:02.878775 | Epoch:6978 | LR: 0.0000049 | Loss : 0.0075 | Val loss: 0.0077
2026-01-10 09:13:07.219756 | Epoch:6979 | LR: 0.0000049 | Loss : 0.0074 | Val loss: 0.0067
2026-01-10 09:13:11.528905 | Epoch:6980 | LR: 0.0000049 | Loss : 0.0078 | Val loss: 0.0064
2026-01-10 09:13:15.935408 | Epoch:6981 | LR: 0.0000049 | Loss : 0.0075 | Val loss: 0.0079
2026-01-10 09:13:20.187141 | Epoch:6982 | LR: 0.0000048 | Loss : 0.0074 | Val loss: 0.0075
2026-01-10 09:13:24.493042 | Epoch:6983 | LR: 0.0000048 | Loss : 0.0074 | Val loss: 0.0073
2026-01-10 09:13:28.788368 | Epoch:6984 | LR: 0.0000048 | Loss : 0.0072 | Val loss: 0.0072
2026-01-10 09:13:33.137626 | Epoch:6985 | LR: 0.0000048 | Loss : 0.0076 | Val loss: 0.0085
2026-01-10 09:13:37.496312 | Epoch:6986 | LR: 0.0000048 | Loss : 0.0070 | Val loss: 0.0079
2026-01-10 09:13:41.888934 | Epoch:6987 | LR: 0.0000048 | Loss : 0.0075 | Val loss: 0.0071
2026-01-10 09:13:46.245186 | Epoch:6988 | LR: 0.0000047 | Loss : 0.0074 | Val loss: 0.0077
2026-01-10 09:13:50.604545 | Epoch:6989 | LR: 0.0000047 | Loss : 0.0073 | Val loss: 0.0081
2026-01-10 09:13:55.040546 | Epoch:6990 | LR: 0.0000047 | Loss : 0.0072 | Val loss: 0.0081
2026-01-10 09:13:59.399442 | Epoch:6991 | LR: 0.0000047 | Loss : 0.0072 | Val loss: 0.0076
2026-01-10 09:14:03.772669 | Epoch:6992 | LR: 0.0000047 | Loss : 0.0078 | Val loss: 0.0071
2026-01-10 09:14:08.388368 | Epoch:6993 | LR: 0.0000046 | Loss : 0.0072 | Val loss: 0.0073
2026-01-10 09:14:12.717920 | Epoch:6994 | LR: 0.0000046 | Loss : 0.0074 | Val loss: 0.0069
2026-01-10 09:14:17.020348 | Epoch:6995 | LR: 0.0000046 | Loss : 0.0072 | Val loss: 0.0071
2026-01-10 09:14:21.495532 | Epoch:6996 | LR: 0.0000046 | Loss : 0.0071 | Val loss: 0.0072
2026-01-10 09:14:25.795983 | Epoch:6997 | LR: 0.0000046 | Loss : 0.0068 | Val loss: 0.0066
2026-01-10 09:14:30.075253 | Epoch:6998 | LR: 0.0000046 | Loss : 0.0075 | Val loss: 0.0078
2026-01-10 09:14:34.365997 | Epoch:6999 | LR: 0.0000045 | Loss : 0.0072 | Val loss: 0.0074
2026-01-10 09:14:38.684171 | Epoch:7000 | LR: 0.0000045 | Loss : 0.0072 | Val loss: 0.0079
2026-01-10 09:14:43.050856 | Epoch:7001 | LR: 0.0000045 | Loss : 0.0078 | Val loss: 0.0073
2026-01-10 09:14:47.417935 | Epoch:7002 | LR: 0.0000045 | Loss : 0.0073 | Val loss: 0.0075
2026-01-10 09:14:51.800954 | Epoch:7003 | LR: 0.0000045 | Loss : 0.0070 | Val loss: 0.0075
2026-01-10 09:14:56.143576 | Epoch:7004 | LR: 0.0000044 | Loss : 0.0069 | Val loss: 0.0069
2026-01-10 09:15:00.548288 | Epoch:7005 | LR: 0.0000044 | Loss : 0.0072 | Val loss: 0.0079
2026-01-10 09:15:04.886228 | Epoch:7006 | LR: 0.0000044 | Loss : 0.0071 | Val loss: 0.0065
2026-01-10 09:15:09.219452 | Epoch:7007 | LR: 0.0000044 | Loss : 0.0072 | Val loss: 0.0077
2026-01-10 09:15:13.497939 | Epoch:7008 | LR: 0.0000044 | Loss : 0.0073 | Val loss: 0.0066
2026-01-10 09:15:17.800036 | Epoch:7009 | LR: 0.0000044 | Loss : 0.0070 | Val loss: 0.0067
2026-01-10 09:15:22.094086 | Epoch:7010 | LR: 0.0000043 | Loss : 0.0072 | Val loss: 0.0069
2026-01-10 09:15:26.411744 | Epoch:7011 | LR: 0.0000043 | Loss : 0.0072 | Val loss: 0.0073
2026-01-10 09:15:30.688549 | Epoch:7012 | LR: 0.0000043 | Loss : 0.0077 | Val loss: 0.0073
2026-01-10 09:15:34.987266 | Epoch:7013 | LR: 0.0000043 | Loss : 0.0073 | Val loss: 0.0069
2026-01-10 09:15:39.322391 | Epoch:7014 | LR: 0.0000043 | Loss : 0.0070 | Val loss: 0.0080
2026-01-10 09:15:43.747965 | Epoch:7015 | LR: 0.0000043 | Loss : 0.0072 | Val loss: 0.0072
2026-01-10 09:15:48.106696 | Epoch:7016 | LR: 0.0000042 | Loss : 0.0077 | Val loss: 0.0074
2026-01-10 09:15:52.547858 | Epoch:7017 | LR: 0.0000042 | Loss : 0.0070 | Val loss: 0.0068
2026-01-10 09:15:57.231491 | Epoch:7018 | LR: 0.0000042 | Loss : 0.0075 | Val loss: 0.0081
2026-01-10 09:16:01.635753 | Epoch:7019 | LR: 0.0000042 | Loss : 0.0074 | Val loss: 0.0070
2026-01-10 09:16:06.024525 | Epoch:7020 | LR: 0.0000042 | Loss : 0.0075 | Val loss: 0.0071
2026-01-10 09:16:10.308287 | Epoch:7021 | LR: 0.0000041 | Loss : 0.0075 | Val loss: 0.0071
2026-01-10 09:16:14.594220 | Epoch:7022 | LR: 0.0000041 | Loss : 0.0071 | Val loss: 0.0073
2026-01-10 09:16:19.032611 | Epoch:7023 | LR: 0.0000041 | Loss : 0.0077 | Val loss: 0.0067
2026-01-10 09:16:24.018494 | Epoch:7024 | LR: 0.0000041 | Loss : 0.0071 | Val loss: 0.0076
2026-01-10 09:16:28.513642 | Epoch:7025 | LR: 0.0000041 | Loss : 0.0074 | Val loss: 0.0068
2026-01-10 09:16:32.782135 | Epoch:7026 | LR: 0.0000041 | Loss : 0.0072 | Val loss: 0.0067
2026-01-10 09:16:37.526286 | Epoch:7027 | LR: 0.0000040 | Loss : 0.0075 | Val loss: 0.0066
2026-01-10 09:16:41.881763 | Epoch:7028 | LR: 0.0000040 | Loss : 0.0076 | Val loss: 0.0067
2026-01-10 09:16:46.220936 | Epoch:7029 | LR: 0.0000040 | Loss : 0.0074 | Val loss: 0.0068
2026-01-10 09:16:50.668342 | Epoch:7030 | LR: 0.0000040 | Loss : 0.0076 | Val loss: 0.0074
2026-01-10 09:16:55.040802 | Epoch:7031 | LR: 0.0000040 | Loss : 0.0073 | Val loss: 0.0074
2026-01-10 09:16:59.452638 | Epoch:7032 | LR: 0.0000040 | Loss : 0.0075 | Val loss: 0.0076
2026-01-10 09:17:03.849262 | Epoch:7033 | LR: 0.0000039 | Loss : 0.0068 | Val loss: 0.0076
2026-01-10 09:17:08.235098 | Epoch:7034 | LR: 0.0000039 | Loss : 0.0072 | Val loss: 0.0077
2026-01-10 09:17:12.646835 | Epoch:7035 | LR: 0.0000039 | Loss : 0.0073 | Val loss: 0.0067
2026-01-10 09:17:17.050650 | Epoch:7036 | LR: 0.0000039 | Loss : 0.0071 | Val loss: 0.0074
2026-01-10 09:17:21.432410 | Epoch:7037 | LR: 0.0000039 | Loss : 0.0070 | Val loss: 0.0070
2026-01-10 09:17:25.778431 | Epoch:7038 | LR: 0.0000039 | Loss : 0.0071 | Val loss: 0.0077
2026-01-10 09:17:30.160355 | Epoch:7039 | LR: 0.0000038 | Loss : 0.0076 | Val loss: 0.0067
2026-01-10 09:17:34.483855 | Epoch:7040 | LR: 0.0000038 | Loss : 0.0074 | Val loss: 0.0079
2026-01-10 09:17:38.883938 | Epoch:7041 | LR: 0.0000038 | Loss : 0.0073 | Val loss: 0.0072
2026-01-10 09:17:43.113962 | Epoch:7042 | LR: 0.0000038 | Loss : 0.0069 | Val loss: 0.0076
2026-01-10 09:17:47.443693 | Epoch:7043 | LR: 0.0000038 | Loss : 0.0074 | Val loss: 0.0068
2026-01-10 09:17:51.765805 | Epoch:7044 | LR: 0.0000038 | Loss : 0.0070 | Val loss: 0.0069
2026-01-10 09:17:56.108242 | Epoch:7045 | LR: 0.0000037 | Loss : 0.0075 | Val loss: 0.0074
2026-01-10 09:18:00.552560 | Epoch:7046 | LR: 0.0000037 | Loss : 0.0073 | Val loss: 0.0069
2026-01-10 09:18:04.940870 | Epoch:7047 | LR: 0.0000037 | Loss : 0.0072 | Val loss: 0.0071
2026-01-10 09:18:09.299452 | Epoch:7048 | LR: 0.0000037 | Loss : 0.0073 | Val loss: 0.0075
2026-01-10 09:18:13.707179 | Epoch:7049 | LR: 0.0000037 | Loss : 0.0071 | Val loss: 0.0071
2026-01-10 09:18:18.139241 | Epoch:7050 | LR: 0.0000037 | Loss : 0.0069 | Val loss: 0.0076
2026-01-10 09:18:22.572502 | Epoch:7051 | LR: 0.0000036 | Loss : 0.0073 | Val loss: 0.0075
2026-01-10 09:18:26.939097 | Epoch:7052 | LR: 0.0000036 | Loss : 0.0079 | Val loss: 0.0075
2026-01-10 09:18:31.228023 | Epoch:7053 | LR: 0.0000036 | Loss : 0.0072 | Val loss: 0.0080
2026-01-10 09:18:35.602083 | Epoch:7054 | LR: 0.0000036 | Loss : 0.0070 | Val loss: 0.0072
2026-01-10 09:18:39.921305 | Epoch:7055 | LR: 0.0000036 | Loss : 0.0068 | Val loss: 0.0073
2026-01-10 09:18:44.331190 | Epoch:7056 | LR: 0.0000036 | Loss : 0.0077 | Val loss: 0.0079
2026-01-10 09:18:48.702325 | Epoch:7057 | LR: 0.0000035 | Loss : 0.0071 | Val loss: 0.0074
2026-01-10 09:18:53.504575 | Epoch:7058 | LR: 0.0000035 | Loss : 0.0069 | Val loss: 0.0072
2026-01-10 09:18:57.845061 | Epoch:7059 | LR: 0.0000035 | Loss : 0.0072 | Val loss: 0.0071
2026-01-10 09:19:02.199350 | Epoch:7060 | LR: 0.0000035 | Loss : 0.0073 | Val loss: 0.0078
2026-01-10 09:19:06.599720 | Epoch:7061 | LR: 0.0000035 | Loss : 0.0078 | Val loss: 0.0076
2026-01-10 09:19:10.976845 | Epoch:7062 | LR: 0.0000035 | Loss : 0.0076 | Val loss: 0.0077
2026-01-10 09:19:15.374472 | Epoch:7063 | LR: 0.0000034 | Loss : 0.0073 | Val loss: 0.0069
2026-01-10 09:19:19.815479 | Epoch:7064 | LR: 0.0000034 | Loss : 0.0068 | Val loss: 0.0070
2026-01-10 09:19:24.233196 | Epoch:7065 | LR: 0.0000034 | Loss : 0.0071 | Val loss: 0.0079
2026-01-10 09:19:28.597212 | Epoch:7066 | LR: 0.0000034 | Loss : 0.0072 | Val loss: 0.0071
2026-01-10 09:19:32.916324 | Epoch:7067 | LR: 0.0000034 | Loss : 0.0075 | Val loss: 0.0072
2026-01-10 09:19:37.247876 | Epoch:7068 | LR: 0.0000034 | Loss : 0.0075 | Val loss: 0.0067
2026-01-10 09:19:41.599997 | Epoch:7069 | LR: 0.0000034 | Loss : 0.0071 | Val loss: 0.0077
2026-01-10 09:19:45.936112 | Epoch:7070 | LR: 0.0000033 | Loss : 0.0073 | Val loss: 0.0075
2026-01-10 09:19:50.276120 | Epoch:7071 | LR: 0.0000033 | Loss : 0.0072 | Val loss: 0.0078
2026-01-10 09:19:54.583923 | Epoch:7072 | LR: 0.0000033 | Loss : 0.0074 | Val loss: 0.0074
2026-01-10 09:19:58.933683 | Epoch:7073 | LR: 0.0000033 | Loss : 0.0073 | Val loss: 0.0077
2026-01-10 09:20:03.293774 | Epoch:7074 | LR: 0.0000033 | Loss : 0.0081 | Val loss: 0.0069
2026-01-10 09:20:07.673161 | Epoch:7075 | LR: 0.0000033 | Loss : 0.0069 | Val loss: 0.0072
2026-01-10 09:20:12.082608 | Epoch:7076 | LR: 0.0000032 | Loss : 0.0073 | Val loss: 0.0079
2026-01-10 09:20:16.516267 | Epoch:7077 | LR: 0.0000032 | Loss : 0.0074 | Val loss: 0.0083
2026-01-10 09:20:20.987266 | Epoch:7078 | LR: 0.0000032 | Loss : 0.0070 | Val loss: 0.0068
2026-01-10 09:20:25.388601 | Epoch:7079 | LR: 0.0000032 | Loss : 0.0073 | Val loss: 0.0064
2026-01-10 09:20:29.794747 | Epoch:7080 | LR: 0.0000032 | Loss : 0.0074 | Val loss: 0.0069
2026-01-10 09:20:34.147543 | Epoch:7081 | LR: 0.0000032 | Loss : 0.0072 | Val loss: 0.0070
2026-01-10 09:20:38.461770 | Epoch:7082 | LR: 0.0000031 | Loss : 0.0073 | Val loss: 0.0073
2026-01-10 09:20:42.742051 | Epoch:7083 | LR: 0.0000031 | Loss : 0.0077 | Val loss: 0.0073
2026-01-10 09:20:47.053963 | Epoch:7084 | LR: 0.0000031 | Loss : 0.0070 | Val loss: 0.0073
2026-01-10 09:20:51.422085 | Epoch:7085 | LR: 0.0000031 | Loss : 0.0071 | Val loss: 0.0067
2026-01-10 09:20:55.849727 | Epoch:7086 | LR: 0.0000031 | Loss : 0.0074 | Val loss: 0.0072
2026-01-10 09:21:00.221366 | Epoch:7087 | LR: 0.0000031 | Loss : 0.0072 | Val loss: 0.0073
2026-01-10 09:21:04.600377 | Epoch:7088 | LR: 0.0000031 | Loss : 0.0073 | Val loss: 0.0077
2026-01-10 09:21:09.051456 | Epoch:7089 | LR: 0.0000030 | Loss : 0.0076 | Val loss: 0.0077
2026-01-10 09:21:13.457139 | Epoch:7090 | LR: 0.0000030 | Loss : 0.0077 | Val loss: 0.0068
2026-01-10 09:21:17.898575 | Epoch:7091 | LR: 0.0000030 | Loss : 0.0073 | Val loss: 0.0078
2026-01-10 09:21:22.279950 | Epoch:7092 | LR: 0.0000030 | Loss : 0.0076 | Val loss: 0.0073
2026-01-10 09:21:26.596457 | Epoch:7093 | LR: 0.0000030 | Loss : 0.0076 | Val loss: 0.0071
2026-01-10 09:21:30.894860 | Epoch:7094 | LR: 0.0000030 | Loss : 0.0072 | Val loss: 0.0075
2026-01-10 09:21:35.379488 | Epoch:7095 | LR: 0.0000030 | Loss : 0.0069 | Val loss: 0.0071
2026-01-10 09:21:40.102937 | Epoch:7096 | LR: 0.0000029 | Loss : 0.0069 | Val loss: 0.0065
2026-01-10 09:21:44.644774 | Epoch:7097 | LR: 0.0000029 | Loss : 0.0077 | Val loss: 0.0074
2026-01-10 09:21:49.047658 | Epoch:7098 | LR: 0.0000029 | Loss : 0.0076 | Val loss: 0.0069
2026-01-10 09:21:53.648953 | Epoch:7099 | LR: 0.0000029 | Loss : 0.0070 | Val loss: 0.0075
2026-01-10 09:21:58.441417 | Epoch:7100 | LR: 0.0000029 | Loss : 0.0080 | Val loss: 0.0072
2026-01-10 09:22:03.047974 | Epoch:7101 | LR: 0.0000029 | Loss : 0.0070 | Val loss: 0.0077
2026-01-10 09:22:07.493560 | Epoch:7102 | LR: 0.0000028 | Loss : 0.0077 | Val loss: 0.0069
2026-01-10 09:22:11.903835 | Epoch:7103 | LR: 0.0000028 | Loss : 0.0071 | Val loss: 0.0073
2026-01-10 09:22:16.303906 | Epoch:7104 | LR: 0.0000028 | Loss : 0.0072 | Val loss: 0.0068
2026-01-10 09:22:20.815849 | Epoch:7105 | LR: 0.0000028 | Loss : 0.0076 | Val loss: 0.0071
2026-01-10 09:22:25.154981 | Epoch:7106 | LR: 0.0000028 | Loss : 0.0071 | Val loss: 0.0073
2026-01-10 09:22:29.504178 | Epoch:7107 | LR: 0.0000028 | Loss : 0.0074 | Val loss: 0.0070
2026-01-10 09:22:33.948729 | Epoch:7108 | LR: 0.0000028 | Loss : 0.0072 | Val loss: 0.0074
2026-01-10 09:22:38.347331 | Epoch:7109 | LR: 0.0000027 | Loss : 0.0069 | Val loss: 0.0076
2026-01-10 09:22:42.800038 | Epoch:7110 | LR: 0.0000027 | Loss : 0.0070 | Val loss: 0.0065
2026-01-10 09:22:47.143118 | Epoch:7111 | LR: 0.0000027 | Loss : 0.0070 | Val loss: 0.0076
2026-01-10 09:22:51.410309 | Epoch:7112 | LR: 0.0000027 | Loss : 0.0070 | Val loss: 0.0072
2026-01-10 09:22:55.717547 | Epoch:7113 | LR: 0.0000027 | Loss : 0.0070 | Val loss: 0.0062
2026-01-10 09:23:00.062620 | Epoch:7114 | LR: 0.0000027 | Loss : 0.0074 | Val loss: 0.0066
2026-01-10 09:23:04.452555 | Epoch:7115 | LR: 0.0000027 | Loss : 0.0071 | Val loss: 0.0068
2026-01-10 09:23:08.757659 | Epoch:7116 | LR: 0.0000026 | Loss : 0.0070 | Val loss: 0.0074
2026-01-10 09:23:13.105490 | Epoch:7117 | LR: 0.0000026 | Loss : 0.0068 | Val loss: 0.0079
2026-01-10 09:23:17.509848 | Epoch:7118 | LR: 0.0000026 | Loss : 0.0072 | Val loss: 0.0069
2026-01-10 09:23:21.896193 | Epoch:7119 | LR: 0.0000026 | Loss : 0.0070 | Val loss: 0.0071
2026-01-10 09:23:26.317602 | Epoch:7120 | LR: 0.0000026 | Loss : 0.0074 | Val loss: 0.0067
2026-01-10 09:23:30.729665 | Epoch:7121 | LR: 0.0000026 | Loss : 0.0076 | Val loss: 0.0082
2026-01-10 09:23:35.119656 | Epoch:7122 | LR: 0.0000026 | Loss : 0.0076 | Val loss: 0.0070
2026-01-10 09:23:39.510199 | Epoch:7123 | LR: 0.0000025 | Loss : 0.0071 | Val loss: 0.0069
2026-01-10 09:23:43.936977 | Epoch:7124 | LR: 0.0000025 | Loss : 0.0067 | Val loss: 0.0075
2026-01-10 09:23:48.309365 | Epoch:7125 | LR: 0.0000025 | Loss : 0.0075 | Val loss: 0.0072
2026-01-10 09:23:52.606537 | Epoch:7126 | LR: 0.0000025 | Loss : 0.0076 | Val loss: 0.0072
2026-01-10 09:23:56.970365 | Epoch:7127 | LR: 0.0000025 | Loss : 0.0072 | Val loss: 0.0074
2026-01-10 09:24:01.245607 | Epoch:7128 | LR: 0.0000025 | Loss : 0.0068 | Val loss: 0.0078
2026-01-10 09:24:05.656967 | Epoch:7129 | LR: 0.0000025 | Loss : 0.0072 | Val loss: 0.0073
2026-01-10 09:24:09.975822 | Epoch:7130 | LR: 0.0000025 | Loss : 0.0074 | Val loss: 0.0077
2026-01-10 09:24:14.357364 | Epoch:7131 | LR: 0.0000024 | Loss : 0.0072 | Val loss: 0.0074
2026-01-10 09:24:18.721618 | Epoch:7132 | LR: 0.0000024 | Loss : 0.0076 | Val loss: 0.0082
2026-01-10 09:24:23.103934 | Epoch:7133 | LR: 0.0000024 | Loss : 0.0073 | Val loss: 0.0083
2026-01-10 09:24:27.676658 | Epoch:7134 | LR: 0.0000024 | Loss : 0.0073 | Val loss: 0.0074
2026-01-10 09:24:32.132539 | Epoch:7135 | LR: 0.0000024 | Loss : 0.0073 | Val loss: 0.0073
2026-01-10 09:24:36.515721 | Epoch:7136 | LR: 0.0000024 | Loss : 0.0079 | Val loss: 0.0074
2026-01-10 09:24:40.908395 | Epoch:7137 | LR: 0.0000024 | Loss : 0.0070 | Val loss: 0.0069
2026-01-10 09:24:45.590880 | Epoch:7138 | LR: 0.0000023 | Loss : 0.0072 | Val loss: 0.0076
2026-01-10 09:24:49.945856 | Epoch:7139 | LR: 0.0000023 | Loss : 0.0075 | Val loss: 0.0082
2026-01-10 09:24:54.339801 | Epoch:7140 | LR: 0.0000023 | Loss : 0.0067 | Val loss: 0.0070
2026-01-10 09:24:58.615504 | Epoch:7141 | LR: 0.0000023 | Loss : 0.0072 | Val loss: 0.0066
2026-01-10 09:25:02.983719 | Epoch:7142 | LR: 0.0000023 | Loss : 0.0070 | Val loss: 0.0070
2026-01-10 09:25:07.275587 | Epoch:7143 | LR: 0.0000023 | Loss : 0.0070 | Val loss: 0.0071
2026-01-10 09:25:11.724842 | Epoch:7144 | LR: 0.0000023 | Loss : 0.0075 | Val loss: 0.0079
2026-01-10 09:25:16.106372 | Epoch:7145 | LR: 0.0000023 | Loss : 0.0074 | Val loss: 0.0070
2026-01-10 09:25:20.485317 | Epoch:7146 | LR: 0.0000022 | Loss : 0.0077 | Val loss: 0.0070
2026-01-10 09:25:24.855782 | Epoch:7147 | LR: 0.0000022 | Loss : 0.0073 | Val loss: 0.0071
2026-01-10 09:25:29.271501 | Epoch:7148 | LR: 0.0000022 | Loss : 0.0069 | Val loss: 0.0071
2026-01-10 09:25:33.723879 | Epoch:7149 | LR: 0.0000022 | Loss : 0.0073 | Val loss: 0.0074
2026-01-10 09:25:38.156714 | Epoch:7150 | LR: 0.0000022 | Loss : 0.0075 | Val loss: 0.0073
2026-01-10 09:25:42.592282 | Epoch:7151 | LR: 0.0000022 | Loss : 0.0072 | Val loss: 0.0065
2026-01-10 09:25:47.016319 | Epoch:7152 | LR: 0.0000022 | Loss : 0.0071 | Val loss: 0.0066
2026-01-10 09:25:51.502616 | Epoch:7153 | LR: 0.0000021 | Loss : 0.0072 | Val loss: 0.0084
2026-01-10 09:25:55.954264 | Epoch:7154 | LR: 0.0000021 | Loss : 0.0072 | Val loss: 0.0069
2026-01-10 09:26:00.281892 | Epoch:7155 | LR: 0.0000021 | Loss : 0.0069 | Val loss: 0.0067
2026-01-10 09:26:04.544333 | Epoch:7156 | LR: 0.0000021 | Loss : 0.0071 | Val loss: 0.0072
2026-01-10 09:26:08.818665 | Epoch:7157 | LR: 0.0000021 | Loss : 0.0070 | Val loss: 0.0076
2026-01-10 09:26:13.114536 | Epoch:7158 | LR: 0.0000021 | Loss : 0.0072 | Val loss: 0.0071
2026-01-10 09:26:17.556848 | Epoch:7159 | LR: 0.0000021 | Loss : 0.0075 | Val loss: 0.0069
2026-01-10 09:26:21.918952 | Epoch:7160 | LR: 0.0000021 | Loss : 0.0069 | Val loss: 0.0066
2026-01-10 09:26:26.258685 | Epoch:7161 | LR: 0.0000020 | Loss : 0.0071 | Val loss: 0.0074
2026-01-10 09:26:30.679771 | Epoch:7162 | LR: 0.0000020 | Loss : 0.0074 | Val loss: 0.0079
2026-01-10 09:26:35.074694 | Epoch:7163 | LR: 0.0000020 | Loss : 0.0080 | Val loss: 0.0083
2026-01-10 09:26:39.414920 | Epoch:7164 | LR: 0.0000020 | Loss : 0.0068 | Val loss: 0.0073
2026-01-10 09:26:43.934401 | Epoch:7165 | LR: 0.0000020 | Loss : 0.0069 | Val loss: 0.0081
2026-01-10 09:26:48.198604 | Epoch:7166 | LR: 0.0000020 | Loss : 0.0077 | Val loss: 0.0066
2026-01-10 09:26:52.934673 | Epoch:7167 | LR: 0.0000020 | Loss : 0.0069 | Val loss: 0.0066
2026-01-10 09:26:57.745466 | Epoch:7168 | LR: 0.0000020 | Loss : 0.0070 | Val loss: 0.0069
2026-01-10 09:27:02.262300 | Epoch:7169 | LR: 0.0000020 | Loss : 0.0073 | Val loss: 0.0069
2026-01-10 09:27:06.690435 | Epoch:7170 | LR: 0.0000019 | Loss : 0.0071 | Val loss: 0.0070
2026-01-10 09:27:11.264437 | Epoch:7171 | LR: 0.0000019 | Loss : 0.0076 | Val loss: 0.0068
2026-01-10 09:27:15.712651 | Epoch:7172 | LR: 0.0000019 | Loss : 0.0075 | Val loss: 0.0074
2026-01-10 09:27:20.079520 | Epoch:7173 | LR: 0.0000019 | Loss : 0.0072 | Val loss: 0.0068
2026-01-10 09:27:24.485612 | Epoch:7174 | LR: 0.0000019 | Loss : 0.0070 | Val loss: 0.0078
2026-01-10 09:27:28.737902 | Epoch:7175 | LR: 0.0000019 | Loss : 0.0081 | Val loss: 0.0070
2026-01-10 09:27:33.049089 | Epoch:7176 | LR: 0.0000019 | Loss : 0.0073 | Val loss: 0.0073
2026-01-10 09:27:37.389796 | Epoch:7177 | LR: 0.0000019 | Loss : 0.0072 | Val loss: 0.0070
2026-01-10 09:27:42.022958 | Epoch:7178 | LR: 0.0000018 | Loss : 0.0067 | Val loss: 0.0069
2026-01-10 09:27:46.439084 | Epoch:7179 | LR: 0.0000018 | Loss : 0.0075 | Val loss: 0.0070
2026-01-10 09:27:50.810872 | Epoch:7180 | LR: 0.0000018 | Loss : 0.0073 | Val loss: 0.0079
2026-01-10 09:27:55.158159 | Epoch:7181 | LR: 0.0000018 | Loss : 0.0070 | Val loss: 0.0070
2026-01-10 09:27:59.504432 | Epoch:7182 | LR: 0.0000018 | Loss : 0.0077 | Val loss: 0.0077
2026-01-10 09:28:03.867126 | Epoch:7183 | LR: 0.0000018 | Loss : 0.0071 | Val loss: 0.0083
2026-01-10 09:28:08.219073 | Epoch:7184 | LR: 0.0000018 | Loss : 0.0071 | Val loss: 0.0071
2026-01-10 09:28:12.505183 | Epoch:7185 | LR: 0.0000018 | Loss : 0.0071 | Val loss: 0.0074
2026-01-10 09:28:16.772724 | Epoch:7186 | LR: 0.0000017 | Loss : 0.0072 | Val loss: 0.0074
2026-01-10 09:28:21.110013 | Epoch:7187 | LR: 0.0000017 | Loss : 0.0069 | Val loss: 0.0075
2026-01-10 09:28:25.446068 | Epoch:7188 | LR: 0.0000017 | Loss : 0.0068 | Val loss: 0.0069
2026-01-10 09:28:29.819774 | Epoch:7189 | LR: 0.0000017 | Loss : 0.0076 | Val loss: 0.0072
2026-01-10 09:28:34.095507 | Epoch:7190 | LR: 0.0000017 | Loss : 0.0073 | Val loss: 0.0078
2026-01-10 09:28:38.430726 | Epoch:7191 | LR: 0.0000017 | Loss : 0.0073 | Val loss: 0.0073
2026-01-10 09:28:42.828042 | Epoch:7192 | LR: 0.0000017 | Loss : 0.0072 | Val loss: 0.0075
2026-01-10 09:28:47.213394 | Epoch:7193 | LR: 0.0000017 | Loss : 0.0074 | Val loss: 0.0071
2026-01-10 09:28:51.644925 | Epoch:7194 | LR: 0.0000017 | Loss : 0.0070 | Val loss: 0.0074
2026-01-10 09:28:56.039291 | Epoch:7195 | LR: 0.0000016 | Loss : 0.0072 | Val loss: 0.0077
2026-01-10 09:29:00.412874 | Epoch:7196 | LR: 0.0000016 | Loss : 0.0070 | Val loss: 0.0076
2026-01-10 09:29:04.798721 | Epoch:7197 | LR: 0.0000016 | Loss : 0.0074 | Val loss: 0.0071
2026-01-10 09:29:09.125806 | Epoch:7198 | LR: 0.0000016 | Loss : 0.0077 | Val loss: 0.0074
2026-01-10 09:29:13.462464 | Epoch:7199 | LR: 0.0000016 | Loss : 0.0070 | Val loss: 0.0075
2026-01-10 09:29:17.740128 | Epoch:7200 | LR: 0.0000016 | Loss : 0.0074 | Val loss: 0.0066
2026-01-10 09:29:21.959017 | Epoch:7201 | LR: 0.0000016 | Loss : 0.0071 | Val loss: 0.0071
2026-01-10 09:29:26.217335 | Epoch:7202 | LR: 0.0000016 | Loss : 0.0075 | Val loss: 0.0077
2026-01-10 09:29:30.611976 | Epoch:7203 | LR: 0.0000016 | Loss : 0.0071 | Val loss: 0.0073
2026-01-10 09:29:35.033075 | Epoch:7204 | LR: 0.0000015 | Loss : 0.0073 | Val loss: 0.0074
2026-01-10 09:29:39.517422 | Epoch:7205 | LR: 0.0000015 | Loss : 0.0073 | Val loss: 0.0079
2026-01-10 09:29:43.902750 | Epoch:7206 | LR: 0.0000015 | Loss : 0.0071 | Val loss: 0.0074
2026-01-10 09:29:48.506611 | Epoch:7207 | LR: 0.0000015 | Loss : 0.0071 | Val loss: 0.0080
2026-01-10 09:29:52.917474 | Epoch:7208 | LR: 0.0000015 | Loss : 0.0073 | Val loss: 0.0072
2026-01-10 09:29:57.358994 | Epoch:7209 | LR: 0.0000015 | Loss : 0.0067 | Val loss: 0.0067
2026-01-10 09:30:01.757268 | Epoch:7210 | LR: 0.0000015 | Loss : 0.0072 | Val loss: 0.0071
2026-01-10 09:30:06.115299 | Epoch:7211 | LR: 0.0000015 | Loss : 0.0072 | Val loss: 0.0074
2026-01-10 09:30:10.501194 | Epoch:7212 | LR: 0.0000015 | Loss : 0.0074 | Val loss: 0.0066
2026-01-10 09:30:14.876203 | Epoch:7213 | LR: 0.0000014 | Loss : 0.0072 | Val loss: 0.0069
2026-01-10 09:30:19.213413 | Epoch:7214 | LR: 0.0000014 | Loss : 0.0074 | Val loss: 0.0072
2026-01-10 09:30:23.500115 | Epoch:7215 | LR: 0.0000014 | Loss : 0.0071 | Val loss: 0.0075
2026-01-10 09:30:27.797225 | Epoch:7216 | LR: 0.0000014 | Loss : 0.0072 | Val loss: 0.0070
2026-01-10 09:30:32.064876 | Epoch:7217 | LR: 0.0000014 | Loss : 0.0071 | Val loss: 0.0066
2026-01-10 09:30:36.672521 | Epoch:7218 | LR: 0.0000014 | Loss : 0.0074 | Val loss: 0.0068
2026-01-10 09:30:40.950473 | Epoch:7219 | LR: 0.0000014 | Loss : 0.0069 | Val loss: 0.0076
2026-01-10 09:30:45.447151 | Epoch:7220 | LR: 0.0000014 | Loss : 0.0066 | Val loss: 0.0074
2026-01-10 09:30:49.799878 | Epoch:7221 | LR: 0.0000014 | Loss : 0.0072 | Val loss: 0.0067
2026-01-10 09:30:54.186125 | Epoch:7222 | LR: 0.0000014 | Loss : 0.0073 | Val loss: 0.0068
2026-01-10 09:30:58.551180 | Epoch:7223 | LR: 0.0000013 | Loss : 0.0072 | Val loss: 0.0079
2026-01-10 09:31:02.981565 | Epoch:7224 | LR: 0.0000013 | Loss : 0.0077 | Val loss: 0.0075
2026-01-10 09:31:07.339756 | Epoch:7225 | LR: 0.0000013 | Loss : 0.0072 | Val loss: 0.0072
2026-01-10 09:31:11.673827 | Epoch:7226 | LR: 0.0000013 | Loss : 0.0071 | Val loss: 0.0071
2026-01-10 09:31:16.036280 | Epoch:7227 | LR: 0.0000013 | Loss : 0.0070 | Val loss: 0.0068
2026-01-10 09:31:20.385877 | Epoch:7228 | LR: 0.0000013 | Loss : 0.0073 | Val loss: 0.0080
2026-01-10 09:31:24.741279 | Epoch:7229 | LR: 0.0000013 | Loss : 0.0066 | Val loss: 0.0069
2026-01-10 09:31:29.079828 | Epoch:7230 | LR: 0.0000013 | Loss : 0.0073 | Val loss: 0.0065
2026-01-10 09:31:33.358182 | Epoch:7231 | LR: 0.0000013 | Loss : 0.0072 | Val loss: 0.0076
2026-01-10 09:31:37.641140 | Epoch:7232 | LR: 0.0000013 | Loss : 0.0072 | Val loss: 0.0073
2026-01-10 09:31:41.972798 | Epoch:7233 | LR: 0.0000012 | Loss : 0.0073 | Val loss: 0.0073
2026-01-10 09:31:46.416975 | Epoch:7234 | LR: 0.0000012 | Loss : 0.0070 | Val loss: 0.0071
2026-01-10 09:31:50.853102 | Epoch:7235 | LR: 0.0000012 | Loss : 0.0072 | Val loss: 0.0079
2026-01-10 09:31:55.198600 | Epoch:7236 | LR: 0.0000012 | Loss : 0.0067 | Val loss: 0.0079
2026-01-10 09:31:59.498969 | Epoch:7237 | LR: 0.0000012 | Loss : 0.0076 | Val loss: 0.0076
2026-01-10 09:32:03.794726 | Epoch:7238 | LR: 0.0000012 | Loss : 0.0069 | Val loss: 0.0064
2026-01-10 09:32:08.543519 | Epoch:7239 | LR: 0.0000012 | Loss : 0.0070 | Val loss: 0.0079
2026-01-10 09:32:13.208203 | Epoch:7240 | LR: 0.0000012 | Loss : 0.0071 | Val loss: 0.0078
2026-01-10 09:32:17.716083 | Epoch:7241 | LR: 0.0000012 | Loss : 0.0073 | Val loss: 0.0080
2026-01-10 09:32:22.080685 | Epoch:7242 | LR: 0.0000012 | Loss : 0.0069 | Val loss: 0.0079
2026-01-10 09:32:26.985807 | Epoch:7243 | LR: 0.0000011 | Loss : 0.0076 | Val loss: 0.0070
2026-01-10 09:32:31.312529 | Epoch:7244 | LR: 0.0000011 | Loss : 0.0071 | Val loss: 0.0071
2026-01-10 09:32:35.589339 | Epoch:7245 | LR: 0.0000011 | Loss : 0.0074 | Val loss: 0.0077
2026-01-10 09:32:39.840904 | Epoch:7246 | LR: 0.0000011 | Loss : 0.0070 | Val loss: 0.0074
2026-01-10 09:32:44.189475 | Epoch:7247 | LR: 0.0000011 | Loss : 0.0071 | Val loss: 0.0077
2026-01-10 09:32:48.522259 | Epoch:7248 | LR: 0.0000011 | Loss : 0.0066 | Val loss: 0.0071
2026-01-10 09:32:52.982164 | Epoch:7249 | LR: 0.0000011 | Loss : 0.0077 | Val loss: 0.0074
2026-01-10 09:32:57.307756 | Epoch:7250 | LR: 0.0000011 | Loss : 0.0073 | Val loss: 0.0067
2026-01-10 09:33:01.619295 | Epoch:7251 | LR: 0.0000011 | Loss : 0.0073 | Val loss: 0.0069
2026-01-10 09:33:05.965260 | Epoch:7252 | LR: 0.0000011 | Loss : 0.0073 | Val loss: 0.0074
2026-01-10 09:33:10.296504 | Epoch:7253 | LR: 0.0000011 | Loss : 0.0071 | Val loss: 0.0078
2026-01-10 09:33:14.651457 | Epoch:7254 | LR: 0.0000010 | Loss : 0.0073 | Val loss: 0.0073
2026-01-10 09:33:19.001684 | Epoch:7255 | LR: 0.0000010 | Loss : 0.0072 | Val loss: 0.0069
2026-01-10 09:33:23.357731 | Epoch:7256 | LR: 0.0000010 | Loss : 0.0069 | Val loss: 0.0077
2026-01-10 09:33:27.811960 | Epoch:7257 | LR: 0.0000010 | Loss : 0.0075 | Val loss: 0.0077
2026-01-10 09:33:32.482914 | Epoch:7258 | LR: 0.0000010 | Loss : 0.0071 | Val loss: 0.0076
2026-01-10 09:33:36.839901 | Epoch:7259 | LR: 0.0000010 | Loss : 0.0075 | Val loss: 0.0068
2026-01-10 09:33:41.114163 | Epoch:7260 | LR: 0.0000010 | Loss : 0.0065 | Val loss: 0.0076
2026-01-10 09:33:45.381521 | Epoch:7261 | LR: 0.0000010 | Loss : 0.0067 | Val loss: 0.0075
2026-01-10 09:33:49.742824 | Epoch:7262 | LR: 0.0000010 | Loss : 0.0073 | Val loss: 0.0073
2026-01-10 09:33:54.117167 | Epoch:7263 | LR: 0.0000010 | Loss : 0.0072 | Val loss: 0.0069
2026-01-10 09:33:58.565933 | Epoch:7264 | LR: 0.0000010 | Loss : 0.0073 | Val loss: 0.0073
2026-01-10 09:34:02.816780 | Epoch:7265 | LR: 0.0000009 | Loss : 0.0072 | Val loss: 0.0074
2026-01-10 09:34:07.149526 | Epoch:7266 | LR: 0.0000009 | Loss : 0.0073 | Val loss: 0.0071
2026-01-10 09:34:11.527511 | Epoch:7267 | LR: 0.0000009 | Loss : 0.0077 | Val loss: 0.0071
2026-01-10 09:34:15.855009 | Epoch:7268 | LR: 0.0000009 | Loss : 0.0077 | Val loss: 0.0074
2026-01-10 09:34:20.178205 | Epoch:7269 | LR: 0.0000009 | Loss : 0.0072 | Val loss: 0.0072
2026-01-10 09:34:24.528457 | Epoch:7270 | LR: 0.0000009 | Loss : 0.0071 | Val loss: 0.0073
2026-01-10 09:34:28.867585 | Epoch:7271 | LR: 0.0000009 | Loss : 0.0079 | Val loss: 0.0067
2026-01-10 09:34:33.422497 | Epoch:7272 | LR: 0.0000009 | Loss : 0.0076 | Val loss: 0.0073
2026-01-10 09:34:37.879594 | Epoch:7273 | LR: 0.0000009 | Loss : 0.0078 | Val loss: 0.0074
2026-01-10 09:34:42.173784 | Epoch:7274 | LR: 0.0000009 | Loss : 0.0074 | Val loss: 0.0072
2026-01-10 09:34:46.421382 | Epoch:7275 | LR: 0.0000009 | Loss : 0.0071 | Val loss: 0.0076
2026-01-10 09:34:50.734647 | Epoch:7276 | LR: 0.0000009 | Loss : 0.0071 | Val loss: 0.0082
2026-01-10 09:34:55.048791 | Epoch:7277 | LR: 0.0000008 | Loss : 0.0068 | Val loss: 0.0072
2026-01-10 09:34:59.408434 | Epoch:7278 | LR: 0.0000008 | Loss : 0.0074 | Val loss: 0.0072
2026-01-10 09:35:03.836540 | Epoch:7279 | LR: 0.0000008 | Loss : 0.0074 | Val loss: 0.0075
2026-01-10 09:35:08.142065 | Epoch:7280 | LR: 0.0000008 | Loss : 0.0075 | Val loss: 0.0074
2026-01-10 09:35:12.448113 | Epoch:7281 | LR: 0.0000008 | Loss : 0.0072 | Val loss: 0.0074
2026-01-10 09:35:16.783510 | Epoch:7282 | LR: 0.0000008 | Loss : 0.0074 | Val loss: 0.0067
2026-01-10 09:35:21.064936 | Epoch:7283 | LR: 0.0000008 | Loss : 0.0072 | Val loss: 0.0072
2026-01-10 09:35:25.354142 | Epoch:7284 | LR: 0.0000008 | Loss : 0.0071 | Val loss: 0.0073
2026-01-10 09:35:29.640352 | Epoch:7285 | LR: 0.0000008 | Loss : 0.0074 | Val loss: 0.0070
2026-01-10 09:35:33.961151 | Epoch:7286 | LR: 0.0000008 | Loss : 0.0069 | Val loss: 0.0065
2026-01-10 09:35:38.283625 | Epoch:7287 | LR: 0.0000008 | Loss : 0.0072 | Val loss: 0.0071
2026-01-10 09:35:42.615041 | Epoch:7288 | LR: 0.0000008 | Loss : 0.0074 | Val loss: 0.0068
2026-01-10 09:35:46.988241 | Epoch:7289 | LR: 0.0000008 | Loss : 0.0071 | Val loss: 0.0074
2026-01-10 09:35:51.206653 | Epoch:7290 | LR: 0.0000007 | Loss : 0.0076 | Val loss: 0.0075
2026-01-10 09:35:55.468374 | Epoch:7291 | LR: 0.0000007 | Loss : 0.0073 | Val loss: 0.0079
2026-01-10 09:35:59.794483 | Epoch:7292 | LR: 0.0000007 | Loss : 0.0068 | Val loss: 0.0073
2026-01-10 09:36:04.099652 | Epoch:7293 | LR: 0.0000007 | Loss : 0.0071 | Val loss: 0.0074
2026-01-10 09:36:08.462348 | Epoch:7294 | LR: 0.0000007 | Loss : 0.0075 | Val loss: 0.0074
2026-01-10 09:36:12.848452 | Epoch:7295 | LR: 0.0000007 | Loss : 0.0073 | Val loss: 0.0078
2026-01-10 09:36:17.148570 | Epoch:7296 | LR: 0.0000007 | Loss : 0.0071 | Val loss: 0.0073
2026-01-10 09:36:21.442056 | Epoch:7297 | LR: 0.0000007 | Loss : 0.0076 | Val loss: 0.0074
2026-01-10 09:36:26.084973 | Epoch:7298 | LR: 0.0000007 | Loss : 0.0076 | Val loss: 0.0071
2026-01-10 09:36:30.401425 | Epoch:7299 | LR: 0.0000007 | Loss : 0.0076 | Val loss: 0.0074
2026-01-10 09:36:34.713624 | Epoch:7300 | LR: 0.0000007 | Loss : 0.0075 | Val loss: 0.0069
2026-01-10 09:36:39.007248 | Epoch:7301 | LR: 0.0000007 | Loss : 0.0069 | Val loss: 0.0075
2026-01-10 09:36:43.309354 | Epoch:7302 | LR: 0.0000007 | Loss : 0.0076 | Val loss: 0.0074
2026-01-10 09:36:47.643992 | Epoch:7303 | LR: 0.0000007 | Loss : 0.0069 | Val loss: 0.0067
2026-01-10 09:36:51.948192 | Epoch:7304 | LR: 0.0000006 | Loss : 0.0074 | Val loss: 0.0076
2026-01-10 09:36:56.223047 | Epoch:7305 | LR: 0.0000006 | Loss : 0.0070 | Val loss: 0.0080
2026-01-10 09:37:00.475351 | Epoch:7306 | LR: 0.0000006 | Loss : 0.0077 | Val loss: 0.0071
2026-01-10 09:37:04.788872 | Epoch:7307 | LR: 0.0000006 | Loss : 0.0072 | Val loss: 0.0070
2026-01-10 09:37:09.042186 | Epoch:7308 | LR: 0.0000006 | Loss : 0.0072 | Val loss: 0.0076
2026-01-10 09:37:13.234621 | Epoch:7309 | LR: 0.0000006 | Loss : 0.0078 | Val loss: 0.0074
2026-01-10 09:37:17.476877 | Epoch:7310 | LR: 0.0000006 | Loss : 0.0071 | Val loss: 0.0071
2026-01-10 09:37:22.053010 | Epoch:7311 | LR: 0.0000006 | Loss : 0.0069 | Val loss: 0.0077
2026-01-10 09:37:27.032484 | Epoch:7312 | LR: 0.0000006 | Loss : 0.0073 | Val loss: 0.0072
2026-01-10 09:37:31.555762 | Epoch:7313 | LR: 0.0000006 | Loss : 0.0067 | Val loss: 0.0075
2026-01-10 09:37:36.062113 | Epoch:7314 | LR: 0.0000006 | Loss : 0.0070 | Val loss: 0.0079
2026-01-10 09:37:40.808092 | Epoch:7315 | LR: 0.0000006 | Loss : 0.0076 | Val loss: 0.0083
2026-01-10 09:37:45.139921 | Epoch:7316 | LR: 0.0000006 | Loss : 0.0070 | Val loss: 0.0071
2026-01-10 09:37:49.483171 | Epoch:7317 | LR: 0.0000006 | Loss : 0.0075 | Val loss: 0.0074
2026-01-10 09:37:53.835851 | Epoch:7318 | LR: 0.0000005 | Loss : 0.0074 | Val loss: 0.0076
2026-01-10 09:37:58.171918 | Epoch:7319 | LR: 0.0000005 | Loss : 0.0074 | Val loss: 0.0078
2026-01-10 09:38:02.529287 | Epoch:7320 | LR: 0.0000005 | Loss : 0.0071 | Val loss: 0.0071
2026-01-10 09:38:06.875925 | Epoch:7321 | LR: 0.0000005 | Loss : 0.0070 | Val loss: 0.0072
2026-01-10 09:38:11.210168 | Epoch:7322 | LR: 0.0000005 | Loss : 0.0078 | Val loss: 0.0066
2026-01-10 09:38:15.560860 | Epoch:7323 | LR: 0.0000005 | Loss : 0.0076 | Val loss: 0.0072
2026-01-10 09:38:19.907457 | Epoch:7324 | LR: 0.0000005 | Loss : 0.0074 | Val loss: 0.0066
2026-01-10 09:38:24.272847 | Epoch:7325 | LR: 0.0000005 | Loss : 0.0070 | Val loss: 0.0069
2026-01-10 09:38:28.779638 | Epoch:7326 | LR: 0.0000005 | Loss : 0.0070 | Val loss: 0.0070
2026-01-10 09:38:33.114453 | Epoch:7327 | LR: 0.0000005 | Loss : 0.0073 | Val loss: 0.0073
2026-01-10 09:38:37.457196 | Epoch:7328 | LR: 0.0000005 | Loss : 0.0080 | Val loss: 0.0072
2026-01-10 09:38:41.774486 | Epoch:7329 | LR: 0.0000005 | Loss : 0.0071 | Val loss: 0.0065
2026-01-10 09:38:46.146563 | Epoch:7330 | LR: 0.0000005 | Loss : 0.0071 | Val loss: 0.0079
2026-01-10 09:38:50.550225 | Epoch:7331 | LR: 0.0000005 | Loss : 0.0075 | Val loss: 0.0074
2026-01-10 09:38:54.903759 | Epoch:7332 | LR: 0.0000005 | Loss : 0.0072 | Val loss: 0.0080
2026-01-10 09:38:59.275961 | Epoch:7333 | LR: 0.0000005 | Loss : 0.0076 | Val loss: 0.0071
2026-01-10 09:39:03.689911 | Epoch:7334 | LR: 0.0000004 | Loss : 0.0075 | Val loss: 0.0078
2026-01-10 09:39:07.995396 | Epoch:7335 | LR: 0.0000004 | Loss : 0.0072 | Val loss: 0.0076
2026-01-10 09:39:12.292872 | Epoch:7336 | LR: 0.0000004 | Loss : 0.0070 | Val loss: 0.0077
2026-01-10 09:39:16.613203 | Epoch:7337 | LR: 0.0000004 | Loss : 0.0076 | Val loss: 0.0076
2026-01-10 09:39:21.211425 | Epoch:7338 | LR: 0.0000004 | Loss : 0.0069 | Val loss: 0.0075
2026-01-10 09:39:25.562026 | Epoch:7339 | LR: 0.0000004 | Loss : 0.0072 | Val loss: 0.0071
2026-01-10 09:39:29.974433 | Epoch:7340 | LR: 0.0000004 | Loss : 0.0074 | Val loss: 0.0074
2026-01-10 09:39:34.404430 | Epoch:7341 | LR: 0.0000004 | Loss : 0.0071 | Val loss: 0.0074
2026-01-10 09:39:38.728819 | Epoch:7342 | LR: 0.0000004 | Loss : 0.0072 | Val loss: 0.0067
2026-01-10 09:39:43.041841 | Epoch:7343 | LR: 0.0000004 | Loss : 0.0078 | Val loss: 0.0071
2026-01-10 09:39:47.297032 | Epoch:7344 | LR: 0.0000004 | Loss : 0.0069 | Val loss: 0.0074
2026-01-10 09:39:51.632355 | Epoch:7345 | LR: 0.0000004 | Loss : 0.0067 | Val loss: 0.0075
2026-01-10 09:39:55.949988 | Epoch:7346 | LR: 0.0000004 | Loss : 0.0072 | Val loss: 0.0069
2026-01-10 09:40:00.310718 | Epoch:7347 | LR: 0.0000004 | Loss : 0.0071 | Val loss: 0.0072
2026-01-10 09:40:04.628161 | Epoch:7348 | LR: 0.0000004 | Loss : 0.0066 | Val loss: 0.0069
2026-01-10 09:40:08.962618 | Epoch:7349 | LR: 0.0000004 | Loss : 0.0072 | Val loss: 0.0070
2026-01-10 09:40:13.273886 | Epoch:7350 | LR: 0.0000004 | Loss : 0.0071 | Val loss: 0.0065
2026-01-10 09:40:17.590874 | Epoch:7351 | LR: 0.0000004 | Loss : 0.0072 | Val loss: 0.0070
2026-01-10 09:40:21.904159 | Epoch:7352 | LR: 0.0000003 | Loss : 0.0074 | Val loss: 0.0071
2026-01-10 09:40:26.277777 | Epoch:7353 | LR: 0.0000003 | Loss : 0.0072 | Val loss: 0.0077
2026-01-10 09:40:30.710842 | Epoch:7354 | LR: 0.0000003 | Loss : 0.0075 | Val loss: 0.0077
2026-01-10 09:40:34.995297 | Epoch:7355 | LR: 0.0000003 | Loss : 0.0072 | Val loss: 0.0064
2026-01-10 09:40:39.523915 | Epoch:7356 | LR: 0.0000003 | Loss : 0.0070 | Val loss: 0.0074
2026-01-10 09:40:43.936635 | Epoch:7357 | LR: 0.0000003 | Loss : 0.0074 | Val loss: 0.0076
2026-01-10 09:40:48.255641 | Epoch:7358 | LR: 0.0000003 | Loss : 0.0071 | Val loss: 0.0071
2026-01-10 09:40:52.583762 | Epoch:7359 | LR: 0.0000003 | Loss : 0.0075 | Val loss: 0.0067
2026-01-10 09:40:57.031677 | Epoch:7360 | LR: 0.0000003 | Loss : 0.0071 | Val loss: 0.0074
2026-01-10 09:41:01.448337 | Epoch:7361 | LR: 0.0000003 | Loss : 0.0073 | Val loss: 0.0072
2026-01-10 09:41:05.888592 | Epoch:7362 | LR: 0.0000003 | Loss : 0.0072 | Val loss: 0.0072
2026-01-10 09:41:10.303868 | Epoch:7363 | LR: 0.0000003 | Loss : 0.0078 | Val loss: 0.0074
2026-01-10 09:41:14.702699 | Epoch:7364 | LR: 0.0000003 | Loss : 0.0072 | Val loss: 0.0071
2026-01-10 09:41:19.041958 | Epoch:7365 | LR: 0.0000003 | Loss : 0.0071 | Val loss: 0.0069
2026-01-10 09:41:23.358020 | Epoch:7366 | LR: 0.0000003 | Loss : 0.0072 | Val loss: 0.0076
2026-01-10 09:41:27.653560 | Epoch:7367 | LR: 0.0000003 | Loss : 0.0072 | Val loss: 0.0068
2026-01-10 09:41:31.985082 | Epoch:7368 | LR: 0.0000003 | Loss : 0.0078 | Val loss: 0.0070
2026-01-10 09:41:36.398481 | Epoch:7369 | LR: 0.0000003 | Loss : 0.0073 | Val loss: 0.0072
2026-01-10 09:41:40.834315 | Epoch:7370 | LR: 0.0000003 | Loss : 0.0071 | Val loss: 0.0072
2026-01-10 09:41:45.299898 | Epoch:7371 | LR: 0.0000003 | Loss : 0.0074 | Val loss: 0.0072
2026-01-10 09:41:49.611265 | Epoch:7372 | LR: 0.0000003 | Loss : 0.0074 | Val loss: 0.0067
2026-01-10 09:41:53.920806 | Epoch:7373 | LR: 0.0000002 | Loss : 0.0066 | Val loss: 0.0085
2026-01-10 09:41:58.177382 | Epoch:7374 | LR: 0.0000002 | Loss : 0.0071 | Val loss: 0.0073
2026-01-10 09:42:02.596865 | Epoch:7375 | LR: 0.0000002 | Loss : 0.0074 | Val loss: 0.0076
2026-01-10 09:42:06.922947 | Epoch:7376 | LR: 0.0000002 | Loss : 0.0073 | Val loss: 0.0072
2026-01-10 09:42:11.250167 | Epoch:7377 | LR: 0.0000002 | Loss : 0.0076 | Val loss: 0.0069
2026-01-10 09:42:15.894104 | Epoch:7378 | LR: 0.0000002 | Loss : 0.0073 | Val loss: 0.0081
2026-01-10 09:42:20.504947 | Epoch:7379 | LR: 0.0000002 | Loss : 0.0074 | Val loss: 0.0075
2026-01-10 09:42:24.818204 | Epoch:7380 | LR: 0.0000002 | Loss : 0.0073 | Val loss: 0.0072
2026-01-10 09:42:29.051071 | Epoch:7381 | LR: 0.0000002 | Loss : 0.0070 | Val loss: 0.0076
2026-01-10 09:42:33.278953 | Epoch:7382 | LR: 0.0000002 | Loss : 0.0077 | Val loss: 0.0077
2026-01-10 09:42:37.640641 | Epoch:7383 | LR: 0.0000002 | Loss : 0.0073 | Val loss: 0.0076
2026-01-10 09:42:42.659852 | Epoch:7384 | LR: 0.0000002 | Loss : 0.0072 | Val loss: 0.0073
2026-01-10 09:42:47.289482 | Epoch:7385 | LR: 0.0000002 | Loss : 0.0072 | Val loss: 0.0075
2026-01-10 09:42:51.622860 | Epoch:7386 | LR: 0.0000002 | Loss : 0.0069 | Val loss: 0.0071
2026-01-10 09:42:56.276914 | Epoch:7387 | LR: 0.0000002 | Loss : 0.0075 | Val loss: 0.0076
2026-01-10 09:43:00.611728 | Epoch:7388 | LR: 0.0000002 | Loss : 0.0073 | Val loss: 0.0075
2026-01-10 09:43:04.898036 | Epoch:7389 | LR: 0.0000002 | Loss : 0.0072 | Val loss: 0.0070
2026-01-10 09:43:09.223423 | Epoch:7390 | LR: 0.0000002 | Loss : 0.0073 | Val loss: 0.0073
2026-01-10 09:43:13.550859 | Epoch:7391 | LR: 0.0000002 | Loss : 0.0074 | Val loss: 0.0066
2026-01-10 09:43:17.918378 | Epoch:7392 | LR: 0.0000002 | Loss : 0.0075 | Val loss: 0.0072
2026-01-10 09:43:22.324212 | Epoch:7393 | LR: 0.0000002 | Loss : 0.0070 | Val loss: 0.0076
2026-01-10 09:43:26.731651 | Epoch:7394 | LR: 0.0000002 | Loss : 0.0070 | Val loss: 0.0077
2026-01-10 09:43:31.045753 | Epoch:7395 | LR: 0.0000002 | Loss : 0.0073 | Val loss: 0.0073
2026-01-10 09:43:35.351040 | Epoch:7396 | LR: 0.0000002 | Loss : 0.0071 | Val loss: 0.0072
2026-01-10 09:43:39.729900 | Epoch:7397 | LR: 0.0000002 | Loss : 0.0073 | Val loss: 0.0072
2026-01-10 09:43:44.092267 | Epoch:7398 | LR: 0.0000001 | Loss : 0.0071 | Val loss: 0.0069
2026-01-10 09:43:48.414138 | Epoch:7399 | LR: 0.0000001 | Loss : 0.0071 | Val loss: 0.0074
2026-01-10 09:43:52.814480 | Epoch:7400 | LR: 0.0000001 | Loss : 0.0075 | Val loss: 0.0073
2026-01-10 09:43:57.244734 | Epoch:7401 | LR: 0.0000001 | Loss : 0.0071 | Val loss: 0.0067
2026-01-10 09:44:01.499256 | Epoch:7402 | LR: 0.0000001 | Loss : 0.0073 | Val loss: 0.0077
2026-01-10 09:44:05.814096 | Epoch:7403 | LR: 0.0000001 | Loss : 0.0070 | Val loss: 0.0070
2026-01-10 09:44:10.129905 | Epoch:7404 | LR: 0.0000001 | Loss : 0.0070 | Val loss: 0.0071
2026-01-10 09:44:14.457977 | Epoch:7405 | LR: 0.0000001 | Loss : 0.0072 | Val loss: 0.0068
2026-01-10 09:44:18.796770 | Epoch:7406 | LR: 0.0000001 | Loss : 0.0071 | Val loss: 0.0072
2026-01-10 09:44:23.112538 | Epoch:7407 | LR: 0.0000001 | Loss : 0.0069 | Val loss: 0.0065
2026-01-10 09:44:27.471974 | Epoch:7408 | LR: 0.0000001 | Loss : 0.0073 | Val loss: 0.0066
2026-01-10 09:44:31.826895 | Epoch:7409 | LR: 0.0000001 | Loss : 0.0072 | Val loss: 0.0077
2026-01-10 09:44:36.165019 | Epoch:7410 | LR: 0.0000001 | Loss : 0.0072 | Val loss: 0.0074
2026-01-10 09:44:40.538560 | Epoch:7411 | LR: 0.0000001 | Loss : 0.0072 | Val loss: 0.0075
2026-01-10 09:44:44.863565 | Epoch:7412 | LR: 0.0000001 | Loss : 0.0069 | Val loss: 0.0074
2026-01-10 09:44:49.199084 | Epoch:7413 | LR: 0.0000001 | Loss : 0.0070 | Val loss: 0.0075
2026-01-10 09:44:53.620941 | Epoch:7414 | LR: 0.0000001 | Loss : 0.0071 | Val loss: 0.0073
2026-01-10 09:44:58.004845 | Epoch:7415 | LR: 0.0000001 | Loss : 0.0076 | Val loss: 0.0078
2026-01-10 09:45:02.484668 | Epoch:7416 | LR: 0.0000001 | Loss : 0.0073 | Val loss: 0.0070
2026-01-10 09:45:06.783367 | Epoch:7417 | LR: 0.0000001 | Loss : 0.0071 | Val loss: 0.0066
2026-01-10 09:45:11.318344 | Epoch:7418 | LR: 0.0000001 | Loss : 0.0074 | Val loss: 0.0079
2026-01-10 09:45:15.623861 | Epoch:7419 | LR: 0.0000001 | Loss : 0.0070 | Val loss: 0.0085
2026-01-10 09:45:19.944540 | Epoch:7420 | LR: 0.0000001 | Loss : 0.0073 | Val loss: 0.0073
2026-01-10 09:45:24.509908 | Epoch:7421 | LR: 0.0000001 | Loss : 0.0069 | Val loss: 0.0071
2026-01-10 09:45:28.852743 | Epoch:7422 | LR: 0.0000001 | Loss : 0.0069 | Val loss: 0.0072
2026-01-10 09:45:33.200612 | Epoch:7423 | LR: 0.0000001 | Loss : 0.0071 | Val loss: 0.0073
2026-01-10 09:45:37.561534 | Epoch:7424 | LR: 0.0000001 | Loss : 0.0072 | Val loss: 0.0079
2026-01-10 09:45:41.934135 | Epoch:7425 | LR: 0.0000001 | Loss : 0.0070 | Val loss: 0.0077
2026-01-10 09:45:46.284293 | Epoch:7426 | LR: 0.0000001 | Loss : 0.0070 | Val loss: 0.0070
2026-01-10 09:45:50.632373 | Epoch:7427 | LR: 0.0000001 | Loss : 0.0076 | Val loss: 0.0068
2026-01-10 09:45:54.959471 | Epoch:7428 | LR: 0.0000001 | Loss : 0.0072 | Val loss: 0.0067
2026-01-10 09:45:59.373456 | Epoch:7429 | LR: 0.0000001 | Loss : 0.0073 | Val loss: 0.0062
2026-01-10 09:46:03.834198 | Epoch:7430 | LR: 0.0000001 | Loss : 0.0072 | Val loss: 0.0073
2026-01-10 09:46:08.259027 | Epoch:7431 | LR: 0.0000001 | Loss : 0.0072 | Val loss: 0.0074
2026-01-10 09:46:12.624249 | Epoch:7432 | LR: 0.0000001 | Loss : 0.0069 | Val loss: 0.0078
2026-01-10 09:46:16.941797 | Epoch:7433 | LR: 0.0000001 | Loss : 0.0074 | Val loss: 0.0069
2026-01-10 09:46:21.323687 | Epoch:7434 | LR: 0.0000001 | Loss : 0.0074 | Val loss: 0.0075
2026-01-10 09:46:25.701011 | Epoch:7435 | LR: 0.0000000 | Loss : 0.0073 | Val loss: 0.0074
2026-01-10 09:46:30.065456 | Epoch:7436 | LR: 0.0000000 | Loss : 0.0075 | Val loss: 0.0071
2026-01-10 09:46:34.474010 | Epoch:7437 | LR: 0.0000000 | Loss : 0.0076 | Val loss: 0.0065
2026-01-10 09:46:38.870490 | Epoch:7438 | LR: 0.0000000 | Loss : 0.0070 | Val loss: 0.0073
2026-01-10 09:46:43.262893 | Epoch:7439 | LR: 0.0000000 | Loss : 0.0069 | Val loss: 0.0069
2026-01-10 09:46:47.613199 | Epoch:7440 | LR: 0.0000000 | Loss : 0.0075 | Val loss: 0.0070
2026-01-10 09:46:51.951051 | Epoch:7441 | LR: 0.0000000 | Loss : 0.0073 | Val loss: 0.0068
2026-01-10 09:46:56.362998 | Epoch:7442 | LR: 0.0000000 | Loss : 0.0071 | Val loss: 0.0071
2026-01-10 09:47:00.820814 | Epoch:7443 | LR: 0.0000000 | Loss : 0.0077 | Val loss: 0.0077
2026-01-10 09:47:05.217729 | Epoch:7444 | LR: 0.0000000 | Loss : 0.0072 | Val loss: 0.0074
2026-01-10 09:47:09.741877 | Epoch:7445 | LR: 0.0000000 | Loss : 0.0066 | Val loss: 0.0078
2026-01-10 09:47:14.097096 | Epoch:7446 | LR: 0.0000000 | Loss : 0.0077 | Val loss: 0.0070
2026-01-10 09:47:18.422203 | Epoch:7447 | LR: 0.0000000 | Loss : 0.0070 | Val loss: 0.0079
2026-01-10 09:47:22.740910 | Epoch:7448 | LR: 0.0000000 | Loss : 0.0072 | Val loss: 0.0074
2026-01-10 09:47:27.094143 | Epoch:7449 | LR: 0.0000000 | Loss : 0.0075 | Val loss: 0.0067
2026-01-10 09:47:31.461162 | Epoch:7450 | LR: 0.0000000 | Loss : 0.0072 | Val loss: 0.0074
2026-01-10 09:47:35.875314 | Epoch:7451 | LR: 0.0000000 | Loss : 0.0068 | Val loss: 0.0071
2026-01-10 09:47:40.241288 | Epoch:7452 | LR: 0.0000000 | Loss : 0.0072 | Val loss: 0.0074
2026-01-10 09:47:44.548320 | Epoch:7453 | LR: 0.0000000 | Loss : 0.0070 | Val loss: 0.0067
2026-01-10 09:47:48.806846 | Epoch:7454 | LR: 0.0000000 | Loss : 0.0070 | Val loss: 0.0071
2026-01-10 09:47:53.111250 | Epoch:7455 | LR: 0.0000000 | Loss : 0.0072 | Val loss: 0.0068
2026-01-10 09:47:58.011132 | Epoch:7456 | LR: 0.0000000 | Loss : 0.0068 | Val loss: 0.0070
2026-01-10 09:48:02.580647 | Epoch:7457 | LR: 0.0000000 | Loss : 0.0071 | Val loss: 0.0071
2026-01-10 09:48:07.220240 | Epoch:7458 | LR: 0.0000000 | Loss : 0.0075 | Val loss: 0.0078
2026-01-10 09:48:12.069564 | Epoch:7459 | LR: 0.0000000 | Loss : 0.0072 | Val loss: 0.0083
2026-01-10 09:48:16.594852 | Epoch:7460 | LR: 0.0000000 | Loss : 0.0072 | Val loss: 0.0069
2026-01-10 09:48:20.963269 | Epoch:7461 | LR: 0.0000000 | Loss : 0.0071 | Val loss: 0.0083
2026-01-10 09:48:25.263092 | Epoch:7462 | LR: 0.0000000 | Loss : 0.0070 | Val loss: 0.0067
2026-01-10 09:48:29.638703 | Epoch:7463 | LR: 0.0000000 | Loss : 0.0072 | Val loss: 0.0084
2026-01-10 09:48:34.028827 | Epoch:7464 | LR: 0.0000000 | Loss : 0.0074 | Val loss: 0.0066
2026-01-10 09:48:38.392460 | Epoch:7465 | LR: 0.0000000 | Loss : 0.0076 | Val loss: 0.0073
2026-01-10 09:48:42.788418 | Epoch:7466 | LR: 0.0000000 | Loss : 0.0067 | Val loss: 0.0069
2026-01-10 09:48:47.217187 | Epoch:7467 | LR: 0.0000000 | Loss : 0.0072 | Val loss: 0.0074
2026-01-10 09:48:51.602813 | Epoch:7468 | LR: 0.0000000 | Loss : 0.0073 | Val loss: 0.0074
2026-01-10 09:48:55.981349 | Epoch:7469 | LR: 0.0000000 | Loss : 0.0072 | Val loss: 0.0069
2026-01-10 09:49:00.348061 | Epoch:7470 | LR: 0.0000000 | Loss : 0.0075 | Val loss: 0.0071
2026-01-10 09:49:04.787859 | Epoch:7471 | LR: 0.0000000 | Loss : 0.0067 | Val loss: 0.0075
2026-01-10 09:49:09.161321 | Epoch:7472 | LR: 0.0000000 | Loss : 0.0071 | Val loss: 0.0074
2026-01-10 09:49:13.556677 | Epoch:7473 | LR: 0.0000000 | Loss : 0.0072 | Val loss: 0.0071
2026-01-10 09:49:17.983078 | Epoch:7474 | LR: 0.0000000 | Loss : 0.0073 | Val loss: 0.0076
2026-01-10 09:49:22.307846 | Epoch:7475 | LR: 0.0000000 | Loss : 0.0073 | Val loss: 0.0069
2026-01-10 09:49:26.616426 | Epoch:7476 | LR: 0.0000000 | Loss : 0.0071 | Val loss: 0.0071
2026-01-10 09:49:30.973390 | Epoch:7477 | LR: 0.0000000 | Loss : 0.0077 | Val loss: 0.0071
2026-01-10 09:49:35.274936 | Epoch:7478 | LR: 0.0000000 | Loss : 0.0072 | Val loss: 0.0074
2026-01-10 09:49:39.618786 | Epoch:7479 | LR: 0.0000000 | Loss : 0.0074 | Val loss: 0.0079
2026-01-10 09:49:43.988522 | Epoch:7480 | LR: 0.0000000 | Loss : 0.0069 | Val loss: 0.0072
2026-01-10 09:49:48.321142 | Epoch:7481 | LR: 0.0000000 | Loss : 0.0080 | Val loss: 0.0077
2026-01-10 09:49:52.727184 | Epoch:7482 | LR: 0.0000000 | Loss : 0.0072 | Val loss: 0.0070
2026-01-10 09:49:57.126600 | Epoch:7483 | LR: 0.0000000 | Loss : 0.0071 | Val loss: 0.0073
2026-01-10 09:50:01.473672 | Epoch:7484 | LR: 0.0000000 | Loss : 0.0071 | Val loss: 0.0070
2026-01-10 09:50:05.857851 | Epoch:7485 | LR: 0.0000000 | Loss : 0.0072 | Val loss: 0.0074
2026-01-10 09:50:10.495552 | Epoch:7486 | LR: 0.0000000 | Loss : 0.0069 | Val loss: 0.0073
2026-01-10 09:50:14.907278 | Epoch:7487 | LR: 0.0000000 | Loss : 0.0070 | Val loss: 0.0070
2026-01-10 09:50:19.334250 | Epoch:7488 | LR: 0.0000000 | Loss : 0.0074 | Val loss: 0.0069
2026-01-10 09:50:23.740448 | Epoch:7489 | LR: 0.0000000 | Loss : 0.0072 | Val loss: 0.0067
2026-01-10 09:50:28.028507 | Epoch:7490 | LR: 0.0000000 | Loss : 0.0071 | Val loss: 0.0069
2026-01-10 09:50:32.285410 | Epoch:7491 | LR: 0.0000000 | Loss : 0.0072 | Val loss: 0.0073
2026-01-10 09:50:36.650583 | Epoch:7492 | LR: 0.0000000 | Loss : 0.0074 | Val loss: 0.0070
2026-01-10 09:50:41.041706 | Epoch:7493 | LR: 0.0000000 | Loss : 0.0069 | Val loss: 0.0068
2026-01-10 09:50:45.415222 | Epoch:7494 | LR: 0.0000000 | Loss : 0.0073 | Val loss: 0.0067
2026-01-10 09:50:49.809785 | Epoch:7495 | LR: 0.0000000 | Loss : 0.0069 | Val loss: 0.0073
2026-01-10 09:50:54.194932 | Epoch:7496 | LR: 0.0000000 | Loss : 0.0076 | Val loss: 0.0067
2026-01-10 09:50:58.578217 | Epoch:7497 | LR: 0.0000000 | Loss : 0.0078 | Val loss: 0.0072
2026-01-10 09:51:02.986518 | Epoch:7498 | LR: 0.0000000 | Loss : 0.0074 | Val loss: 0.0079
2026-01-10 09:51:07.547488 | Epoch:7499 | LR: 0.0000000 | Loss : 0.0073 | Val loss: 0.0071
2026-01-10 09:51:11.933086 | Epoch:7500 | LR: 0.0000000 | Loss : 0.0072 | Val loss: 0.0079
2026-01-10 09:51:16.310330 | Epoch:7501 | LR: 0.0000000 | Loss : 0.0070 | Val loss: 0.0071
2026-01-10 09:51:20.730490 | Epoch:7502 | LR: 0.0000000 | Loss : 0.0073 | Val loss: 0.0070
2026-01-10 09:51:25.172107 | Epoch:7503 | LR: 0.0000000 | Loss : 0.0075 | Val loss: 0.0069
2026-01-10 09:51:29.591748 | Epoch:7504 | LR: 0.0000000 | Loss : 0.0069 | Val loss: 0.0071
2026-01-10 09:51:33.942692 | Epoch:7505 | LR: 0.0000000 | Loss : 0.0072 | Val loss: 0.0066
2026-01-10 09:51:38.254223 | Epoch:7506 | LR: 0.0000000 | Loss : 0.0070 | Val loss: 0.0074
2026-01-10 09:51:42.577937 | Epoch:7507 | LR: 0.0000000 | Loss : 0.0076 | Val loss: 0.0075
2026-01-10 09:51:46.940245 | Epoch:7508 | LR: 0.0000000 | Loss : 0.0071 | Val loss: 0.0070
2026-01-10 09:51:51.339862 | Epoch:7509 | LR: 0.0000000 | Loss : 0.0075 | Val loss: 0.0068
2026-01-10 09:51:55.828562 | Epoch:7510 | LR: 0.0000000 | Loss : 0.0076 | Val loss: 0.0074
2026-01-10 09:52:00.261645 | Epoch:7511 | LR: 0.0000000 | Loss : 0.0073 | Val loss: 0.0069
2026-01-10 09:52:04.669536 | Epoch:7512 | LR: 0.0000000 | Loss : 0.0076 | Val loss: 0.0075
2026-01-10 09:52:09.125183 | Epoch:7513 | LR: 0.0000000 | Loss : 0.0071 | Val loss: 0.0069
2026-01-10 09:52:13.556178 | Epoch:7514 | LR: 0.0000000 | Loss : 0.0073 | Val loss: 0.0077
2026-01-10 09:52:17.980094 | Epoch:7515 | LR: 0.0000000 | Loss : 0.0076 | Val loss: 0.0074
2026-01-10 09:52:22.454656 | Epoch:7516 | LR: 0.0000000 | Loss : 0.0073 | Val loss: 0.0069
2026-01-10 09:52:26.835238 | Epoch:7517 | LR: 0.0000000 | Loss : 0.0074 | Val loss: 0.0071
2026-01-10 09:52:31.342370 | Epoch:7518 | LR: 0.0000000 | Loss : 0.0070 | Val loss: 0.0074
2026-01-10 09:52:35.788307 | Epoch:7519 | LR: 0.0000000 | Loss : 0.0074 | Val loss: 0.0067
2026-01-10 09:52:40.088882 | Epoch:7520 | LR: 0.0000000 | Loss : 0.0073 | Val loss: 0.0075
2026-01-10 09:52:44.433673 | Epoch:7521 | LR: 0.0000000 | Loss : 0.0075 | Val loss: 0.0074
2026-01-10 09:52:48.767636 | Epoch:7522 | LR: 0.0000000 | Loss : 0.0066 | Val loss: 0.0074
2026-01-10 09:52:53.155411 | Epoch:7523 | LR: 0.0000000 | Loss : 0.0069 | Val loss: 0.0069
2026-01-10 09:52:57.479452 | Epoch:7524 | LR: 0.0000000 | Loss : 0.0066 | Val loss: 0.0074
2026-01-10 09:53:01.741598 | Epoch:7525 | LR: 0.0000000 | Loss : 0.0072 | Val loss: 0.0076
2026-01-10 09:53:06.038096 | Epoch:7526 | LR: 0.0000000 | Loss : 0.0067 | Val loss: 0.0076
2026-01-10 09:53:10.642347 | Epoch:7527 | LR: 0.0000000 | Loss : 0.0071 | Val loss: 0.0080
2026-01-10 09:53:15.674134 | Epoch:7528 | LR: 0.0000000 | Loss : 0.0074 | Val loss: 0.0065
2026-01-10 09:53:20.162171 | Epoch:7529 | LR: 0.0000000 | Loss : 0.0071 | Val loss: 0.0068
2026-01-10 09:53:24.688859 | Epoch:7530 | LR: 0.0000000 | Loss : 0.0074 | Val loss: 0.0073
2026-01-10 09:53:29.442467 | Epoch:7531 | LR: 0.0000000 | Loss : 0.0073 | Val loss: 0.0077
2026-01-10 09:53:33.801608 | Epoch:7532 | LR: 0.0000000 | Loss : 0.0074 | Val loss: 0.0065
2026-01-10 09:53:38.186940 | Epoch:7533 | LR: 0.0000000 | Loss : 0.0073 | Val loss: 0.0071
2026-01-10 09:53:42.461000 | Epoch:7534 | LR: 0.0000000 | Loss : 0.0074 | Val loss: 0.0073
2026-01-10 09:53:46.769478 | Epoch:7535 | LR: 0.0000001 | Loss : 0.0074 | Val loss: 0.0066
2026-01-10 09:53:51.250582 | Epoch:7536 | LR: 0.0000001 | Loss : 0.0070 | Val loss: 0.0073
2026-01-10 09:53:55.572123 | Epoch:7537 | LR: 0.0000001 | Loss : 0.0073 | Val loss: 0.0068
2026-01-10 09:53:59.851606 | Epoch:7538 | LR: 0.0000001 | Loss : 0.0077 | Val loss: 0.0072
2026-01-10 09:54:04.163300 | Epoch:7539 | LR: 0.0000001 | Loss : 0.0071 | Val loss: 0.0070
2026-01-10 09:54:08.467343 | Epoch:7540 | LR: 0.0000001 | Loss : 0.0073 | Val loss: 0.0066
2026-01-10 09:54:12.776216 | Epoch:7541 | LR: 0.0000001 | Loss : 0.0072 | Val loss: 0.0071
2026-01-10 09:54:17.090282 | Epoch:7542 | LR: 0.0000001 | Loss : 0.0073 | Val loss: 0.0069
2026-01-10 09:54:21.383521 | Epoch:7543 | LR: 0.0000001 | Loss : 0.0071 | Val loss: 0.0073
2026-01-10 09:54:25.702429 | Epoch:7544 | LR: 0.0000001 | Loss : 0.0075 | Val loss: 0.0078
2026-01-10 09:54:30.003492 | Epoch:7545 | LR: 0.0000001 | Loss : 0.0074 | Val loss: 0.0077
2026-01-10 09:54:34.324157 | Epoch:7546 | LR: 0.0000001 | Loss : 0.0078 | Val loss: 0.0069
2026-01-10 09:54:38.563352 | Epoch:7547 | LR: 0.0000001 | Loss : 0.0068 | Val loss: 0.0065
2026-01-10 09:54:42.886092 | Epoch:7548 | LR: 0.0000001 | Loss : 0.0069 | Val loss: 0.0078
2026-01-10 09:54:47.116635 | Epoch:7549 | LR: 0.0000001 | Loss : 0.0073 | Val loss: 0.0074
2026-01-10 09:54:51.467446 | Epoch:7550 | LR: 0.0000001 | Loss : 0.0073 | Val loss: 0.0075
2026-01-10 09:54:55.722662 | Epoch:7551 | LR: 0.0000001 | Loss : 0.0075 | Val loss: 0.0071
2026-01-10 09:54:59.980187 | Epoch:7552 | LR: 0.0000001 | Loss : 0.0070 | Val loss: 0.0072
2026-01-10 09:55:04.298847 | Epoch:7553 | LR: 0.0000001 | Loss : 0.0068 | Val loss: 0.0073
2026-01-10 09:55:08.625049 | Epoch:7554 | LR: 0.0000001 | Loss : 0.0071 | Val loss: 0.0068
2026-01-10 09:55:12.952684 | Epoch:7555 | LR: 0.0000001 | Loss : 0.0069 | Val loss: 0.0073
2026-01-10 09:55:17.312298 | Epoch:7556 | LR: 0.0000001 | Loss : 0.0071 | Val loss: 0.0075
2026-01-10 09:55:21.643504 | Epoch:7557 | LR: 0.0000001 | Loss : 0.0075 | Val loss: 0.0066
2026-01-10 09:55:25.937725 | Epoch:7558 | LR: 0.0000001 | Loss : 0.0071 | Val loss: 0.0069
2026-01-10 09:55:30.290411 | Epoch:7559 | LR: 0.0000001 | Loss : 0.0073 | Val loss: 0.0072
2026-01-10 09:55:34.609834 | Epoch:7560 | LR: 0.0000001 | Loss : 0.0074 | Val loss: 0.0063
2026-01-10 09:55:38.927660 | Epoch:7561 | LR: 0.0000001 | Loss : 0.0073 | Val loss: 0.0071
2026-01-10 09:55:43.222741 | Epoch:7562 | LR: 0.0000001 | Loss : 0.0069 | Val loss: 0.0074
2026-01-10 09:55:47.643239 | Epoch:7563 | LR: 0.0000001 | Loss : 0.0073 | Val loss: 0.0077
2026-01-10 09:55:51.863818 | Epoch:7564 | LR: 0.0000001 | Loss : 0.0081 | Val loss: 0.0077
2026-01-10 09:55:56.210184 | Epoch:7565 | LR: 0.0000001 | Loss : 0.0073 | Val loss: 0.0068
2026-01-10 09:56:00.477498 | Epoch:7566 | LR: 0.0000001 | Loss : 0.0073 | Val loss: 0.0070
2026-01-10 09:56:04.750028 | Epoch:7567 | LR: 0.0000001 | Loss : 0.0072 | Val loss: 0.0078
2026-01-10 09:56:09.061861 | Epoch:7568 | LR: 0.0000001 | Loss : 0.0072 | Val loss: 0.0070
2026-01-10 09:56:13.363336 | Epoch:7569 | LR: 0.0000001 | Loss : 0.0071 | Val loss: 0.0066
2026-01-10 09:56:17.932959 | Epoch:7570 | LR: 0.0000001 | Loss : 0.0070 | Val loss: 0.0070
2026-01-10 09:56:22.288399 | Epoch:7571 | LR: 0.0000001 | Loss : 0.0072 | Val loss: 0.0071
2026-01-10 09:56:26.628639 | Epoch:7572 | LR: 0.0000002 | Loss : 0.0072 | Val loss: 0.0069
2026-01-10 09:56:30.982055 | Epoch:7573 | LR: 0.0000002 | Loss : 0.0073 | Val loss: 0.0073
2026-01-10 09:56:35.304588 | Epoch:7574 | LR: 0.0000002 | Loss : 0.0073 | Val loss: 0.0074
2026-01-10 09:56:39.602373 | Epoch:7575 | LR: 0.0000002 | Loss : 0.0070 | Val loss: 0.0068
2026-01-10 09:56:44.060197 | Epoch:7576 | LR: 0.0000002 | Loss : 0.0071 | Val loss: 0.0070
2026-01-10 09:56:48.382912 | Epoch:7577 | LR: 0.0000002 | Loss : 0.0071 | Val loss: 0.0076
2026-01-10 09:56:52.819867 | Epoch:7578 | LR: 0.0000002 | Loss : 0.0072 | Val loss: 0.0068
2026-01-10 09:56:57.087054 | Epoch:7579 | LR: 0.0000002 | Loss : 0.0071 | Val loss: 0.0079
2026-01-10 09:57:01.403376 | Epoch:7580 | LR: 0.0000002 | Loss : 0.0075 | Val loss: 0.0069
2026-01-10 09:57:05.793755 | Epoch:7581 | LR: 0.0000002 | Loss : 0.0071 | Val loss: 0.0076
2026-01-10 09:57:10.127968 | Epoch:7582 | LR: 0.0000002 | Loss : 0.0070 | Val loss: 0.0073
2026-01-10 09:57:14.445269 | Epoch:7583 | LR: 0.0000002 | Loss : 0.0075 | Val loss: 0.0073
2026-01-10 09:57:18.790031 | Epoch:7584 | LR: 0.0000002 | Loss : 0.0068 | Val loss: 0.0070
2026-01-10 09:57:25.122639 | Epoch:7585 | LR: 0.0000002 | Loss : 0.0077 | Val loss: 0.0071
2026-01-10 09:57:29.483238 | Epoch:7586 | LR: 0.0000002 | Loss : 0.0068 | Val loss: 0.0068
2026-01-10 09:57:33.831007 | Epoch:7587 | LR: 0.0000002 | Loss : 0.0076 | Val loss: 0.0070
2026-01-10 09:57:38.182660 | Epoch:7588 | LR: 0.0000002 | Loss : 0.0071 | Val loss: 0.0078
2026-01-10 09:57:42.505124 | Epoch:7589 | LR: 0.0000002 | Loss : 0.0075 | Val loss: 0.0070
2026-01-10 09:57:46.872949 | Epoch:7590 | LR: 0.0000002 | Loss : 0.0075 | Val loss: 0.0079
2026-01-10 09:57:51.165137 | Epoch:7591 | LR: 0.0000002 | Loss : 0.0073 | Val loss: 0.0070
2026-01-10 09:57:55.432870 | Epoch:7592 | LR: 0.0000002 | Loss : 0.0075 | Val loss: 0.0072
2026-01-10 09:57:59.854942 | Epoch:7593 | LR: 0.0000002 | Loss : 0.0073 | Val loss: 0.0068
2026-01-10 09:58:04.076812 | Epoch:7594 | LR: 0.0000002 | Loss : 0.0074 | Val loss: 0.0071
2026-01-10 09:58:08.310542 | Epoch:7595 | LR: 0.0000002 | Loss : 0.0073 | Val loss: 0.0073
2026-01-10 09:58:12.576710 | Epoch:7596 | LR: 0.0000002 | Loss : 0.0072 | Val loss: 0.0071
2026-01-10 09:58:16.757364 | Epoch:7597 | LR: 0.0000003 | Loss : 0.0072 | Val loss: 0.0071
2026-01-10 09:58:20.984831 | Epoch:7598 | LR: 0.0000003 | Loss : 0.0070 | Val loss: 0.0072
2026-01-10 09:58:25.395262 | Epoch:7599 | LR: 0.0000003 | Loss : 0.0077 | Val loss: 0.0074
2026-01-10 09:58:30.313468 | Epoch:7600 | LR: 0.0000003 | Loss : 0.0078 | Val loss: 0.0075
2026-01-10 09:58:34.863341 | Epoch:7601 | LR: 0.0000003 | Loss : 0.0073 | Val loss: 0.0080
2026-01-10 09:58:39.141266 | Epoch:7602 | LR: 0.0000003 | Loss : 0.0073 | Val loss: 0.0071
2026-01-10 09:58:43.878632 | Epoch:7603 | LR: 0.0000003 | Loss : 0.0077 | Val loss: 0.0071
2026-01-10 09:58:48.284081 | Epoch:7604 | LR: 0.0000003 | Loss : 0.0074 | Val loss: 0.0068
2026-01-10 09:58:52.664748 | Epoch:7605 | LR: 0.0000003 | Loss : 0.0076 | Val loss: 0.0076
2026-01-10 09:58:56.977790 | Epoch:7606 | LR: 0.0000003 | Loss : 0.0070 | Val loss: 0.0069
2026-01-10 09:59:01.310769 | Epoch:7607 | LR: 0.0000003 | Loss : 0.0077 | Val loss: 0.0067
2026-01-10 09:59:05.624667 | Epoch:7608 | LR: 0.0000003 | Loss : 0.0071 | Val loss: 0.0074
2026-01-10 09:59:09.858243 | Epoch:7609 | LR: 0.0000003 | Loss : 0.0073 | Val loss: 0.0071
2026-01-10 09:59:14.126949 | Epoch:7610 | LR: 0.0000003 | Loss : 0.0072 | Val loss: 0.0078
2026-01-10 09:59:18.711629 | Epoch:7611 | LR: 0.0000003 | Loss : 0.0072 | Val loss: 0.0074
2026-01-10 09:59:23.070473 | Epoch:7612 | LR: 0.0000003 | Loss : 0.0071 | Val loss: 0.0071
2026-01-10 09:59:27.449262 | Epoch:7613 | LR: 0.0000003 | Loss : 0.0074 | Val loss: 0.0067
2026-01-10 09:59:31.775577 | Epoch:7614 | LR: 0.0000003 | Loss : 0.0075 | Val loss: 0.0071
2026-01-10 09:59:36.145106 | Epoch:7615 | LR: 0.0000003 | Loss : 0.0070 | Val loss: 0.0072
2026-01-10 09:59:40.554324 | Epoch:7616 | LR: 0.0000003 | Loss : 0.0069 | Val loss: 0.0072
2026-01-10 09:59:44.914840 | Epoch:7617 | LR: 0.0000003 | Loss : 0.0071 | Val loss: 0.0073
2026-01-10 09:59:49.260039 | Epoch:7618 | LR: 0.0000004 | Loss : 0.0074 | Val loss: 0.0073
2026-01-10 09:59:53.619012 | Epoch:7619 | LR: 0.0000004 | Loss : 0.0073 | Val loss: 0.0074
2026-01-10 09:59:57.919277 | Epoch:7620 | LR: 0.0000004 | Loss : 0.0071 | Val loss: 0.0070
2026-01-10 10:00:02.295644 | Epoch:7621 | LR: 0.0000004 | Loss : 0.0076 | Val loss: 0.0076
2026-01-10 10:00:06.609650 | Epoch:7622 | LR: 0.0000004 | Loss : 0.0069 | Val loss: 0.0072
2026-01-10 10:00:10.985932 | Epoch:7623 | LR: 0.0000004 | Loss : 0.0075 | Val loss: 0.0071
2026-01-10 10:00:15.311611 | Epoch:7624 | LR: 0.0000004 | Loss : 0.0070 | Val loss: 0.0069
2026-01-10 10:00:19.518305 | Epoch:7625 | LR: 0.0000004 | Loss : 0.0072 | Val loss: 0.0076
2026-01-10 10:00:23.817267 | Epoch:7626 | LR: 0.0000004 | Loss : 0.0071 | Val loss: 0.0074
2026-01-10 10:00:28.148605 | Epoch:7627 | LR: 0.0000004 | Loss : 0.0071 | Val loss: 0.0067
2026-01-10 10:00:32.523711 | Epoch:7628 | LR: 0.0000004 | Loss : 0.0075 | Val loss: 0.0074
2026-01-10 10:00:36.856632 | Epoch:7629 | LR: 0.0000004 | Loss : 0.0075 | Val loss: 0.0070
2026-01-10 10:00:41.218904 | Epoch:7630 | LR: 0.0000004 | Loss : 0.0069 | Val loss: 0.0072
2026-01-10 10:00:45.596363 | Epoch:7631 | LR: 0.0000004 | Loss : 0.0072 | Val loss: 0.0069
2026-01-10 10:00:49.948945 | Epoch:7632 | LR: 0.0000004 | Loss : 0.0071 | Val loss: 0.0073
2026-01-10 10:00:54.278124 | Epoch:7633 | LR: 0.0000004 | Loss : 0.0068 | Val loss: 0.0075
2026-01-10 10:00:58.626301 | Epoch:7634 | LR: 0.0000004 | Loss : 0.0072 | Val loss: 0.0069
2026-01-10 10:01:03.187027 | Epoch:7635 | LR: 0.0000004 | Loss : 0.0071 | Val loss: 0.0078
2026-01-10 10:01:07.559087 | Epoch:7636 | LR: 0.0000005 | Loss : 0.0072 | Val loss: 0.0077
2026-01-10 10:01:11.842995 | Epoch:7637 | LR: 0.0000005 | Loss : 0.0069 | Val loss: 0.0068
2026-01-10 10:01:16.271380 | Epoch:7638 | LR: 0.0000005 | Loss : 0.0073 | Val loss: 0.0068
2026-01-10 10:01:20.626990 | Epoch:7639 | LR: 0.0000005 | Loss : 0.0071 | Val loss: 0.0078
2026-01-10 10:01:24.884663 | Epoch:7640 | LR: 0.0000005 | Loss : 0.0076 | Val loss: 0.0069
2026-01-10 10:01:29.199477 | Epoch:7641 | LR: 0.0000005 | Loss : 0.0074 | Val loss: 0.0073
2026-01-10 10:01:33.498469 | Epoch:7642 | LR: 0.0000005 | Loss : 0.0075 | Val loss: 0.0076
2026-01-10 10:01:37.831222 | Epoch:7643 | LR: 0.0000005 | Loss : 0.0068 | Val loss: 0.0070
2026-01-10 10:01:42.206343 | Epoch:7644 | LR: 0.0000005 | Loss : 0.0080 | Val loss: 0.0072
2026-01-10 10:01:46.614697 | Epoch:7645 | LR: 0.0000005 | Loss : 0.0073 | Val loss: 0.0067
2026-01-10 10:01:50.992402 | Epoch:7646 | LR: 0.0000005 | Loss : 0.0073 | Val loss: 0.0077
2026-01-10 10:01:55.386458 | Epoch:7647 | LR: 0.0000005 | Loss : 0.0079 | Val loss: 0.0079
2026-01-10 10:01:59.771744 | Epoch:7648 | LR: 0.0000005 | Loss : 0.0068 | Val loss: 0.0076
2026-01-10 10:02:04.144944 | Epoch:7649 | LR: 0.0000005 | Loss : 0.0073 | Val loss: 0.0071
2026-01-10 10:02:08.533197 | Epoch:7650 | LR: 0.0000005 | Loss : 0.0076 | Val loss: 0.0073
2026-01-10 10:02:12.865060 | Epoch:7651 | LR: 0.0000005 | Loss : 0.0072 | Val loss: 0.0069
2026-01-10 10:02:17.306610 | Epoch:7652 | LR: 0.0000006 | Loss : 0.0069 | Val loss: 0.0071
2026-01-10 10:02:21.632377 | Epoch:7653 | LR: 0.0000006 | Loss : 0.0071 | Val loss: 0.0076
2026-01-10 10:02:26.178412 | Epoch:7654 | LR: 0.0000006 | Loss : 0.0072 | Val loss: 0.0073
2026-01-10 10:02:30.419681 | Epoch:7655 | LR: 0.0000006 | Loss : 0.0070 | Val loss: 0.0073
2026-01-10 10:02:34.686621 | Epoch:7656 | LR: 0.0000006 | Loss : 0.0069 | Val loss: 0.0072
2026-01-10 10:02:39.010956 | Epoch:7657 | LR: 0.0000006 | Loss : 0.0071 | Val loss: 0.0077
2026-01-10 10:02:43.362318 | Epoch:7658 | LR: 0.0000006 | Loss : 0.0073 | Val loss: 0.0070
2026-01-10 10:02:47.710514 | Epoch:7659 | LR: 0.0000006 | Loss : 0.0073 | Val loss: 0.0071
2026-01-10 10:02:52.125685 | Epoch:7660 | LR: 0.0000006 | Loss : 0.0071 | Val loss: 0.0078
2026-01-10 10:02:56.498021 | Epoch:7661 | LR: 0.0000006 | Loss : 0.0073 | Val loss: 0.0074
2026-01-10 10:03:00.900646 | Epoch:7662 | LR: 0.0000006 | Loss : 0.0073 | Val loss: 0.0066
2026-01-10 10:03:05.325640 | Epoch:7663 | LR: 0.0000006 | Loss : 0.0075 | Val loss: 0.0067
2026-01-10 10:03:09.693919 | Epoch:7664 | LR: 0.0000006 | Loss : 0.0072 | Val loss: 0.0079
2026-01-10 10:03:14.242138 | Epoch:7665 | LR: 0.0000006 | Loss : 0.0073 | Val loss: 0.0068
2026-01-10 10:03:18.591248 | Epoch:7666 | LR: 0.0000007 | Loss : 0.0068 | Val loss: 0.0071
2026-01-10 10:03:22.937339 | Epoch:7667 | LR: 0.0000007 | Loss : 0.0070 | Val loss: 0.0067
2026-01-10 10:03:27.257357 | Epoch:7668 | LR: 0.0000007 | Loss : 0.0073 | Val loss: 0.0075
2026-01-10 10:03:31.550965 | Epoch:7669 | LR: 0.0000007 | Loss : 0.0072 | Val loss: 0.0074
2026-01-10 10:03:35.774519 | Epoch:7670 | LR: 0.0000007 | Loss : 0.0075 | Val loss: 0.0078
2026-01-10 10:03:40.046265 | Epoch:7671 | LR: 0.0000007 | Loss : 0.0070 | Val loss: 0.0074
2026-01-10 10:03:44.961735 | Epoch:7672 | LR: 0.0000007 | Loss : 0.0072 | Val loss: 0.0073
2026-01-10 10:03:49.578048 | Epoch:7673 | LR: 0.0000007 | Loss : 0.0069 | Val loss: 0.0075
2026-01-10 10:03:53.934870 | Epoch:7674 | LR: 0.0000007 | Loss : 0.0079 | Val loss: 0.0071
2026-01-10 10:03:58.528969 | Epoch:7675 | LR: 0.0000007 | Loss : 0.0072 | Val loss: 0.0073
2026-01-10 10:04:03.428914 | Epoch:7676 | LR: 0.0000007 | Loss : 0.0073 | Val loss: 0.0073
2026-01-10 10:04:07.951462 | Epoch:7677 | LR: 0.0000007 | Loss : 0.0072 | Val loss: 0.0072
2026-01-10 10:04:12.307039 | Epoch:7678 | LR: 0.0000007 | Loss : 0.0074 | Val loss: 0.0069
2026-01-10 10:04:16.650012 | Epoch:7679 | LR: 0.0000007 | Loss : 0.0070 | Val loss: 0.0071
2026-01-10 10:04:20.996726 | Epoch:7680 | LR: 0.0000008 | Loss : 0.0074 | Val loss: 0.0078
2026-01-10 10:04:25.360029 | Epoch:7681 | LR: 0.0000008 | Loss : 0.0072 | Val loss: 0.0076
2026-01-10 10:04:29.693454 | Epoch:7682 | LR: 0.0000008 | Loss : 0.0076 | Val loss: 0.0081
2026-01-10 10:04:34.128571 | Epoch:7683 | LR: 0.0000008 | Loss : 0.0070 | Val loss: 0.0077
2026-01-10 10:04:38.375078 | Epoch:7684 | LR: 0.0000008 | Loss : 0.0072 | Val loss: 0.0065
2026-01-10 10:04:42.674562 | Epoch:7685 | LR: 0.0000008 | Loss : 0.0073 | Val loss: 0.0066
2026-01-10 10:04:47.117624 | Epoch:7686 | LR: 0.0000008 | Loss : 0.0071 | Val loss: 0.0076
2026-01-10 10:04:51.446597 | Epoch:7687 | LR: 0.0000008 | Loss : 0.0075 | Val loss: 0.0073
2026-01-10 10:04:55.799633 | Epoch:7688 | LR: 0.0000008 | Loss : 0.0073 | Val loss: 0.0074
2026-01-10 10:05:00.211236 | Epoch:7689 | LR: 0.0000008 | Loss : 0.0072 | Val loss: 0.0077
2026-01-10 10:05:04.580818 | Epoch:7690 | LR: 0.0000008 | Loss : 0.0070 | Val loss: 0.0071
2026-01-10 10:05:08.934914 | Epoch:7691 | LR: 0.0000008 | Loss : 0.0075 | Val loss: 0.0072
2026-01-10 10:05:13.307715 | Epoch:7692 | LR: 0.0000009 | Loss : 0.0069 | Val loss: 0.0070
2026-01-10 10:05:17.663261 | Epoch:7693 | LR: 0.0000009 | Loss : 0.0074 | Val loss: 0.0072
2026-01-10 10:05:22.068317 | Epoch:7694 | LR: 0.0000009 | Loss : 0.0071 | Val loss: 0.0078
2026-01-10 10:05:26.447796 | Epoch:7695 | LR: 0.0000009 | Loss : 0.0077 | Val loss: 0.0076
2026-01-10 10:05:30.876647 | Epoch:7696 | LR: 0.0000009 | Loss : 0.0073 | Val loss: 0.0071
2026-01-10 10:05:35.188097 | Epoch:7697 | LR: 0.0000009 | Loss : 0.0070 | Val loss: 0.0070
2026-01-10 10:05:39.617674 | Epoch:7698 | LR: 0.0000009 | Loss : 0.0068 | Val loss: 0.0076
2026-01-10 10:05:43.915825 | Epoch:7699 | LR: 0.0000009 | Loss : 0.0070 | Val loss: 0.0070
2026-01-10 10:05:48.405697 | Epoch:7700 | LR: 0.0000009 | Loss : 0.0076 | Val loss: 0.0073
2026-01-10 10:05:52.839984 | Epoch:7701 | LR: 0.0000009 | Loss : 0.0073 | Val loss: 0.0072
2026-01-10 10:05:57.185964 | Epoch:7702 | LR: 0.0000009 | Loss : 0.0074 | Val loss: 0.0075
2026-01-10 10:06:01.515342 | Epoch:7703 | LR: 0.0000009 | Loss : 0.0073 | Val loss: 0.0079
2026-01-10 10:06:05.852907 | Epoch:7704 | LR: 0.0000010 | Loss : 0.0068 | Val loss: 0.0072
2026-01-10 10:06:10.225757 | Epoch:7705 | LR: 0.0000010 | Loss : 0.0065 | Val loss: 0.0071
2026-01-10 10:06:14.720343 | Epoch:7706 | LR: 0.0000010 | Loss : 0.0069 | Val loss: 0.0072
2026-01-10 10:06:19.094967 | Epoch:7707 | LR: 0.0000010 | Loss : 0.0069 | Val loss: 0.0068
2026-01-10 10:06:23.455832 | Epoch:7708 | LR: 0.0000010 | Loss : 0.0073 | Val loss: 0.0077
2026-01-10 10:06:27.826710 | Epoch:7709 | LR: 0.0000010 | Loss : 0.0072 | Val loss: 0.0077
2026-01-10 10:06:32.231896 | Epoch:7710 | LR: 0.0000010 | Loss : 0.0071 | Val loss: 0.0076
2026-01-10 10:06:36.602914 | Epoch:7711 | LR: 0.0000010 | Loss : 0.0074 | Val loss: 0.0075
2026-01-10 10:06:40.914852 | Epoch:7712 | LR: 0.0000010 | Loss : 0.0069 | Val loss: 0.0069
2026-01-10 10:06:45.321504 | Epoch:7713 | LR: 0.0000010 | Loss : 0.0079 | Val loss: 0.0070
2026-01-10 10:06:49.585274 | Epoch:7714 | LR: 0.0000010 | Loss : 0.0070 | Val loss: 0.0066
2026-01-10 10:06:53.861073 | Epoch:7715 | LR: 0.0000010 | Loss : 0.0073 | Val loss: 0.0076
2026-01-10 10:06:58.225980 | Epoch:7716 | LR: 0.0000011 | Loss : 0.0074 | Val loss: 0.0063
2026-01-10 10:07:02.583714 | Epoch:7717 | LR: 0.0000011 | Loss : 0.0074 | Val loss: 0.0078
2026-01-10 10:07:07.015310 | Epoch:7718 | LR: 0.0000011 | Loss : 0.0072 | Val loss: 0.0069
2026-01-10 10:07:11.375342 | Epoch:7719 | LR: 0.0000011 | Loss : 0.0070 | Val loss: 0.0073
2026-01-10 10:07:15.801963 | Epoch:7720 | LR: 0.0000011 | Loss : 0.0071 | Val loss: 0.0074
2026-01-10 10:07:20.284013 | Epoch:7721 | LR: 0.0000011 | Loss : 0.0072 | Val loss: 0.0071
2026-01-10 10:07:24.717985 | Epoch:7722 | LR: 0.0000011 | Loss : 0.0070 | Val loss: 0.0072
2026-01-10 10:07:29.115976 | Epoch:7723 | LR: 0.0000011 | Loss : 0.0073 | Val loss: 0.0072
2026-01-10 10:07:33.477737 | Epoch:7724 | LR: 0.0000011 | Loss : 0.0070 | Val loss: 0.0067
2026-01-10 10:07:37.807508 | Epoch:7725 | LR: 0.0000011 | Loss : 0.0071 | Val loss: 0.0070
2026-01-10 10:07:42.154214 | Epoch:7726 | LR: 0.0000012 | Loss : 0.0072 | Val loss: 0.0070
2026-01-10 10:07:46.526055 | Epoch:7727 | LR: 0.0000012 | Loss : 0.0071 | Val loss: 0.0066
2026-01-10 10:07:50.898360 | Epoch:7728 | LR: 0.0000012 | Loss : 0.0078 | Val loss: 0.0073
2026-01-10 10:07:55.296168 | Epoch:7729 | LR: 0.0000012 | Loss : 0.0070 | Val loss: 0.0079
2026-01-10 10:07:59.621875 | Epoch:7730 | LR: 0.0000012 | Loss : 0.0069 | Val loss: 0.0075
2026-01-10 10:08:03.998999 | Epoch:7731 | LR: 0.0000012 | Loss : 0.0071 | Val loss: 0.0073
2026-01-10 10:08:08.400173 | Epoch:7732 | LR: 0.0000012 | Loss : 0.0070 | Val loss: 0.0070
2026-01-10 10:08:12.812751 | Epoch:7733 | LR: 0.0000012 | Loss : 0.0073 | Val loss: 0.0079
2026-01-10 10:08:17.236363 | Epoch:7734 | LR: 0.0000012 | Loss : 0.0076 | Val loss: 0.0075
2026-01-10 10:08:21.668373 | Epoch:7735 | LR: 0.0000012 | Loss : 0.0072 | Val loss: 0.0072
2026-01-10 10:08:26.076043 | Epoch:7736 | LR: 0.0000012 | Loss : 0.0073 | Val loss: 0.0072
2026-01-10 10:08:30.491570 | Epoch:7737 | LR: 0.0000013 | Loss : 0.0066 | Val loss: 0.0074
2026-01-10 10:08:34.856361 | Epoch:7738 | LR: 0.0000013 | Loss : 0.0072 | Val loss: 0.0069
2026-01-10 10:08:39.240157 | Epoch:7739 | LR: 0.0000013 | Loss : 0.0073 | Val loss: 0.0074
2026-01-10 10:08:43.676191 | Epoch:7740 | LR: 0.0000013 | Loss : 0.0075 | Val loss: 0.0070
2026-01-10 10:08:48.094899 | Epoch:7741 | LR: 0.0000013 | Loss : 0.0074 | Val loss: 0.0072
2026-01-10 10:08:52.660682 | Epoch:7742 | LR: 0.0000013 | Loss : 0.0072 | Val loss: 0.0074
2026-01-10 10:08:56.978478 | Epoch:7743 | LR: 0.0000013 | Loss : 0.0073 | Val loss: 0.0075
2026-01-10 10:09:02.013146 | Epoch:7744 | LR: 0.0000013 | Loss : 0.0072 | Val loss: 0.0070
2026-01-10 10:09:06.454080 | Epoch:7745 | LR: 0.0000013 | Loss : 0.0070 | Val loss: 0.0075
2026-01-10 10:09:10.680101 | Epoch:7746 | LR: 0.0000013 | Loss : 0.0069 | Val loss: 0.0068
2026-01-10 10:09:15.427337 | Epoch:7747 | LR: 0.0000014 | Loss : 0.0072 | Val loss: 0.0065
2026-01-10 10:09:19.761682 | Epoch:7748 | LR: 0.0000014 | Loss : 0.0072 | Val loss: 0.0080
2026-01-10 10:09:24.149186 | Epoch:7749 | LR: 0.0000014 | Loss : 0.0074 | Val loss: 0.0081
2026-01-10 10:09:28.498609 | Epoch:7750 | LR: 0.0000014 | Loss : 0.0074 | Val loss: 0.0069
2026-01-10 10:09:32.874779 | Epoch:7751 | LR: 0.0000014 | Loss : 0.0076 | Val loss: 0.0074
2026-01-10 10:09:37.262946 | Epoch:7752 | LR: 0.0000014 | Loss : 0.0071 | Val loss: 0.0073
2026-01-10 10:09:41.631960 | Epoch:7753 | LR: 0.0000014 | Loss : 0.0071 | Val loss: 0.0075
2026-01-10 10:09:45.996222 | Epoch:7754 | LR: 0.0000014 | Loss : 0.0073 | Val loss: 0.0074
2026-01-10 10:09:50.369179 | Epoch:7755 | LR: 0.0000014 | Loss : 0.0069 | Val loss: 0.0077
2026-01-10 10:09:54.695873 | Epoch:7756 | LR: 0.0000015 | Loss : 0.0077 | Val loss: 0.0066
2026-01-10 10:10:00.585533 | Epoch:7757 | LR: 0.0000015 | Loss : 0.0075 | Val loss: 0.0074
2026-01-10 10:10:04.822146 | Epoch:7758 | LR: 0.0000015 | Loss : 0.0075 | Val loss: 0.0078
2026-01-10 10:10:09.089192 | Epoch:7759 | LR: 0.0000015 | Loss : 0.0077 | Val loss: 0.0082
2026-01-10 10:10:13.363120 | Epoch:7760 | LR: 0.0000015 | Loss : 0.0073 | Val loss: 0.0075
2026-01-10 10:10:17.670429 | Epoch:7761 | LR: 0.0000015 | Loss : 0.0079 | Val loss: 0.0073
2026-01-10 10:10:22.012477 | Epoch:7762 | LR: 0.0000015 | Loss : 0.0072 | Val loss: 0.0073
2026-01-10 10:10:26.335610 | Epoch:7763 | LR: 0.0000015 | Loss : 0.0074 | Val loss: 0.0079
2026-01-10 10:10:30.662666 | Epoch:7764 | LR: 0.0000015 | Loss : 0.0073 | Val loss: 0.0075
2026-01-10 10:10:35.031345 | Epoch:7765 | LR: 0.0000015 | Loss : 0.0068 | Val loss: 0.0073
2026-01-10 10:10:39.397772 | Epoch:7766 | LR: 0.0000016 | Loss : 0.0071 | Val loss: 0.0069
2026-01-10 10:10:43.823191 | Epoch:7767 | LR: 0.0000016 | Loss : 0.0074 | Val loss: 0.0074
2026-01-10 10:10:48.180115 | Epoch:7768 | LR: 0.0000016 | Loss : 0.0071 | Val loss: 0.0074
2026-01-10 10:10:52.515836 | Epoch:7769 | LR: 0.0000016 | Loss : 0.0075 | Val loss: 0.0067
2026-01-10 10:10:56.889406 | Epoch:7770 | LR: 0.0000016 | Loss : 0.0070 | Val loss: 0.0071
2026-01-10 10:11:01.165250 | Epoch:7771 | LR: 0.0000016 | Loss : 0.0071 | Val loss: 0.0076
2026-01-10 10:11:05.555031 | Epoch:7772 | LR: 0.0000016 | Loss : 0.0075 | Val loss: 0.0069
2026-01-10 10:11:09.796592 | Epoch:7773 | LR: 0.0000016 | Loss : 0.0072 | Val loss: 0.0068
2026-01-10 10:11:14.002392 | Epoch:7774 | LR: 0.0000016 | Loss : 0.0075 | Val loss: 0.0077
2026-01-10 10:11:18.275327 | Epoch:7775 | LR: 0.0000017 | Loss : 0.0070 | Val loss: 0.0078
2026-01-10 10:11:22.560727 | Epoch:7776 | LR: 0.0000017 | Loss : 0.0072 | Val loss: 0.0067
2026-01-10 10:11:26.844443 | Epoch:7777 | LR: 0.0000017 | Loss : 0.0070 | Val loss: 0.0062
2026-01-10 10:11:31.164548 | Epoch:7778 | LR: 0.0000017 | Loss : 0.0076 | Val loss: 0.0067
2026-01-10 10:11:35.497678 | Epoch:7779 | LR: 0.0000017 | Loss : 0.0073 | Val loss: 0.0083
2026-01-10 10:11:39.842813 | Epoch:7780 | LR: 0.0000017 | Loss : 0.0072 | Val loss: 0.0077
2026-01-10 10:11:44.189224 | Epoch:7781 | LR: 0.0000017 | Loss : 0.0071 | Val loss: 0.0069
2026-01-10 10:11:48.547646 | Epoch:7782 | LR: 0.0000017 | Loss : 0.0069 | Val loss: 0.0067
2026-01-10 10:11:53.123194 | Epoch:7783 | LR: 0.0000018 | Loss : 0.0072 | Val loss: 0.0066
2026-01-10 10:11:57.438469 | Epoch:7784 | LR: 0.0000018 | Loss : 0.0076 | Val loss: 0.0071
2026-01-10 10:12:01.740178 | Epoch:7785 | LR: 0.0000018 | Loss : 0.0072 | Val loss: 0.0080
2026-01-10 10:12:06.017391 | Epoch:7786 | LR: 0.0000018 | Loss : 0.0069 | Val loss: 0.0077
2026-01-10 10:12:10.325619 | Epoch:7787 | LR: 0.0000018 | Loss : 0.0077 | Val loss: 0.0071
2026-01-10 10:12:14.620898 | Epoch:7788 | LR: 0.0000018 | Loss : 0.0076 | Val loss: 0.0070
2026-01-10 10:12:18.829845 | Epoch:7789 | LR: 0.0000018 | Loss : 0.0071 | Val loss: 0.0072
2026-01-10 10:12:23.090058 | Epoch:7790 | LR: 0.0000018 | Loss : 0.0068 | Val loss: 0.0068
2026-01-10 10:12:27.370442 | Epoch:7791 | LR: 0.0000018 | Loss : 0.0071 | Val loss: 0.0071
2026-01-10 10:12:31.725750 | Epoch:7792 | LR: 0.0000019 | Loss : 0.0075 | Val loss: 0.0071
2026-01-10 10:12:36.022179 | Epoch:7793 | LR: 0.0000019 | Loss : 0.0071 | Val loss: 0.0078
2026-01-10 10:12:40.362752 | Epoch:7794 | LR: 0.0000019 | Loss : 0.0070 | Val loss: 0.0081
2026-01-10 10:12:44.728389 | Epoch:7795 | LR: 0.0000019 | Loss : 0.0074 | Val loss: 0.0072
2026-01-10 10:12:49.084443 | Epoch:7796 | LR: 0.0000019 | Loss : 0.0070 | Val loss: 0.0072
2026-01-10 10:12:53.451521 | Epoch:7797 | LR: 0.0000019 | Loss : 0.0071 | Val loss: 0.0072
2026-01-10 10:12:57.795828 | Epoch:7798 | LR: 0.0000019 | Loss : 0.0070 | Val loss: 0.0069
2026-01-10 10:13:02.150930 | Epoch:7799 | LR: 0.0000019 | Loss : 0.0075 | Val loss: 0.0070
2026-01-10 10:13:06.407013 | Epoch:7800 | LR: 0.0000020 | Loss : 0.0070 | Val loss: 0.0075
2026-01-10 10:13:10.637335 | Epoch:7801 | LR: 0.0000020 | Loss : 0.0072 | Val loss: 0.0073
2026-01-10 10:13:15.024527 | Epoch:7802 | LR: 0.0000020 | Loss : 0.0072 | Val loss: 0.0072
2026-01-10 10:13:19.266276 | Epoch:7803 | LR: 0.0000020 | Loss : 0.0073 | Val loss: 0.0071
2026-01-10 10:13:23.567429 | Epoch:7804 | LR: 0.0000020 | Loss : 0.0074 | Val loss: 0.0070
2026-01-10 10:13:27.830563 | Epoch:7805 | LR: 0.0000020 | Loss : 0.0072 | Val loss: 0.0078
2026-01-10 10:13:32.205032 | Epoch:7806 | LR: 0.0000020 | Loss : 0.0076 | Val loss: 0.0076
2026-01-10 10:13:36.777547 | Epoch:7807 | LR: 0.0000020 | Loss : 0.0065 | Val loss: 0.0079
2026-01-10 10:13:41.097253 | Epoch:7808 | LR: 0.0000021 | Loss : 0.0072 | Val loss: 0.0066
2026-01-10 10:13:45.512212 | Epoch:7809 | LR: 0.0000021 | Loss : 0.0073 | Val loss: 0.0076
2026-01-10 10:13:49.874830 | Epoch:7810 | LR: 0.0000021 | Loss : 0.0069 | Val loss: 0.0065
2026-01-10 10:13:54.287601 | Epoch:7811 | LR: 0.0000021 | Loss : 0.0069 | Val loss: 0.0066
2026-01-10 10:13:58.669238 | Epoch:7812 | LR: 0.0000021 | Loss : 0.0069 | Val loss: 0.0077
2026-01-10 10:14:02.900801 | Epoch:7813 | LR: 0.0000021 | Loss : 0.0074 | Val loss: 0.0079
2026-01-10 10:14:07.109855 | Epoch:7814 | LR: 0.0000021 | Loss : 0.0072 | Val loss: 0.0073
2026-01-10 10:14:11.319145 | Epoch:7815 | LR: 0.0000021 | Loss : 0.0072 | Val loss: 0.0072
2026-01-10 10:14:16.184584 | Epoch:7816 | LR: 0.0000022 | Loss : 0.0072 | Val loss: 0.0069
2026-01-10 10:14:20.745154 | Epoch:7817 | LR: 0.0000022 | Loss : 0.0075 | Val loss: 0.0075
2026-01-10 10:14:25.056326 | Epoch:7818 | LR: 0.0000022 | Loss : 0.0072 | Val loss: 0.0066
2026-01-10 10:14:29.768117 | Epoch:7819 | LR: 0.0000022 | Loss : 0.0070 | Val loss: 0.0079
2026-01-10 10:14:34.189297 | Epoch:7820 | LR: 0.0000022 | Loss : 0.0070 | Val loss: 0.0070
2026-01-10 10:14:38.519416 | Epoch:7821 | LR: 0.0000022 | Loss : 0.0074 | Val loss: 0.0076
2026-01-10 10:14:42.822800 | Epoch:7822 | LR: 0.0000022 | Loss : 0.0073 | Val loss: 0.0077
2026-01-10 10:14:47.193350 | Epoch:7823 | LR: 0.0000022 | Loss : 0.0067 | Val loss: 0.0075
2026-01-10 10:14:51.592330 | Epoch:7824 | LR: 0.0000023 | Loss : 0.0079 | Val loss: 0.0069
2026-01-10 10:14:56.257909 | Epoch:7825 | LR: 0.0000023 | Loss : 0.0074 | Val loss: 0.0075
2026-01-10 10:15:00.672292 | Epoch:7826 | LR: 0.0000023 | Loss : 0.0071 | Val loss: 0.0076
2026-01-10 10:15:05.103693 | Epoch:7827 | LR: 0.0000023 | Loss : 0.0074 | Val loss: 0.0070
2026-01-10 10:15:09.499083 | Epoch:7828 | LR: 0.0000023 | Loss : 0.0072 | Val loss: 0.0070
2026-01-10 10:15:13.864406 | Epoch:7829 | LR: 0.0000023 | Loss : 0.0077 | Val loss: 0.0067
2026-01-10 10:15:18.155404 | Epoch:7830 | LR: 0.0000023 | Loss : 0.0073 | Val loss: 0.0070
2026-01-10 10:15:22.511553 | Epoch:7831 | LR: 0.0000024 | Loss : 0.0074 | Val loss: 0.0071
2026-01-10 10:15:26.738258 | Epoch:7832 | LR: 0.0000024 | Loss : 0.0074 | Val loss: 0.0069
2026-01-10 10:15:31.071479 | Epoch:7833 | LR: 0.0000024 | Loss : 0.0072 | Val loss: 0.0066
2026-01-10 10:15:35.449992 | Epoch:7834 | LR: 0.0000024 | Loss : 0.0068 | Val loss: 0.0078
2026-01-10 10:15:39.710806 | Epoch:7835 | LR: 0.0000024 | Loss : 0.0073 | Val loss: 0.0075
2026-01-10 10:15:44.006665 | Epoch:7836 | LR: 0.0000024 | Loss : 0.0071 | Val loss: 0.0075
2026-01-10 10:15:48.354013 | Epoch:7837 | LR: 0.0000024 | Loss : 0.0071 | Val loss: 0.0066
2026-01-10 10:15:52.735111 | Epoch:7838 | LR: 0.0000024 | Loss : 0.0078 | Val loss: 0.0064
2026-01-10 10:15:57.154212 | Epoch:7839 | LR: 0.0000025 | Loss : 0.0068 | Val loss: 0.0071
2026-01-10 10:16:01.614694 | Epoch:7840 | LR: 0.0000025 | Loss : 0.0074 | Val loss: 0.0072
2026-01-10 10:16:06.075206 | Epoch:7841 | LR: 0.0000025 | Loss : 0.0072 | Val loss: 0.0080
2026-01-10 10:16:10.518417 | Epoch:7842 | LR: 0.0000025 | Loss : 0.0065 | Val loss: 0.0069
2026-01-10 10:16:14.924649 | Epoch:7843 | LR: 0.0000025 | Loss : 0.0072 | Val loss: 0.0074
2026-01-10 10:16:19.263969 | Epoch:7844 | LR: 0.0000025 | Loss : 0.0072 | Val loss: 0.0071
2026-01-10 10:16:23.550258 | Epoch:7845 | LR: 0.0000025 | Loss : 0.0075 | Val loss: 0.0075
2026-01-10 10:16:27.971509 | Epoch:7846 | LR: 0.0000026 | Loss : 0.0068 | Val loss: 0.0073
2026-01-10 10:16:32.240151 | Epoch:7847 | LR: 0.0000026 | Loss : 0.0073 | Val loss: 0.0071
2026-01-10 10:16:36.601754 | Epoch:7848 | LR: 0.0000026 | Loss : 0.0068 | Val loss: 0.0071
2026-01-10 10:16:41.268010 | Epoch:7849 | LR: 0.0000026 | Loss : 0.0071 | Val loss: 0.0075
2026-01-10 10:16:45.578950 | Epoch:7850 | LR: 0.0000026 | Loss : 0.0071 | Val loss: 0.0073
2026-01-10 10:16:49.905651 | Epoch:7851 | LR: 0.0000026 | Loss : 0.0070 | Val loss: 0.0068
2026-01-10 10:16:54.306170 | Epoch:7852 | LR: 0.0000026 | Loss : 0.0070 | Val loss: 0.0076
2026-01-10 10:16:58.711226 | Epoch:7853 | LR: 0.0000027 | Loss : 0.0072 | Val loss: 0.0078
2026-01-10 10:17:03.071676 | Epoch:7854 | LR: 0.0000027 | Loss : 0.0069 | Val loss: 0.0073
2026-01-10 10:17:07.482133 | Epoch:7855 | LR: 0.0000027 | Loss : 0.0073 | Val loss: 0.0075
2026-01-10 10:17:11.875644 | Epoch:7856 | LR: 0.0000027 | Loss : 0.0070 | Val loss: 0.0073
2026-01-10 10:17:16.280322 | Epoch:7857 | LR: 0.0000027 | Loss : 0.0070 | Val loss: 0.0072
2026-01-10 10:17:20.645657 | Epoch:7858 | LR: 0.0000027 | Loss : 0.0075 | Val loss: 0.0073
2026-01-10 10:17:24.980145 | Epoch:7859 | LR: 0.0000027 | Loss : 0.0072 | Val loss: 0.0073
2026-01-10 10:17:29.293100 | Epoch:7860 | LR: 0.0000028 | Loss : 0.0072 | Val loss: 0.0068
2026-01-10 10:17:33.657386 | Epoch:7861 | LR: 0.0000028 | Loss : 0.0073 | Val loss: 0.0075
2026-01-10 10:17:38.043764 | Epoch:7862 | LR: 0.0000028 | Loss : 0.0071 | Val loss: 0.0070
2026-01-10 10:17:42.298385 | Epoch:7863 | LR: 0.0000028 | Loss : 0.0066 | Val loss: 0.0075
2026-01-10 10:17:46.668413 | Epoch:7864 | LR: 0.0000028 | Loss : 0.0075 | Val loss: 0.0073
2026-01-10 10:17:50.938933 | Epoch:7865 | LR: 0.0000028 | Loss : 0.0070 | Val loss: 0.0070
2026-01-10 10:17:55.253881 | Epoch:7866 | LR: 0.0000028 | Loss : 0.0073 | Val loss: 0.0070
2026-01-10 10:17:59.832534 | Epoch:7867 | LR: 0.0000029 | Loss : 0.0073 | Val loss: 0.0074
2026-01-10 10:18:04.213846 | Epoch:7868 | LR: 0.0000029 | Loss : 0.0071 | Val loss: 0.0070
2026-01-10 10:18:08.595118 | Epoch:7869 | LR: 0.0000029 | Loss : 0.0073 | Val loss: 0.0078
2026-01-10 10:18:12.988966 | Epoch:7870 | LR: 0.0000029 | Loss : 0.0076 | Val loss: 0.0071
2026-01-10 10:18:17.360431 | Epoch:7871 | LR: 0.0000029 | Loss : 0.0071 | Val loss: 0.0077
2026-01-10 10:18:21.717828 | Epoch:7872 | LR: 0.0000029 | Loss : 0.0074 | Val loss: 0.0071
2026-01-10 10:18:26.083957 | Epoch:7873 | LR: 0.0000029 | Loss : 0.0069 | Val loss: 0.0079
2026-01-10 10:18:30.448781 | Epoch:7874 | LR: 0.0000030 | Loss : 0.0074 | Val loss: 0.0075
2026-01-10 10:18:34.750296 | Epoch:7875 | LR: 0.0000030 | Loss : 0.0068 | Val loss: 0.0072
2026-01-10 10:18:39.073242 | Epoch:7876 | LR: 0.0000030 | Loss : 0.0071 | Val loss: 0.0071
2026-01-10 10:18:43.344297 | Epoch:7877 | LR: 0.0000030 | Loss : 0.0076 | Val loss: 0.0069
2026-01-10 10:18:47.664427 | Epoch:7878 | LR: 0.0000030 | Loss : 0.0069 | Val loss: 0.0076
2026-01-10 10:18:52.016541 | Epoch:7879 | LR: 0.0000030 | Loss : 0.0072 | Val loss: 0.0070
2026-01-10 10:18:56.334969 | Epoch:7880 | LR: 0.0000030 | Loss : 0.0070 | Val loss: 0.0061
2026-01-10 10:19:00.693220 | Epoch:7881 | LR: 0.0000031 | Loss : 0.0071 | Val loss: 0.0073
2026-01-10 10:19:05.000098 | Epoch:7882 | LR: 0.0000031 | Loss : 0.0074 | Val loss: 0.0073
2026-01-10 10:19:09.310507 | Epoch:7883 | LR: 0.0000031 | Loss : 0.0069 | Val loss: 0.0072
2026-01-10 10:19:13.627067 | Epoch:7884 | LR: 0.0000031 | Loss : 0.0072 | Val loss: 0.0073
2026-01-10 10:19:17.937355 | Epoch:7885 | LR: 0.0000031 | Loss : 0.0073 | Val loss: 0.0070
2026-01-10 10:19:22.189421 | Epoch:7886 | LR: 0.0000031 | Loss : 0.0072 | Val loss: 0.0072
2026-01-10 10:19:26.441494 | Epoch:7887 | LR: 0.0000032 | Loss : 0.0077 | Val loss: 0.0073
2026-01-10 10:19:31.320250 | Epoch:7888 | LR: 0.0000032 | Loss : 0.0071 | Val loss: 0.0074
2026-01-10 10:19:35.926508 | Epoch:7889 | LR: 0.0000032 | Loss : 0.0076 | Val loss: 0.0080
2026-01-10 10:19:40.307865 | Epoch:7890 | LR: 0.0000032 | Loss : 0.0077 | Val loss: 0.0075
2026-01-10 10:19:44.795880 | Epoch:7891 | LR: 0.0000032 | Loss : 0.0072 | Val loss: 0.0068
2026-01-10 10:19:49.306655 | Epoch:7892 | LR: 0.0000032 | Loss : 0.0069 | Val loss: 0.0072
2026-01-10 10:19:53.536414 | Epoch:7893 | LR: 0.0000032 | Loss : 0.0070 | Val loss: 0.0077
2026-01-10 10:19:57.853289 | Epoch:7894 | LR: 0.0000033 | Loss : 0.0070 | Val loss: 0.0076
2026-01-10 10:20:02.257537 | Epoch:7895 | LR: 0.0000033 | Loss : 0.0069 | Val loss: 0.0073
2026-01-10 10:20:06.606725 | Epoch:7896 | LR: 0.0000033 | Loss : 0.0069 | Val loss: 0.0072
2026-01-10 10:20:10.919335 | Epoch:7897 | LR: 0.0000033 | Loss : 0.0074 | Val loss: 0.0069
2026-01-10 10:20:15.245023 | Epoch:7898 | LR: 0.0000033 | Loss : 0.0071 | Val loss: 0.0072
2026-01-10 10:20:19.594736 | Epoch:7899 | LR: 0.0000033 | Loss : 0.0072 | Val loss: 0.0080
2026-01-10 10:20:23.932420 | Epoch:7900 | LR: 0.0000034 | Loss : 0.0076 | Val loss: 0.0073
2026-01-10 10:20:28.293866 | Epoch:7901 | LR: 0.0000034 | Loss : 0.0075 | Val loss: 0.0066
2026-01-10 10:20:32.639649 | Epoch:7902 | LR: 0.0000034 | Loss : 0.0074 | Val loss: 0.0077
2026-01-10 10:20:37.008499 | Epoch:7903 | LR: 0.0000034 | Loss : 0.0071 | Val loss: 0.0067
2026-01-10 10:20:41.358284 | Epoch:7904 | LR: 0.0000034 | Loss : 0.0071 | Val loss: 0.0073
2026-01-10 10:20:45.699605 | Epoch:7905 | LR: 0.0000034 | Loss : 0.0074 | Val loss: 0.0073
2026-01-10 10:20:49.936727 | Epoch:7906 | LR: 0.0000035 | Loss : 0.0071 | Val loss: 0.0068
2026-01-10 10:20:54.194987 | Epoch:7907 | LR: 0.0000035 | Loss : 0.0070 | Val loss: 0.0080
2026-01-10 10:20:58.487017 | Epoch:7908 | LR: 0.0000035 | Loss : 0.0073 | Val loss: 0.0072
2026-01-10 10:21:03.004311 | Epoch:7909 | LR: 0.0000035 | Loss : 0.0075 | Val loss: 0.0079
2026-01-10 10:21:07.450720 | Epoch:7910 | LR: 0.0000035 | Loss : 0.0069 | Val loss: 0.0068
2026-01-10 10:21:11.777765 | Epoch:7911 | LR: 0.0000035 | Loss : 0.0071 | Val loss: 0.0066
2026-01-10 10:21:16.135174 | Epoch:7912 | LR: 0.0000035 | Loss : 0.0075 | Val loss: 0.0077
2026-01-10 10:21:20.480251 | Epoch:7913 | LR: 0.0000036 | Loss : 0.0070 | Val loss: 0.0073
2026-01-10 10:21:25.067465 | Epoch:7914 | LR: 0.0000036 | Loss : 0.0069 | Val loss: 0.0075
2026-01-10 10:21:29.435968 | Epoch:7915 | LR: 0.0000036 | Loss : 0.0071 | Val loss: 0.0071
2026-01-10 10:21:33.788227 | Epoch:7916 | LR: 0.0000036 | Loss : 0.0071 | Val loss: 0.0065
2026-01-10 10:21:38.108499 | Epoch:7917 | LR: 0.0000036 | Loss : 0.0074 | Val loss: 0.0070
2026-01-10 10:21:42.486465 | Epoch:7918 | LR: 0.0000036 | Loss : 0.0073 | Val loss: 0.0066
2026-01-10 10:21:46.821342 | Epoch:7919 | LR: 0.0000037 | Loss : 0.0073 | Val loss: 0.0068
2026-01-10 10:21:51.147381 | Epoch:7920 | LR: 0.0000037 | Loss : 0.0076 | Val loss: 0.0073
2026-01-10 10:21:55.532332 | Epoch:7921 | LR: 0.0000037 | Loss : 0.0071 | Val loss: 0.0073
2026-01-10 10:21:59.847489 | Epoch:7922 | LR: 0.0000037 | Loss : 0.0070 | Val loss: 0.0075
2026-01-10 10:22:04.100855 | Epoch:7923 | LR: 0.0000037 | Loss : 0.0068 | Val loss: 0.0076
2026-01-10 10:22:08.476836 | Epoch:7924 | LR: 0.0000037 | Loss : 0.0071 | Val loss: 0.0070
2026-01-10 10:22:12.861124 | Epoch:7925 | LR: 0.0000038 | Loss : 0.0069 | Val loss: 0.0065
2026-01-10 10:22:17.226610 | Epoch:7926 | LR: 0.0000038 | Loss : 0.0069 | Val loss: 0.0074
2026-01-10 10:22:21.600808 | Epoch:7927 | LR: 0.0000038 | Loss : 0.0071 | Val loss: 0.0077
2026-01-10 10:22:26.005140 | Epoch:7928 | LR: 0.0000038 | Loss : 0.0075 | Val loss: 0.0069
2026-01-10 10:22:30.366402 | Epoch:7929 | LR: 0.0000038 | Loss : 0.0071 | Val loss: 0.0070
2026-01-10 10:22:34.754770 | Epoch:7930 | LR: 0.0000038 | Loss : 0.0073 | Val loss: 0.0071
2026-01-10 10:22:39.154417 | Epoch:7931 | LR: 0.0000039 | Loss : 0.0070 | Val loss: 0.0070
2026-01-10 10:22:43.540758 | Epoch:7932 | LR: 0.0000039 | Loss : 0.0076 | Val loss: 0.0068
2026-01-10 10:22:47.986848 | Epoch:7933 | LR: 0.0000039 | Loss : 0.0069 | Val loss: 0.0070
2026-01-10 10:22:52.394480 | Epoch:7934 | LR: 0.0000039 | Loss : 0.0067 | Val loss: 0.0071
2026-01-10 10:22:56.734997 | Epoch:7935 | LR: 0.0000039 | Loss : 0.0070 | Val loss: 0.0072
2026-01-10 10:23:01.033886 | Epoch:7936 | LR: 0.0000039 | Loss : 0.0070 | Val loss: 0.0070
2026-01-10 10:23:05.291218 | Epoch:7937 | LR: 0.0000040 | Loss : 0.0069 | Val loss: 0.0077
2026-01-10 10:23:09.674109 | Epoch:7938 | LR: 0.0000040 | Loss : 0.0069 | Val loss: 0.0076
2026-01-10 10:23:14.014997 | Epoch:7939 | LR: 0.0000040 | Loss : 0.0074 | Val loss: 0.0069
2026-01-10 10:23:18.421402 | Epoch:7940 | LR: 0.0000040 | Loss : 0.0068 | Val loss: 0.0069
2026-01-10 10:23:22.716082 | Epoch:7941 | LR: 0.0000040 | Loss : 0.0071 | Val loss: 0.0075
2026-01-10 10:23:27.066071 | Epoch:7942 | LR: 0.0000040 | Loss : 0.0075 | Val loss: 0.0073
2026-01-10 10:23:31.413466 | Epoch:7943 | LR: 0.0000041 | Loss : 0.0072 | Val loss: 0.0064
2026-01-10 10:23:35.821277 | Epoch:7944 | LR: 0.0000041 | Loss : 0.0071 | Val loss: 0.0072
2026-01-10 10:23:40.164654 | Epoch:7945 | LR: 0.0000041 | Loss : 0.0072 | Val loss: 0.0069
2026-01-10 10:23:44.580679 | Epoch:7946 | LR: 0.0000041 | Loss : 0.0072 | Val loss: 0.0070
2026-01-10 10:23:49.008462 | Epoch:7947 | LR: 0.0000041 | Loss : 0.0074 | Val loss: 0.0074
2026-01-10 10:23:53.425753 | Epoch:7948 | LR: 0.0000041 | Loss : 0.0075 | Val loss: 0.0075
2026-01-10 10:23:57.817899 | Epoch:7949 | LR: 0.0000042 | Loss : 0.0074 | Val loss: 0.0078
2026-01-10 10:24:02.152862 | Epoch:7950 | LR: 0.0000042 | Loss : 0.0068 | Val loss: 0.0070
2026-01-10 10:24:06.707832 | Epoch:7951 | LR: 0.0000042 | Loss : 0.0072 | Val loss: 0.0079
2026-01-10 10:24:11.082499 | Epoch:7952 | LR: 0.0000042 | Loss : 0.0078 | Val loss: 0.0074
2026-01-10 10:24:15.349920 | Epoch:7953 | LR: 0.0000042 | Loss : 0.0075 | Val loss: 0.0076
2026-01-10 10:24:19.767308 | Epoch:7954 | LR: 0.0000043 | Loss : 0.0073 | Val loss: 0.0077
2026-01-10 10:24:24.129262 | Epoch:7955 | LR: 0.0000043 | Loss : 0.0070 | Val loss: 0.0068
2026-01-10 10:24:28.817138 | Epoch:7956 | LR: 0.0000043 | Loss : 0.0072 | Val loss: 0.0076
2026-01-10 10:24:33.126278 | Epoch:7957 | LR: 0.0000043 | Loss : 0.0069 | Val loss: 0.0069
2026-01-10 10:24:37.421166 | Epoch:7958 | LR: 0.0000043 | Loss : 0.0067 | Val loss: 0.0067
2026-01-10 10:24:41.702896 | Epoch:7959 | LR: 0.0000043 | Loss : 0.0069 | Val loss: 0.0073
2026-01-10 10:24:46.789309 | Epoch:7960 | LR: 0.0000044 | Loss : 0.0075 | Val loss: 0.0069
2026-01-10 10:24:51.442299 | Epoch:7961 | LR: 0.0000044 | Loss : 0.0070 | Val loss: 0.0074
2026-01-10 10:24:55.852583 | Epoch:7962 | LR: 0.0000044 | Loss : 0.0070 | Val loss: 0.0073
2026-01-10 10:25:00.338854 | Epoch:7963 | LR: 0.0000044 | Loss : 0.0070 | Val loss: 0.0073
2026-01-10 10:25:04.842140 | Epoch:7964 | LR: 0.0000044 | Loss : 0.0075 | Val loss: 0.0069
2026-01-10 10:25:09.135823 | Epoch:7965 | LR: 0.0000044 | Loss : 0.0073 | Val loss: 0.0074
2026-01-10 10:25:13.391183 | Epoch:7966 | LR: 0.0000045 | Loss : 0.0073 | Val loss: 0.0073
2026-01-10 10:25:17.756133 | Epoch:7967 | LR: 0.0000045 | Loss : 0.0076 | Val loss: 0.0070
2026-01-10 10:25:22.061297 | Epoch:7968 | LR: 0.0000045 | Loss : 0.0070 | Val loss: 0.0070
2026-01-10 10:25:26.481854 | Epoch:7969 | LR: 0.0000045 | Loss : 0.0073 | Val loss: 0.0077
2026-01-10 10:25:30.822248 | Epoch:7970 | LR: 0.0000045 | Loss : 0.0074 | Val loss: 0.0066
2026-01-10 10:25:35.174831 | Epoch:7971 | LR: 0.0000046 | Loss : 0.0075 | Val loss: 0.0076
2026-01-10 10:25:39.540539 | Epoch:7972 | LR: 0.0000046 | Loss : 0.0069 | Val loss: 0.0073
2026-01-10 10:25:43.906594 | Epoch:7973 | LR: 0.0000046 | Loss : 0.0070 | Val loss: 0.0072
2026-01-10 10:25:48.255227 | Epoch:7974 | LR: 0.0000046 | Loss : 0.0073 | Val loss: 0.0075
2026-01-10 10:25:52.652442 | Epoch:7975 | LR: 0.0000046 | Loss : 0.0073 | Val loss: 0.0072
2026-01-10 10:25:57.035736 | Epoch:7976 | LR: 0.0000046 | Loss : 0.0074 | Val loss: 0.0073
2026-01-10 10:26:01.409110 | Epoch:7977 | LR: 0.0000047 | Loss : 0.0075 | Val loss: 0.0075
2026-01-10 10:26:05.782398 | Epoch:7978 | LR: 0.0000047 | Loss : 0.0070 | Val loss: 0.0070
2026-01-10 10:26:10.088392 | Epoch:7979 | LR: 0.0000047 | Loss : 0.0071 | Val loss: 0.0066
2026-01-10 10:26:14.405232 | Epoch:7980 | LR: 0.0000047 | Loss : 0.0073 | Val loss: 0.0068
2026-01-10 10:26:18.634287 | Epoch:7981 | LR: 0.0000047 | Loss : 0.0071 | Val loss: 0.0071
2026-01-10 10:26:22.988249 | Epoch:7982 | LR: 0.0000048 | Loss : 0.0074 | Val loss: 0.0067
2026-01-10 10:26:27.364428 | Epoch:7983 | LR: 0.0000048 | Loss : 0.0071 | Val loss: 0.0069
2026-01-10 10:26:31.743500 | Epoch:7984 | LR: 0.0000048 | Loss : 0.0064 | Val loss: 0.0069
2026-01-10 10:26:36.082550 | Epoch:7985 | LR: 0.0000048 | Loss : 0.0070 | Val loss: 0.0078
2026-01-10 10:26:40.390150 | Epoch:7986 | LR: 0.0000048 | Loss : 0.0073 | Val loss: 0.0074
2026-01-10 10:26:44.770504 | Epoch:7987 | LR: 0.0000048 | Loss : 0.0071 | Val loss: 0.0072
2026-01-10 10:26:49.090483 | Epoch:7988 | LR: 0.0000049 | Loss : 0.0072 | Val loss: 0.0069
2026-01-10 10:26:53.418684 | Epoch:7989 | LR: 0.0000049 | Loss : 0.0071 | Val loss: 0.0076
2026-01-10 10:26:57.770324 | Epoch:7990 | LR: 0.0000049 | Loss : 0.0077 | Val loss: 0.0072
2026-01-10 10:27:02.151654 | Epoch:7991 | LR: 0.0000049 | Loss : 0.0070 | Val loss: 0.0071
2026-01-10 10:27:06.459226 | Epoch:7992 | LR: 0.0000049 | Loss : 0.0076 | Val loss: 0.0070
2026-01-10 10:27:11.027327 | Epoch:7993 | LR: 0.0000050 | Loss : 0.0070 | Val loss: 0.0076
2026-01-10 10:27:15.316286 | Epoch:7994 | LR: 0.0000050 | Loss : 0.0075 | Val loss: 0.0068
2026-01-10 10:27:19.583184 | Epoch:7995 | LR: 0.0000050 | Loss : 0.0072 | Val loss: 0.0069
2026-01-10 10:27:23.851390 | Epoch:7996 | LR: 0.0000050 | Loss : 0.0074 | Val loss: 0.0069
2026-01-10 10:27:28.114956 | Epoch:7997 | LR: 0.0000050 | Loss : 0.0072 | Val loss: 0.0074
2026-01-10 10:27:32.388513 | Epoch:7998 | LR: 0.0000051 | Loss : 0.0070 | Val loss: 0.0071
2026-01-10 10:27:36.700384 | Epoch:7999 | LR: 0.0000051 | Loss : 0.0071 | Val loss: 0.0068
2026-01-10 10:27:40.979680 | Epoch:8000 | LR: 0.0000051 | Loss : 0.0073 | Val loss: 0.0067
2026-01-10 10:27:45.303258 | Epoch:8001 | LR: 0.0000051 | Loss : 0.0072 | Val loss: 0.0077
2026-01-10 10:27:49.659227 | Epoch:8002 | LR: 0.0000051 | Loss : 0.0076 | Val loss: 0.0069
2026-01-10 10:27:54.001586 | Epoch:8003 | LR: 0.0000052 | Loss : 0.0074 | Val loss: 0.0068
2026-01-10 10:27:58.335087 | Epoch:8004 | LR: 0.0000052 | Loss : 0.0072 | Val loss: 0.0080
2026-01-10 10:28:02.875767 | Epoch:8005 | LR: 0.0000052 | Loss : 0.0070 | Val loss: 0.0075
2026-01-10 10:28:07.221215 | Epoch:8006 | LR: 0.0000052 | Loss : 0.0069 | Val loss: 0.0070
2026-01-10 10:28:11.531841 | Epoch:8007 | LR: 0.0000052 | Loss : 0.0070 | Val loss: 0.0073
2026-01-10 10:28:15.853009 | Epoch:8008 | LR: 0.0000052 | Loss : 0.0070 | Val loss: 0.0075
2026-01-10 10:28:20.180788 | Epoch:8009 | LR: 0.0000053 | Loss : 0.0073 | Val loss: 0.0070
2026-01-10 10:28:24.484941 | Epoch:8010 | LR: 0.0000053 | Loss : 0.0070 | Val loss: 0.0071
2026-01-10 10:28:28.720195 | Epoch:8011 | LR: 0.0000053 | Loss : 0.0070 | Val loss: 0.0067
2026-01-10 10:28:33.001894 | Epoch:8012 | LR: 0.0000053 | Loss : 0.0071 | Val loss: 0.0079
2026-01-10 10:28:37.261684 | Epoch:8013 | LR: 0.0000053 | Loss : 0.0070 | Val loss: 0.0078
2026-01-10 10:28:41.629064 | Epoch:8014 | LR: 0.0000054 | Loss : 0.0070 | Val loss: 0.0066
2026-01-10 10:28:45.942566 | Epoch:8015 | LR: 0.0000054 | Loss : 0.0074 | Val loss: 0.0075
2026-01-10 10:28:50.336620 | Epoch:8016 | LR: 0.0000054 | Loss : 0.0071 | Val loss: 0.0070
2026-01-10 10:28:54.653937 | Epoch:8017 | LR: 0.0000054 | Loss : 0.0076 | Val loss: 0.0075
2026-01-10 10:28:58.983162 | Epoch:8018 | LR: 0.0000054 | Loss : 0.0074 | Val loss: 0.0072
2026-01-10 10:29:03.315142 | Epoch:8019 | LR: 0.0000055 | Loss : 0.0073 | Val loss: 0.0079
2026-01-10 10:29:07.636947 | Epoch:8020 | LR: 0.0000055 | Loss : 0.0077 | Val loss: 0.0073
2026-01-10 10:29:12.197614 | Epoch:8021 | LR: 0.0000055 | Loss : 0.0072 | Val loss: 0.0074
2026-01-10 10:29:16.545866 | Epoch:8022 | LR: 0.0000055 | Loss : 0.0076 | Val loss: 0.0081
2026-01-10 10:29:20.857640 | Epoch:8023 | LR: 0.0000055 | Loss : 0.0070 | Val loss: 0.0076
2026-01-10 10:29:25.146554 | Epoch:8024 | LR: 0.0000056 | Loss : 0.0069 | Val loss: 0.0075
2026-01-10 10:29:29.351120 | Epoch:8025 | LR: 0.0000056 | Loss : 0.0071 | Val loss: 0.0078
2026-01-10 10:29:33.530895 | Epoch:8026 | LR: 0.0000056 | Loss : 0.0069 | Val loss: 0.0074
2026-01-10 10:29:37.713757 | Epoch:8027 | LR: 0.0000056 | Loss : 0.0070 | Val loss: 0.0068
2026-01-10 10:29:41.990584 | Epoch:8028 | LR: 0.0000056 | Loss : 0.0073 | Val loss: 0.0078
2026-01-10 10:29:46.302115 | Epoch:8029 | LR: 0.0000057 | Loss : 0.0069 | Val loss: 0.0072
2026-01-10 10:29:50.483541 | Epoch:8030 | LR: 0.0000057 | Loss : 0.0074 | Val loss: 0.0068
2026-01-10 10:29:54.662510 | Epoch:8031 | LR: 0.0000057 | Loss : 0.0071 | Val loss: 0.0070
2026-01-10 10:29:59.023905 | Epoch:8032 | LR: 0.0000057 | Loss : 0.0073 | Val loss: 0.0073
2026-01-10 10:30:04.187399 | Epoch:8033 | LR: 0.0000057 | Loss : 0.0071 | Val loss: 0.0067
2026-01-10 10:30:08.724363 | Epoch:8034 | LR: 0.0000058 | Loss : 0.0071 | Val loss: 0.0072
2026-01-10 10:30:13.223961 | Epoch:8035 | LR: 0.0000058 | Loss : 0.0070 | Val loss: 0.0070
2026-01-10 10:30:17.918539 | Epoch:8036 | LR: 0.0000058 | Loss : 0.0069 | Val loss: 0.0073
2026-01-10 10:30:22.325121 | Epoch:8037 | LR: 0.0000058 | Loss : 0.0069 | Val loss: 0.0082
2026-01-10 10:30:26.700302 | Epoch:8038 | LR: 0.0000058 | Loss : 0.0074 | Val loss: 0.0074
2026-01-10 10:30:31.047303 | Epoch:8039 | LR: 0.0000059 | Loss : 0.0074 | Val loss: 0.0079
2026-01-10 10:30:35.426217 | Epoch:8040 | LR: 0.0000059 | Loss : 0.0071 | Val loss: 0.0069
2026-01-10 10:30:39.658158 | Epoch:8041 | LR: 0.0000059 | Loss : 0.0071 | Val loss: 0.0073
2026-01-10 10:30:43.998684 | Epoch:8042 | LR: 0.0000059 | Loss : 0.0078 | Val loss: 0.0068
2026-01-10 10:30:48.331157 | Epoch:8043 | LR: 0.0000059 | Loss : 0.0074 | Val loss: 0.0074
2026-01-10 10:30:52.721479 | Epoch:8044 | LR: 0.0000060 | Loss : 0.0074 | Val loss: 0.0073
2026-01-10 10:30:57.096737 | Epoch:8045 | LR: 0.0000060 | Loss : 0.0070 | Val loss: 0.0070
2026-01-10 10:31:01.451599 | Epoch:8046 | LR: 0.0000060 | Loss : 0.0068 | Val loss: 0.0071
2026-01-10 10:31:05.829108 | Epoch:8047 | LR: 0.0000060 | Loss : 0.0070 | Val loss: 0.0071
2026-01-10 10:31:10.204455 | Epoch:8048 | LR: 0.0000060 | Loss : 0.0068 | Val loss: 0.0072
2026-01-10 10:31:14.587438 | Epoch:8049 | LR: 0.0000061 | Loss : 0.0066 | Val loss: 0.0070
2026-01-10 10:31:18.952816 | Epoch:8050 | LR: 0.0000061 | Loss : 0.0072 | Val loss: 0.0072
2026-01-10 10:31:23.317409 | Epoch:8051 | LR: 0.0000061 | Loss : 0.0074 | Val loss: 0.0072
2026-01-10 10:31:27.677252 | Epoch:8052 | LR: 0.0000061 | Loss : 0.0073 | Val loss: 0.0070
2026-01-10 10:31:32.040811 | Epoch:8053 | LR: 0.0000061 | Loss : 0.0072 | Val loss: 0.0068
2026-01-10 10:31:36.349732 | Epoch:8054 | LR: 0.0000062 | Loss : 0.0069 | Val loss: 0.0073
2026-01-10 10:31:40.638000 | Epoch:8055 | LR: 0.0000062 | Loss : 0.0074 | Val loss: 0.0066
2026-01-10 10:31:44.825696 | Epoch:8056 | LR: 0.0000062 | Loss : 0.0068 | Val loss: 0.0075
2026-01-10 10:31:49.322795 | Epoch:8057 | LR: 0.0000062 | Loss : 0.0074 | Val loss: 0.0074
2026-01-10 10:31:53.694903 | Epoch:8058 | LR: 0.0000063 | Loss : 0.0066 | Val loss: 0.0077
2026-01-10 10:31:57.993300 | Epoch:8059 | LR: 0.0000063 | Loss : 0.0076 | Val loss: 0.0076
2026-01-10 10:32:02.345485 | Epoch:8060 | LR: 0.0000063 | Loss : 0.0070 | Val loss: 0.0079
2026-01-10 10:32:06.717251 | Epoch:8061 | LR: 0.0000063 | Loss : 0.0071 | Val loss: 0.0072
2026-01-10 10:32:11.072815 | Epoch:8062 | LR: 0.0000063 | Loss : 0.0073 | Val loss: 0.0081
2026-01-10 10:32:15.694956 | Epoch:8063 | LR: 0.0000064 | Loss : 0.0072 | Val loss: 0.0075
2026-01-10 10:32:20.072336 | Epoch:8064 | LR: 0.0000064 | Loss : 0.0069 | Val loss: 0.0071
2026-01-10 10:32:24.442718 | Epoch:8065 | LR: 0.0000064 | Loss : 0.0069 | Val loss: 0.0073
2026-01-10 10:32:28.804720 | Epoch:8066 | LR: 0.0000064 | Loss : 0.0074 | Val loss: 0.0065
2026-01-10 10:32:33.148006 | Epoch:8067 | LR: 0.0000064 | Loss : 0.0070 | Val loss: 0.0068
2026-01-10 10:32:37.527780 | Epoch:8068 | LR: 0.0000065 | Loss : 0.0071 | Val loss: 0.0071
2026-01-10 10:32:41.875463 | Epoch:8069 | LR: 0.0000065 | Loss : 0.0072 | Val loss: 0.0070
2026-01-10 10:32:46.133649 | Epoch:8070 | LR: 0.0000065 | Loss : 0.0072 | Val loss: 0.0071
2026-01-10 10:32:50.465711 | Epoch:8071 | LR: 0.0000065 | Loss : 0.0074 | Val loss: 0.0063
2026-01-10 10:32:54.784327 | Epoch:8072 | LR: 0.0000065 | Loss : 0.0074 | Val loss: 0.0078
2026-01-10 10:32:59.090388 | Epoch:8073 | LR: 0.0000066 | Loss : 0.0073 | Val loss: 0.0074
2026-01-10 10:33:03.527321 | Epoch:8074 | LR: 0.0000066 | Loss : 0.0071 | Val loss: 0.0065
2026-01-10 10:33:07.856966 | Epoch:8075 | LR: 0.0000066 | Loss : 0.0075 | Val loss: 0.0067
2026-01-10 10:33:12.290009 | Epoch:8076 | LR: 0.0000066 | Loss : 0.0070 | Val loss: 0.0073
2026-01-10 10:33:16.964694 | Epoch:8077 | LR: 0.0000067 | Loss : 0.0073 | Val loss: 0.0068
2026-01-10 10:33:21.382227 | Epoch:8078 | LR: 0.0000067 | Loss : 0.0074 | Val loss: 0.0066
2026-01-10 10:33:25.857527 | Epoch:8079 | LR: 0.0000067 | Loss : 0.0069 | Val loss: 0.0076
2026-01-10 10:33:30.263616 | Epoch:8080 | LR: 0.0000067 | Loss : 0.0073 | Val loss: 0.0070
2026-01-10 10:33:34.711350 | Epoch:8081 | LR: 0.0000067 | Loss : 0.0065 | Val loss: 0.0072
2026-01-10 10:33:39.116646 | Epoch:8082 | LR: 0.0000068 | Loss : 0.0070 | Val loss: 0.0069
2026-01-10 10:33:43.531651 | Epoch:8083 | LR: 0.0000068 | Loss : 0.0070 | Val loss: 0.0066
2026-01-10 10:33:47.864011 | Epoch:8084 | LR: 0.0000068 | Loss : 0.0069 | Val loss: 0.0070
2026-01-10 10:33:52.152910 | Epoch:8085 | LR: 0.0000068 | Loss : 0.0070 | Val loss: 0.0064
2026-01-10 10:33:56.427458 | Epoch:8086 | LR: 0.0000068 | Loss : 0.0067 | Val loss: 0.0073
2026-01-10 10:34:00.780018 | Epoch:8087 | LR: 0.0000069 | Loss : 0.0070 | Val loss: 0.0067
2026-01-10 10:34:05.071946 | Epoch:8088 | LR: 0.0000069 | Loss : 0.0072 | Val loss: 0.0073
2026-01-10 10:34:09.467708 | Epoch:8089 | LR: 0.0000069 | Loss : 0.0071 | Val loss: 0.0068
2026-01-10 10:34:13.821264 | Epoch:8090 | LR: 0.0000069 | Loss : 0.0072 | Val loss: 0.0067
2026-01-10 10:34:18.194473 | Epoch:8091 | LR: 0.0000070 | Loss : 0.0073 | Val loss: 0.0070
2026-01-10 10:34:22.585247 | Epoch:8092 | LR: 0.0000070 | Loss : 0.0076 | Val loss: 0.0079
2026-01-10 10:34:26.981317 | Epoch:8093 | LR: 0.0000070 | Loss : 0.0073 | Val loss: 0.0072
2026-01-10 10:34:31.409702 | Epoch:8094 | LR: 0.0000070 | Loss : 0.0070 | Val loss: 0.0064
2026-01-10 10:34:35.840922 | Epoch:8095 | LR: 0.0000070 | Loss : 0.0070 | Val loss: 0.0074
2026-01-10 10:34:40.217297 | Epoch:8096 | LR: 0.0000071 | Loss : 0.0073 | Val loss: 0.0072
2026-01-10 10:34:44.607170 | Epoch:8097 | LR: 0.0000071 | Loss : 0.0066 | Val loss: 0.0072
2026-01-10 10:34:49.088698 | Epoch:8098 | LR: 0.0000071 | Loss : 0.0072 | Val loss: 0.0070
2026-01-10 10:34:53.506304 | Epoch:8099 | LR: 0.0000071 | Loss : 0.0071 | Val loss: 0.0082
2026-01-10 10:34:57.880014 | Epoch:8100 | LR: 0.0000072 | Loss : 0.0071 | Val loss: 0.0068
2026-01-10 10:35:02.190579 | Epoch:8101 | LR: 0.0000072 | Loss : 0.0071 | Val loss: 0.0070
2026-01-10 10:35:06.376116 | Epoch:8102 | LR: 0.0000072 | Loss : 0.0071 | Val loss: 0.0067
2026-01-10 10:35:10.570429 | Epoch:8103 | LR: 0.0000072 | Loss : 0.0072 | Val loss: 0.0074
2026-01-10 10:35:15.071817 | Epoch:8104 | LR: 0.0000072 | Loss : 0.0073 | Val loss: 0.0067
2026-01-10 10:35:20.046687 | Epoch:8105 | LR: 0.0000073 | Loss : 0.0071 | Val loss: 0.0067
2026-01-10 10:35:24.669009 | Epoch:8106 | LR: 0.0000073 | Loss : 0.0071 | Val loss: 0.0072
2026-01-10 10:35:28.920465 | Epoch:8107 | LR: 0.0000073 | Loss : 0.0074 | Val loss: 0.0065
2026-01-10 10:35:33.634864 | Epoch:8108 | LR: 0.0000073 | Loss : 0.0076 | Val loss: 0.0080
2026-01-10 10:35:38.051504 | Epoch:8109 | LR: 0.0000074 | Loss : 0.0069 | Val loss: 0.0071
2026-01-10 10:35:42.497372 | Epoch:8110 | LR: 0.0000074 | Loss : 0.0072 | Val loss: 0.0069
2026-01-10 10:35:46.932416 | Epoch:8111 | LR: 0.0000074 | Loss : 0.0076 | Val loss: 0.0071
2026-01-10 10:35:51.374720 | Epoch:8112 | LR: 0.0000074 | Loss : 0.0071 | Val loss: 0.0074
2026-01-10 10:35:55.842442 | Epoch:8113 | LR: 0.0000074 | Loss : 0.0071 | Val loss: 0.0070
2026-01-10 10:36:00.273113 | Epoch:8114 | LR: 0.0000075 | Loss : 0.0069 | Val loss: 0.0068
2026-01-10 10:36:04.627916 | Epoch:8115 | LR: 0.0000075 | Loss : 0.0070 | Val loss: 0.0073
2026-01-10 10:36:08.948566 | Epoch:8116 | LR: 0.0000075 | Loss : 0.0071 | Val loss: 0.0069
2026-01-10 10:36:13.319954 | Epoch:8117 | LR: 0.0000075 | Loss : 0.0069 | Val loss: 0.0073
2026-01-10 10:36:17.766406 | Epoch:8118 | LR: 0.0000076 | Loss : 0.0073 | Val loss: 0.0084
2026-01-10 10:36:22.420988 | Epoch:8119 | LR: 0.0000076 | Loss : 0.0068 | Val loss: 0.0067
2026-01-10 10:36:26.781096 | Epoch:8120 | LR: 0.0000076 | Loss : 0.0075 | Val loss: 0.0072
2026-01-10 10:36:31.168741 | Epoch:8121 | LR: 0.0000076 | Loss : 0.0073 | Val loss: 0.0073
2026-01-10 10:36:35.591492 | Epoch:8122 | LR: 0.0000076 | Loss : 0.0077 | Val loss: 0.0071
2026-01-10 10:36:39.994509 | Epoch:8123 | LR: 0.0000077 | Loss : 0.0074 | Val loss: 0.0070
2026-01-10 10:36:44.396795 | Epoch:8124 | LR: 0.0000077 | Loss : 0.0072 | Val loss: 0.0071
2026-01-10 10:36:48.820698 | Epoch:8125 | LR: 0.0000077 | Loss : 0.0071 | Val loss: 0.0072
2026-01-10 10:36:53.247200 | Epoch:8126 | LR: 0.0000077 | Loss : 0.0068 | Val loss: 0.0067
2026-01-10 10:36:57.732297 | Epoch:8127 | LR: 0.0000078 | Loss : 0.0070 | Val loss: 0.0070
2026-01-10 10:37:02.296125 | Epoch:8128 | LR: 0.0000078 | Loss : 0.0076 | Val loss: 0.0071
2026-01-10 10:37:06.587109 | Epoch:8129 | LR: 0.0000078 | Loss : 0.0072 | Val loss: 0.0077
2026-01-10 10:37:10.866863 | Epoch:8130 | LR: 0.0000078 | Loss : 0.0073 | Val loss: 0.0064
2026-01-10 10:37:15.150834 | Epoch:8131 | LR: 0.0000079 | Loss : 0.0067 | Val loss: 0.0064
2026-01-10 10:37:19.485542 | Epoch:8132 | LR: 0.0000079 | Loss : 0.0067 | Val loss: 0.0072
2026-01-10 10:37:23.873912 | Epoch:8133 | LR: 0.0000079 | Loss : 0.0069 | Val loss: 0.0076
2026-01-10 10:37:28.327622 | Epoch:8134 | LR: 0.0000079 | Loss : 0.0075 | Val loss: 0.0076
2026-01-10 10:37:32.680772 | Epoch:8135 | LR: 0.0000079 | Loss : 0.0070 | Val loss: 0.0076
2026-01-10 10:37:37.429200 | Epoch:8136 | LR: 0.0000080 | Loss : 0.0069 | Val loss: 0.0073
2026-01-10 10:37:41.872367 | Epoch:8137 | LR: 0.0000080 | Loss : 0.0071 | Val loss: 0.0070
2026-01-10 10:37:46.276288 | Epoch:8138 | LR: 0.0000080 | Loss : 0.0070 | Val loss: 0.0077
2026-01-10 10:37:50.650482 | Epoch:8139 | LR: 0.0000080 | Loss : 0.0070 | Val loss: 0.0067
2026-01-10 10:37:55.032501 | Epoch:8140 | LR: 0.0000081 | Loss : 0.0071 | Val loss: 0.0073
2026-01-10 10:37:59.428273 | Epoch:8141 | LR: 0.0000081 | Loss : 0.0077 | Val loss: 0.0081
2026-01-10 10:38:03.795328 | Epoch:8142 | LR: 0.0000081 | Loss : 0.0073 | Val loss: 0.0071
2026-01-10 10:38:08.194175 | Epoch:8143 | LR: 0.0000081 | Loss : 0.0069 | Val loss: 0.0071
2026-01-10 10:38:12.547988 | Epoch:8144 | LR: 0.0000082 | Loss : 0.0068 | Val loss: 0.0068
2026-01-10 10:38:16.918358 | Epoch:8145 | LR: 0.0000082 | Loss : 0.0069 | Val loss: 0.0076
2026-01-10 10:38:21.240609 | Epoch:8146 | LR: 0.0000082 | Loss : 0.0072 | Val loss: 0.0069
2026-01-10 10:38:25.647016 | Epoch:8147 | LR: 0.0000082 | Loss : 0.0070 | Val loss: 0.0071
2026-01-10 10:38:30.124906 | Epoch:8148 | LR: 0.0000082 | Loss : 0.0073 | Val loss: 0.0073
2026-01-10 10:38:34.553396 | Epoch:8149 | LR: 0.0000083 | Loss : 0.0072 | Val loss: 0.0069
2026-01-10 10:38:38.946822 | Epoch:8150 | LR: 0.0000083 | Loss : 0.0067 | Val loss: 0.0076
2026-01-10 10:38:43.372197 | Epoch:8151 | LR: 0.0000083 | Loss : 0.0070 | Val loss: 0.0064
2026-01-10 10:38:47.930350 | Epoch:8152 | LR: 0.0000083 | Loss : 0.0067 | Val loss: 0.0067
2026-01-10 10:38:52.329738 | Epoch:8153 | LR: 0.0000084 | Loss : 0.0071 | Val loss: 0.0077
2026-01-10 10:38:56.740819 | Epoch:8154 | LR: 0.0000084 | Loss : 0.0068 | Val loss: 0.0065
2026-01-10 10:39:01.188186 | Epoch:8155 | LR: 0.0000084 | Loss : 0.0075 | Val loss: 0.0067
2026-01-10 10:39:05.652828 | Epoch:8156 | LR: 0.0000084 | Loss : 0.0069 | Val loss: 0.0080
2026-01-10 10:39:10.117676 | Epoch:8157 | LR: 0.0000085 | Loss : 0.0072 | Val loss: 0.0080
2026-01-10 10:39:14.525651 | Epoch:8158 | LR: 0.0000085 | Loss : 0.0072 | Val loss: 0.0068
2026-01-10 10:39:18.855368 | Epoch:8159 | LR: 0.0000085 | Loss : 0.0077 | Val loss: 0.0068
2026-01-10 10:39:23.160665 | Epoch:8160 | LR: 0.0000085 | Loss : 0.0073 | Val loss: 0.0064
2026-01-10 10:39:27.728762 | Epoch:8161 | LR: 0.0000086 | Loss : 0.0068 | Val loss: 0.0068
2026-01-10 10:39:32.187411 | Epoch:8162 | LR: 0.0000086 | Loss : 0.0071 | Val loss: 0.0080
2026-01-10 10:39:36.575913 | Epoch:8163 | LR: 0.0000086 | Loss : 0.0073 | Val loss: 0.0070
2026-01-10 10:39:40.947172 | Epoch:8164 | LR: 0.0000086 | Loss : 0.0076 | Val loss: 0.0076
2026-01-10 10:39:45.354406 | Epoch:8165 | LR: 0.0000086 | Loss : 0.0072 | Val loss: 0.0073
2026-01-10 10:39:49.728571 | Epoch:8166 | LR: 0.0000087 | Loss : 0.0069 | Val loss: 0.0066
2026-01-10 10:39:54.168848 | Epoch:8167 | LR: 0.0000087 | Loss : 0.0069 | Val loss: 0.0072
2026-01-10 10:39:58.555984 | Epoch:8168 | LR: 0.0000087 | Loss : 0.0068 | Val loss: 0.0068
2026-01-10 10:40:02.962879 | Epoch:8169 | LR: 0.0000087 | Loss : 0.0067 | Val loss: 0.0068
2026-01-10 10:40:07.642236 | Epoch:8170 | LR: 0.0000088 | Loss : 0.0067 | Val loss: 0.0072
2026-01-10 10:40:12.115580 | Epoch:8171 | LR: 0.0000088 | Loss : 0.0072 | Val loss: 0.0064
2026-01-10 10:40:16.548119 | Epoch:8172 | LR: 0.0000088 | Loss : 0.0074 | Val loss: 0.0078
2026-01-10 10:40:20.796078 | Epoch:8173 | LR: 0.0000088 | Loss : 0.0071 | Val loss: 0.0069
2026-01-10 10:40:24.969833 | Epoch:8174 | LR: 0.0000089 | Loss : 0.0073 | Val loss: 0.0071
2026-01-10 10:40:29.156266 | Epoch:8175 | LR: 0.0000089 | Loss : 0.0070 | Val loss: 0.0070
2026-01-10 10:40:33.823085 | Epoch:8176 | LR: 0.0000089 | Loss : 0.0072 | Val loss: 0.0069
2026-01-10 10:40:38.498041 | Epoch:8177 | LR: 0.0000089 | Loss : 0.0070 | Val loss: 0.0064
2026-01-10 10:40:42.962294 | Epoch:8178 | LR: 0.0000090 | Loss : 0.0070 | Val loss: 0.0067
2026-01-10 10:40:47.505449 | Epoch:8179 | LR: 0.0000090 | Loss : 0.0076 | Val loss: 0.0068
2026-01-10 10:40:52.283488 | Epoch:8180 | LR: 0.0000090 | Loss : 0.0073 | Val loss: 0.0072
2026-01-10 10:40:56.655063 | Epoch:8181 | LR: 0.0000090 | Loss : 0.0070 | Val loss: 0.0074
2026-01-10 10:41:01.090169 | Epoch:8182 | LR: 0.0000091 | Loss : 0.0070 | Val loss: 0.0077
2026-01-10 10:41:05.509563 | Epoch:8183 | LR: 0.0000091 | Loss : 0.0071 | Val loss: 0.0073
2026-01-10 10:41:09.855694 | Epoch:8184 | LR: 0.0000091 | Loss : 0.0074 | Val loss: 0.0071
2026-01-10 10:41:14.455379 | Epoch:8185 | LR: 0.0000091 | Loss : 0.0072 | Val loss: 0.0076
2026-01-10 10:41:18.882836 | Epoch:8186 | LR: 0.0000092 | Loss : 0.0070 | Val loss: 0.0071
2026-01-10 10:41:23.153402 | Epoch:8187 | LR: 0.0000092 | Loss : 0.0071 | Val loss: 0.0067
2026-01-10 10:41:27.442406 | Epoch:8188 | LR: 0.0000092 | Loss : 0.0068 | Val loss: 0.0083
2026-01-10 10:41:31.749274 | Epoch:8189 | LR: 0.0000092 | Loss : 0.0066 | Val loss: 0.0067
2026-01-10 10:41:36.075306 | Epoch:8190 | LR: 0.0000093 | Loss : 0.0073 | Val loss: 0.0068
2026-01-10 10:41:40.526762 | Epoch:8191 | LR: 0.0000093 | Loss : 0.0068 | Val loss: 0.0075
2026-01-10 10:41:44.940916 | Epoch:8192 | LR: 0.0000093 | Loss : 0.0074 | Val loss: 0.0070
2026-01-10 10:41:49.320995 | Epoch:8193 | LR: 0.0000093 | Loss : 0.0072 | Val loss: 0.0075
2026-01-10 10:41:53.672621 | Epoch:8194 | LR: 0.0000093 | Loss : 0.0073 | Val loss: 0.0072
2026-01-10 10:41:58.049571 | Epoch:8195 | LR: 0.0000094 | Loss : 0.0074 | Val loss: 0.0067
2026-01-10 10:42:02.455809 | Epoch:8196 | LR: 0.0000094 | Loss : 0.0067 | Val loss: 0.0077
2026-01-10 10:42:06.810001 | Epoch:8197 | LR: 0.0000094 | Loss : 0.0075 | Val loss: 0.0068
2026-01-10 10:42:11.176396 | Epoch:8198 | LR: 0.0000094 | Loss : 0.0072 | Val loss: 0.0075
2026-01-10 10:42:15.590487 | Epoch:8199 | LR: 0.0000095 | Loss : 0.0070 | Val loss: 0.0072
2026-01-10 10:42:19.938882 | Epoch:8200 | LR: 0.0000095 | Loss : 0.0068 | Val loss: 0.0072
2026-01-10 10:42:24.310171 | Epoch:8201 | LR: 0.0000095 | Loss : 0.0067 | Val loss: 0.0069
2026-01-10 10:42:28.606711 | Epoch:8202 | LR: 0.0000095 | Loss : 0.0068 | Val loss: 0.0072
2026-01-10 10:42:33.116713 | Epoch:8203 | LR: 0.0000096 | Loss : 0.0074 | Val loss: 0.0076
2026-01-10 10:42:37.415062 | Epoch:8204 | LR: 0.0000096 | Loss : 0.0072 | Val loss: 0.0071
2026-01-10 10:42:41.690878 | Epoch:8205 | LR: 0.0000096 | Loss : 0.0071 | Val loss: 0.0069
2026-01-10 10:42:46.110145 | Epoch:8206 | LR: 0.0000096 | Loss : 0.0075 | Val loss: 0.0072
2026-01-10 10:42:50.522512 | Epoch:8207 | LR: 0.0000097 | Loss : 0.0069 | Val loss: 0.0072
2026-01-10 10:42:54.893345 | Epoch:8208 | LR: 0.0000097 | Loss : 0.0071 | Val loss: 0.0067
2026-01-10 10:42:59.281973 | Epoch:8209 | LR: 0.0000097 | Loss : 0.0072 | Val loss: 0.0073
2026-01-10 10:43:03.626340 | Epoch:8210 | LR: 0.0000097 | Loss : 0.0071 | Val loss: 0.0070
2026-01-10 10:43:07.950241 | Epoch:8211 | LR: 0.0000098 | Loss : 0.0074 | Val loss: 0.0071
2026-01-10 10:43:12.343662 | Epoch:8212 | LR: 0.0000098 | Loss : 0.0074 | Val loss: 0.0076
2026-01-10 10:43:16.677043 | Epoch:8213 | LR: 0.0000098 | Loss : 0.0071 | Val loss: 0.0074
2026-01-10 10:43:21.034382 | Epoch:8214 | LR: 0.0000098 | Loss : 0.0071 | Val loss: 0.0075
2026-01-10 10:43:25.405196 | Epoch:8215 | LR: 0.0000099 | Loss : 0.0069 | Val loss: 0.0074
2026-01-10 10:43:29.793219 | Epoch:8216 | LR: 0.0000099 | Loss : 0.0072 | Val loss: 0.0070
2026-01-10 10:43:34.103300 | Epoch:8217 | LR: 0.0000099 | Loss : 0.0074 | Val loss: 0.0069
2026-01-10 10:43:38.338998 | Epoch:8218 | LR: 0.0000099 | Loss : 0.0075 | Val loss: 0.0066
2026-01-10 10:43:42.576204 | Epoch:8219 | LR: 0.0000100 | Loss : 0.0068 | Val loss: 0.0069
2026-01-10 10:43:46.864541 | Epoch:8220 | LR: 0.0000100 | Loss : 0.0070 | Val loss: 0.0074
2026-01-10 10:43:51.170460 | Epoch:8221 | LR: 0.0000100 | Loss : 0.0069 | Val loss: 0.0074
2026-01-10 10:43:55.601570 | Epoch:8222 | LR: 0.0000100 | Loss : 0.0076 | Val loss: 0.0067
2026-01-10 10:43:59.886554 | Epoch:8223 | LR: 0.0000101 | Loss : 0.0068 | Val loss: 0.0063
2026-01-10 10:44:04.207746 | Epoch:8224 | LR: 0.0000101 | Loss : 0.0070 | Val loss: 0.0069
2026-01-10 10:44:08.508090 | Epoch:8225 | LR: 0.0000101 | Loss : 0.0073 | Val loss: 0.0070
2026-01-10 10:44:12.845906 | Epoch:8226 | LR: 0.0000101 | Loss : 0.0072 | Val loss: 0.0076
2026-01-10 10:44:17.446734 | Epoch:8227 | LR: 0.0000102 | Loss : 0.0074 | Val loss: 0.0075
2026-01-10 10:44:21.804598 | Epoch:8228 | LR: 0.0000102 | Loss : 0.0071 | Val loss: 0.0072
2026-01-10 10:44:26.152875 | Epoch:8229 | LR: 0.0000102 | Loss : 0.0072 | Val loss: 0.0073
2026-01-10 10:44:30.516721 | Epoch:8230 | LR: 0.0000103 | Loss : 0.0069 | Val loss: 0.0070
2026-01-10 10:44:34.922939 | Epoch:8231 | LR: 0.0000103 | Loss : 0.0075 | Val loss: 0.0071
2026-01-10 10:44:39.261910 | Epoch:8232 | LR: 0.0000103 | Loss : 0.0070 | Val loss: 0.0072
2026-01-10 10:44:43.533168 | Epoch:8233 | LR: 0.0000103 | Loss : 0.0071 | Val loss: 0.0083
2026-01-10 10:44:47.833489 | Epoch:8234 | LR: 0.0000104 | Loss : 0.0074 | Val loss: 0.0075
2026-01-10 10:44:52.399485 | Epoch:8235 | LR: 0.0000104 | Loss : 0.0067 | Val loss: 0.0065
2026-01-10 10:44:56.723602 | Epoch:8236 | LR: 0.0000104 | Loss : 0.0072 | Val loss: 0.0070
2026-01-10 10:45:01.114048 | Epoch:8237 | LR: 0.0000104 | Loss : 0.0069 | Val loss: 0.0075
2026-01-10 10:45:05.496382 | Epoch:8238 | LR: 0.0000105 | Loss : 0.0072 | Val loss: 0.0074
2026-01-10 10:45:09.857220 | Epoch:8239 | LR: 0.0000105 | Loss : 0.0070 | Val loss: 0.0073
2026-01-10 10:45:14.183000 | Epoch:8240 | LR: 0.0000105 | Loss : 0.0071 | Val loss: 0.0070
2026-01-10 10:45:18.532112 | Epoch:8241 | LR: 0.0000105 | Loss : 0.0072 | Val loss: 0.0074
2026-01-10 10:45:22.879169 | Epoch:8242 | LR: 0.0000106 | Loss : 0.0070 | Val loss: 0.0068
2026-01-10 10:45:27.237862 | Epoch:8243 | LR: 0.0000106 | Loss : 0.0069 | Val loss: 0.0070
2026-01-10 10:45:31.630170 | Epoch:8244 | LR: 0.0000106 | Loss : 0.0072 | Val loss: 0.0076
2026-01-10 10:45:36.211478 | Epoch:8245 | LR: 0.0000106 | Loss : 0.0072 | Val loss: 0.0074
2026-01-10 10:45:40.508081 | Epoch:8246 | LR: 0.0000107 | Loss : 0.0072 | Val loss: 0.0074
2026-01-10 10:45:44.761524 | Epoch:8247 | LR: 0.0000107 | Loss : 0.0075 | Val loss: 0.0075
2026-01-10 10:45:49.492079 | Epoch:8248 | LR: 0.0000107 | Loss : 0.0071 | Val loss: 0.0070
2026-01-10 10:45:54.038920 | Epoch:8249 | LR: 0.0000107 | Loss : 0.0073 | Val loss: 0.0064
2026-01-10 10:45:58.398484 | Epoch:8250 | LR: 0.0000108 | Loss : 0.0074 | Val loss: 0.0072
2026-01-10 10:46:02.623891 | Epoch:8251 | LR: 0.0000108 | Loss : 0.0076 | Val loss: 0.0076
2026-01-10 10:46:07.518414 | Epoch:8252 | LR: 0.0000108 | Loss : 0.0073 | Val loss: 0.0064
2026-01-10 10:46:11.973514 | Epoch:8253 | LR: 0.0000108 | Loss : 0.0074 | Val loss: 0.0068
2026-01-10 10:46:16.356921 | Epoch:8254 | LR: 0.0000109 | Loss : 0.0075 | Val loss: 0.0071
2026-01-10 10:46:20.756228 | Epoch:8255 | LR: 0.0000109 | Loss : 0.0074 | Val loss: 0.0076
2026-01-10 10:46:25.099503 | Epoch:8256 | LR: 0.0000109 | Loss : 0.0076 | Val loss: 0.0063
2026-01-10 10:46:29.437200 | Epoch:8257 | LR: 0.0000109 | Loss : 0.0076 | Val loss: 0.0070
2026-01-10 10:46:33.757843 | Epoch:8258 | LR: 0.0000110 | Loss : 0.0070 | Val loss: 0.0069
2026-01-10 10:46:38.096781 | Epoch:8259 | LR: 0.0000110 | Loss : 0.0067 | Val loss: 0.0074
2026-01-10 10:46:42.467265 | Epoch:8260 | LR: 0.0000110 | Loss : 0.0073 | Val loss: 0.0065
2026-01-10 10:46:46.851640 | Epoch:8261 | LR: 0.0000110 | Loss : 0.0069 | Val loss: 0.0077
2026-01-10 10:46:51.224956 | Epoch:8262 | LR: 0.0000111 | Loss : 0.0070 | Val loss: 0.0071
2026-01-10 10:46:55.576770 | Epoch:8263 | LR: 0.0000111 | Loss : 0.0072 | Val loss: 0.0069
2026-01-10 10:46:59.866762 | Epoch:8264 | LR: 0.0000111 | Loss : 0.0073 | Val loss: 0.0069
2026-01-10 10:47:04.184811 | Epoch:8265 | LR: 0.0000111 | Loss : 0.0071 | Val loss: 0.0074
2026-01-10 10:47:08.593869 | Epoch:8266 | LR: 0.0000112 | Loss : 0.0068 | Val loss: 0.0073
2026-01-10 10:47:12.984920 | Epoch:8267 | LR: 0.0000112 | Loss : 0.0067 | Val loss: 0.0072
2026-01-10 10:47:17.448469 | Epoch:8268 | LR: 0.0000112 | Loss : 0.0067 | Val loss: 0.0069
2026-01-10 10:47:21.844420 | Epoch:8269 | LR: 0.0000113 | Loss : 0.0072 | Val loss: 0.0069
2026-01-10 10:47:26.286267 | Epoch:8270 | LR: 0.0000113 | Loss : 0.0073 | Val loss: 0.0073
2026-01-10 10:47:30.695144 | Epoch:8271 | LR: 0.0000113 | Loss : 0.0077 | Val loss: 0.0077
2026-01-10 10:47:35.058261 | Epoch:8272 | LR: 0.0000113 | Loss : 0.0073 | Val loss: 0.0073
2026-01-10 10:47:39.445831 | Epoch:8273 | LR: 0.0000114 | Loss : 0.0067 | Val loss: 0.0071
2026-01-10 10:47:43.845450 | Epoch:8274 | LR: 0.0000114 | Loss : 0.0072 | Val loss: 0.0074
2026-01-10 10:47:48.325015 | Epoch:8275 | LR: 0.0000114 | Loss : 0.0070 | Val loss: 0.0072
2026-01-10 10:47:52.743917 | Epoch:8276 | LR: 0.0000114 | Loss : 0.0073 | Val loss: 0.0071
2026-01-10 10:47:57.366422 | Epoch:8277 | LR: 0.0000115 | Loss : 0.0070 | Val loss: 0.0074
2026-01-10 10:48:01.693500 | Epoch:8278 | LR: 0.0000115 | Loss : 0.0070 | Val loss: 0.0072
2026-01-10 10:48:06.027393 | Epoch:8279 | LR: 0.0000115 | Loss : 0.0078 | Val loss: 0.0076
2026-01-10 10:48:10.334154 | Epoch:8280 | LR: 0.0000115 | Loss : 0.0071 | Val loss: 0.0071
2026-01-10 10:48:14.729950 | Epoch:8281 | LR: 0.0000116 | Loss : 0.0071 | Val loss: 0.0074
2026-01-10 10:48:19.211577 | Epoch:8282 | LR: 0.0000116 | Loss : 0.0073 | Val loss: 0.0072
2026-01-10 10:48:23.679502 | Epoch:8283 | LR: 0.0000116 | Loss : 0.0071 | Val loss: 0.0069
2026-01-10 10:48:28.117645 | Epoch:8284 | LR: 0.0000116 | Loss : 0.0071 | Val loss: 0.0072
2026-01-10 10:48:32.518138 | Epoch:8285 | LR: 0.0000117 | Loss : 0.0075 | Val loss: 0.0076
2026-01-10 10:48:36.890032 | Epoch:8286 | LR: 0.0000117 | Loss : 0.0072 | Val loss: 0.0073
2026-01-10 10:48:41.536320 | Epoch:8287 | LR: 0.0000117 | Loss : 0.0072 | Val loss: 0.0078
2026-01-10 10:48:45.978899 | Epoch:8288 | LR: 0.0000118 | Loss : 0.0071 | Val loss: 0.0071
2026-01-10 10:48:50.376247 | Epoch:8289 | LR: 0.0000118 | Loss : 0.0078 | Val loss: 0.0074
2026-01-10 10:48:54.752790 | Epoch:8290 | LR: 0.0000118 | Loss : 0.0066 | Val loss: 0.0082
2026-01-10 10:48:59.154027 | Epoch:8291 | LR: 0.0000118 | Loss : 0.0071 | Val loss: 0.0073
2026-01-10 10:49:03.496700 | Epoch:8292 | LR: 0.0000119 | Loss : 0.0074 | Val loss: 0.0078
2026-01-10 10:49:07.845990 | Epoch:8293 | LR: 0.0000119 | Loss : 0.0071 | Val loss: 0.0070
2026-01-10 10:49:12.168384 | Epoch:8294 | LR: 0.0000119 | Loss : 0.0070 | Val loss: 0.0067
2026-01-10 10:49:16.547671 | Epoch:8295 | LR: 0.0000119 | Loss : 0.0070 | Val loss: 0.0071
2026-01-10 10:49:20.914129 | Epoch:8296 | LR: 0.0000120 | Loss : 0.0072 | Val loss: 0.0071
2026-01-10 10:49:25.379425 | Epoch:8297 | LR: 0.0000120 | Loss : 0.0070 | Val loss: 0.0073
2026-01-10 10:49:29.798381 | Epoch:8298 | LR: 0.0000120 | Loss : 0.0076 | Val loss: 0.0070
2026-01-10 10:49:34.177490 | Epoch:8299 | LR: 0.0000121 | Loss : 0.0078 | Val loss: 0.0076
2026-01-10 10:49:38.538845 | Epoch:8300 | LR: 0.0000121 | Loss : 0.0069 | Val loss: 0.0086
2026-01-10 10:49:42.891471 | Epoch:8301 | LR: 0.0000121 | Loss : 0.0077 | Val loss: 0.0071
2026-01-10 10:49:47.246207 | Epoch:8302 | LR: 0.0000121 | Loss : 0.0072 | Val loss: 0.0073
2026-01-10 10:49:51.607357 | Epoch:8303 | LR: 0.0000122 | Loss : 0.0069 | Val loss: 0.0074
2026-01-10 10:49:56.046984 | Epoch:8304 | LR: 0.0000122 | Loss : 0.0073 | Val loss: 0.0073
2026-01-10 10:50:00.426597 | Epoch:8305 | LR: 0.0000122 | Loss : 0.0066 | Val loss: 0.0070
2026-01-10 10:50:04.785275 | Epoch:8306 | LR: 0.0000122 | Loss : 0.0073 | Val loss: 0.0073
2026-01-10 10:50:09.141383 | Epoch:8307 | LR: 0.0000123 | Loss : 0.0068 | Val loss: 0.0071
2026-01-10 10:50:13.473860 | Epoch:8308 | LR: 0.0000123 | Loss : 0.0069 | Val loss: 0.0068
2026-01-10 10:50:17.763513 | Epoch:8309 | LR: 0.0000123 | Loss : 0.0068 | Val loss: 0.0073
2026-01-10 10:50:22.119132 | Epoch:8310 | LR: 0.0000123 | Loss : 0.0068 | Val loss: 0.0071
2026-01-10 10:50:26.471687 | Epoch:8311 | LR: 0.0000124 | Loss : 0.0077 | Val loss: 0.0068
2026-01-10 10:50:30.860514 | Epoch:8312 | LR: 0.0000124 | Loss : 0.0071 | Val loss: 0.0073
2026-01-10 10:50:35.308023 | Epoch:8313 | LR: 0.0000124 | Loss : 0.0068 | Val loss: 0.0066
2026-01-10 10:50:39.674330 | Epoch:8314 | LR: 0.0000125 | Loss : 0.0068 | Val loss: 0.0069
2026-01-10 10:50:44.050029 | Epoch:8315 | LR: 0.0000125 | Loss : 0.0071 | Val loss: 0.0068
2026-01-10 10:50:48.349442 | Epoch:8316 | LR: 0.0000125 | Loss : 0.0066 | Val loss: 0.0067
2026-01-10 10:50:52.578128 | Epoch:8317 | LR: 0.0000125 | Loss : 0.0070 | Val loss: 0.0068
2026-01-10 10:50:56.792474 | Epoch:8318 | LR: 0.0000126 | Loss : 0.0066 | Val loss: 0.0066
2026-01-10 10:51:01.029894 | Epoch:8319 | LR: 0.0000126 | Loss : 0.0072 | Val loss: 0.0068
2026-01-10 10:51:05.980407 | Epoch:8320 | LR: 0.0000126 | Loss : 0.0073 | Val loss: 0.0068
2026-01-10 10:51:10.664135 | Epoch:8321 | LR: 0.0000126 | Loss : 0.0072 | Val loss: 0.0072
2026-01-10 10:51:15.107284 | Epoch:8322 | LR: 0.0000127 | Loss : 0.0075 | Val loss: 0.0077
2026-01-10 10:51:19.565674 | Epoch:8323 | LR: 0.0000127 | Loss : 0.0075 | Val loss: 0.0070
2026-01-10 10:51:24.203424 | Epoch:8324 | LR: 0.0000127 | Loss : 0.0069 | Val loss: 0.0078
2026-01-10 10:51:28.541816 | Epoch:8325 | LR: 0.0000128 | Loss : 0.0074 | Val loss: 0.0070
2026-01-10 10:51:32.899639 | Epoch:8326 | LR: 0.0000128 | Loss : 0.0071 | Val loss: 0.0067
2026-01-10 10:51:37.329807 | Epoch:8327 | LR: 0.0000128 | Loss : 0.0076 | Val loss: 0.0071
2026-01-10 10:51:41.833857 | Epoch:8328 | LR: 0.0000128 | Loss : 0.0073 | Val loss: 0.0068
2026-01-10 10:51:46.454548 | Epoch:8329 | LR: 0.0000129 | Loss : 0.0072 | Val loss: 0.0074
2026-01-10 10:51:50.848017 | Epoch:8330 | LR: 0.0000129 | Loss : 0.0072 | Val loss: 0.0072
2026-01-10 10:51:55.892140 | Epoch:8331 | LR: 0.0000129 | Loss : 0.0071 | Val loss: 0.0070
2026-01-10 10:52:00.268031 | Epoch:8332 | LR: 0.0000130 | Loss : 0.0072 | Val loss: 0.0072
2026-01-10 10:52:04.648889 | Epoch:8333 | LR: 0.0000130 | Loss : 0.0068 | Val loss: 0.0073
2026-01-10 10:52:08.979833 | Epoch:8334 | LR: 0.0000130 | Loss : 0.0069 | Val loss: 0.0071
2026-01-10 10:52:13.329202 | Epoch:8335 | LR: 0.0000130 | Loss : 0.0070 | Val loss: 0.0069
2026-01-10 10:52:17.702905 | Epoch:8336 | LR: 0.0000131 | Loss : 0.0071 | Val loss: 0.0070
2026-01-10 10:52:22.026564 | Epoch:8337 | LR: 0.0000131 | Loss : 0.0075 | Val loss: 0.0072
2026-01-10 10:52:26.326136 | Epoch:8338 | LR: 0.0000131 | Loss : 0.0070 | Val loss: 0.0075
2026-01-10 10:52:30.638813 | Epoch:8339 | LR: 0.0000131 | Loss : 0.0079 | Val loss: 0.0073
2026-01-10 10:52:34.954898 | Epoch:8340 | LR: 0.0000132 | Loss : 0.0072 | Val loss: 0.0079
2026-01-10 10:52:39.299549 | Epoch:8341 | LR: 0.0000132 | Loss : 0.0072 | Val loss: 0.0079
2026-01-10 10:52:44.019672 | Epoch:8342 | LR: 0.0000132 | Loss : 0.0076 | Val loss: 0.0075
2026-01-10 10:52:48.413904 | Epoch:8343 | LR: 0.0000133 | Loss : 0.0072 | Val loss: 0.0068
2026-01-10 10:52:52.767061 | Epoch:8344 | LR: 0.0000133 | Loss : 0.0075 | Val loss: 0.0083
2026-01-10 10:52:57.086934 | Epoch:8345 | LR: 0.0000133 | Loss : 0.0072 | Val loss: 0.0075
2026-01-10 10:53:01.432813 | Epoch:8346 | LR: 0.0000133 | Loss : 0.0073 | Val loss: 0.0074
2026-01-10 10:53:05.781637 | Epoch:8347 | LR: 0.0000134 | Loss : 0.0072 | Val loss: 0.0072
2026-01-10 10:53:10.115456 | Epoch:8348 | LR: 0.0000134 | Loss : 0.0069 | Val loss: 0.0072
2026-01-10 10:53:14.494263 | Epoch:8349 | LR: 0.0000134 | Loss : 0.0068 | Val loss: 0.0069
2026-01-10 10:53:18.820923 | Epoch:8350 | LR: 0.0000135 | Loss : 0.0071 | Val loss: 0.0074
2026-01-10 10:53:23.137179 | Epoch:8351 | LR: 0.0000135 | Loss : 0.0073 | Val loss: 0.0072
2026-01-10 10:53:27.474946 | Epoch:8352 | LR: 0.0000135 | Loss : 0.0077 | Val loss: 0.0068
2026-01-10 10:53:31.736539 | Epoch:8353 | LR: 0.0000135 | Loss : 0.0068 | Val loss: 0.0075
2026-01-10 10:53:36.048209 | Epoch:8354 | LR: 0.0000136 | Loss : 0.0073 | Val loss: 0.0067
2026-01-10 10:53:40.403799 | Epoch:8355 | LR: 0.0000136 | Loss : 0.0069 | Val loss: 0.0067
2026-01-10 10:53:44.754934 | Epoch:8356 | LR: 0.0000136 | Loss : 0.0068 | Val loss: 0.0071
2026-01-10 10:53:49.236714 | Epoch:8357 | LR: 0.0000136 | Loss : 0.0066 | Val loss: 0.0066
2026-01-10 10:53:53.600144 | Epoch:8358 | LR: 0.0000137 | Loss : 0.0070 | Val loss: 0.0070
2026-01-10 10:53:57.941230 | Epoch:8359 | LR: 0.0000137 | Loss : 0.0072 | Val loss: 0.0072
2026-01-10 10:54:02.267517 | Epoch:8360 | LR: 0.0000137 | Loss : 0.0073 | Val loss: 0.0080
2026-01-10 10:54:06.584206 | Epoch:8361 | LR: 0.0000138 | Loss : 0.0070 | Val loss: 0.0073
2026-01-10 10:54:10.898789 | Epoch:8362 | LR: 0.0000138 | Loss : 0.0070 | Val loss: 0.0073
2026-01-10 10:54:15.227904 | Epoch:8363 | LR: 0.0000138 | Loss : 0.0071 | Val loss: 0.0076
2026-01-10 10:54:19.582849 | Epoch:8364 | LR: 0.0000138 | Loss : 0.0069 | Val loss: 0.0070
2026-01-10 10:54:23.933882 | Epoch:8365 | LR: 0.0000139 | Loss : 0.0072 | Val loss: 0.0067
2026-01-10 10:54:28.270969 | Epoch:8366 | LR: 0.0000139 | Loss : 0.0073 | Val loss: 0.0074
2026-01-10 10:54:32.568859 | Epoch:8367 | LR: 0.0000139 | Loss : 0.0077 | Val loss: 0.0066
2026-01-10 10:54:36.865980 | Epoch:8368 | LR: 0.0000140 | Loss : 0.0073 | Val loss: 0.0063
2026-01-10 10:54:41.129990 | Epoch:8369 | LR: 0.0000140 | Loss : 0.0073 | Val loss: 0.0071
2026-01-10 10:54:45.419871 | Epoch:8370 | LR: 0.0000140 | Loss : 0.0068 | Val loss: 0.0069
2026-01-10 10:54:49.966223 | Epoch:8371 | LR: 0.0000140 | Loss : 0.0073 | Val loss: 0.0078
2026-01-10 10:54:54.395126 | Epoch:8372 | LR: 0.0000141 | Loss : 0.0077 | Val loss: 0.0078
2026-01-10 10:54:58.728125 | Epoch:8373 | LR: 0.0000141 | Loss : 0.0073 | Val loss: 0.0070
2026-01-10 10:55:03.068258 | Epoch:8374 | LR: 0.0000141 | Loss : 0.0074 | Val loss: 0.0064
2026-01-10 10:55:07.443929 | Epoch:8375 | LR: 0.0000142 | Loss : 0.0076 | Val loss: 0.0071
2026-01-10 10:55:11.774472 | Epoch:8376 | LR: 0.0000142 | Loss : 0.0072 | Val loss: 0.0075
2026-01-10 10:55:16.125218 | Epoch:8377 | LR: 0.0000142 | Loss : 0.0068 | Val loss: 0.0069
2026-01-10 10:55:20.487556 | Epoch:8378 | LR: 0.0000142 | Loss : 0.0074 | Val loss: 0.0066
2026-01-10 10:55:24.848283 | Epoch:8379 | LR: 0.0000143 | Loss : 0.0072 | Val loss: 0.0075
2026-01-10 10:55:29.212526 | Epoch:8380 | LR: 0.0000143 | Loss : 0.0070 | Val loss: 0.0067
2026-01-10 10:55:33.559068 | Epoch:8381 | LR: 0.0000143 | Loss : 0.0069 | Val loss: 0.0073
2026-01-10 10:55:37.862417 | Epoch:8382 | LR: 0.0000144 | Loss : 0.0070 | Val loss: 0.0067
2026-01-10 10:55:42.144634 | Epoch:8383 | LR: 0.0000144 | Loss : 0.0072 | Val loss: 0.0070
2026-01-10 10:55:46.753401 | Epoch:8384 | LR: 0.0000144 | Loss : 0.0073 | Val loss: 0.0069
2026-01-10 10:55:51.089333 | Epoch:8385 | LR: 0.0000144 | Loss : 0.0071 | Val loss: 0.0071
2026-01-10 10:55:55.473719 | Epoch:8386 | LR: 0.0000145 | Loss : 0.0073 | Val loss: 0.0069
2026-01-10 10:56:00.002879 | Epoch:8387 | LR: 0.0000145 | Loss : 0.0074 | Val loss: 0.0068
2026-01-10 10:56:04.369804 | Epoch:8388 | LR: 0.0000145 | Loss : 0.0071 | Val loss: 0.0076
2026-01-10 10:56:08.654441 | Epoch:8389 | LR: 0.0000146 | Loss : 0.0072 | Val loss: 0.0077
2026-01-10 10:56:12.842660 | Epoch:8390 | LR: 0.0000146 | Loss : 0.0072 | Val loss: 0.0075
2026-01-10 10:56:17.026444 | Epoch:8391 | LR: 0.0000146 | Loss : 0.0074 | Val loss: 0.0071
2026-01-10 10:56:21.742305 | Epoch:8392 | LR: 0.0000146 | Loss : 0.0069 | Val loss: 0.0068
2026-01-10 10:56:26.339541 | Epoch:8393 | LR: 0.0000147 | Loss : 0.0071 | Val loss: 0.0068
2026-01-10 10:56:30.823172 | Epoch:8394 | LR: 0.0000147 | Loss : 0.0072 | Val loss: 0.0067
2026-01-10 10:56:35.333728 | Epoch:8395 | LR: 0.0000147 | Loss : 0.0070 | Val loss: 0.0067
2026-01-10 10:56:40.099908 | Epoch:8396 | LR: 0.0000148 | Loss : 0.0067 | Val loss: 0.0068
2026-01-10 10:56:44.436355 | Epoch:8397 | LR: 0.0000148 | Loss : 0.0073 | Val loss: 0.0069
2026-01-10 10:56:48.735812 | Epoch:8398 | LR: 0.0000148 | Loss : 0.0069 | Val loss: 0.0073
2026-01-10 10:56:53.034590 | Epoch:8399 | LR: 0.0000148 | Loss : 0.0072 | Val loss: 0.0070
2026-01-10 10:56:57.357644 | Epoch:8400 | LR: 0.0000149 | Loss : 0.0071 | Val loss: 0.0080
2026-01-10 10:57:01.787666 | Epoch:8401 | LR: 0.0000149 | Loss : 0.0075 | Val loss: 0.0075
2026-01-10 10:57:06.249317 | Epoch:8402 | LR: 0.0000149 | Loss : 0.0075 | Val loss: 0.0074
2026-01-10 10:57:10.643160 | Epoch:8403 | LR: 0.0000150 | Loss : 0.0076 | Val loss: 0.0078
2026-01-10 10:57:15.016032 | Epoch:8404 | LR: 0.0000150 | Loss : 0.0073 | Val loss: 0.0068
2026-01-10 10:57:19.318997 | Epoch:8405 | LR: 0.0000150 | Loss : 0.0071 | Val loss: 0.0075
2026-01-10 10:57:23.613689 | Epoch:8406 | LR: 0.0000150 | Loss : 0.0071 | Val loss: 0.0066
2026-01-10 10:57:27.935691 | Epoch:8407 | LR: 0.0000151 | Loss : 0.0075 | Val loss: 0.0068
2026-01-10 10:57:32.348494 | Epoch:8408 | LR: 0.0000151 | Loss : 0.0075 | Val loss: 0.0076
2026-01-10 10:57:36.858444 | Epoch:8409 | LR: 0.0000151 | Loss : 0.0073 | Val loss: 0.0067
2026-01-10 10:57:41.214915 | Epoch:8410 | LR: 0.0000152 | Loss : 0.0074 | Val loss: 0.0078
2026-01-10 10:57:45.529530 | Epoch:8411 | LR: 0.0000152 | Loss : 0.0074 | Val loss: 0.0074
2026-01-10 10:57:49.795847 | Epoch:8412 | LR: 0.0000152 | Loss : 0.0074 | Val loss: 0.0067
2026-01-10 10:57:54.349203 | Epoch:8413 | LR: 0.0000152 | Loss : 0.0072 | Val loss: 0.0073
2026-01-10 10:57:58.696285 | Epoch:8414 | LR: 0.0000153 | Loss : 0.0073 | Val loss: 0.0070
2026-01-10 10:58:03.055528 | Epoch:8415 | LR: 0.0000153 | Loss : 0.0074 | Val loss: 0.0077
2026-01-10 10:58:07.466541 | Epoch:8416 | LR: 0.0000153 | Loss : 0.0075 | Val loss: 0.0079
2026-01-10 10:58:11.963478 | Epoch:8417 | LR: 0.0000154 | Loss : 0.0075 | Val loss: 0.0076
2026-01-10 10:58:16.312672 | Epoch:8418 | LR: 0.0000154 | Loss : 0.0073 | Val loss: 0.0074
2026-01-10 10:58:20.628928 | Epoch:8419 | LR: 0.0000154 | Loss : 0.0068 | Val loss: 0.0074
2026-01-10 10:58:24.914438 | Epoch:8420 | LR: 0.0000155 | Loss : 0.0073 | Val loss: 0.0072
2026-01-10 10:58:29.234102 | Epoch:8421 | LR: 0.0000155 | Loss : 0.0069 | Val loss: 0.0071
2026-01-10 10:58:33.617045 | Epoch:8422 | LR: 0.0000155 | Loss : 0.0075 | Val loss: 0.0075
2026-01-10 10:58:37.936307 | Epoch:8423 | LR: 0.0000155 | Loss : 0.0075 | Val loss: 0.0073
2026-01-10 10:58:42.410302 | Epoch:8424 | LR: 0.0000156 | Loss : 0.0074 | Val loss: 0.0072
2026-01-10 10:58:46.776416 | Epoch:8425 | LR: 0.0000156 | Loss : 0.0070 | Val loss: 0.0072
2026-01-10 10:58:51.090726 | Epoch:8426 | LR: 0.0000156 | Loss : 0.0069 | Val loss: 0.0077
2026-01-10 10:58:55.352934 | Epoch:8427 | LR: 0.0000157 | Loss : 0.0071 | Val loss: 0.0071
2026-01-10 10:58:59.684784 | Epoch:8428 | LR: 0.0000157 | Loss : 0.0070 | Val loss: 0.0071
2026-01-10 10:59:04.004877 | Epoch:8429 | LR: 0.0000157 | Loss : 0.0065 | Val loss: 0.0069
2026-01-10 10:59:08.343037 | Epoch:8430 | LR: 0.0000157 | Loss : 0.0074 | Val loss: 0.0071
2026-01-10 10:59:12.755398 | Epoch:8431 | LR: 0.0000158 | Loss : 0.0074 | Val loss: 0.0074
2026-01-10 10:59:17.222328 | Epoch:8432 | LR: 0.0000158 | Loss : 0.0073 | Val loss: 0.0071
2026-01-10 10:59:21.601751 | Epoch:8433 | LR: 0.0000158 | Loss : 0.0069 | Val loss: 0.0067
2026-01-10 10:59:25.895980 | Epoch:8434 | LR: 0.0000159 | Loss : 0.0069 | Val loss: 0.0074
2026-01-10 10:59:30.195511 | Epoch:8435 | LR: 0.0000159 | Loss : 0.0071 | Val loss: 0.0071
2026-01-10 10:59:34.517088 | Epoch:8436 | LR: 0.0000159 | Loss : 0.0078 | Val loss: 0.0075
2026-01-10 10:59:38.861421 | Epoch:8437 | LR: 0.0000159 | Loss : 0.0072 | Val loss: 0.0076
2026-01-10 10:59:43.266863 | Epoch:8438 | LR: 0.0000160 | Loss : 0.0077 | Val loss: 0.0071
2026-01-10 10:59:47.583038 | Epoch:8439 | LR: 0.0000160 | Loss : 0.0077 | Val loss: 0.0076
2026-01-10 10:59:51.884115 | Epoch:8440 | LR: 0.0000160 | Loss : 0.0071 | Val loss: 0.0070
2026-01-10 10:59:56.207734 | Epoch:8441 | LR: 0.0000161 | Loss : 0.0071 | Val loss: 0.0071
2026-01-10 11:00:00.496345 | Epoch:8442 | LR: 0.0000161 | Loss : 0.0075 | Val loss: 0.0078
2026-01-10 11:00:04.774458 | Epoch:8443 | LR: 0.0000161 | Loss : 0.0077 | Val loss: 0.0068
2026-01-10 11:00:09.064016 | Epoch:8444 | LR: 0.0000162 | Loss : 0.0070 | Val loss: 0.0073
2026-01-10 11:00:13.355786 | Epoch:8445 | LR: 0.0000162 | Loss : 0.0071 | Val loss: 0.0066
2026-01-10 11:00:17.716326 | Epoch:8446 | LR: 0.0000162 | Loss : 0.0068 | Val loss: 0.0068
2026-01-10 11:00:22.137079 | Epoch:8447 | LR: 0.0000162 | Loss : 0.0072 | Val loss: 0.0070
2026-01-10 11:00:26.470724 | Epoch:8448 | LR: 0.0000163 | Loss : 0.0069 | Val loss: 0.0067
2026-01-10 11:00:30.985749 | Epoch:8449 | LR: 0.0000163 | Loss : 0.0068 | Val loss: 0.0070
2026-01-10 11:00:35.311568 | Epoch:8450 | LR: 0.0000163 | Loss : 0.0071 | Val loss: 0.0068
2026-01-10 11:00:39.602263 | Epoch:8451 | LR: 0.0000164 | Loss : 0.0067 | Val loss: 0.0072
2026-01-10 11:00:43.900001 | Epoch:8452 | LR: 0.0000164 | Loss : 0.0075 | Val loss: 0.0062
2026-01-10 11:00:48.196698 | Epoch:8453 | LR: 0.0000164 | Loss : 0.0074 | Val loss: 0.0075
2026-01-10 11:00:52.515473 | Epoch:8454 | LR: 0.0000165 | Loss : 0.0069 | Val loss: 0.0080
2026-01-10 11:00:57.092902 | Epoch:8455 | LR: 0.0000165 | Loss : 0.0075 | Val loss: 0.0078
2026-01-10 11:01:01.416519 | Epoch:8456 | LR: 0.0000165 | Loss : 0.0073 | Val loss: 0.0073
2026-01-10 11:01:05.696472 | Epoch:8457 | LR: 0.0000165 | Loss : 0.0076 | Val loss: 0.0088
2026-01-10 11:01:10.030889 | Epoch:8458 | LR: 0.0000166 | Loss : 0.0072 | Val loss: 0.0073
2026-01-10 11:01:14.326493 | Epoch:8459 | LR: 0.0000166 | Loss : 0.0071 | Val loss: 0.0074
2026-01-10 11:01:18.723548 | Epoch:8460 | LR: 0.0000166 | Loss : 0.0071 | Val loss: 0.0076
2026-01-10 11:01:23.037309 | Epoch:8461 | LR: 0.0000167 | Loss : 0.0075 | Val loss: 0.0077
2026-01-10 11:01:27.337326 | Epoch:8462 | LR: 0.0000167 | Loss : 0.0073 | Val loss: 0.0079
2026-01-10 11:01:31.612622 | Epoch:8463 | LR: 0.0000167 | Loss : 0.0076 | Val loss: 0.0075
2026-01-10 11:01:36.001713 | Epoch:8464 | LR: 0.0000167 | Loss : 0.0070 | Val loss: 0.0069
2026-01-10 11:01:40.593310 | Epoch:8465 | LR: 0.0000168 | Loss : 0.0071 | Val loss: 0.0079
2026-01-10 11:01:44.998180 | Epoch:8466 | LR: 0.0000168 | Loss : 0.0071 | Val loss: 0.0073
2026-01-10 11:01:49.256751 | Epoch:8467 | LR: 0.0000168 | Loss : 0.0069 | Val loss: 0.0071
2026-01-10 11:01:54.143938 | Epoch:8468 | LR: 0.0000169 | Loss : 0.0074 | Val loss: 0.0072
2026-01-10 11:01:58.564640 | Epoch:8469 | LR: 0.0000169 | Loss : 0.0071 | Val loss: 0.0075
2026-01-10 11:02:02.951824 | Epoch:8470 | LR: 0.0000169 | Loss : 0.0070 | Val loss: 0.0073
2026-01-10 11:02:07.344981 | Epoch:8471 | LR: 0.0000170 | Loss : 0.0070 | Val loss: 0.0075
2026-01-10 11:02:11.675052 | Epoch:8472 | LR: 0.0000170 | Loss : 0.0072 | Val loss: 0.0070
2026-01-10 11:02:16.012361 | Epoch:8473 | LR: 0.0000170 | Loss : 0.0071 | Val loss: 0.0070
2026-01-10 11:02:20.345272 | Epoch:8474 | LR: 0.0000170 | Loss : 0.0070 | Val loss: 0.0068
2026-01-10 11:02:24.663231 | Epoch:8475 | LR: 0.0000171 | Loss : 0.0072 | Val loss: 0.0064
2026-01-10 11:02:29.005146 | Epoch:8476 | LR: 0.0000171 | Loss : 0.0072 | Val loss: 0.0074
2026-01-10 11:02:33.408510 | Epoch:8477 | LR: 0.0000171 | Loss : 0.0073 | Val loss: 0.0075
2026-01-10 11:02:37.816613 | Epoch:8478 | LR: 0.0000172 | Loss : 0.0075 | Val loss: 0.0070
2026-01-10 11:02:42.064327 | Epoch:8479 | LR: 0.0000172 | Loss : 0.0073 | Val loss: 0.0070
2026-01-10 11:02:46.318597 | Epoch:8480 | LR: 0.0000172 | Loss : 0.0073 | Val loss: 0.0070
2026-01-10 11:02:50.688083 | Epoch:8481 | LR: 0.0000173 | Loss : 0.0071 | Val loss: 0.0069
2026-01-10 11:02:55.025053 | Epoch:8482 | LR: 0.0000173 | Loss : 0.0070 | Val loss: 0.0072
2026-01-10 11:02:59.357303 | Epoch:8483 | LR: 0.0000173 | Loss : 0.0074 | Val loss: 0.0076
2026-01-10 11:03:03.696225 | Epoch:8484 | LR: 0.0000173 | Loss : 0.0073 | Val loss: 0.0075
2026-01-10 11:03:08.062231 | Epoch:8485 | LR: 0.0000174 | Loss : 0.0072 | Val loss: 0.0073
2026-01-10 11:03:12.444259 | Epoch:8486 | LR: 0.0000174 | Loss : 0.0071 | Val loss: 0.0067
2026-01-10 11:03:16.824273 | Epoch:8487 | LR: 0.0000174 | Loss : 0.0072 | Val loss: 0.0064
2026-01-10 11:03:21.160366 | Epoch:8488 | LR: 0.0000175 | Loss : 0.0068 | Val loss: 0.0075
2026-01-10 11:03:25.518881 | Epoch:8489 | LR: 0.0000175 | Loss : 0.0071 | Val loss: 0.0070
2026-01-10 11:03:29.898853 | Epoch:8490 | LR: 0.0000175 | Loss : 0.0077 | Val loss: 0.0073
2026-01-10 11:03:34.542695 | Epoch:8491 | LR: 0.0000176 | Loss : 0.0072 | Val loss: 0.0077
2026-01-10 11:03:39.016291 | Epoch:8492 | LR: 0.0000176 | Loss : 0.0075 | Val loss: 0.0079
2026-01-10 11:03:43.463325 | Epoch:8493 | LR: 0.0000176 | Loss : 0.0070 | Val loss: 0.0075
2026-01-10 11:03:47.771477 | Epoch:8494 | LR: 0.0000176 | Loss : 0.0073 | Val loss: 0.0081
2026-01-10 11:03:52.050260 | Epoch:8495 | LR: 0.0000177 | Loss : 0.0076 | Val loss: 0.0069
2026-01-10 11:03:56.372798 | Epoch:8496 | LR: 0.0000177 | Loss : 0.0078 | Val loss: 0.0077
2026-01-10 11:04:00.971785 | Epoch:8497 | LR: 0.0000177 | Loss : 0.0078 | Val loss: 0.0081
2026-01-10 11:04:05.305304 | Epoch:8498 | LR: 0.0000178 | Loss : 0.0079 | Val loss: 0.0084
2026-01-10 11:04:09.689253 | Epoch:8499 | LR: 0.0000178 | Loss : 0.0075 | Val loss: 0.0074
2026-01-10 11:04:14.067616 | Epoch:8500 | LR: 0.0000178 | Loss : 0.0074 | Val loss: 0.0071
2026-01-10 11:04:18.446116 | Epoch:8501 | LR: 0.0000179 | Loss : 0.0075 | Val loss: 0.0078
2026-01-10 11:04:22.856744 | Epoch:8502 | LR: 0.0000179 | Loss : 0.0072 | Val loss: 0.0077
2026-01-10 11:04:27.235764 | Epoch:8503 | LR: 0.0000179 | Loss : 0.0071 | Val loss: 0.0067
2026-01-10 11:04:31.638135 | Epoch:8504 | LR: 0.0000179 | Loss : 0.0073 | Val loss: 0.0063
2026-01-10 11:04:36.065785 | Epoch:8505 | LR: 0.0000180 | Loss : 0.0069 | Val loss: 0.0066
2026-01-10 11:04:40.453436 | Epoch:8506 | LR: 0.0000180 | Loss : 0.0067 | Val loss: 0.0078
2026-01-10 11:04:44.891705 | Epoch:8507 | LR: 0.0000180 | Loss : 0.0067 | Val loss: 0.0071
2026-01-10 11:04:49.275856 | Epoch:8508 | LR: 0.0000181 | Loss : 0.0065 | Val loss: 0.0067
2026-01-10 11:04:53.586120 | Epoch:8509 | LR: 0.0000181 | Loss : 0.0070 | Val loss: 0.0064
2026-01-10 11:04:57.835413 | Epoch:8510 | LR: 0.0000181 | Loss : 0.0072 | Val loss: 0.0070
2026-01-10 11:05:02.177361 | Epoch:8511 | LR: 0.0000182 | Loss : 0.0071 | Val loss: 0.0071
2026-01-10 11:05:06.479536 | Epoch:8512 | LR: 0.0000182 | Loss : 0.0073 | Val loss: 0.0072
2026-01-10 11:05:10.773963 | Epoch:8513 | LR: 0.0000182 | Loss : 0.0075 | Val loss: 0.0071
2026-01-10 11:05:15.104174 | Epoch:8514 | LR: 0.0000183 | Loss : 0.0067 | Val loss: 0.0076
2026-01-10 11:05:19.473595 | Epoch:8515 | LR: 0.0000183 | Loss : 0.0067 | Val loss: 0.0069
2026-01-10 11:05:23.852666 | Epoch:8516 | LR: 0.0000183 | Loss : 0.0072 | Val loss: 0.0074
2026-01-10 11:05:28.138581 | Epoch:8517 | LR: 0.0000183 | Loss : 0.0072 | Val loss: 0.0073
2026-01-10 11:05:32.451042 | Epoch:8518 | LR: 0.0000184 | Loss : 0.0071 | Val loss: 0.0070
2026-01-10 11:05:36.800840 | Epoch:8519 | LR: 0.0000184 | Loss : 0.0073 | Val loss: 0.0068
2026-01-10 11:05:41.109431 | Epoch:8520 | LR: 0.0000184 | Loss : 0.0075 | Val loss: 0.0076
2026-01-10 11:05:45.410485 | Epoch:8521 | LR: 0.0000185 | Loss : 0.0075 | Val loss: 0.0073
2026-01-10 11:05:49.835685 | Epoch:8522 | LR: 0.0000185 | Loss : 0.0071 | Val loss: 0.0071
2026-01-10 11:05:54.228704 | Epoch:8523 | LR: 0.0000185 | Loss : 0.0065 | Val loss: 0.0073
2026-01-10 11:05:58.498720 | Epoch:8524 | LR: 0.0000186 | Loss : 0.0071 | Val loss: 0.0070
2026-01-10 11:06:02.764491 | Epoch:8525 | LR: 0.0000186 | Loss : 0.0073 | Val loss: 0.0074
2026-01-10 11:06:07.088274 | Epoch:8526 | LR: 0.0000186 | Loss : 0.0068 | Val loss: 0.0076
2026-01-10 11:06:11.420157 | Epoch:8527 | LR: 0.0000186 | Loss : 0.0066 | Val loss: 0.0069
2026-01-10 11:06:15.739776 | Epoch:8528 | LR: 0.0000187 | Loss : 0.0073 | Val loss: 0.0075
2026-01-10 11:06:20.080981 | Epoch:8529 | LR: 0.0000187 | Loss : 0.0074 | Val loss: 0.0073
2026-01-10 11:06:24.444878 | Epoch:8530 | LR: 0.0000187 | Loss : 0.0074 | Val loss: 0.0077
2026-01-10 11:06:28.831481 | Epoch:8531 | LR: 0.0000188 | Loss : 0.0073 | Val loss: 0.0079
2026-01-10 11:06:33.242719 | Epoch:8532 | LR: 0.0000188 | Loss : 0.0075 | Val loss: 0.0069
2026-01-10 11:06:37.546260 | Epoch:8533 | LR: 0.0000188 | Loss : 0.0074 | Val loss: 0.0069
2026-01-10 11:06:41.758288 | Epoch:8534 | LR: 0.0000189 | Loss : 0.0073 | Val loss: 0.0072
2026-01-10 11:06:45.984372 | Epoch:8535 | LR: 0.0000189 | Loss : 0.0072 | Val loss: 0.0074
2026-01-10 11:06:50.394624 | Epoch:8536 | LR: 0.0000189 | Loss : 0.0076 | Val loss: 0.0073
2026-01-10 11:06:55.339129 | Epoch:8537 | LR: 0.0000190 | Loss : 0.0073 | Val loss: 0.0069
2026-01-10 11:07:00.051929 | Epoch:8538 | LR: 0.0000190 | Loss : 0.0071 | Val loss: 0.0072
2026-01-10 11:07:04.407799 | Epoch:8539 | LR: 0.0000190 | Loss : 0.0078 | Val loss: 0.0069
2026-01-10 11:07:09.054346 | Epoch:8540 | LR: 0.0000190 | Loss : 0.0073 | Val loss: 0.0069
2026-01-10 11:07:13.322915 | Epoch:8541 | LR: 0.0000191 | Loss : 0.0070 | Val loss: 0.0077
2026-01-10 11:07:17.632016 | Epoch:8542 | LR: 0.0000191 | Loss : 0.0074 | Val loss: 0.0071
2026-01-10 11:07:21.954100 | Epoch:8543 | LR: 0.0000191 | Loss : 0.0070 | Val loss: 0.0071
2026-01-10 11:07:26.242583 | Epoch:8544 | LR: 0.0000192 | Loss : 0.0073 | Val loss: 0.0071
2026-01-10 11:07:30.554399 | Epoch:8545 | LR: 0.0000192 | Loss : 0.0073 | Val loss: 0.0068
2026-01-10 11:07:34.829667 | Epoch:8546 | LR: 0.0000192 | Loss : 0.0074 | Val loss: 0.0073
2026-01-10 11:07:39.134248 | Epoch:8547 | LR: 0.0000193 | Loss : 0.0075 | Val loss: 0.0083
2026-01-10 11:07:43.465170 | Epoch:8548 | LR: 0.0000193 | Loss : 0.0070 | Val loss: 0.0075
2026-01-10 11:07:47.789558 | Epoch:8549 | LR: 0.0000193 | Loss : 0.0076 | Val loss: 0.0074
2026-01-10 11:07:52.158464 | Epoch:8550 | LR: 0.0000193 | Loss : 0.0076 | Val loss: 0.0075
2026-01-10 11:07:56.520874 | Epoch:8551 | LR: 0.0000194 | Loss : 0.0077 | Val loss: 0.0074
2026-01-10 11:08:00.829356 | Epoch:8552 | LR: 0.0000194 | Loss : 0.0069 | Val loss: 0.0070
2026-01-10 11:08:05.150838 | Epoch:8553 | LR: 0.0000194 | Loss : 0.0072 | Val loss: 0.0078
2026-01-10 11:08:09.449457 | Epoch:8554 | LR: 0.0000195 | Loss : 0.0067 | Val loss: 0.0065
2026-01-10 11:08:13.774205 | Epoch:8555 | LR: 0.0000195 | Loss : 0.0070 | Val loss: 0.0075
2026-01-10 11:08:18.200751 | Epoch:8556 | LR: 0.0000195 | Loss : 0.0064 | Val loss: 0.0072
2026-01-10 11:08:22.434312 | Epoch:8557 | LR: 0.0000196 | Loss : 0.0074 | Val loss: 0.0079
2026-01-10 11:08:26.715757 | Epoch:8558 | LR: 0.0000196 | Loss : 0.0070 | Val loss: 0.0072
2026-01-10 11:08:30.993426 | Epoch:8559 | LR: 0.0000196 | Loss : 0.0070 | Val loss: 0.0070
2026-01-10 11:08:35.264390 | Epoch:8560 | LR: 0.0000197 | Loss : 0.0068 | Val loss: 0.0068
2026-01-10 11:08:39.568825 | Epoch:8561 | LR: 0.0000197 | Loss : 0.0071 | Val loss: 0.0066
2026-01-10 11:08:43.878029 | Epoch:8562 | LR: 0.0000197 | Loss : 0.0076 | Val loss: 0.0073
2026-01-10 11:08:48.212650 | Epoch:8563 | LR: 0.0000197 | Loss : 0.0075 | Val loss: 0.0076
2026-01-10 11:08:52.602512 | Epoch:8564 | LR: 0.0000198 | Loss : 0.0075 | Val loss: 0.0076
2026-01-10 11:08:56.940454 | Epoch:8565 | LR: 0.0000198 | Loss : 0.0070 | Val loss: 0.0063
2026-01-10 11:09:01.310530 | Epoch:8566 | LR: 0.0000198 | Loss : 0.0071 | Val loss: 0.0075
2026-01-10 11:09:05.675744 | Epoch:8567 | LR: 0.0000199 | Loss : 0.0075 | Val loss: 0.0077
2026-01-10 11:09:10.034106 | Epoch:8568 | LR: 0.0000199 | Loss : 0.0072 | Val loss: 0.0065
2026-01-10 11:09:14.293164 | Epoch:8569 | LR: 0.0000199 | Loss : 0.0076 | Val loss: 0.0073
2026-01-10 11:09:18.648700 | Epoch:8570 | LR: 0.0000200 | Loss : 0.0076 | Val loss: 0.0073
2026-01-10 11:09:22.828771 | Epoch:8571 | LR: 0.0000200 | Loss : 0.0072 | Val loss: 0.0072
2026-01-10 11:09:27.068532 | Epoch:8572 | LR: 0.0000200 | Loss : 0.0070 | Val loss: 0.0076
2026-01-10 11:09:31.338023 | Epoch:8573 | LR: 0.0000201 | Loss : 0.0067 | Val loss: 0.0068
2026-01-10 11:09:35.624928 | Epoch:8574 | LR: 0.0000201 | Loss : 0.0070 | Val loss: 0.0072
2026-01-10 11:09:39.925598 | Epoch:8575 | LR: 0.0000201 | Loss : 0.0071 | Val loss: 0.0073
2026-01-10 11:09:44.259410 | Epoch:8576 | LR: 0.0000202 | Loss : 0.0075 | Val loss: 0.0065
2026-01-10 11:09:48.575931 | Epoch:8577 | LR: 0.0000202 | Loss : 0.0071 | Val loss: 0.0073
2026-01-10 11:09:52.938993 | Epoch:8578 | LR: 0.0000202 | Loss : 0.0074 | Val loss: 0.0071
2026-01-10 11:09:57.280383 | Epoch:8579 | LR: 0.0000202 | Loss : 0.0076 | Val loss: 0.0071
2026-01-10 11:10:01.654496 | Epoch:8580 | LR: 0.0000203 | Loss : 0.0078 | Val loss: 0.0075
2026-01-10 11:10:06.212960 | Epoch:8581 | LR: 0.0000203 | Loss : 0.0080 | Val loss: 0.0083
2026-01-10 11:10:10.633694 | Epoch:8582 | LR: 0.0000203 | Loss : 0.0080 | Val loss: 0.0071
2026-01-10 11:10:14.889828 | Epoch:8583 | LR: 0.0000204 | Loss : 0.0088 | Val loss: 0.0076
2026-01-10 11:10:19.235727 | Epoch:8584 | LR: 0.0000204 | Loss : 0.0079 | Val loss: 0.0071
2026-01-10 11:10:23.476522 | Epoch:8585 | LR: 0.0000204 | Loss : 0.0074 | Val loss: 0.0074
2026-01-10 11:10:27.713309 | Epoch:8586 | LR: 0.0000205 | Loss : 0.0072 | Val loss: 0.0063
2026-01-10 11:10:31.989178 | Epoch:8587 | LR: 0.0000205 | Loss : 0.0070 | Val loss: 0.0066
2026-01-10 11:10:36.312199 | Epoch:8588 | LR: 0.0000205 | Loss : 0.0069 | Val loss: 0.0072
2026-01-10 11:10:40.665494 | Epoch:8589 | LR: 0.0000206 | Loss : 0.0070 | Val loss: 0.0066
2026-01-10 11:10:44.994017 | Epoch:8590 | LR: 0.0000206 | Loss : 0.0075 | Val loss: 0.0064
2026-01-10 11:10:49.339658 | Epoch:8591 | LR: 0.0000206 | Loss : 0.0071 | Val loss: 0.0069
2026-01-10 11:10:53.714191 | Epoch:8592 | LR: 0.0000206 | Loss : 0.0072 | Val loss: 0.0067
2026-01-10 11:10:58.068851 | Epoch:8593 | LR: 0.0000207 | Loss : 0.0067 | Val loss: 0.0072
2026-01-10 11:11:02.452461 | Epoch:8594 | LR: 0.0000207 | Loss : 0.0070 | Val loss: 0.0072
2026-01-10 11:11:06.810959 | Epoch:8595 | LR: 0.0000207 | Loss : 0.0071 | Val loss: 0.0070
2026-01-10 11:11:11.196617 | Epoch:8596 | LR: 0.0000208 | Loss : 0.0067 | Val loss: 0.0068
2026-01-10 11:11:15.562843 | Epoch:8597 | LR: 0.0000208 | Loss : 0.0070 | Val loss: 0.0074
2026-01-10 11:11:20.135115 | Epoch:8598 | LR: 0.0000208 | Loss : 0.0070 | Val loss: 0.0069
2026-01-10 11:11:24.375853 | Epoch:8599 | LR: 0.0000209 | Loss : 0.0074 | Val loss: 0.0076
2026-01-10 11:11:28.818980 | Epoch:8600 | LR: 0.0000209 | Loss : 0.0071 | Val loss: 0.0071
2026-01-10 11:11:33.069811 | Epoch:8601 | LR: 0.0000209 | Loss : 0.0070 | Val loss: 0.0075
2026-01-10 11:11:37.447781 | Epoch:8602 | LR: 0.0000210 | Loss : 0.0077 | Val loss: 0.0070
2026-01-10 11:11:41.761936 | Epoch:8603 | LR: 0.0000210 | Loss : 0.0076 | Val loss: 0.0074
2026-01-10 11:11:46.056635 | Epoch:8604 | LR: 0.0000210 | Loss : 0.0076 | Val loss: 0.0072
2026-01-10 11:11:50.410294 | Epoch:8605 | LR: 0.0000211 | Loss : 0.0074 | Val loss: 0.0065
2026-01-10 11:11:54.716090 | Epoch:8606 | LR: 0.0000211 | Loss : 0.0078 | Val loss: 0.0074
2026-01-10 11:11:58.958972 | Epoch:8607 | LR: 0.0000211 | Loss : 0.0075 | Val loss: 0.0072
2026-01-10 11:12:03.213798 | Epoch:8608 | LR: 0.0000211 | Loss : 0.0072 | Val loss: 0.0067
2026-01-10 11:12:07.739358 | Epoch:8609 | LR: 0.0000212 | Loss : 0.0074 | Val loss: 0.0075
2026-01-10 11:12:12.676463 | Epoch:8610 | LR: 0.0000212 | Loss : 0.0070 | Val loss: 0.0067
2026-01-10 11:12:17.243189 | Epoch:8611 | LR: 0.0000212 | Loss : 0.0071 | Val loss: 0.0075
2026-01-10 11:12:21.508216 | Epoch:8612 | LR: 0.0000213 | Loss : 0.0074 | Val loss: 0.0066
2026-01-10 11:12:26.156380 | Epoch:8613 | LR: 0.0000213 | Loss : 0.0072 | Val loss: 0.0075
2026-01-10 11:12:30.463499 | Epoch:8614 | LR: 0.0000213 | Loss : 0.0073 | Val loss: 0.0075
2026-01-10 11:12:35.023002 | Epoch:8615 | LR: 0.0000214 | Loss : 0.0075 | Val loss: 0.0080
2026-01-10 11:12:39.266518 | Epoch:8616 | LR: 0.0000214 | Loss : 0.0079 | Val loss: 0.0078
2026-01-10 11:12:43.524963 | Epoch:8617 | LR: 0.0000214 | Loss : 0.0072 | Val loss: 0.0073
2026-01-10 11:12:47.978275 | Epoch:8618 | LR: 0.0000215 | Loss : 0.0073 | Val loss: 0.0067
2026-01-10 11:12:52.318711 | Epoch:8619 | LR: 0.0000215 | Loss : 0.0072 | Val loss: 0.0068
2026-01-10 11:12:56.625964 | Epoch:8620 | LR: 0.0000215 | Loss : 0.0075 | Val loss: 0.0072
2026-01-10 11:13:01.042089 | Epoch:8621 | LR: 0.0000215 | Loss : 0.0074 | Val loss: 0.0073
2026-01-10 11:13:05.414086 | Epoch:8622 | LR: 0.0000216 | Loss : 0.0076 | Val loss: 0.0074
2026-01-10 11:13:10.022818 | Epoch:8623 | LR: 0.0000216 | Loss : 0.0076 | Val loss: 0.0073
2026-01-10 11:13:14.407514 | Epoch:8624 | LR: 0.0000216 | Loss : 0.0074 | Val loss: 0.0075
2026-01-10 11:13:18.749532 | Epoch:8625 | LR: 0.0000217 | Loss : 0.0079 | Val loss: 0.0069
2026-01-10 11:13:23.097301 | Epoch:8626 | LR: 0.0000217 | Loss : 0.0074 | Val loss: 0.0067
2026-01-10 11:13:27.393919 | Epoch:8627 | LR: 0.0000217 | Loss : 0.0072 | Val loss: 0.0073
2026-01-10 11:13:31.657073 | Epoch:8628 | LR: 0.0000218 | Loss : 0.0067 | Val loss: 0.0073
2026-01-10 11:13:35.989775 | Epoch:8629 | LR: 0.0000218 | Loss : 0.0071 | Val loss: 0.0076
2026-01-10 11:13:40.342601 | Epoch:8630 | LR: 0.0000218 | Loss : 0.0076 | Val loss: 0.0076
2026-01-10 11:13:44.662810 | Epoch:8631 | LR: 0.0000219 | Loss : 0.0073 | Val loss: 0.0072
2026-01-10 11:13:48.914630 | Epoch:8632 | LR: 0.0000219 | Loss : 0.0071 | Val loss: 0.0072
2026-01-10 11:13:53.168618 | Epoch:8633 | LR: 0.0000219 | Loss : 0.0070 | Val loss: 0.0069
2026-01-10 11:13:57.464129 | Epoch:8634 | LR: 0.0000220 | Loss : 0.0070 | Val loss: 0.0066
2026-01-10 11:14:01.731397 | Epoch:8635 | LR: 0.0000220 | Loss : 0.0076 | Val loss: 0.0076
2026-01-10 11:14:06.035171 | Epoch:8636 | LR: 0.0000220 | Loss : 0.0075 | Val loss: 0.0081
2026-01-10 11:14:10.357888 | Epoch:8637 | LR: 0.0000220 | Loss : 0.0072 | Val loss: 0.0069
2026-01-10 11:14:14.676000 | Epoch:8638 | LR: 0.0000221 | Loss : 0.0071 | Val loss: 0.0068
2026-01-10 11:14:19.007224 | Epoch:8639 | LR: 0.0000221 | Loss : 0.0075 | Val loss: 0.0062
2026-01-10 11:14:23.350080 | Epoch:8640 | LR: 0.0000221 | Loss : 0.0070 | Val loss: 0.0080
2026-01-10 11:14:27.705953 | Epoch:8641 | LR: 0.0000222 | Loss : 0.0072 | Val loss: 0.0075
2026-01-10 11:14:31.998720 | Epoch:8642 | LR: 0.0000222 | Loss : 0.0074 | Val loss: 0.0073
2026-01-10 11:14:36.270698 | Epoch:8643 | LR: 0.0000222 | Loss : 0.0073 | Val loss: 0.0074
2026-01-10 11:14:40.542767 | Epoch:8644 | LR: 0.0000223 | Loss : 0.0073 | Val loss: 0.0072
2026-01-10 11:14:44.827244 | Epoch:8645 | LR: 0.0000223 | Loss : 0.0069 | Val loss: 0.0073
2026-01-10 11:14:49.231433 | Epoch:8646 | LR: 0.0000223 | Loss : 0.0071 | Val loss: 0.0069
2026-01-10 11:14:53.440863 | Epoch:8647 | LR: 0.0000224 | Loss : 0.0079 | Val loss: 0.0070
2026-01-10 11:14:57.730929 | Epoch:8648 | LR: 0.0000224 | Loss : 0.0073 | Val loss: 0.0069
2026-01-10 11:15:02.047069 | Epoch:8649 | LR: 0.0000224 | Loss : 0.0073 | Val loss: 0.0068
2026-01-10 11:15:06.313340 | Epoch:8650 | LR: 0.0000225 | Loss : 0.0071 | Val loss: 0.0075
2026-01-10 11:15:10.648238 | Epoch:8651 | LR: 0.0000225 | Loss : 0.0076 | Val loss: 0.0070
2026-01-10 11:15:14.967927 | Epoch:8652 | LR: 0.0000225 | Loss : 0.0077 | Val loss: 0.0070
2026-01-10 11:15:19.275776 | Epoch:8653 | LR: 0.0000226 | Loss : 0.0072 | Val loss: 0.0074
2026-01-10 11:15:23.621186 | Epoch:8654 | LR: 0.0000226 | Loss : 0.0072 | Val loss: 0.0066
2026-01-10 11:15:27.978313 | Epoch:8655 | LR: 0.0000226 | Loss : 0.0078 | Val loss: 0.0071
2026-01-10 11:15:32.323261 | Epoch:8656 | LR: 0.0000226 | Loss : 0.0073 | Val loss: 0.0076
2026-01-10 11:15:36.596814 | Epoch:8657 | LR: 0.0000227 | Loss : 0.0076 | Val loss: 0.0083
2026-01-10 11:15:40.903518 | Epoch:8658 | LR: 0.0000227 | Loss : 0.0076 | Val loss: 0.0076
2026-01-10 11:15:45.205800 | Epoch:8659 | LR: 0.0000227 | Loss : 0.0073 | Val loss: 0.0078
2026-01-10 11:15:49.491868 | Epoch:8660 | LR: 0.0000228 | Loss : 0.0078 | Val loss: 0.0072
2026-01-10 11:15:53.830641 | Epoch:8661 | LR: 0.0000228 | Loss : 0.0074 | Val loss: 0.0078
2026-01-10 11:15:58.083680 | Epoch:8662 | LR: 0.0000228 | Loss : 0.0076 | Val loss: 0.0072
2026-01-10 11:16:02.603208 | Epoch:8663 | LR: 0.0000229 | Loss : 0.0073 | Val loss: 0.0073
2026-01-10 11:16:06.905460 | Epoch:8664 | LR: 0.0000229 | Loss : 0.0072 | Val loss: 0.0073
2026-01-10 11:16:11.469678 | Epoch:8665 | LR: 0.0000229 | Loss : 0.0069 | Val loss: 0.0068
2026-01-10 11:16:15.821029 | Epoch:8666 | LR: 0.0000230 | Loss : 0.0074 | Val loss: 0.0070
2026-01-10 11:16:20.148878 | Epoch:8667 | LR: 0.0000230 | Loss : 0.0069 | Val loss: 0.0074
2026-01-10 11:16:24.503335 | Epoch:8668 | LR: 0.0000230 | Loss : 0.0065 | Val loss: 0.0063
2026-01-10 11:16:28.868213 | Epoch:8669 | LR: 0.0000231 | Loss : 0.0074 | Val loss: 0.0070
2026-01-10 11:16:33.253833 | Epoch:8670 | LR: 0.0000231 | Loss : 0.0076 | Val loss: 0.0071
2026-01-10 11:16:37.603303 | Epoch:8671 | LR: 0.0000231 | Loss : 0.0073 | Val loss: 0.0077
2026-01-10 11:16:41.920348 | Epoch:8672 | LR: 0.0000231 | Loss : 0.0074 | Val loss: 0.0073
2026-01-10 11:16:46.204628 | Epoch:8673 | LR: 0.0000232 | Loss : 0.0077 | Val loss: 0.0078
2026-01-10 11:16:50.458027 | Epoch:8674 | LR: 0.0000232 | Loss : 0.0071 | Val loss: 0.0072
2026-01-10 11:16:54.727406 | Epoch:8675 | LR: 0.0000232 | Loss : 0.0073 | Val loss: 0.0077
2026-01-10 11:16:59.003313 | Epoch:8676 | LR: 0.0000233 | Loss : 0.0070 | Val loss: 0.0074
2026-01-10 11:17:03.190443 | Epoch:8677 | LR: 0.0000233 | Loss : 0.0071 | Val loss: 0.0074
2026-01-10 11:17:07.451012 | Epoch:8678 | LR: 0.0000233 | Loss : 0.0073 | Val loss: 0.0075
2026-01-10 11:17:11.682677 | Epoch:8679 | LR: 0.0000234 | Loss : 0.0071 | Val loss: 0.0066
2026-01-10 11:17:15.893265 | Epoch:8680 | LR: 0.0000234 | Loss : 0.0072 | Val loss: 0.0070
2026-01-10 11:17:20.109354 | Epoch:8681 | LR: 0.0000234 | Loss : 0.0070 | Val loss: 0.0070
2026-01-10 11:17:24.904466 | Epoch:8682 | LR: 0.0000235 | Loss : 0.0073 | Val loss: 0.0070
2026-01-10 11:17:29.597277 | Epoch:8683 | LR: 0.0000235 | Loss : 0.0077 | Val loss: 0.0072
2026-01-10 11:17:34.054820 | Epoch:8684 | LR: 0.0000235 | Loss : 0.0070 | Val loss: 0.0074
2026-01-10 11:17:38.498977 | Epoch:8685 | LR: 0.0000236 | Loss : 0.0079 | Val loss: 0.0079
2026-01-10 11:17:43.305952 | Epoch:8686 | LR: 0.0000236 | Loss : 0.0079 | Val loss: 0.0083
2026-01-10 11:17:47.677826 | Epoch:8687 | LR: 0.0000236 | Loss : 0.0080 | Val loss: 0.0080
2026-01-10 11:17:52.065510 | Epoch:8688 | LR: 0.0000237 | Loss : 0.0079 | Val loss: 0.0071
2026-01-10 11:17:56.425050 | Epoch:8689 | LR: 0.0000237 | Loss : 0.0074 | Val loss: 0.0073
2026-01-10 11:18:00.692130 | Epoch:8690 | LR: 0.0000237 | Loss : 0.0074 | Val loss: 0.0071
2026-01-10 11:18:05.024084 | Epoch:8691 | LR: 0.0000237 | Loss : 0.0073 | Val loss: 0.0071
2026-01-10 11:18:09.229915 | Epoch:8692 | LR: 0.0000238 | Loss : 0.0071 | Val loss: 0.0067
2026-01-10 11:18:13.501804 | Epoch:8693 | LR: 0.0000238 | Loss : 0.0069 | Val loss: 0.0068
2026-01-10 11:18:17.805614 | Epoch:8694 | LR: 0.0000238 | Loss : 0.0068 | Val loss: 0.0065
2026-01-10 11:18:22.132801 | Epoch:8695 | LR: 0.0000239 | Loss : 0.0068 | Val loss: 0.0073
2026-01-10 11:18:26.465895 | Epoch:8696 | LR: 0.0000239 | Loss : 0.0070 | Val loss: 0.0065
2026-01-10 11:18:30.792709 | Epoch:8697 | LR: 0.0000239 | Loss : 0.0067 | Val loss: 0.0071
2026-01-10 11:18:35.115003 | Epoch:8698 | LR: 0.0000240 | Loss : 0.0072 | Val loss: 0.0072
2026-01-10 11:18:39.466245 | Epoch:8699 | LR: 0.0000240 | Loss : 0.0070 | Val loss: 0.0069
2026-01-10 11:18:43.819429 | Epoch:8700 | LR: 0.0000240 | Loss : 0.0075 | Val loss: 0.0068
2026-01-10 11:18:48.126645 | Epoch:8701 | LR: 0.0000241 | Loss : 0.0076 | Val loss: 0.0068
2026-01-10 11:18:52.438526 | Epoch:8702 | LR: 0.0000241 | Loss : 0.0077 | Val loss: 0.0068
2026-01-10 11:18:56.734140 | Epoch:8703 | LR: 0.0000241 | Loss : 0.0074 | Val loss: 0.0078
2026-01-10 11:19:01.034438 | Epoch:8704 | LR: 0.0000242 | Loss : 0.0072 | Val loss: 0.0075
2026-01-10 11:19:05.552314 | Epoch:8705 | LR: 0.0000242 | Loss : 0.0077 | Val loss: 0.0075
2026-01-10 11:19:09.837050 | Epoch:8706 | LR: 0.0000242 | Loss : 0.0072 | Val loss: 0.0069
2026-01-10 11:19:14.362952 | Epoch:8707 | LR: 0.0000242 | Loss : 0.0075 | Val loss: 0.0073
2026-01-10 11:19:18.606756 | Epoch:8708 | LR: 0.0000243 | Loss : 0.0072 | Val loss: 0.0073
2026-01-10 11:19:22.895159 | Epoch:8709 | LR: 0.0000243 | Loss : 0.0078 | Val loss: 0.0073
2026-01-10 11:19:27.201002 | Epoch:8710 | LR: 0.0000243 | Loss : 0.0075 | Val loss: 0.0075
2026-01-10 11:19:31.525960 | Epoch:8711 | LR: 0.0000244 | Loss : 0.0069 | Val loss: 0.0075
2026-01-10 11:19:35.854672 | Epoch:8712 | LR: 0.0000244 | Loss : 0.0073 | Val loss: 0.0079
2026-01-10 11:19:40.190213 | Epoch:8713 | LR: 0.0000244 | Loss : 0.0076 | Val loss: 0.0076
2026-01-10 11:19:44.563739 | Epoch:8714 | LR: 0.0000245 | Loss : 0.0078 | Val loss: 0.0071
2026-01-10 11:19:48.966799 | Epoch:8715 | LR: 0.0000245 | Loss : 0.0078 | Val loss: 0.0081
2026-01-10 11:19:53.305530 | Epoch:8716 | LR: 0.0000245 | Loss : 0.0076 | Val loss: 0.0073
2026-01-10 11:19:57.612780 | Epoch:8717 | LR: 0.0000246 | Loss : 0.0069 | Val loss: 0.0079
2026-01-10 11:20:01.893155 | Epoch:8718 | LR: 0.0000246 | Loss : 0.0074 | Val loss: 0.0070
2026-01-10 11:20:06.205921 | Epoch:8719 | LR: 0.0000246 | Loss : 0.0075 | Val loss: 0.0069
2026-01-10 11:20:10.567893 | Epoch:8720 | LR: 0.0000247 | Loss : 0.0068 | Val loss: 0.0074
2026-01-10 11:20:14.814469 | Epoch:8721 | LR: 0.0000247 | Loss : 0.0070 | Val loss: 0.0068
2026-01-10 11:20:19.158788 | Epoch:8722 | LR: 0.0000247 | Loss : 0.0073 | Val loss: 0.0073
2026-01-10 11:20:23.428078 | Epoch:8723 | LR: 0.0000248 | Loss : 0.0070 | Val loss: 0.0072
2026-01-10 11:20:27.728444 | Epoch:8724 | LR: 0.0000248 | Loss : 0.0071 | Val loss: 0.0067
2026-01-10 11:20:32.093739 | Epoch:8725 | LR: 0.0000248 | Loss : 0.0072 | Val loss: 0.0077
2026-01-10 11:20:36.450892 | Epoch:8726 | LR: 0.0000248 | Loss : 0.0067 | Val loss: 0.0075
2026-01-10 11:20:40.818290 | Epoch:8727 | LR: 0.0000249 | Loss : 0.0068 | Val loss: 0.0076
2026-01-10 11:20:45.162652 | Epoch:8728 | LR: 0.0000249 | Loss : 0.0065 | Val loss: 0.0066
2026-01-10 11:20:49.534136 | Epoch:8729 | LR: 0.0000249 | Loss : 0.0070 | Val loss: 0.0077
2026-01-10 11:20:53.902066 | Epoch:8730 | LR: 0.0000250 | Loss : 0.0080 | Val loss: 0.0082
2026-01-10 11:20:58.259653 | Epoch:8731 | LR: 0.0000250 | Loss : 0.0082 | Val loss: 0.0079
2026-01-10 11:21:02.570033 | Epoch:8732 | LR: 0.0000250 | Loss : 0.0084 | Val loss: 0.0084
2026-01-10 11:21:06.798975 | Epoch:8733 | LR: 0.0000251 | Loss : 0.0090 | Val loss: 0.0081
2026-01-10 11:21:11.022349 | Epoch:8734 | LR: 0.0000251 | Loss : 0.0092 | Val loss: 0.0091
2026-01-10 11:21:15.276390 | Epoch:8735 | LR: 0.0000251 | Loss : 0.0090 | Val loss: 0.0083
2026-01-10 11:21:19.633332 | Epoch:8736 | LR: 0.0000252 | Loss : 0.0083 | Val loss: 0.0073
2026-01-10 11:21:23.930287 | Epoch:8737 | LR: 0.0000252 | Loss : 0.0075 | Val loss: 0.0077
2026-01-10 11:21:28.146937 | Epoch:8738 | LR: 0.0000252 | Loss : 0.0074 | Val loss: 0.0079
2026-01-10 11:21:32.435694 | Epoch:8739 | LR: 0.0000252 | Loss : 0.0073 | Val loss: 0.0069
2026-01-10 11:21:36.723785 | Epoch:8740 | LR: 0.0000253 | Loss : 0.0069 | Val loss: 0.0075
2026-01-10 11:21:41.089206 | Epoch:8741 | LR: 0.0000253 | Loss : 0.0072 | Val loss: 0.0074
2026-01-10 11:21:45.417232 | Epoch:8742 | LR: 0.0000253 | Loss : 0.0075 | Val loss: 0.0069
2026-01-10 11:21:49.766464 | Epoch:8743 | LR: 0.0000254 | Loss : 0.0070 | Val loss: 0.0067
2026-01-10 11:21:54.086158 | Epoch:8744 | LR: 0.0000254 | Loss : 0.0074 | Val loss: 0.0066
2026-01-10 11:21:58.417989 | Epoch:8745 | LR: 0.0000254 | Loss : 0.0067 | Val loss: 0.0064
2026-01-10 11:22:02.779356 | Epoch:8746 | LR: 0.0000255 | Loss : 0.0070 | Val loss: 0.0064
2026-01-10 11:22:07.123521 | Epoch:8747 | LR: 0.0000255 | Loss : 0.0068 | Val loss: 0.0069
2026-01-10 11:22:11.433920 | Epoch:8748 | LR: 0.0000255 | Loss : 0.0068 | Val loss: 0.0064
2026-01-10 11:22:17.681277 | Epoch:8749 | LR: 0.0000256 | Loss : 0.0069 | Val loss: 0.0072
2026-01-10 11:22:22.245455 | Epoch:8750 | LR: 0.0000256 | Loss : 0.0072 | Val loss: 0.0066
2026-01-10 11:22:26.463535 | Epoch:8751 | LR: 0.0000256 | Loss : 0.0066 | Val loss: 0.0070
2026-01-10 11:22:30.682682 | Epoch:8752 | LR: 0.0000257 | Loss : 0.0071 | Val loss: 0.0073
2026-01-10 11:22:34.822348 | Epoch:8753 | LR: 0.0000257 | Loss : 0.0076 | Val loss: 0.0074
2026-01-10 11:22:39.350181 | Epoch:8754 | LR: 0.0000257 | Loss : 0.0074 | Val loss: 0.0076
2026-01-10 11:22:44.060851 | Epoch:8755 | LR: 0.0000258 | Loss : 0.0068 | Val loss: 0.0065
2026-01-10 11:22:48.533134 | Epoch:8756 | LR: 0.0000258 | Loss : 0.0071 | Val loss: 0.0074
2026-01-10 11:22:52.783319 | Epoch:8757 | LR: 0.0000258 | Loss : 0.0069 | Val loss: 0.0072
2026-01-10 11:22:57.610222 | Epoch:8758 | LR: 0.0000258 | Loss : 0.0073 | Val loss: 0.0072
2026-01-10 11:23:02.010354 | Epoch:8759 | LR: 0.0000259 | Loss : 0.0073 | Val loss: 0.0072
2026-01-10 11:23:06.406132 | Epoch:8760 | LR: 0.0000259 | Loss : 0.0072 | Val loss: 0.0069
2026-01-10 11:23:10.779599 | Epoch:8761 | LR: 0.0000259 | Loss : 0.0074 | Val loss: 0.0073
2026-01-10 11:23:15.087441 | Epoch:8762 | LR: 0.0000260 | Loss : 0.0072 | Val loss: 0.0079
2026-01-10 11:23:19.382391 | Epoch:8763 | LR: 0.0000260 | Loss : 0.0073 | Val loss: 0.0071
2026-01-10 11:23:23.720391 | Epoch:8764 | LR: 0.0000260 | Loss : 0.0074 | Val loss: 0.0076
2026-01-10 11:23:28.074235 | Epoch:8765 | LR: 0.0000261 | Loss : 0.0080 | Val loss: 0.0082
2026-01-10 11:23:32.466698 | Epoch:8766 | LR: 0.0000261 | Loss : 0.0078 | Val loss: 0.0086
2026-01-10 11:23:36.809139 | Epoch:8767 | LR: 0.0000261 | Loss : 0.0079 | Val loss: 0.0085
2026-01-10 11:23:41.095167 | Epoch:8768 | LR: 0.0000262 | Loss : 0.0075 | Val loss: 0.0076
2026-01-10 11:23:45.483019 | Epoch:8769 | LR: 0.0000262 | Loss : 0.0077 | Val loss: 0.0076
2026-01-10 11:23:50.060250 | Epoch:8770 | LR: 0.0000262 | Loss : 0.0074 | Val loss: 0.0070
2026-01-10 11:23:54.417137 | Epoch:8771 | LR: 0.0000263 | Loss : 0.0074 | Val loss: 0.0073
2026-01-10 11:23:58.788172 | Epoch:8772 | LR: 0.0000263 | Loss : 0.0072 | Val loss: 0.0070
2026-01-10 11:24:03.173958 | Epoch:8773 | LR: 0.0000263 | Loss : 0.0072 | Val loss: 0.0073
2026-01-10 11:24:07.603092 | Epoch:8774 | LR: 0.0000263 | Loss : 0.0073 | Val loss: 0.0071
2026-01-10 11:24:12.044325 | Epoch:8775 | LR: 0.0000264 | Loss : 0.0071 | Val loss: 0.0071
2026-01-10 11:24:16.450479 | Epoch:8776 | LR: 0.0000264 | Loss : 0.0072 | Val loss: 0.0077
2026-01-10 11:24:20.815174 | Epoch:8777 | LR: 0.0000264 | Loss : 0.0074 | Val loss: 0.0074
2026-01-10 11:24:25.189620 | Epoch:8778 | LR: 0.0000265 | Loss : 0.0070 | Val loss: 0.0074
2026-01-10 11:24:29.430529 | Epoch:8779 | LR: 0.0000265 | Loss : 0.0070 | Val loss: 0.0068
2026-01-10 11:24:33.674726 | Epoch:8780 | LR: 0.0000265 | Loss : 0.0071 | Val loss: 0.0066
2026-01-10 11:24:37.988459 | Epoch:8781 | LR: 0.0000266 | Loss : 0.0072 | Val loss: 0.0064
2026-01-10 11:24:42.347105 | Epoch:8782 | LR: 0.0000266 | Loss : 0.0072 | Val loss: 0.0067
2026-01-10 11:24:46.633101 | Epoch:8783 | LR: 0.0000266 | Loss : 0.0074 | Val loss: 0.0075
2026-01-10 11:24:50.948545 | Epoch:8784 | LR: 0.0000267 | Loss : 0.0070 | Val loss: 0.0075
2026-01-10 11:24:55.292730 | Epoch:8785 | LR: 0.0000267 | Loss : 0.0072 | Val loss: 0.0069
2026-01-10 11:24:59.667246 | Epoch:8786 | LR: 0.0000267 | Loss : 0.0065 | Val loss: 0.0072
2026-01-10 11:25:04.006311 | Epoch:8787 | LR: 0.0000268 | Loss : 0.0069 | Val loss: 0.0073
2026-01-10 11:25:08.369964 | Epoch:8788 | LR: 0.0000268 | Loss : 0.0069 | Val loss: 0.0071
2026-01-10 11:25:12.758078 | Epoch:8789 | LR: 0.0000268 | Loss : 0.0071 | Val loss: 0.0081
2026-01-10 11:25:17.430125 | Epoch:8790 | LR: 0.0000269 | Loss : 0.0077 | Val loss: 0.0082
2026-01-10 11:25:21.755048 | Epoch:8791 | LR: 0.0000269 | Loss : 0.0079 | Val loss: 0.0083
2026-01-10 11:25:26.034469 | Epoch:8792 | LR: 0.0000269 | Loss : 0.0078 | Val loss: 0.0083
2026-01-10 11:25:30.315949 | Epoch:8793 | LR: 0.0000269 | Loss : 0.0081 | Val loss: 0.0074
2026-01-10 11:25:34.635500 | Epoch:8794 | LR: 0.0000270 | Loss : 0.0075 | Val loss: 0.0077
2026-01-10 11:25:38.969765 | Epoch:8795 | LR: 0.0000270 | Loss : 0.0075 | Val loss: 0.0077
2026-01-10 11:25:43.238560 | Epoch:8796 | LR: 0.0000270 | Loss : 0.0078 | Val loss: 0.0074
2026-01-10 11:25:47.581689 | Epoch:8797 | LR: 0.0000271 | Loss : 0.0076 | Val loss: 0.0081
2026-01-10 11:25:51.834947 | Epoch:8798 | LR: 0.0000271 | Loss : 0.0073 | Val loss: 0.0079
2026-01-10 11:25:56.135043 | Epoch:8799 | LR: 0.0000271 | Loss : 0.0077 | Val loss: 0.0073
2026-01-10 11:26:00.473652 | Epoch:8800 | LR: 0.0000272 | Loss : 0.0077 | Val loss: 0.0077
2026-01-10 11:26:04.831592 | Epoch:8801 | LR: 0.0000272 | Loss : 0.0076 | Val loss: 0.0065
2026-01-10 11:26:09.215341 | Epoch:8802 | LR: 0.0000272 | Loss : 0.0074 | Val loss: 0.0068
2026-01-10 11:26:13.590232 | Epoch:8803 | LR: 0.0000273 | Loss : 0.0071 | Val loss: 0.0073
2026-01-10 11:26:17.960897 | Epoch:8804 | LR: 0.0000273 | Loss : 0.0077 | Val loss: 0.0079
2026-01-10 11:26:22.341165 | Epoch:8805 | LR: 0.0000273 | Loss : 0.0075 | Val loss: 0.0078
2026-01-10 11:26:26.654653 | Epoch:8806 | LR: 0.0000274 | Loss : 0.0072 | Val loss: 0.0075
2026-01-10 11:26:30.945529 | Epoch:8807 | LR: 0.0000274 | Loss : 0.0075 | Val loss: 0.0073
2026-01-10 11:26:35.187976 | Epoch:8808 | LR: 0.0000274 | Loss : 0.0076 | Val loss: 0.0073
2026-01-10 11:26:39.479316 | Epoch:8809 | LR: 0.0000274 | Loss : 0.0071 | Val loss: 0.0071
2026-01-10 11:26:43.697982 | Epoch:8810 | LR: 0.0000275 | Loss : 0.0074 | Val loss: 0.0072
2026-01-10 11:26:47.942714 | Epoch:8811 | LR: 0.0000275 | Loss : 0.0069 | Val loss: 0.0074
2026-01-10 11:26:52.539495 | Epoch:8812 | LR: 0.0000275 | Loss : 0.0080 | Val loss: 0.0081
2026-01-10 11:26:56.807557 | Epoch:8813 | LR: 0.0000276 | Loss : 0.0087 | Val loss: 0.0084
2026-01-10 11:27:01.099782 | Epoch:8814 | LR: 0.0000276 | Loss : 0.0083 | Val loss: 0.0076
2026-01-10 11:27:05.438283 | Epoch:8815 | LR: 0.0000276 | Loss : 0.0079 | Val loss: 0.0076
2026-01-10 11:27:09.783319 | Epoch:8816 | LR: 0.0000277 | Loss : 0.0071 | Val loss: 0.0077
2026-01-10 11:27:14.138846 | Epoch:8817 | LR: 0.0000277 | Loss : 0.0072 | Val loss: 0.0071
2026-01-10 11:27:18.508360 | Epoch:8818 | LR: 0.0000277 | Loss : 0.0071 | Val loss: 0.0066
2026-01-10 11:27:22.884259 | Epoch:8819 | LR: 0.0000278 | Loss : 0.0076 | Val loss: 0.0077
2026-01-10 11:27:27.248957 | Epoch:8820 | LR: 0.0000278 | Loss : 0.0070 | Val loss: 0.0069
2026-01-10 11:27:31.598877 | Epoch:8821 | LR: 0.0000278 | Loss : 0.0067 | Val loss: 0.0064
2026-01-10 11:27:35.946317 | Epoch:8822 | LR: 0.0000279 | Loss : 0.0067 | Val loss: 0.0073
2026-01-10 11:27:40.261899 | Epoch:8823 | LR: 0.0000279 | Loss : 0.0067 | Val loss: 0.0070
2026-01-10 11:27:44.483374 | Epoch:8824 | LR: 0.0000279 | Loss : 0.0070 | Val loss: 0.0071
2026-01-10 11:27:48.621668 | Epoch:8825 | LR: 0.0000280 | Loss : 0.0073 | Val loss: 0.0067
2026-01-10 11:27:52.890998 | Epoch:8826 | LR: 0.0000280 | Loss : 0.0072 | Val loss: 0.0075
2026-01-10 11:27:57.785635 | Epoch:8827 | LR: 0.0000280 | Loss : 0.0073 | Val loss: 0.0072
2026-01-10 11:28:02.376646 | Epoch:8828 | LR: 0.0000280 | Loss : 0.0067 | Val loss: 0.0070
2026-01-10 11:28:06.660863 | Epoch:8829 | LR: 0.0000281 | Loss : 0.0073 | Val loss: 0.0070
2026-01-10 11:28:11.700495 | Epoch:8830 | LR: 0.0000281 | Loss : 0.0070 | Val loss: 0.0076
2026-01-10 11:28:16.067092 | Epoch:8831 | LR: 0.0000281 | Loss : 0.0072 | Val loss: 0.0078
2026-01-10 11:28:20.450742 | Epoch:8832 | LR: 0.0000282 | Loss : 0.0073 | Val loss: 0.0070
2026-01-10 11:28:24.818490 | Epoch:8833 | LR: 0.0000282 | Loss : 0.0076 | Val loss: 0.0066
2026-01-10 11:28:29.180256 | Epoch:8834 | LR: 0.0000282 | Loss : 0.0074 | Val loss: 0.0075
2026-01-10 11:28:33.634558 | Epoch:8835 | LR: 0.0000283 | Loss : 0.0079 | Val loss: 0.0085
2026-01-10 11:28:37.987453 | Epoch:8836 | LR: 0.0000283 | Loss : 0.0081 | Val loss: 0.0075
2026-01-10 11:28:42.320504 | Epoch:8837 | LR: 0.0000283 | Loss : 0.0081 | Val loss: 0.0081
2026-01-10 11:28:46.623039 | Epoch:8838 | LR: 0.0000284 | Loss : 0.0071 | Val loss: 0.0082
2026-01-10 11:28:50.853838 | Epoch:8839 | LR: 0.0000284 | Loss : 0.0077 | Val loss: 0.0081
2026-01-10 11:28:55.157283 | Epoch:8840 | LR: 0.0000284 | Loss : 0.0078 | Val loss: 0.0078
2026-01-10 11:28:59.382120 | Epoch:8841 | LR: 0.0000285 | Loss : 0.0080 | Val loss: 0.0073
2026-01-10 11:29:03.783522 | Epoch:8842 | LR: 0.0000285 | Loss : 0.0078 | Val loss: 0.0080
2026-01-10 11:29:08.141083 | Epoch:8843 | LR: 0.0000285 | Loss : 0.0075 | Val loss: 0.0070
2026-01-10 11:29:12.468834 | Epoch:8844 | LR: 0.0000285 | Loss : 0.0069 | Val loss: 0.0076
2026-01-10 11:29:16.790050 | Epoch:8845 | LR: 0.0000286 | Loss : 0.0072 | Val loss: 0.0068
2026-01-10 11:29:21.168762 | Epoch:8846 | LR: 0.0000286 | Loss : 0.0075 | Val loss: 0.0068
2026-01-10 11:29:25.541842 | Epoch:8847 | LR: 0.0000286 | Loss : 0.0069 | Val loss: 0.0070
2026-01-10 11:29:29.912256 | Epoch:8848 | LR: 0.0000287 | Loss : 0.0077 | Val loss: 0.0075
2026-01-10 11:29:34.296495 | Epoch:8849 | LR: 0.0000287 | Loss : 0.0072 | Val loss: 0.0071
2026-01-10 11:29:38.636387 | Epoch:8850 | LR: 0.0000287 | Loss : 0.0074 | Val loss: 0.0072
2026-01-10 11:29:42.992966 | Epoch:8851 | LR: 0.0000288 | Loss : 0.0069 | Val loss: 0.0075
2026-01-10 11:29:47.293169 | Epoch:8852 | LR: 0.0000288 | Loss : 0.0071 | Val loss: 0.0070
2026-01-10 11:29:51.636761 | Epoch:8853 | LR: 0.0000288 | Loss : 0.0072 | Val loss: 0.0068
2026-01-10 11:29:55.861271 | Epoch:8854 | LR: 0.0000289 | Loss : 0.0069 | Val loss: 0.0070
2026-01-10 11:30:00.121938 | Epoch:8855 | LR: 0.0000289 | Loss : 0.0072 | Val loss: 0.0083
2026-01-10 11:30:04.415073 | Epoch:8856 | LR: 0.0000289 | Loss : 0.0076 | Val loss: 0.0076
2026-01-10 11:30:08.789668 | Epoch:8857 | LR: 0.0000289 | Loss : 0.0073 | Val loss: 0.0072
2026-01-10 11:30:13.070832 | Epoch:8858 | LR: 0.0000290 | Loss : 0.0080 | Val loss: 0.0081
2026-01-10 11:30:17.417068 | Epoch:8859 | LR: 0.0000290 | Loss : 0.0076 | Val loss: 0.0080
2026-01-10 11:30:21.771742 | Epoch:8860 | LR: 0.0000290 | Loss : 0.0072 | Val loss: 0.0081
2026-01-10 11:30:26.146101 | Epoch:8861 | LR: 0.0000291 | Loss : 0.0074 | Val loss: 0.0076
2026-01-10 11:30:30.546152 | Epoch:8862 | LR: 0.0000291 | Loss : 0.0074 | Val loss: 0.0076
2026-01-10 11:30:34.933975 | Epoch:8863 | LR: 0.0000291 | Loss : 0.0075 | Val loss: 0.0072
2026-01-10 11:30:39.457768 | Epoch:8864 | LR: 0.0000292 | Loss : 0.0083 | Val loss: 0.0084
2026-01-10 11:30:43.831219 | Epoch:8865 | LR: 0.0000292 | Loss : 0.0077 | Val loss: 0.0077
2026-01-10 11:30:48.169991 | Epoch:8866 | LR: 0.0000292 | Loss : 0.0078 | Val loss: 0.0075
2026-01-10 11:30:52.468347 | Epoch:8867 | LR: 0.0000293 | Loss : 0.0074 | Val loss: 0.0074
2026-01-10 11:30:56.824297 | Epoch:8868 | LR: 0.0000293 | Loss : 0.0076 | Val loss: 0.0075
2026-01-10 11:31:01.058207 | Epoch:8869 | LR: 0.0000293 | Loss : 0.0075 | Val loss: 0.0077
2026-01-10 11:31:05.654667 | Epoch:8870 | LR: 0.0000294 | Loss : 0.0072 | Val loss: 0.0078
2026-01-10 11:31:09.884305 | Epoch:8871 | LR: 0.0000294 | Loss : 0.0081 | Val loss: 0.0075
2026-01-10 11:31:14.300385 | Epoch:8872 | LR: 0.0000294 | Loss : 0.0074 | Val loss: 0.0074
2026-01-10 11:31:18.591678 | Epoch:8873 | LR: 0.0000294 | Loss : 0.0075 | Val loss: 0.0075
2026-01-10 11:31:22.870060 | Epoch:8874 | LR: 0.0000295 | Loss : 0.0076 | Val loss: 0.0068
2026-01-10 11:31:27.157524 | Epoch:8875 | LR: 0.0000295 | Loss : 0.0070 | Val loss: 0.0077
2026-01-10 11:31:31.568239 | Epoch:8876 | LR: 0.0000295 | Loss : 0.0067 | Val loss: 0.0072
2026-01-10 11:31:36.163291 | Epoch:8877 | LR: 0.0000296 | Loss : 0.0070 | Val loss: 0.0064
2026-01-10 11:31:40.571633 | Epoch:8878 | LR: 0.0000296 | Loss : 0.0073 | Val loss: 0.0072
2026-01-10 11:31:44.920621 | Epoch:8879 | LR: 0.0000296 | Loss : 0.0072 | Val loss: 0.0072
2026-01-10 11:31:49.297722 | Epoch:8880 | LR: 0.0000297 | Loss : 0.0073 | Val loss: 0.0073
2026-01-10 11:31:53.740106 | Epoch:8881 | LR: 0.0000297 | Loss : 0.0069 | Val loss: 0.0072
2026-01-10 11:31:58.017399 | Epoch:8882 | LR: 0.0000297 | Loss : 0.0073 | Val loss: 0.0069
2026-01-10 11:32:02.303363 | Epoch:8883 | LR: 0.0000298 | Loss : 0.0074 | Val loss: 0.0073
2026-01-10 11:32:06.586046 | Epoch:8884 | LR: 0.0000298 | Loss : 0.0072 | Val loss: 0.0066
2026-01-10 11:32:10.832865 | Epoch:8885 | LR: 0.0000298 | Loss : 0.0073 | Val loss: 0.0071
2026-01-10 11:32:15.105149 | Epoch:8886 | LR: 0.0000298 | Loss : 0.0074 | Val loss: 0.0076
2026-01-10 11:32:19.543255 | Epoch:8887 | LR: 0.0000299 | Loss : 0.0074 | Val loss: 0.0067
2026-01-10 11:32:23.888489 | Epoch:8888 | LR: 0.0000299 | Loss : 0.0079 | Val loss: 0.0071
2026-01-10 11:32:28.225152 | Epoch:8889 | LR: 0.0000299 | Loss : 0.0076 | Val loss: 0.0078
2026-01-10 11:32:32.553933 | Epoch:8890 | LR: 0.0000300 | Loss : 0.0077 | Val loss: 0.0081
2026-01-10 11:32:36.918544 | Epoch:8891 | LR: 0.0000300 | Loss : 0.0082 | Val loss: 0.0070
2026-01-10 11:32:41.349067 | Epoch:8892 | LR: 0.0000300 | Loss : 0.0072 | Val loss: 0.0072
2026-01-10 11:32:45.784819 | Epoch:8893 | LR: 0.0000301 | Loss : 0.0075 | Val loss: 0.0075
2026-01-10 11:32:50.162849 | Epoch:8894 | LR: 0.0000301 | Loss : 0.0070 | Val loss: 0.0075
2026-01-10 11:32:54.585709 | Epoch:8895 | LR: 0.0000301 | Loss : 0.0073 | Val loss: 0.0075
2026-01-10 11:32:58.861069 | Epoch:8896 | LR: 0.0000302 | Loss : 0.0069 | Val loss: 0.0068
2026-01-10 11:33:03.035524 | Epoch:8897 | LR: 0.0000302 | Loss : 0.0074 | Val loss: 0.0076
2026-01-10 11:33:07.176421 | Epoch:8898 | LR: 0.0000302 | Loss : 0.0070 | Val loss: 0.0070
2026-01-10 11:33:11.851879 | Epoch:8899 | LR: 0.0000303 | Loss : 0.0069 | Val loss: 0.0075
2026-01-10 11:33:16.353807 | Epoch:8900 | LR: 0.0000303 | Loss : 0.0073 | Val loss: 0.0070
2026-01-10 11:33:20.818939 | Epoch:8901 | LR: 0.0000303 | Loss : 0.0073 | Val loss: 0.0073
2026-01-10 11:33:25.370839 | Epoch:8902 | LR: 0.0000303 | Loss : 0.0073 | Val loss: 0.0075
2026-01-10 11:33:30.114219 | Epoch:8903 | LR: 0.0000304 | Loss : 0.0071 | Val loss: 0.0078
2026-01-10 11:33:34.463042 | Epoch:8904 | LR: 0.0000304 | Loss : 0.0074 | Val loss: 0.0074
2026-01-10 11:33:38.831860 | Epoch:8905 | LR: 0.0000304 | Loss : 0.0075 | Val loss: 0.0072
2026-01-10 11:33:43.172407 | Epoch:8906 | LR: 0.0000305 | Loss : 0.0076 | Val loss: 0.0070
2026-01-10 11:33:47.541301 | Epoch:8907 | LR: 0.0000305 | Loss : 0.0076 | Val loss: 0.0070
2026-01-10 11:33:51.899122 | Epoch:8908 | LR: 0.0000305 | Loss : 0.0074 | Val loss: 0.0080
2026-01-10 11:33:56.240688 | Epoch:8909 | LR: 0.0000306 | Loss : 0.0074 | Val loss: 0.0070
2026-01-10 11:34:00.850988 | Epoch:8910 | LR: 0.0000306 | Loss : 0.0076 | Val loss: 0.0076
2026-01-10 11:34:05.177919 | Epoch:8911 | LR: 0.0000306 | Loss : 0.0075 | Val loss: 0.0068
2026-01-10 11:34:09.458509 | Epoch:8912 | LR: 0.0000307 | Loss : 0.0068 | Val loss: 0.0072
2026-01-10 11:34:13.758782 | Epoch:8913 | LR: 0.0000307 | Loss : 0.0077 | Val loss: 0.0070
2026-01-10 11:34:17.984969 | Epoch:8914 | LR: 0.0000307 | Loss : 0.0071 | Val loss: 0.0072
2026-01-10 11:34:22.220662 | Epoch:8915 | LR: 0.0000307 | Loss : 0.0069 | Val loss: 0.0077
2026-01-10 11:34:26.631147 | Epoch:8916 | LR: 0.0000308 | Loss : 0.0069 | Val loss: 0.0074
2026-01-10 11:34:30.974467 | Epoch:8917 | LR: 0.0000308 | Loss : 0.0077 | Val loss: 0.0070
2026-01-10 11:34:35.302409 | Epoch:8918 | LR: 0.0000308 | Loss : 0.0075 | Val loss: 0.0075
2026-01-10 11:34:39.886782 | Epoch:8919 | LR: 0.0000309 | Loss : 0.0074 | Val loss: 0.0081
2026-01-10 11:34:44.260669 | Epoch:8920 | LR: 0.0000309 | Loss : 0.0075 | Val loss: 0.0076
2026-01-10 11:34:48.636207 | Epoch:8921 | LR: 0.0000309 | Loss : 0.0070 | Val loss: 0.0073
2026-01-10 11:34:53.052205 | Epoch:8922 | LR: 0.0000310 | Loss : 0.0074 | Val loss: 0.0073
2026-01-10 11:34:57.441482 | Epoch:8923 | LR: 0.0000310 | Loss : 0.0072 | Val loss: 0.0072
2026-01-10 11:35:01.821145 | Epoch:8924 | LR: 0.0000310 | Loss : 0.0074 | Val loss: 0.0070
2026-01-10 11:35:06.224257 | Epoch:8925 | LR: 0.0000310 | Loss : 0.0072 | Val loss: 0.0077
2026-01-10 11:35:10.563044 | Epoch:8926 | LR: 0.0000311 | Loss : 0.0073 | Val loss: 0.0067
2026-01-10 11:35:14.902637 | Epoch:8927 | LR: 0.0000311 | Loss : 0.0073 | Val loss: 0.0077
2026-01-10 11:35:19.088847 | Epoch:8928 | LR: 0.0000311 | Loss : 0.0074 | Val loss: 0.0071
2026-01-10 11:35:23.319524 | Epoch:8929 | LR: 0.0000312 | Loss : 0.0073 | Val loss: 0.0074
2026-01-10 11:35:27.537423 | Epoch:8930 | LR: 0.0000312 | Loss : 0.0074 | Val loss: 0.0080
2026-01-10 11:35:31.920414 | Epoch:8931 | LR: 0.0000312 | Loss : 0.0073 | Val loss: 0.0072
2026-01-10 11:35:36.191530 | Epoch:8932 | LR: 0.0000313 | Loss : 0.0076 | Val loss: 0.0075
2026-01-10 11:35:40.488028 | Epoch:8933 | LR: 0.0000313 | Loss : 0.0073 | Val loss: 0.0077
2026-01-10 11:35:44.802504 | Epoch:8934 | LR: 0.0000313 | Loss : 0.0074 | Val loss: 0.0069
2026-01-10 11:35:49.097599 | Epoch:8935 | LR: 0.0000314 | Loss : 0.0071 | Val loss: 0.0073
2026-01-10 11:35:53.431034 | Epoch:8936 | LR: 0.0000314 | Loss : 0.0074 | Val loss: 0.0072
2026-01-10 11:35:57.797180 | Epoch:8937 | LR: 0.0000314 | Loss : 0.0068 | Val loss: 0.0070
2026-01-10 11:36:02.139936 | Epoch:8938 | LR: 0.0000314 | Loss : 0.0074 | Val loss: 0.0074
2026-01-10 11:36:06.509193 | Epoch:8939 | LR: 0.0000315 | Loss : 0.0084 | Val loss: 0.0092
2026-01-10 11:36:10.828278 | Epoch:8940 | LR: 0.0000315 | Loss : 0.0082 | Val loss: 0.0075
2026-01-10 11:36:15.115346 | Epoch:8941 | LR: 0.0000315 | Loss : 0.0077 | Val loss: 0.0079
2026-01-10 11:36:19.392488 | Epoch:8942 | LR: 0.0000316 | Loss : 0.0080 | Val loss: 0.0077
2026-01-10 11:36:23.613012 | Epoch:8943 | LR: 0.0000316 | Loss : 0.0080 | Val loss: 0.0080
2026-01-10 11:36:27.826197 | Epoch:8944 | LR: 0.0000316 | Loss : 0.0074 | Val loss: 0.0077
2026-01-10 11:36:32.052222 | Epoch:8945 | LR: 0.0000317 | Loss : 0.0075 | Val loss: 0.0077
2026-01-10 11:36:36.419598 | Epoch:8946 | LR: 0.0000317 | Loss : 0.0068 | Val loss: 0.0069
2026-01-10 11:36:40.757255 | Epoch:8947 | LR: 0.0000317 | Loss : 0.0070 | Val loss: 0.0072
2026-01-10 11:36:45.052568 | Epoch:8948 | LR: 0.0000317 | Loss : 0.0068 | Val loss: 0.0069
2026-01-10 11:36:49.412141 | Epoch:8949 | LR: 0.0000318 | Loss : 0.0070 | Val loss: 0.0067
2026-01-10 11:36:54.049248 | Epoch:8950 | LR: 0.0000318 | Loss : 0.0070 | Val loss: 0.0069
2026-01-10 11:36:58.432486 | Epoch:8951 | LR: 0.0000318 | Loss : 0.0068 | Val loss: 0.0066
2026-01-10 11:37:02.811740 | Epoch:8952 | LR: 0.0000319 | Loss : 0.0068 | Val loss: 0.0063
2026-01-10 11:37:07.153914 | Epoch:8953 | LR: 0.0000319 | Loss : 0.0067 | Val loss: 0.0071
2026-01-10 11:37:11.481005 | Epoch:8954 | LR: 0.0000319 | Loss : 0.0070 | Val loss: 0.0076
2026-01-10 11:37:15.888886 | Epoch:8955 | LR: 0.0000320 | Loss : 0.0072 | Val loss: 0.0070
2026-01-10 11:37:20.133069 | Epoch:8956 | LR: 0.0000320 | Loss : 0.0079 | Val loss: 0.0079
2026-01-10 11:37:24.442325 | Epoch:8957 | LR: 0.0000320 | Loss : 0.0075 | Val loss: 0.0072
2026-01-10 11:37:28.652661 | Epoch:8958 | LR: 0.0000321 | Loss : 0.0074 | Val loss: 0.0081
2026-01-10 11:37:32.881166 | Epoch:8959 | LR: 0.0000321 | Loss : 0.0071 | Val loss: 0.0072
2026-01-10 11:37:37.136095 | Epoch:8960 | LR: 0.0000321 | Loss : 0.0074 | Val loss: 0.0073
2026-01-10 11:37:41.464551 | Epoch:8961 | LR: 0.0000321 | Loss : 0.0072 | Val loss: 0.0077
2026-01-10 11:37:45.773480 | Epoch:8962 | LR: 0.0000322 | Loss : 0.0076 | Val loss: 0.0077
2026-01-10 11:37:50.059568 | Epoch:8963 | LR: 0.0000322 | Loss : 0.0074 | Val loss: 0.0067
2026-01-10 11:37:54.372697 | Epoch:8964 | LR: 0.0000322 | Loss : 0.0075 | Val loss: 0.0072
2026-01-10 11:37:58.690604 | Epoch:8965 | LR: 0.0000323 | Loss : 0.0074 | Val loss: 0.0067
2026-01-10 11:38:03.006949 | Epoch:8966 | LR: 0.0000323 | Loss : 0.0074 | Val loss: 0.0075
2026-01-10 11:38:07.337985 | Epoch:8967 | LR: 0.0000323 | Loss : 0.0074 | Val loss: 0.0072
2026-01-10 11:38:11.662728 | Epoch:8968 | LR: 0.0000324 | Loss : 0.0074 | Val loss: 0.0080
2026-01-10 11:38:15.907276 | Epoch:8969 | LR: 0.0000324 | Loss : 0.0077 | Val loss: 0.0082
2026-01-10 11:38:20.106509 | Epoch:8970 | LR: 0.0000324 | Loss : 0.0079 | Val loss: 0.0078
2026-01-10 11:38:24.378740 | Epoch:8971 | LR: 0.0000324 | Loss : 0.0082 | Val loss: 0.0081
2026-01-10 11:38:29.261075 | Epoch:8972 | LR: 0.0000325 | Loss : 0.0079 | Val loss: 0.0080
2026-01-10 11:38:33.691434 | Epoch:8973 | LR: 0.0000325 | Loss : 0.0076 | Val loss: 0.0075
2026-01-10 11:38:37.930084 | Epoch:8974 | LR: 0.0000325 | Loss : 0.0076 | Val loss: 0.0074
2026-01-10 11:38:42.610055 | Epoch:8975 | LR: 0.0000326 | Loss : 0.0073 | Val loss: 0.0075
2026-01-10 11:38:47.009998 | Epoch:8976 | LR: 0.0000326 | Loss : 0.0072 | Val loss: 0.0073
2026-01-10 11:38:51.318564 | Epoch:8977 | LR: 0.0000326 | Loss : 0.0071 | Val loss: 0.0070
2026-01-10 11:38:55.653328 | Epoch:8978 | LR: 0.0000327 | Loss : 0.0077 | Val loss: 0.0071
2026-01-10 11:39:00.007535 | Epoch:8979 | LR: 0.0000327 | Loss : 0.0077 | Val loss: 0.0075
2026-01-10 11:39:04.365147 | Epoch:8980 | LR: 0.0000327 | Loss : 0.0076 | Val loss: 0.0079
2026-01-10 11:39:08.731779 | Epoch:8981 | LR: 0.0000327 | Loss : 0.0078 | Val loss: 0.0077
2026-01-10 11:39:13.113333 | Epoch:8982 | LR: 0.0000328 | Loss : 0.0071 | Val loss: 0.0074
2026-01-10 11:39:17.525228 | Epoch:8983 | LR: 0.0000328 | Loss : 0.0073 | Val loss: 0.0072
2026-01-10 11:39:22.116413 | Epoch:8984 | LR: 0.0000328 | Loss : 0.0076 | Val loss: 0.0071
2026-01-10 11:39:26.495893 | Epoch:8985 | LR: 0.0000329 | Loss : 0.0074 | Val loss: 0.0072
2026-01-10 11:39:30.830590 | Epoch:8986 | LR: 0.0000329 | Loss : 0.0071 | Val loss: 0.0073
2026-01-10 11:39:35.076547 | Epoch:8987 | LR: 0.0000329 | Loss : 0.0070 | Val loss: 0.0065
2026-01-10 11:39:39.381312 | Epoch:8988 | LR: 0.0000330 | Loss : 0.0072 | Val loss: 0.0066
2026-01-10 11:39:43.619733 | Epoch:8989 | LR: 0.0000330 | Loss : 0.0071 | Val loss: 0.0065
2026-01-10 11:39:48.176775 | Epoch:8990 | LR: 0.0000330 | Loss : 0.0073 | Val loss: 0.0074
2026-01-10 11:39:52.683101 | Epoch:8991 | LR: 0.0000330 | Loss : 0.0074 | Val loss: 0.0078
2026-01-10 11:39:56.996336 | Epoch:8992 | LR: 0.0000331 | Loss : 0.0081 | Val loss: 0.0076
2026-01-10 11:40:01.370719 | Epoch:8993 | LR: 0.0000331 | Loss : 0.0077 | Val loss: 0.0079
2026-01-10 11:40:05.788528 | Epoch:8994 | LR: 0.0000331 | Loss : 0.0078 | Val loss: 0.0080
2026-01-10 11:40:10.135520 | Epoch:8995 | LR: 0.0000332 | Loss : 0.0077 | Val loss: 0.0069
2026-01-10 11:40:14.525306 | Epoch:8996 | LR: 0.0000332 | Loss : 0.0076 | Val loss: 0.0073
2026-01-10 11:40:18.881484 | Epoch:8997 | LR: 0.0000332 | Loss : 0.0076 | Val loss: 0.0072
2026-01-10 11:40:23.239451 | Epoch:8998 | LR: 0.0000333 | Loss : 0.0080 | Val loss: 0.0069
2026-01-10 11:40:27.595027 | Epoch:8999 | LR: 0.0000333 | Loss : 0.0075 | Val loss: 0.0076
2026-01-10 11:40:31.891500 | Epoch:9000 | LR: 0.0000333 | Loss : 0.0076 | Val loss: 0.0071
2026-01-10 11:40:36.313931 | Epoch:9001 | LR: 0.0000333 | Loss : 0.0080 | Val loss: 0.0077
2026-01-10 11:40:40.625496 | Epoch:9002 | LR: 0.0000334 | Loss : 0.0076 | Val loss: 0.0076
2026-01-10 11:40:44.848068 | Epoch:9003 | LR: 0.0000334 | Loss : 0.0078 | Val loss: 0.0073
2026-01-10 11:40:49.207638 | Epoch:9004 | LR: 0.0000334 | Loss : 0.0075 | Val loss: 0.0073
2026-01-10 11:40:53.515031 | Epoch:9005 | LR: 0.0000335 | Loss : 0.0075 | Val loss: 0.0078
2026-01-10 11:40:57.908485 | Epoch:9006 | LR: 0.0000335 | Loss : 0.0076 | Val loss: 0.0073
2026-01-10 11:41:02.258687 | Epoch:9007 | LR: 0.0000335 | Loss : 0.0072 | Val loss: 0.0075
2026-01-10 11:41:06.601382 | Epoch:9008 | LR: 0.0000335 | Loss : 0.0071 | Val loss: 0.0075
2026-01-10 11:41:11.014644 | Epoch:9009 | LR: 0.0000336 | Loss : 0.0070 | Val loss: 0.0077
2026-01-10 11:41:15.394206 | Epoch:9010 | LR: 0.0000336 | Loss : 0.0074 | Val loss: 0.0074
2026-01-10 11:41:19.778567 | Epoch:9011 | LR: 0.0000336 | Loss : 0.0073 | Val loss: 0.0071
2026-01-10 11:41:24.217664 | Epoch:9012 | LR: 0.0000337 | Loss : 0.0069 | Val loss: 0.0073
2026-01-10 11:41:28.584388 | Epoch:9013 | LR: 0.0000337 | Loss : 0.0072 | Val loss: 0.0063
2026-01-10 11:41:32.951777 | Epoch:9014 | LR: 0.0000337 | Loss : 0.0076 | Val loss: 0.0073
2026-01-10 11:41:37.346790 | Epoch:9015 | LR: 0.0000338 | Loss : 0.0070 | Val loss: 0.0077
2026-01-10 11:41:41.684868 | Epoch:9016 | LR: 0.0000338 | Loss : 0.0074 | Val loss: 0.0075
2026-01-10 11:41:45.986097 | Epoch:9017 | LR: 0.0000338 | Loss : 0.0074 | Val loss: 0.0076
2026-01-10 11:41:50.248816 | Epoch:9018 | LR: 0.0000338 | Loss : 0.0073 | Val loss: 0.0073
2026-01-10 11:41:54.583424 | Epoch:9019 | LR: 0.0000339 | Loss : 0.0071 | Val loss: 0.0071
2026-01-10 11:41:58.901117 | Epoch:9020 | LR: 0.0000339 | Loss : 0.0076 | Val loss: 0.0078
2026-01-10 11:42:03.261454 | Epoch:9021 | LR: 0.0000339 | Loss : 0.0070 | Val loss: 0.0081
2026-01-10 11:42:07.696159 | Epoch:9022 | LR: 0.0000340 | Loss : 0.0073 | Val loss: 0.0068
2026-01-10 11:42:11.983138 | Epoch:9023 | LR: 0.0000340 | Loss : 0.0079 | Val loss: 0.0073
2026-01-10 11:42:16.275911 | Epoch:9024 | LR: 0.0000340 | Loss : 0.0073 | Val loss: 0.0078
2026-01-10 11:42:20.704324 | Epoch:9025 | LR: 0.0000341 | Loss : 0.0074 | Val loss: 0.0083
2026-01-10 11:42:25.414248 | Epoch:9026 | LR: 0.0000341 | Loss : 0.0074 | Val loss: 0.0075
2026-01-10 11:42:29.747992 | Epoch:9027 | LR: 0.0000341 | Loss : 0.0072 | Val loss: 0.0075
2026-01-10 11:42:34.082253 | Epoch:9028 | LR: 0.0000341 | Loss : 0.0071 | Val loss: 0.0070
2026-01-10 11:42:38.467083 | Epoch:9029 | LR: 0.0000342 | Loss : 0.0069 | Val loss: 0.0067
2026-01-10 11:42:43.268613 | Epoch:9030 | LR: 0.0000342 | Loss : 0.0071 | Val loss: 0.0068
2026-01-10 11:42:47.601689 | Epoch:9031 | LR: 0.0000342 | Loss : 0.0072 | Val loss: 0.0068
2026-01-10 11:42:51.889824 | Epoch:9032 | LR: 0.0000343 | Loss : 0.0071 | Val loss: 0.0069
2026-01-10 11:42:56.153786 | Epoch:9033 | LR: 0.0000343 | Loss : 0.0069 | Val loss: 0.0074
2026-01-10 11:43:00.437593 | Epoch:9034 | LR: 0.0000343 | Loss : 0.0071 | Val loss: 0.0079
2026-01-10 11:43:04.771946 | Epoch:9035 | LR: 0.0000343 | Loss : 0.0067 | Val loss: 0.0077
2026-01-10 11:43:09.102836 | Epoch:9036 | LR: 0.0000344 | Loss : 0.0073 | Val loss: 0.0074
2026-01-10 11:43:13.426670 | Epoch:9037 | LR: 0.0000344 | Loss : 0.0074 | Val loss: 0.0080
2026-01-10 11:43:17.908679 | Epoch:9038 | LR: 0.0000344 | Loss : 0.0082 | Val loss: 0.0078
2026-01-10 11:43:22.236035 | Epoch:9039 | LR: 0.0000345 | Loss : 0.0083 | Val loss: 0.0089
2026-01-10 11:43:26.630159 | Epoch:9040 | LR: 0.0000345 | Loss : 0.0091 | Val loss: 0.0106
2026-01-10 11:43:30.935786 | Epoch:9041 | LR: 0.0000345 | Loss : 0.0096 | Val loss: 0.0098
2026-01-10 11:43:35.200643 | Epoch:9042 | LR: 0.0000345 | Loss : 0.0091 | Val loss: 0.0093
2026-01-10 11:43:39.553104 | Epoch:9043 | LR: 0.0000346 | Loss : 0.0090 | Val loss: 0.0084
2026-01-10 11:43:44.669560 | Epoch:9044 | LR: 0.0000346 | Loss : 0.0086 | Val loss: 0.0085
2026-01-10 11:43:49.276596 | Epoch:9045 | LR: 0.0000346 | Loss : 0.0095 | Val loss: 0.0083
2026-01-10 11:43:53.556687 | Epoch:9046 | LR: 0.0000347 | Loss : 0.0079 | Val loss: 0.0080
2026-01-10 11:43:58.325060 | Epoch:9047 | LR: 0.0000347 | Loss : 0.0077 | Val loss: 0.0074
2026-01-10 11:44:02.789531 | Epoch:9048 | LR: 0.0000347 | Loss : 0.0073 | Val loss: 0.0074
2026-01-10 11:44:07.105704 | Epoch:9049 | LR: 0.0000348 | Loss : 0.0073 | Val loss: 0.0065
2026-01-10 11:44:11.482447 | Epoch:9050 | LR: 0.0000348 | Loss : 0.0075 | Val loss: 0.0068
2026-01-10 11:44:15.857021 | Epoch:9051 | LR: 0.0000348 | Loss : 0.0072 | Val loss: 0.0073
2026-01-10 11:44:20.275233 | Epoch:9052 | LR: 0.0000348 | Loss : 0.0069 | Val loss: 0.0063
2026-01-10 11:44:24.815400 | Epoch:9053 | LR: 0.0000349 | Loss : 0.0062 | Val loss: 0.0067
2026-01-10 11:44:29.223851 | Epoch:9054 | LR: 0.0000349 | Loss : 0.0074 | Val loss: 0.0069
2026-01-10 11:44:33.652107 | Epoch:9055 | LR: 0.0000349 | Loss : 0.0067 | Val loss: 0.0069
2026-01-10 11:44:38.041982 | Epoch:9056 | LR: 0.0000350 | Loss : 0.0069 | Val loss: 0.0075
2026-01-10 11:44:42.379257 | Epoch:9057 | LR: 0.0000350 | Loss : 0.0072 | Val loss: 0.0064
2026-01-10 11:44:46.741728 | Epoch:9058 | LR: 0.0000350 | Loss : 0.0069 | Val loss: 0.0076
2026-01-10 11:44:51.109897 | Epoch:9059 | LR: 0.0000350 | Loss : 0.0067 | Val loss: 0.0071
2026-01-10 11:44:55.471304 | Epoch:9060 | LR: 0.0000351 | Loss : 0.0066 | Val loss: 0.0072
2026-01-10 11:44:59.836849 | Epoch:9061 | LR: 0.0000351 | Loss : 0.0070 | Val loss: 0.0070
2026-01-10 11:45:04.194767 | Epoch:9062 | LR: 0.0000351 | Loss : 0.0069 | Val loss: 0.0066
2026-01-10 11:45:08.526431 | Epoch:9063 | LR: 0.0000352 | Loss : 0.0065 | Val loss: 0.0076
2026-01-10 11:45:12.841768 | Epoch:9064 | LR: 0.0000352 | Loss : 0.0075 | Val loss: 0.0084
2026-01-10 11:45:17.180010 | Epoch:9065 | LR: 0.0000352 | Loss : 0.0079 | Val loss: 0.0071
2026-01-10 11:45:21.606990 | Epoch:9066 | LR: 0.0000352 | Loss : 0.0078 | Val loss: 0.0079
2026-01-10 11:45:25.965333 | Epoch:9067 | LR: 0.0000353 | Loss : 0.0075 | Val loss: 0.0076
2026-01-10 11:45:30.450459 | Epoch:9068 | LR: 0.0000353 | Loss : 0.0081 | Val loss: 0.0074
2026-01-10 11:45:34.815000 | Epoch:9069 | LR: 0.0000353 | Loss : 0.0073 | Val loss: 0.0075
2026-01-10 11:45:39.416949 | Epoch:9070 | LR: 0.0000354 | Loss : 0.0075 | Val loss: 0.0068
2026-01-10 11:45:43.778238 | Epoch:9071 | LR: 0.0000354 | Loss : 0.0075 | Val loss: 0.0070
2026-01-10 11:45:48.109438 | Epoch:9072 | LR: 0.0000354 | Loss : 0.0077 | Val loss: 0.0079
2026-01-10 11:45:52.435321 | Epoch:9073 | LR: 0.0000354 | Loss : 0.0083 | Val loss: 0.0077
2026-01-10 11:45:56.785156 | Epoch:9074 | LR: 0.0000355 | Loss : 0.0081 | Val loss: 0.0077
2026-01-10 11:46:01.231114 | Epoch:9075 | LR: 0.0000355 | Loss : 0.0076 | Val loss: 0.0079
2026-01-10 11:46:05.603244 | Epoch:9076 | LR: 0.0000355 | Loss : 0.0070 | Val loss: 0.0073
2026-01-10 11:46:09.957344 | Epoch:9077 | LR: 0.0000356 | Loss : 0.0075 | Val loss: 0.0075
2026-01-10 11:46:14.242309 | Epoch:9078 | LR: 0.0000356 | Loss : 0.0072 | Val loss: 0.0068
2026-01-10 11:46:18.514696 | Epoch:9079 | LR: 0.0000356 | Loss : 0.0072 | Val loss: 0.0065
2026-01-10 11:46:23.175642 | Epoch:9080 | LR: 0.0000356 | Loss : 0.0073 | Val loss: 0.0075
2026-01-10 11:46:27.530204 | Epoch:9081 | LR: 0.0000357 | Loss : 0.0071 | Val loss: 0.0072
2026-01-10 11:46:31.852698 | Epoch:9082 | LR: 0.0000357 | Loss : 0.0070 | Val loss: 0.0067
2026-01-10 11:46:36.321653 | Epoch:9083 | LR: 0.0000357 | Loss : 0.0066 | Val loss: 0.0066
2026-01-10 11:46:40.762220 | Epoch:9084 | LR: 0.0000358 | Loss : 0.0076 | Val loss: 0.0077
2026-01-10 11:46:45.125159 | Epoch:9085 | LR: 0.0000358 | Loss : 0.0078 | Val loss: 0.0073
2026-01-10 11:46:49.410089 | Epoch:9086 | LR: 0.0000358 | Loss : 0.0076 | Val loss: 0.0072
2026-01-10 11:46:53.719016 | Epoch:9087 | LR: 0.0000358 | Loss : 0.0074 | Val loss: 0.0066
2026-01-10 11:46:58.029986 | Epoch:9088 | LR: 0.0000359 | Loss : 0.0068 | Val loss: 0.0073
2026-01-10 11:47:02.377751 | Epoch:9089 | LR: 0.0000359 | Loss : 0.0074 | Val loss: 0.0073
2026-01-10 11:47:06.731548 | Epoch:9090 | LR: 0.0000359 | Loss : 0.0073 | Val loss: 0.0064
2026-01-10 11:47:11.257669 | Epoch:9091 | LR: 0.0000360 | Loss : 0.0074 | Val loss: 0.0070
2026-01-10 11:47:15.613940 | Epoch:9092 | LR: 0.0000360 | Loss : 0.0073 | Val loss: 0.0077
2026-01-10 11:47:19.926075 | Epoch:9093 | LR: 0.0000360 | Loss : 0.0079 | Val loss: 0.0076
2026-01-10 11:47:24.216983 | Epoch:9094 | LR: 0.0000360 | Loss : 0.0074 | Val loss: 0.0071
2026-01-10 11:47:28.537237 | Epoch:9095 | LR: 0.0000361 | Loss : 0.0077 | Val loss: 0.0077
2026-01-10 11:47:32.925374 | Epoch:9096 | LR: 0.0000361 | Loss : 0.0082 | Val loss: 0.0075
2026-01-10 11:47:37.224950 | Epoch:9097 | LR: 0.0000361 | Loss : 0.0076 | Val loss: 0.0077
2026-01-10 11:47:41.702078 | Epoch:9098 | LR: 0.0000362 | Loss : 0.0072 | Val loss: 0.0080
2026-01-10 11:47:46.062843 | Epoch:9099 | LR: 0.0000362 | Loss : 0.0075 | Val loss: 0.0070
2026-01-10 11:47:50.457891 | Epoch:9100 | LR: 0.0000362 | Loss : 0.0082 | Val loss: 0.0075
2026-01-10 11:47:54.937474 | Epoch:9101 | LR: 0.0000362 | Loss : 0.0078 | Val loss: 0.0075
2026-01-10 11:47:59.237656 | Epoch:9102 | LR: 0.0000363 | Loss : 0.0077 | Val loss: 0.0078
2026-01-10 11:48:03.555579 | Epoch:9103 | LR: 0.0000363 | Loss : 0.0075 | Val loss: 0.0072
2026-01-10 11:48:07.891475 | Epoch:9104 | LR: 0.0000363 | Loss : 0.0076 | Val loss: 0.0078
2026-01-10 11:48:12.254860 | Epoch:9105 | LR: 0.0000364 | Loss : 0.0077 | Val loss: 0.0070
2026-01-10 11:48:16.619182 | Epoch:9106 | LR: 0.0000364 | Loss : 0.0071 | Val loss: 0.0072
2026-01-10 11:48:20.952356 | Epoch:9107 | LR: 0.0000364 | Loss : 0.0076 | Val loss: 0.0068
2026-01-10 11:48:25.245618 | Epoch:9108 | LR: 0.0000364 | Loss : 0.0074 | Val loss: 0.0075
2026-01-10 11:48:29.514531 | Epoch:9109 | LR: 0.0000365 | Loss : 0.0076 | Val loss: 0.0077
2026-01-10 11:48:34.006201 | Epoch:9110 | LR: 0.0000365 | Loss : 0.0079 | Val loss: 0.0080
2026-01-10 11:48:38.277021 | Epoch:9111 | LR: 0.0000365 | Loss : 0.0075 | Val loss: 0.0070
2026-01-10 11:48:42.610728 | Epoch:9112 | LR: 0.0000365 | Loss : 0.0074 | Val loss: 0.0069
2026-01-10 11:48:46.918113 | Epoch:9113 | LR: 0.0000366 | Loss : 0.0068 | Val loss: 0.0064
2026-01-10 11:48:51.141960 | Epoch:9114 | LR: 0.0000366 | Loss : 0.0073 | Val loss: 0.0072
2026-01-10 11:48:55.631015 | Epoch:9115 | LR: 0.0000366 | Loss : 0.0072 | Val loss: 0.0072
2026-01-10 11:49:00.728209 | Epoch:9116 | LR: 0.0000367 | Loss : 0.0069 | Val loss: 0.0065
2026-01-10 11:49:05.305354 | Epoch:9117 | LR: 0.0000367 | Loss : 0.0069 | Val loss: 0.0067
2026-01-10 11:49:09.506164 | Epoch:9118 | LR: 0.0000367 | Loss : 0.0069 | Val loss: 0.0065
2026-01-10 11:49:14.266264 | Epoch:9119 | LR: 0.0000367 | Loss : 0.0066 | Val loss: 0.0064
2026-01-10 11:49:18.626199 | Epoch:9120 | LR: 0.0000368 | Loss : 0.0069 | Val loss: 0.0071
2026-01-10 11:49:22.972665 | Epoch:9121 | LR: 0.0000368 | Loss : 0.0069 | Val loss: 0.0073
2026-01-10 11:49:27.271809 | Epoch:9122 | LR: 0.0000368 | Loss : 0.0070 | Val loss: 0.0072
2026-01-10 11:49:31.604573 | Epoch:9123 | LR: 0.0000369 | Loss : 0.0074 | Val loss: 0.0074
2026-01-10 11:49:36.000909 | Epoch:9124 | LR: 0.0000369 | Loss : 0.0074 | Val loss: 0.0073
2026-01-10 11:49:40.298962 | Epoch:9125 | LR: 0.0000369 | Loss : 0.0077 | Val loss: 0.0076
2026-01-10 11:49:44.631703 | Epoch:9126 | LR: 0.0000369 | Loss : 0.0079 | Val loss: 0.0086
2026-01-10 11:49:49.066305 | Epoch:9127 | LR: 0.0000370 | Loss : 0.0085 | Val loss: 0.0084
2026-01-10 11:49:53.399957 | Epoch:9128 | LR: 0.0000370 | Loss : 0.0075 | Val loss: 0.0083
2026-01-10 11:49:57.722105 | Epoch:9129 | LR: 0.0000370 | Loss : 0.0078 | Val loss: 0.0072
2026-01-10 11:50:02.065363 | Epoch:9130 | LR: 0.0000370 | Loss : 0.0080 | Val loss: 0.0086
2026-01-10 11:50:06.405378 | Epoch:9131 | LR: 0.0000371 | Loss : 0.0080 | Val loss: 0.0075
2026-01-10 11:50:10.712373 | Epoch:9132 | LR: 0.0000371 | Loss : 0.0076 | Val loss: 0.0075
2026-01-10 11:50:15.285449 | Epoch:9133 | LR: 0.0000371 | Loss : 0.0073 | Val loss: 0.0075
2026-01-10 11:50:19.669002 | Epoch:9134 | LR: 0.0000372 | Loss : 0.0073 | Val loss: 0.0074
2026-01-10 11:50:24.026005 | Epoch:9135 | LR: 0.0000372 | Loss : 0.0076 | Val loss: 0.0079
2026-01-10 11:50:28.380883 | Epoch:9136 | LR: 0.0000372 | Loss : 0.0074 | Val loss: 0.0072
2026-01-10 11:50:32.702046 | Epoch:9137 | LR: 0.0000372 | Loss : 0.0075 | Val loss: 0.0073
2026-01-10 11:50:36.979104 | Epoch:9138 | LR: 0.0000373 | Loss : 0.0075 | Val loss: 0.0075
2026-01-10 11:50:41.206966 | Epoch:9139 | LR: 0.0000373 | Loss : 0.0073 | Val loss: 0.0071
2026-01-10 11:50:45.547102 | Epoch:9140 | LR: 0.0000373 | Loss : 0.0073 | Val loss: 0.0075
2026-01-10 11:50:49.899140 | Epoch:9141 | LR: 0.0000374 | Loss : 0.0075 | Val loss: 0.0072
2026-01-10 11:50:54.448460 | Epoch:9142 | LR: 0.0000374 | Loss : 0.0074 | Val loss: 0.0074
2026-01-10 11:50:58.889747 | Epoch:9143 | LR: 0.0000374 | Loss : 0.0080 | Val loss: 0.0086
2026-01-10 11:51:03.233347 | Epoch:9144 | LR: 0.0000374 | Loss : 0.0080 | Val loss: 0.0073
2026-01-10 11:51:07.553818 | Epoch:9145 | LR: 0.0000375 | Loss : 0.0083 | Val loss: 0.0077
2026-01-10 11:51:11.881539 | Epoch:9146 | LR: 0.0000375 | Loss : 0.0082 | Val loss: 0.0080
2026-01-10 11:51:16.188997 | Epoch:9147 | LR: 0.0000375 | Loss : 0.0082 | Val loss: 0.0082
2026-01-10 11:51:20.515970 | Epoch:9148 | LR: 0.0000375 | Loss : 0.0076 | Val loss: 0.0070
2026-01-10 11:51:24.830816 | Epoch:9149 | LR: 0.0000376 | Loss : 0.0072 | Val loss: 0.0072
2026-01-10 11:51:29.496687 | Epoch:9150 | LR: 0.0000376 | Loss : 0.0076 | Val loss: 0.0073
2026-01-10 11:51:33.811327 | Epoch:9151 | LR: 0.0000376 | Loss : 0.0067 | Val loss: 0.0071
2026-01-10 11:51:38.093804 | Epoch:9152 | LR: 0.0000377 | Loss : 0.0066 | Val loss: 0.0066
2026-01-10 11:51:42.386677 | Epoch:9153 | LR: 0.0000377 | Loss : 0.0069 | Val loss: 0.0075
2026-01-10 11:51:46.669797 | Epoch:9154 | LR: 0.0000377 | Loss : 0.0066 | Val loss: 0.0075
2026-01-10 11:51:50.998702 | Epoch:9155 | LR: 0.0000377 | Loss : 0.0069 | Val loss: 0.0073
2026-01-10 11:51:55.293250 | Epoch:9156 | LR: 0.0000378 | Loss : 0.0066 | Val loss: 0.0066
2026-01-10 11:51:59.636909 | Epoch:9157 | LR: 0.0000378 | Loss : 0.0067 | Val loss: 0.0073
2026-01-10 11:52:04.030927 | Epoch:9158 | LR: 0.0000378 | Loss : 0.0068 | Val loss: 0.0068
2026-01-10 11:52:08.408309 | Epoch:9159 | LR: 0.0000378 | Loss : 0.0073 | Val loss: 0.0072
2026-01-10 11:52:12.767060 | Epoch:9160 | LR: 0.0000379 | Loss : 0.0070 | Val loss: 0.0078
2026-01-10 11:52:17.133406 | Epoch:9161 | LR: 0.0000379 | Loss : 0.0075 | Val loss: 0.0071
2026-01-10 11:52:21.466655 | Epoch:9162 | LR: 0.0000379 | Loss : 0.0081 | Val loss: 0.0077
2026-01-10 11:52:25.869056 | Epoch:9163 | LR: 0.0000379 | Loss : 0.0079 | Val loss: 0.0080
2026-01-10 11:52:30.198617 | Epoch:9164 | LR: 0.0000380 | Loss : 0.0078 | Val loss: 0.0083
2026-01-10 11:52:34.580438 | Epoch:9165 | LR: 0.0000380 | Loss : 0.0073 | Val loss: 0.0078
2026-01-10 11:52:38.925694 | Epoch:9166 | LR: 0.0000380 | Loss : 0.0079 | Val loss: 0.0077
2026-01-10 11:52:43.275451 | Epoch:9167 | LR: 0.0000381 | Loss : 0.0076 | Val loss: 0.0081
2026-01-10 11:52:47.574660 | Epoch:9168 | LR: 0.0000381 | Loss : 0.0072 | Val loss: 0.0072
2026-01-10 11:52:51.818867 | Epoch:9169 | LR: 0.0000381 | Loss : 0.0074 | Val loss: 0.0068
2026-01-10 11:52:56.098526 | Epoch:9170 | LR: 0.0000381 | Loss : 0.0074 | Val loss: 0.0081
2026-01-10 11:53:00.402017 | Epoch:9171 | LR: 0.0000382 | Loss : 0.0078 | Val loss: 0.0075
2026-01-10 11:53:04.732197 | Epoch:9172 | LR: 0.0000382 | Loss : 0.0072 | Val loss: 0.0081
2026-01-10 11:53:09.180253 | Epoch:9173 | LR: 0.0000382 | Loss : 0.0071 | Val loss: 0.0079
2026-01-10 11:53:13.519752 | Epoch:9174 | LR: 0.0000382 | Loss : 0.0075 | Val loss: 0.0076
2026-01-10 11:53:17.842788 | Epoch:9175 | LR: 0.0000383 | Loss : 0.0078 | Val loss: 0.0071
2026-01-10 11:53:22.204591 | Epoch:9176 | LR: 0.0000383 | Loss : 0.0076 | Val loss: 0.0075
2026-01-10 11:53:26.553921 | Epoch:9177 | LR: 0.0000383 | Loss : 0.0073 | Val loss: 0.0075
2026-01-10 11:53:30.933700 | Epoch:9178 | LR: 0.0000384 | Loss : 0.0077 | Val loss: 0.0072
2026-01-10 11:53:35.294406 | Epoch:9179 | LR: 0.0000384 | Loss : 0.0071 | Val loss: 0.0074
2026-01-10 11:53:39.756430 | Epoch:9180 | LR: 0.0000384 | Loss : 0.0075 | Val loss: 0.0068
2026-01-10 11:53:44.185273 | Epoch:9181 | LR: 0.0000384 | Loss : 0.0068 | Val loss: 0.0070
2026-01-10 11:53:48.509814 | Epoch:9182 | LR: 0.0000385 | Loss : 0.0073 | Val loss: 0.0068
2026-01-10 11:53:52.830026 | Epoch:9183 | LR: 0.0000385 | Loss : 0.0071 | Val loss: 0.0070
2026-01-10 11:53:57.069596 | Epoch:9184 | LR: 0.0000385 | Loss : 0.0072 | Val loss: 0.0075
2026-01-10 11:54:01.267019 | Epoch:9185 | LR: 0.0000385 | Loss : 0.0070 | Val loss: 0.0080
2026-01-10 11:54:05.480980 | Epoch:9186 | LR: 0.0000386 | Loss : 0.0077 | Val loss: 0.0081
2026-01-10 11:54:09.656204 | Epoch:9187 | LR: 0.0000386 | Loss : 0.0079 | Val loss: 0.0070
2026-01-10 11:54:14.515305 | Epoch:9188 | LR: 0.0000386 | Loss : 0.0075 | Val loss: 0.0081
2026-01-10 11:54:19.079915 | Epoch:9189 | LR: 0.0000386 | Loss : 0.0074 | Val loss: 0.0072
2026-01-10 11:54:23.680003 | Epoch:9190 | LR: 0.0000387 | Loss : 0.0070 | Val loss: 0.0072
2026-01-10 11:54:28.270616 | Epoch:9191 | LR: 0.0000387 | Loss : 0.0071 | Val loss: 0.0071
2026-01-10 11:54:32.874757 | Epoch:9192 | LR: 0.0000387 | Loss : 0.0078 | Val loss: 0.0067
2026-01-10 11:54:37.229876 | Epoch:9193 | LR: 0.0000387 | Loss : 0.0076 | Val loss: 0.0082
2026-01-10 11:54:41.518708 | Epoch:9194 | LR: 0.0000388 | Loss : 0.0072 | Val loss: 0.0077
2026-01-10 11:54:45.893308 | Epoch:9195 | LR: 0.0000388 | Loss : 0.0076 | Val loss: 0.0074
2026-01-10 11:54:50.208823 | Epoch:9196 | LR: 0.0000388 | Loss : 0.0076 | Val loss: 0.0077
2026-01-10 11:54:54.641202 | Epoch:9197 | LR: 0.0000389 | Loss : 0.0082 | Val loss: 0.0075
2026-01-10 11:54:59.094595 | Epoch:9198 | LR: 0.0000389 | Loss : 0.0075 | Val loss: 0.0069
2026-01-10 11:55:03.352742 | Epoch:9199 | LR: 0.0000389 | Loss : 0.0073 | Val loss: 0.0074
2026-01-10 11:55:07.607821 | Epoch:9200 | LR: 0.0000389 | Loss : 0.0072 | Val loss: 0.0068
2026-01-10 11:55:11.870321 | Epoch:9201 | LR: 0.0000390 | Loss : 0.0073 | Val loss: 0.0070
2026-01-10 11:55:16.239025 | Epoch:9202 | LR: 0.0000390 | Loss : 0.0076 | Val loss: 0.0069
2026-01-10 11:55:20.646403 | Epoch:9203 | LR: 0.0000390 | Loss : 0.0074 | Val loss: 0.0068
2026-01-10 11:55:24.958311 | Epoch:9204 | LR: 0.0000390 | Loss : 0.0068 | Val loss: 0.0073
2026-01-10 11:55:29.253581 | Epoch:9205 | LR: 0.0000391 | Loss : 0.0071 | Val loss: 0.0072
2026-01-10 11:55:33.560226 | Epoch:9206 | LR: 0.0000391 | Loss : 0.0069 | Val loss: 0.0070
2026-01-10 11:55:37.880960 | Epoch:9207 | LR: 0.0000391 | Loss : 0.0072 | Val loss: 0.0075
2026-01-10 11:55:42.217050 | Epoch:9208 | LR: 0.0000391 | Loss : 0.0074 | Val loss: 0.0074
2026-01-10 11:55:46.575574 | Epoch:9209 | LR: 0.0000392 | Loss : 0.0077 | Val loss: 0.0069
2026-01-10 11:55:50.916170 | Epoch:9210 | LR: 0.0000392 | Loss : 0.0077 | Val loss: 0.0078
2026-01-10 11:55:55.288144 | Epoch:9211 | LR: 0.0000392 | Loss : 0.0081 | Val loss: 0.0077
2026-01-10 11:55:59.659873 | Epoch:9212 | LR: 0.0000392 | Loss : 0.0082 | Val loss: 0.0087
2026-01-10 11:56:03.967111 | Epoch:9213 | LR: 0.0000393 | Loss : 0.0082 | Val loss: 0.0081
2026-01-10 11:56:08.228063 | Epoch:9214 | LR: 0.0000393 | Loss : 0.0083 | Val loss: 0.0073
2026-01-10 11:56:12.537506 | Epoch:9215 | LR: 0.0000393 | Loss : 0.0075 | Val loss: 0.0075
2026-01-10 11:56:16.929492 | Epoch:9216 | LR: 0.0000393 | Loss : 0.0071 | Val loss: 0.0069
2026-01-10 11:56:21.245827 | Epoch:9217 | LR: 0.0000394 | Loss : 0.0075 | Val loss: 0.0082
2026-01-10 11:56:25.620643 | Epoch:9218 | LR: 0.0000394 | Loss : 0.0073 | Val loss: 0.0078
2026-01-10 11:56:29.974414 | Epoch:9219 | LR: 0.0000394 | Loss : 0.0072 | Val loss: 0.0073
2026-01-10 11:56:34.281418 | Epoch:9220 | LR: 0.0000395 | Loss : 0.0075 | Val loss: 0.0080
2026-01-10 11:56:38.592393 | Epoch:9221 | LR: 0.0000395 | Loss : 0.0072 | Val loss: 0.0069
2026-01-10 11:56:42.862058 | Epoch:9222 | LR: 0.0000395 | Loss : 0.0073 | Val loss: 0.0066
2026-01-10 11:56:47.144084 | Epoch:9223 | LR: 0.0000395 | Loss : 0.0069 | Val loss: 0.0071
2026-01-10 11:56:51.448459 | Epoch:9224 | LR: 0.0000396 | Loss : 0.0070 | Val loss: 0.0073
2026-01-10 11:56:55.748671 | Epoch:9225 | LR: 0.0000396 | Loss : 0.0076 | Val loss: 0.0072
2026-01-10 11:57:00.044396 | Epoch:9226 | LR: 0.0000396 | Loss : 0.0070 | Val loss: 0.0073
2026-01-10 11:57:04.357845 | Epoch:9227 | LR: 0.0000396 | Loss : 0.0073 | Val loss: 0.0076
2026-01-10 11:57:08.653087 | Epoch:9228 | LR: 0.0000397 | Loss : 0.0071 | Val loss: 0.0073
2026-01-10 11:57:12.933451 | Epoch:9229 | LR: 0.0000397 | Loss : 0.0076 | Val loss: 0.0079
2026-01-10 11:57:17.466572 | Epoch:9230 | LR: 0.0000397 | Loss : 0.0081 | Val loss: 0.0090
2026-01-10 11:57:21.732479 | Epoch:9231 | LR: 0.0000397 | Loss : 0.0080 | Val loss: 0.0080
2026-01-10 11:57:26.049157 | Epoch:9232 | LR: 0.0000398 | Loss : 0.0077 | Val loss: 0.0074
2026-01-10 11:57:30.373130 | Epoch:9233 | LR: 0.0000398 | Loss : 0.0081 | Val loss: 0.0078
2026-01-10 11:57:34.822003 | Epoch:9234 | LR: 0.0000398 | Loss : 0.0073 | Val loss: 0.0073
2026-01-10 11:57:39.172092 | Epoch:9235 | LR: 0.0000398 | Loss : 0.0075 | Val loss: 0.0073
2026-01-10 11:57:43.489618 | Epoch:9236 | LR: 0.0000399 | Loss : 0.0073 | Val loss: 0.0076
2026-01-10 11:57:47.794044 | Epoch:9237 | LR: 0.0000399 | Loss : 0.0074 | Val loss: 0.0073
2026-01-10 11:57:52.064385 | Epoch:9238 | LR: 0.0000399 | Loss : 0.0072 | Val loss: 0.0070
2026-01-10 11:57:56.374788 | Epoch:9239 | LR: 0.0000399 | Loss : 0.0072 | Val loss: 0.0065
2026-01-10 11:58:00.928556 | Epoch:9240 | LR: 0.0000400 | Loss : 0.0072 | Val loss: 0.0076
2026-01-10 11:58:05.254622 | Epoch:9241 | LR: 0.0000400 | Loss : 0.0071 | Val loss: 0.0074
2026-01-10 11:58:09.595471 | Epoch:9242 | LR: 0.0000400 | Loss : 0.0073 | Val loss: 0.0066
2026-01-10 11:58:13.920730 | Epoch:9243 | LR: 0.0000400 | Loss : 0.0071 | Val loss: 0.0070
2026-01-10 11:58:18.177104 | Epoch:9244 | LR: 0.0000401 | Loss : 0.0070 | Val loss: 0.0071
2026-01-10 11:58:22.459848 | Epoch:9245 | LR: 0.0000401 | Loss : 0.0074 | Val loss: 0.0081
2026-01-10 11:58:26.749665 | Epoch:9246 | LR: 0.0000401 | Loss : 0.0079 | Val loss: 0.0075
2026-01-10 11:58:31.062438 | Epoch:9247 | LR: 0.0000401 | Loss : 0.0080 | Val loss: 0.0079
2026-01-10 11:58:35.441690 | Epoch:9248 | LR: 0.0000402 | Loss : 0.0077 | Val loss: 0.0079
2026-01-10 11:58:39.876753 | Epoch:9249 | LR: 0.0000402 | Loss : 0.0083 | Val loss: 0.0081
2026-01-10 11:58:44.212620 | Epoch:9250 | LR: 0.0000402 | Loss : 0.0076 | Val loss: 0.0081
2026-01-10 11:58:48.544591 | Epoch:9251 | LR: 0.0000402 | Loss : 0.0074 | Val loss: 0.0075
2026-01-10 11:58:52.827349 | Epoch:9252 | LR: 0.0000403 | Loss : 0.0075 | Val loss: 0.0073
2026-01-10 11:58:57.146237 | Epoch:9253 | LR: 0.0000403 | Loss : 0.0079 | Val loss: 0.0083
2026-01-10 11:59:01.457799 | Epoch:9254 | LR: 0.0000403 | Loss : 0.0080 | Val loss: 0.0079
2026-01-10 11:59:05.829649 | Epoch:9255 | LR: 0.0000403 | Loss : 0.0077 | Val loss: 0.0082
2026-01-10 11:59:10.163034 | Epoch:9256 | LR: 0.0000404 | Loss : 0.0074 | Val loss: 0.0081
2026-01-10 11:59:14.491883 | Epoch:9257 | LR: 0.0000404 | Loss : 0.0081 | Val loss: 0.0078
2026-01-10 11:59:18.707067 | Epoch:9258 | LR: 0.0000404 | Loss : 0.0076 | Val loss: 0.0073
2026-01-10 11:59:22.878030 | Epoch:9259 | LR: 0.0000404 | Loss : 0.0075 | Val loss: 0.0075
2026-01-10 11:59:27.249364 | Epoch:9260 | LR: 0.0000405 | Loss : 0.0069 | Val loss: 0.0087
2026-01-10 11:59:32.115761 | Epoch:9261 | LR: 0.0000405 | Loss : 0.0071 | Val loss: 0.0069
2026-01-10 11:59:36.665788 | Epoch:9262 | LR: 0.0000405 | Loss : 0.0068 | Val loss: 0.0075
2026-01-10 11:59:41.068899 | Epoch:9263 | LR: 0.0000405 | Loss : 0.0069 | Val loss: 0.0070
2026-01-10 11:59:45.782104 | Epoch:9264 | LR: 0.0000406 | Loss : 0.0071 | Val loss: 0.0072
2026-01-10 11:59:50.101477 | Epoch:9265 | LR: 0.0000406 | Loss : 0.0064 | Val loss: 0.0079
2026-01-10 11:59:54.376602 | Epoch:9266 | LR: 0.0000406 | Loss : 0.0070 | Val loss: 0.0068
2026-01-10 11:59:58.637514 | Epoch:9267 | LR: 0.0000406 | Loss : 0.0066 | Val loss: 0.0070
2026-01-10 12:00:02.929425 | Epoch:9268 | LR: 0.0000407 | Loss : 0.0064 | Val loss: 0.0074
2026-01-10 12:00:07.242493 | Epoch:9269 | LR: 0.0000407 | Loss : 0.0070 | Val loss: 0.0064
2026-01-10 12:00:11.847031 | Epoch:9270 | LR: 0.0000407 | Loss : 0.0073 | Val loss: 0.0076
2026-01-10 12:00:16.227743 | Epoch:9271 | LR: 0.0000407 | Loss : 0.0080 | Val loss: 0.0082
2026-01-10 12:00:20.591665 | Epoch:9272 | LR: 0.0000408 | Loss : 0.0080 | Val loss: 0.0076
2026-01-10 12:00:24.899684 | Epoch:9273 | LR: 0.0000408 | Loss : 0.0077 | Val loss: 0.0074
2026-01-10 12:00:29.180467 | Epoch:9274 | LR: 0.0000408 | Loss : 0.0079 | Val loss: 0.0076
2026-01-10 12:00:33.463050 | Epoch:9275 | LR: 0.0000408 | Loss : 0.0079 | Val loss: 0.0075
2026-01-10 12:00:37.813900 | Epoch:9276 | LR: 0.0000409 | Loss : 0.0083 | Val loss: 0.0077
2026-01-10 12:00:42.066265 | Epoch:9277 | LR: 0.0000409 | Loss : 0.0072 | Val loss: 0.0071
2026-01-10 12:00:46.420892 | Epoch:9278 | LR: 0.0000409 | Loss : 0.0071 | Val loss: 0.0067
2026-01-10 12:00:50.765142 | Epoch:9279 | LR: 0.0000409 | Loss : 0.0071 | Val loss: 0.0074
2026-01-10 12:00:55.084192 | Epoch:9280 | LR: 0.0000410 | Loss : 0.0071 | Val loss: 0.0072
2026-01-10 12:00:59.336646 | Epoch:9281 | LR: 0.0000410 | Loss : 0.0074 | Val loss: 0.0069
2026-01-10 12:01:03.608615 | Epoch:9282 | LR: 0.0000410 | Loss : 0.0070 | Val loss: 0.0074
2026-01-10 12:01:07.914180 | Epoch:9283 | LR: 0.0000410 | Loss : 0.0073 | Val loss: 0.0065
2026-01-10 12:01:12.211690 | Epoch:9284 | LR: 0.0000410 | Loss : 0.0073 | Val loss: 0.0076
2026-01-10 12:01:16.532925 | Epoch:9285 | LR: 0.0000411 | Loss : 0.0071 | Val loss: 0.0067
2026-01-10 12:01:20.909875 | Epoch:9286 | LR: 0.0000411 | Loss : 0.0069 | Val loss: 0.0068
2026-01-10 12:01:25.300906 | Epoch:9287 | LR: 0.0000411 | Loss : 0.0072 | Val loss: 0.0073
2026-01-10 12:01:29.656112 | Epoch:9288 | LR: 0.0000411 | Loss : 0.0070 | Val loss: 0.0072
2026-01-10 12:01:34.049505 | Epoch:9289 | LR: 0.0000412 | Loss : 0.0072 | Val loss: 0.0075
2026-01-10 12:01:38.362010 | Epoch:9290 | LR: 0.0000412 | Loss : 0.0073 | Val loss: 0.0075
2026-01-10 12:01:42.684964 | Epoch:9291 | LR: 0.0000412 | Loss : 0.0073 | Val loss: 0.0070
2026-01-10 12:01:46.990673 | Epoch:9292 | LR: 0.0000412 | Loss : 0.0075 | Val loss: 0.0072
2026-01-10 12:01:51.456255 | Epoch:9293 | LR: 0.0000413 | Loss : 0.0071 | Val loss: 0.0071
2026-01-10 12:01:55.842440 | Epoch:9294 | LR: 0.0000413 | Loss : 0.0073 | Val loss: 0.0077
2026-01-10 12:02:00.207207 | Epoch:9295 | LR: 0.0000413 | Loss : 0.0073 | Val loss: 0.0085
2026-01-10 12:02:04.556398 | Epoch:9296 | LR: 0.0000413 | Loss : 0.0081 | Val loss: 0.0078
2026-01-10 12:02:08.885433 | Epoch:9297 | LR: 0.0000414 | Loss : 0.0076 | Val loss: 0.0078
2026-01-10 12:02:13.239769 | Epoch:9298 | LR: 0.0000414 | Loss : 0.0080 | Val loss: 0.0071
2026-01-10 12:02:17.650478 | Epoch:9299 | LR: 0.0000414 | Loss : 0.0073 | Val loss: 0.0078
2026-01-10 12:02:22.053795 | Epoch:9300 | LR: 0.0000414 | Loss : 0.0073 | Val loss: 0.0079
2026-01-10 12:02:26.483584 | Epoch:9301 | LR: 0.0000415 | Loss : 0.0073 | Val loss: 0.0071
2026-01-10 12:02:30.862467 | Epoch:9302 | LR: 0.0000415 | Loss : 0.0072 | Val loss: 0.0071
2026-01-10 12:02:35.207111 | Epoch:9303 | LR: 0.0000415 | Loss : 0.0072 | Val loss: 0.0071
2026-01-10 12:02:39.531631 | Epoch:9304 | LR: 0.0000415 | Loss : 0.0072 | Val loss: 0.0080
2026-01-10 12:02:43.840163 | Epoch:9305 | LR: 0.0000416 | Loss : 0.0076 | Val loss: 0.0075
2026-01-10 12:02:48.262292 | Epoch:9306 | LR: 0.0000416 | Loss : 0.0076 | Val loss: 0.0078
2026-01-10 12:02:52.660690 | Epoch:9307 | LR: 0.0000416 | Loss : 0.0080 | Val loss: 0.0082
2026-01-10 12:02:57.164363 | Epoch:9308 | LR: 0.0000416 | Loss : 0.0080 | Val loss: 0.0084
2026-01-10 12:03:01.579266 | Epoch:9309 | LR: 0.0000416 | Loss : 0.0082 | Val loss: 0.0075
2026-01-10 12:03:06.206461 | Epoch:9310 | LR: 0.0000417 | Loss : 0.0071 | Val loss: 0.0071
2026-01-10 12:03:10.551199 | Epoch:9311 | LR: 0.0000417 | Loss : 0.0078 | Val loss: 0.0069
2026-01-10 12:03:14.898196 | Epoch:9312 | LR: 0.0000417 | Loss : 0.0080 | Val loss: 0.0073
2026-01-10 12:03:19.235815 | Epoch:9313 | LR: 0.0000417 | Loss : 0.0074 | Val loss: 0.0077
2026-01-10 12:03:23.607572 | Epoch:9314 | LR: 0.0000418 | Loss : 0.0077 | Val loss: 0.0077
2026-01-10 12:03:28.010912 | Epoch:9315 | LR: 0.0000418 | Loss : 0.0075 | Val loss: 0.0074
2026-01-10 12:03:32.429703 | Epoch:9316 | LR: 0.0000418 | Loss : 0.0072 | Val loss: 0.0075
2026-01-10 12:03:36.861600 | Epoch:9317 | LR: 0.0000418 | Loss : 0.0076 | Val loss: 0.0074
2026-01-10 12:03:41.210734 | Epoch:9318 | LR: 0.0000419 | Loss : 0.0072 | Val loss: 0.0070
2026-01-10 12:03:45.584214 | Epoch:9319 | LR: 0.0000419 | Loss : 0.0073 | Val loss: 0.0072
2026-01-10 12:03:49.935940 | Epoch:9320 | LR: 0.0000419 | Loss : 0.0071 | Val loss: 0.0073
2026-01-10 12:03:54.255436 | Epoch:9321 | LR: 0.0000419 | Loss : 0.0076 | Val loss: 0.0080
2026-01-10 12:03:58.650602 | Epoch:9322 | LR: 0.0000419 | Loss : 0.0075 | Val loss: 0.0079
2026-01-10 12:04:03.017256 | Epoch:9323 | LR: 0.0000420 | Loss : 0.0076 | Val loss: 0.0067
2026-01-10 12:04:07.408382 | Epoch:9324 | LR: 0.0000420 | Loss : 0.0075 | Val loss: 0.0074
2026-01-10 12:04:11.744249 | Epoch:9325 | LR: 0.0000420 | Loss : 0.0078 | Val loss: 0.0066
2026-01-10 12:04:16.057919 | Epoch:9326 | LR: 0.0000420 | Loss : 0.0080 | Val loss: 0.0074
2026-01-10 12:04:20.395632 | Epoch:9327 | LR: 0.0000421 | Loss : 0.0076 | Val loss: 0.0068
2026-01-10 12:04:24.758503 | Epoch:9328 | LR: 0.0000421 | Loss : 0.0074 | Val loss: 0.0080
2026-01-10 12:04:29.068266 | Epoch:9329 | LR: 0.0000421 | Loss : 0.0075 | Val loss: 0.0075
2026-01-10 12:04:33.304301 | Epoch:9330 | LR: 0.0000421 | Loss : 0.0076 | Val loss: 0.0074
2026-01-10 12:04:37.566316 | Epoch:9331 | LR: 0.0000422 | Loss : 0.0077 | Val loss: 0.0071
2026-01-10 12:04:41.920651 | Epoch:9332 | LR: 0.0000422 | Loss : 0.0069 | Val loss: 0.0077
2026-01-10 12:04:46.798732 | Epoch:9333 | LR: 0.0000422 | Loss : 0.0072 | Val loss: 0.0072
2026-01-10 12:04:51.380296 | Epoch:9334 | LR: 0.0000422 | Loss : 0.0073 | Val loss: 0.0073
2026-01-10 12:04:55.726826 | Epoch:9335 | LR: 0.0000422 | Loss : 0.0068 | Val loss: 0.0073
2026-01-10 12:05:00.376416 | Epoch:9336 | LR: 0.0000423 | Loss : 0.0068 | Val loss: 0.0072
2026-01-10 12:05:04.751438 | Epoch:9337 | LR: 0.0000423 | Loss : 0.0073 | Val loss: 0.0080
2026-01-10 12:05:09.246757 | Epoch:9338 | LR: 0.0000423 | Loss : 0.0072 | Val loss: 0.0073
2026-01-10 12:05:13.590115 | Epoch:9339 | LR: 0.0000423 | Loss : 0.0079 | Val loss: 0.0080
2026-01-10 12:05:17.885815 | Epoch:9340 | LR: 0.0000424 | Loss : 0.0071 | Val loss: 0.0074
2026-01-10 12:05:22.201933 | Epoch:9341 | LR: 0.0000424 | Loss : 0.0076 | Val loss: 0.0082
2026-01-10 12:05:26.576639 | Epoch:9342 | LR: 0.0000424 | Loss : 0.0077 | Val loss: 0.0087
2026-01-10 12:05:30.933047 | Epoch:9343 | LR: 0.0000424 | Loss : 0.0085 | Val loss: 0.0074
2026-01-10 12:05:35.220685 | Epoch:9344 | LR: 0.0000425 | Loss : 0.0074 | Val loss: 0.0072
2026-01-10 12:05:39.556671 | Epoch:9345 | LR: 0.0000425 | Loss : 0.0080 | Val loss: 0.0077
2026-01-10 12:05:43.872101 | Epoch:9346 | LR: 0.0000425 | Loss : 0.0076 | Val loss: 0.0072
2026-01-10 12:05:48.472745 | Epoch:9347 | LR: 0.0000425 | Loss : 0.0079 | Val loss: 0.0073
2026-01-10 12:05:52.829155 | Epoch:9348 | LR: 0.0000425 | Loss : 0.0074 | Val loss: 0.0069
2026-01-10 12:05:57.174865 | Epoch:9349 | LR: 0.0000426 | Loss : 0.0071 | Val loss: 0.0070
2026-01-10 12:06:01.759117 | Epoch:9350 | LR: 0.0000426 | Loss : 0.0066 | Val loss: 0.0070
2026-01-10 12:06:06.144305 | Epoch:9351 | LR: 0.0000426 | Loss : 0.0066 | Val loss: 0.0067
2026-01-10 12:06:10.606641 | Epoch:9352 | LR: 0.0000426 | Loss : 0.0066 | Val loss: 0.0072
2026-01-10 12:06:15.038471 | Epoch:9353 | LR: 0.0000427 | Loss : 0.0070 | Val loss: 0.0067
2026-01-10 12:06:19.364633 | Epoch:9354 | LR: 0.0000427 | Loss : 0.0070 | Val loss: 0.0080
2026-01-10 12:06:23.706893 | Epoch:9355 | LR: 0.0000427 | Loss : 0.0080 | Val loss: 0.0078
2026-01-10 12:06:28.038640 | Epoch:9356 | LR: 0.0000427 | Loss : 0.0076 | Val loss: 0.0072
2026-01-10 12:06:32.381663 | Epoch:9357 | LR: 0.0000427 | Loss : 0.0077 | Val loss: 0.0079
2026-01-10 12:06:36.738591 | Epoch:9358 | LR: 0.0000428 | Loss : 0.0076 | Val loss: 0.0081
2026-01-10 12:06:41.071689 | Epoch:9359 | LR: 0.0000428 | Loss : 0.0077 | Val loss: 0.0078
2026-01-10 12:06:45.453228 | Epoch:9360 | LR: 0.0000428 | Loss : 0.0077 | Val loss: 0.0081
2026-01-10 12:06:49.870864 | Epoch:9361 | LR: 0.0000428 | Loss : 0.0076 | Val loss: 0.0072
2026-01-10 12:06:54.245089 | Epoch:9362 | LR: 0.0000429 | Loss : 0.0070 | Val loss: 0.0074
2026-01-10 12:06:58.597682 | Epoch:9363 | LR: 0.0000429 | Loss : 0.0068 | Val loss: 0.0073
2026-01-10 12:07:02.958741 | Epoch:9364 | LR: 0.0000429 | Loss : 0.0070 | Val loss: 0.0076
2026-01-10 12:07:07.307267 | Epoch:9365 | LR: 0.0000429 | Loss : 0.0077 | Val loss: 0.0078
2026-01-10 12:07:11.661067 | Epoch:9366 | LR: 0.0000429 | Loss : 0.0075 | Val loss: 0.0066
2026-01-10 12:07:16.169748 | Epoch:9367 | LR: 0.0000430 | Loss : 0.0071 | Val loss: 0.0069
2026-01-10 12:07:20.575342 | Epoch:9368 | LR: 0.0000430 | Loss : 0.0068 | Val loss: 0.0074
2026-01-10 12:07:24.868448 | Epoch:9369 | LR: 0.0000430 | Loss : 0.0074 | Val loss: 0.0071
2026-01-10 12:07:29.166313 | Epoch:9370 | LR: 0.0000430 | Loss : 0.0068 | Val loss: 0.0064
2026-01-10 12:07:33.502380 | Epoch:9371 | LR: 0.0000431 | Loss : 0.0070 | Val loss: 0.0076
2026-01-10 12:07:37.860483 | Epoch:9372 | LR: 0.0000431 | Loss : 0.0072 | Val loss: 0.0068
2026-01-10 12:07:42.198037 | Epoch:9373 | LR: 0.0000431 | Loss : 0.0070 | Val loss: 0.0072
2026-01-10 12:07:46.572857 | Epoch:9374 | LR: 0.0000431 | Loss : 0.0073 | Val loss: 0.0072
2026-01-10 12:07:50.941039 | Epoch:9375 | LR: 0.0000431 | Loss : 0.0074 | Val loss: 0.0068
2026-01-10 12:07:55.278250 | Epoch:9376 | LR: 0.0000432 | Loss : 0.0071 | Val loss: 0.0073
2026-01-10 12:07:59.575156 | Epoch:9377 | LR: 0.0000432 | Loss : 0.0073 | Val loss: 0.0072
2026-01-10 12:08:03.927931 | Epoch:9378 | LR: 0.0000432 | Loss : 0.0077 | Val loss: 0.0072
2026-01-10 12:08:08.306810 | Epoch:9379 | LR: 0.0000432 | Loss : 0.0073 | Val loss: 0.0069
2026-01-10 12:08:12.778928 | Epoch:9380 | LR: 0.0000432 | Loss : 0.0076 | Val loss: 0.0081
2026-01-10 12:08:17.187427 | Epoch:9381 | LR: 0.0000433 | Loss : 0.0075 | Val loss: 0.0076
2026-01-10 12:08:21.705338 | Epoch:9382 | LR: 0.0000433 | Loss : 0.0073 | Val loss: 0.0075
2026-01-10 12:08:26.150392 | Epoch:9383 | LR: 0.0000433 | Loss : 0.0075 | Val loss: 0.0072
2026-01-10 12:08:30.507936 | Epoch:9384 | LR: 0.0000433 | Loss : 0.0075 | Val loss: 0.0076
2026-01-10 12:08:34.833036 | Epoch:9385 | LR: 0.0000434 | Loss : 0.0073 | Val loss: 0.0077
2026-01-10 12:08:39.165538 | Epoch:9386 | LR: 0.0000434 | Loss : 0.0075 | Val loss: 0.0075
2026-01-10 12:08:43.537781 | Epoch:9387 | LR: 0.0000434 | Loss : 0.0074 | Val loss: 0.0082
2026-01-10 12:08:47.898639 | Epoch:9388 | LR: 0.0000434 | Loss : 0.0078 | Val loss: 0.0084
2026-01-10 12:08:52.286416 | Epoch:9389 | LR: 0.0000434 | Loss : 0.0077 | Val loss: 0.0073
2026-01-10 12:08:56.982919 | Epoch:9390 | LR: 0.0000435 | Loss : 0.0078 | Val loss: 0.0077
2026-01-10 12:09:01.419011 | Epoch:9391 | LR: 0.0000435 | Loss : 0.0080 | Val loss: 0.0078
2026-01-10 12:09:05.779509 | Epoch:9392 | LR: 0.0000435 | Loss : 0.0079 | Val loss: 0.0077
2026-01-10 12:09:10.147053 | Epoch:9393 | LR: 0.0000435 | Loss : 0.0069 | Val loss: 0.0065
2026-01-10 12:09:14.533917 | Epoch:9394 | LR: 0.0000435 | Loss : 0.0072 | Val loss: 0.0074
2026-01-10 12:09:18.907665 | Epoch:9395 | LR: 0.0000436 | Loss : 0.0072 | Val loss: 0.0077
2026-01-10 12:09:23.280705 | Epoch:9396 | LR: 0.0000436 | Loss : 0.0073 | Val loss: 0.0071
2026-01-10 12:09:27.719453 | Epoch:9397 | LR: 0.0000436 | Loss : 0.0075 | Val loss: 0.0075
2026-01-10 12:09:32.075451 | Epoch:9398 | LR: 0.0000436 | Loss : 0.0076 | Val loss: 0.0071
2026-01-10 12:09:36.397079 | Epoch:9399 | LR: 0.0000436 | Loss : 0.0066 | Val loss: 0.0073
2026-01-10 12:09:40.691028 | Epoch:9400 | LR: 0.0000437 | Loss : 0.0071 | Val loss: 0.0073
2026-01-10 12:09:44.984342 | Epoch:9401 | LR: 0.0000437 | Loss : 0.0067 | Val loss: 0.0070
2026-01-10 12:09:49.235563 | Epoch:9402 | LR: 0.0000437 | Loss : 0.0073 | Val loss: 0.0074
2026-01-10 12:09:53.478590 | Epoch:9403 | LR: 0.0000437 | Loss : 0.0074 | Val loss: 0.0066
2026-01-10 12:09:58.006759 | Epoch:9404 | LR: 0.0000438 | Loss : 0.0073 | Val loss: 0.0071
2026-01-10 12:10:02.887085 | Epoch:9405 | LR: 0.0000438 | Loss : 0.0070 | Val loss: 0.0072
2026-01-10 12:10:07.427245 | Epoch:9406 | LR: 0.0000438 | Loss : 0.0071 | Val loss: 0.0077
2026-01-10 12:10:11.656439 | Epoch:9407 | LR: 0.0000438 | Loss : 0.0075 | Val loss: 0.0070
2026-01-10 12:10:16.400973 | Epoch:9408 | LR: 0.0000438 | Loss : 0.0075 | Val loss: 0.0079
2026-01-10 12:10:20.758991 | Epoch:9409 | LR: 0.0000439 | Loss : 0.0075 | Val loss: 0.0077
2026-01-10 12:10:25.046683 | Epoch:9410 | LR: 0.0000439 | Loss : 0.0085 | Val loss: 0.0084
2026-01-10 12:10:29.473599 | Epoch:9411 | LR: 0.0000439 | Loss : 0.0078 | Val loss: 0.0085
2026-01-10 12:10:34.352821 | Epoch:9412 | LR: 0.0000439 | Loss : 0.0078 | Val loss: 0.0077
2026-01-10 12:10:38.695631 | Epoch:9413 | LR: 0.0000439 | Loss : 0.0075 | Val loss: 0.0071
2026-01-10 12:10:43.023376 | Epoch:9414 | LR: 0.0000440 | Loss : 0.0074 | Val loss: 0.0075
2026-01-10 12:10:47.295116 | Epoch:9415 | LR: 0.0000440 | Loss : 0.0076 | Val loss: 0.0075
2026-01-10 12:10:51.626256 | Epoch:9416 | LR: 0.0000440 | Loss : 0.0073 | Val loss: 0.0075
2026-01-10 12:10:55.956029 | Epoch:9417 | LR: 0.0000440 | Loss : 0.0080 | Val loss: 0.0086
2026-01-10 12:11:00.269652 | Epoch:9418 | LR: 0.0000440 | Loss : 0.0083 | Val loss: 0.0077
2026-01-10 12:11:04.580070 | Epoch:9419 | LR: 0.0000441 | Loss : 0.0082 | Val loss: 0.0085
2026-01-10 12:11:08.907425 | Epoch:9420 | LR: 0.0000441 | Loss : 0.0077 | Val loss: 0.0073
2026-01-10 12:11:13.187766 | Epoch:9421 | LR: 0.0000441 | Loss : 0.0076 | Val loss: 0.0076
2026-01-10 12:11:17.446190 | Epoch:9422 | LR: 0.0000441 | Loss : 0.0070 | Val loss: 0.0071
2026-01-10 12:11:21.747515 | Epoch:9423 | LR: 0.0000441 | Loss : 0.0074 | Val loss: 0.0080
2026-01-10 12:11:26.111812 | Epoch:9424 | LR: 0.0000442 | Loss : 0.0075 | Val loss: 0.0075
2026-01-10 12:11:30.457626 | Epoch:9425 | LR: 0.0000442 | Loss : 0.0075 | Val loss: 0.0080
2026-01-10 12:11:34.821603 | Epoch:9426 | LR: 0.0000442 | Loss : 0.0075 | Val loss: 0.0083
2026-01-10 12:11:39.261504 | Epoch:9427 | LR: 0.0000442 | Loss : 0.0071 | Val loss: 0.0074
2026-01-10 12:11:43.574668 | Epoch:9428 | LR: 0.0000442 | Loss : 0.0070 | Val loss: 0.0068
2026-01-10 12:11:47.841024 | Epoch:9429 | LR: 0.0000443 | Loss : 0.0072 | Val loss: 0.0071
2026-01-10 12:11:52.367632 | Epoch:9430 | LR: 0.0000443 | Loss : 0.0073 | Val loss: 0.0067
2026-01-10 12:11:56.669064 | Epoch:9431 | LR: 0.0000443 | Loss : 0.0069 | Val loss: 0.0077
2026-01-10 12:12:00.999049 | Epoch:9432 | LR: 0.0000443 | Loss : 0.0070 | Val loss: 0.0070
2026-01-10 12:12:05.315820 | Epoch:9433 | LR: 0.0000443 | Loss : 0.0067 | Val loss: 0.0066
2026-01-10 12:12:09.636301 | Epoch:9434 | LR: 0.0000444 | Loss : 0.0070 | Val loss: 0.0073
2026-01-10 12:12:13.986952 | Epoch:9435 | LR: 0.0000444 | Loss : 0.0070 | Val loss: 0.0079
2026-01-10 12:12:18.294451 | Epoch:9436 | LR: 0.0000444 | Loss : 0.0072 | Val loss: 0.0073
2026-01-10 12:12:22.602912 | Epoch:9437 | LR: 0.0000444 | Loss : 0.0076 | Val loss: 0.0075
2026-01-10 12:12:26.921849 | Epoch:9438 | LR: 0.0000444 | Loss : 0.0077 | Val loss: 0.0071
2026-01-10 12:12:31.269288 | Epoch:9439 | LR: 0.0000445 | Loss : 0.0072 | Val loss: 0.0073
2026-01-10 12:12:35.625851 | Epoch:9440 | LR: 0.0000445 | Loss : 0.0073 | Val loss: 0.0076
2026-01-10 12:12:39.977093 | Epoch:9441 | LR: 0.0000445 | Loss : 0.0067 | Val loss: 0.0070
2026-01-10 12:12:44.387708 | Epoch:9442 | LR: 0.0000445 | Loss : 0.0072 | Val loss: 0.0069
2026-01-10 12:12:48.699862 | Epoch:9443 | LR: 0.0000445 | Loss : 0.0071 | Val loss: 0.0074
2026-01-10 12:12:52.980607 | Epoch:9444 | LR: 0.0000446 | Loss : 0.0071 | Val loss: 0.0066
2026-01-10 12:12:57.221594 | Epoch:9445 | LR: 0.0000446 | Loss : 0.0073 | Val loss: 0.0067
2026-01-10 12:13:01.564821 | Epoch:9446 | LR: 0.0000446 | Loss : 0.0073 | Val loss: 0.0068
2026-01-10 12:13:05.873406 | Epoch:9447 | LR: 0.0000446 | Loss : 0.0071 | Val loss: 0.0071
2026-01-10 12:13:10.133397 | Epoch:9448 | LR: 0.0000446 | Loss : 0.0074 | Val loss: 0.0074
2026-01-10 12:13:14.434043 | Epoch:9449 | LR: 0.0000447 | Loss : 0.0078 | Val loss: 0.0074
2026-01-10 12:13:18.763788 | Epoch:9450 | LR: 0.0000447 | Loss : 0.0074 | Val loss: 0.0084
2026-01-10 12:13:23.091969 | Epoch:9451 | LR: 0.0000447 | Loss : 0.0077 | Val loss: 0.0078
2026-01-10 12:13:27.385765 | Epoch:9452 | LR: 0.0000447 | Loss : 0.0079 | Val loss: 0.0080
2026-01-10 12:13:31.695294 | Epoch:9453 | LR: 0.0000447 | Loss : 0.0074 | Val loss: 0.0079
2026-01-10 12:13:36.293188 | Epoch:9454 | LR: 0.0000448 | Loss : 0.0081 | Val loss: 0.0072
2026-01-10 12:13:40.586565 | Epoch:9455 | LR: 0.0000448 | Loss : 0.0079 | Val loss: 0.0071
2026-01-10 12:13:44.889409 | Epoch:9456 | LR: 0.0000448 | Loss : 0.0071 | Val loss: 0.0074
2026-01-10 12:13:49.286065 | Epoch:9457 | LR: 0.0000448 | Loss : 0.0073 | Val loss: 0.0071
2026-01-10 12:13:53.633352 | Epoch:9458 | LR: 0.0000448 | Loss : 0.0072 | Val loss: 0.0071
2026-01-10 12:13:57.877434 | Epoch:9459 | LR: 0.0000448 | Loss : 0.0075 | Val loss: 0.0064
2026-01-10 12:14:02.095787 | Epoch:9460 | LR: 0.0000449 | Loss : 0.0075 | Val loss: 0.0071
2026-01-10 12:14:06.416243 | Epoch:9461 | LR: 0.0000449 | Loss : 0.0078 | Val loss: 0.0074
2026-01-10 12:14:10.709392 | Epoch:9462 | LR: 0.0000449 | Loss : 0.0070 | Val loss: 0.0074
2026-01-10 12:14:14.987389 | Epoch:9463 | LR: 0.0000449 | Loss : 0.0077 | Val loss: 0.0070
2026-01-10 12:14:19.304661 | Epoch:9464 | LR: 0.0000449 | Loss : 0.0071 | Val loss: 0.0074
2026-01-10 12:14:23.637658 | Epoch:9465 | LR: 0.0000450 | Loss : 0.0069 | Val loss: 0.0072
2026-01-10 12:14:27.949268 | Epoch:9466 | LR: 0.0000450 | Loss : 0.0073 | Val loss: 0.0073
2026-01-10 12:14:32.269371 | Epoch:9467 | LR: 0.0000450 | Loss : 0.0074 | Val loss: 0.0068
2026-01-10 12:14:36.562042 | Epoch:9468 | LR: 0.0000450 | Loss : 0.0070 | Val loss: 0.0072
2026-01-10 12:14:40.863971 | Epoch:9469 | LR: 0.0000450 | Loss : 0.0069 | Val loss: 0.0069
2026-01-10 12:14:45.429004 | Epoch:9470 | LR: 0.0000451 | Loss : 0.0071 | Val loss: 0.0074
2026-01-10 12:14:49.855542 | Epoch:9471 | LR: 0.0000451 | Loss : 0.0078 | Val loss: 0.0078
2026-01-10 12:14:54.203388 | Epoch:9472 | LR: 0.0000451 | Loss : 0.0079 | Val loss: 0.0079
2026-01-10 12:14:58.679228 | Epoch:9473 | LR: 0.0000451 | Loss : 0.0076 | Val loss: 0.0076
2026-01-10 12:15:02.888597 | Epoch:9474 | LR: 0.0000451 | Loss : 0.0076 | Val loss: 0.0074
2026-01-10 12:15:07.017648 | Epoch:9475 | LR: 0.0000452 | Loss : 0.0071 | Val loss: 0.0076
2026-01-10 12:15:11.240966 | Epoch:9476 | LR: 0.0000452 | Loss : 0.0076 | Val loss: 0.0073
2026-01-10 12:15:16.241826 | Epoch:9477 | LR: 0.0000452 | Loss : 0.0083 | Val loss: 0.0075
2026-01-10 12:15:20.879683 | Epoch:9478 | LR: 0.0000452 | Loss : 0.0079 | Val loss: 0.0079
2026-01-10 12:15:25.317010 | Epoch:9479 | LR: 0.0000452 | Loss : 0.0079 | Val loss: 0.0072
2026-01-10 12:15:29.942673 | Epoch:9480 | LR: 0.0000452 | Loss : 0.0076 | Val loss: 0.0080
2026-01-10 12:15:34.528791 | Epoch:9481 | LR: 0.0000453 | Loss : 0.0076 | Val loss: 0.0077
2026-01-10 12:15:38.847116 | Epoch:9482 | LR: 0.0000453 | Loss : 0.0083 | Val loss: 0.0079
2026-01-10 12:15:43.163672 | Epoch:9483 | LR: 0.0000453 | Loss : 0.0079 | Val loss: 0.0072
2026-01-10 12:15:47.503096 | Epoch:9484 | LR: 0.0000453 | Loss : 0.0075 | Val loss: 0.0080
2026-01-10 12:15:51.788040 | Epoch:9485 | LR: 0.0000453 | Loss : 0.0075 | Val loss: 0.0070
2026-01-10 12:15:56.242575 | Epoch:9486 | LR: 0.0000454 | Loss : 0.0074 | Val loss: 0.0070
2026-01-10 12:16:00.639741 | Epoch:9487 | LR: 0.0000454 | Loss : 0.0076 | Val loss: 0.0080
2026-01-10 12:16:05.030002 | Epoch:9488 | LR: 0.0000454 | Loss : 0.0072 | Val loss: 0.0067
2026-01-10 12:16:09.382956 | Epoch:9489 | LR: 0.0000454 | Loss : 0.0067 | Val loss: 0.0077
2026-01-10 12:16:13.660941 | Epoch:9490 | LR: 0.0000454 | Loss : 0.0071 | Val loss: 0.0065
2026-01-10 12:16:17.942218 | Epoch:9491 | LR: 0.0000454 | Loss : 0.0071 | Val loss: 0.0067
2026-01-10 12:16:22.243384 | Epoch:9492 | LR: 0.0000455 | Loss : 0.0069 | Val loss: 0.0072
2026-01-10 12:16:26.573805 | Epoch:9493 | LR: 0.0000455 | Loss : 0.0069 | Val loss: 0.0068
2026-01-10 12:16:30.937252 | Epoch:9494 | LR: 0.0000455 | Loss : 0.0067 | Val loss: 0.0063
2026-01-10 12:16:35.271561 | Epoch:9495 | LR: 0.0000455 | Loss : 0.0069 | Val loss: 0.0067
2026-01-10 12:16:39.654685 | Epoch:9496 | LR: 0.0000455 | Loss : 0.0069 | Val loss: 0.0074
2026-01-10 12:16:44.001448 | Epoch:9497 | LR: 0.0000456 | Loss : 0.0071 | Val loss: 0.0079
2026-01-10 12:16:48.321862 | Epoch:9498 | LR: 0.0000456 | Loss : 0.0071 | Val loss: 0.0068
2026-01-10 12:16:52.722784 | Epoch:9499 | LR: 0.0000456 | Loss : 0.0072 | Val loss: 0.0076
2026-01-10 12:16:57.100451 | Epoch:9500 | LR: 0.0000456 | Loss : 0.0073 | Val loss: 0.0077
2026-01-10 12:17:01.472214 | Epoch:9501 | LR: 0.0000456 | Loss : 0.0074 | Val loss: 0.0069
2026-01-10 12:17:05.869206 | Epoch:9502 | LR: 0.0000456 | Loss : 0.0071 | Val loss: 0.0081
2026-01-10 12:17:10.191004 | Epoch:9503 | LR: 0.0000457 | Loss : 0.0074 | Val loss: 0.0073
2026-01-10 12:17:14.613293 | Epoch:9504 | LR: 0.0000457 | Loss : 0.0079 | Val loss: 0.0082
2026-01-10 12:17:18.942215 | Epoch:9505 | LR: 0.0000457 | Loss : 0.0078 | Val loss: 0.0079
2026-01-10 12:17:23.249613 | Epoch:9506 | LR: 0.0000457 | Loss : 0.0078 | Val loss: 0.0079
2026-01-10 12:17:27.583053 | Epoch:9507 | LR: 0.0000457 | Loss : 0.0086 | Val loss: 0.0083
2026-01-10 12:17:31.902768 | Epoch:9508 | LR: 0.0000457 | Loss : 0.0078 | Val loss: 0.0084
2026-01-10 12:17:36.189645 | Epoch:9509 | LR: 0.0000458 | Loss : 0.0074 | Val loss: 0.0080
2026-01-10 12:17:40.809608 | Epoch:9510 | LR: 0.0000458 | Loss : 0.0073 | Val loss: 0.0077
2026-01-10 12:17:45.117321 | Epoch:9511 | LR: 0.0000458 | Loss : 0.0072 | Val loss: 0.0075
2026-01-10 12:17:49.490893 | Epoch:9512 | LR: 0.0000458 | Loss : 0.0073 | Val loss: 0.0081
2026-01-10 12:17:53.848696 | Epoch:9513 | LR: 0.0000458 | Loss : 0.0078 | Val loss: 0.0076
2026-01-10 12:17:58.142476 | Epoch:9514 | LR: 0.0000459 | Loss : 0.0071 | Val loss: 0.0081
2026-01-10 12:18:02.482945 | Epoch:9515 | LR: 0.0000459 | Loss : 0.0071 | Val loss: 0.0062
2026-01-10 12:18:06.819798 | Epoch:9516 | LR: 0.0000459 | Loss : 0.0069 | Val loss: 0.0069
2026-01-10 12:18:11.105860 | Epoch:9517 | LR: 0.0000459 | Loss : 0.0072 | Val loss: 0.0071
2026-01-10 12:18:15.432231 | Epoch:9518 | LR: 0.0000459 | Loss : 0.0075 | Val loss: 0.0069
2026-01-10 12:18:20.010442 | Epoch:9519 | LR: 0.0000459 | Loss : 0.0070 | Val loss: 0.0069
2026-01-10 12:18:24.329127 | Epoch:9520 | LR: 0.0000460 | Loss : 0.0067 | Val loss: 0.0075
2026-01-10 12:18:28.659323 | Epoch:9521 | LR: 0.0000460 | Loss : 0.0070 | Val loss: 0.0068
2026-01-10 12:18:32.957092 | Epoch:9522 | LR: 0.0000460 | Loss : 0.0070 | Val loss: 0.0071
2026-01-10 12:18:37.241093 | Epoch:9523 | LR: 0.0000460 | Loss : 0.0072 | Val loss: 0.0071
2026-01-10 12:18:41.557915 | Epoch:9524 | LR: 0.0000460 | Loss : 0.0072 | Val loss: 0.0075
2026-01-10 12:18:45.862849 | Epoch:9525 | LR: 0.0000460 | Loss : 0.0076 | Val loss: 0.0068
2026-01-10 12:18:50.316669 | Epoch:9526 | LR: 0.0000461 | Loss : 0.0065 | Val loss: 0.0075
2026-01-10 12:18:54.645063 | Epoch:9527 | LR: 0.0000461 | Loss : 0.0069 | Val loss: 0.0071
2026-01-10 12:18:58.996286 | Epoch:9528 | LR: 0.0000461 | Loss : 0.0073 | Val loss: 0.0071
2026-01-10 12:19:03.355145 | Epoch:9529 | LR: 0.0000461 | Loss : 0.0071 | Val loss: 0.0079
2026-01-10 12:19:07.786083 | Epoch:9530 | LR: 0.0000461 | Loss : 0.0082 | Val loss: 0.0078
2026-01-10 12:19:12.163932 | Epoch:9531 | LR: 0.0000461 | Loss : 0.0087 | Val loss: 0.0083
2026-01-10 12:19:16.515195 | Epoch:9532 | LR: 0.0000462 | Loss : 0.0079 | Val loss: 0.0083
2026-01-10 12:19:20.795437 | Epoch:9533 | LR: 0.0000462 | Loss : 0.0074 | Val loss: 0.0075
2026-01-10 12:19:25.069088 | Epoch:9534 | LR: 0.0000462 | Loss : 0.0076 | Val loss: 0.0080
2026-01-10 12:19:29.450441 | Epoch:9535 | LR: 0.0000462 | Loss : 0.0085 | Val loss: 0.0085
2026-01-10 12:19:33.652348 | Epoch:9536 | LR: 0.0000462 | Loss : 0.0084 | Val loss: 0.0084
2026-01-10 12:19:37.898829 | Epoch:9537 | LR: 0.0000462 | Loss : 0.0081 | Val loss: 0.0088
2026-01-10 12:19:42.184571 | Epoch:9538 | LR: 0.0000463 | Loss : 0.0085 | Val loss: 0.0078
2026-01-10 12:19:46.463539 | Epoch:9539 | LR: 0.0000463 | Loss : 0.0080 | Val loss: 0.0077
2026-01-10 12:19:50.790892 | Epoch:9540 | LR: 0.0000463 | Loss : 0.0078 | Val loss: 0.0075
2026-01-10 12:19:55.077031 | Epoch:9541 | LR: 0.0000463 | Loss : 0.0073 | Val loss: 0.0076
2026-01-10 12:19:59.389926 | Epoch:9542 | LR: 0.0000463 | Loss : 0.0072 | Val loss: 0.0074
2026-01-10 12:20:03.722490 | Epoch:9543 | LR: 0.0000463 | Loss : 0.0072 | Val loss: 0.0072
2026-01-10 12:20:08.022909 | Epoch:9544 | LR: 0.0000464 | Loss : 0.0074 | Val loss: 0.0073
2026-01-10 12:20:12.350503 | Epoch:9545 | LR: 0.0000464 | Loss : 0.0072 | Val loss: 0.0076
2026-01-10 12:20:16.661035 | Epoch:9546 | LR: 0.0000464 | Loss : 0.0068 | Val loss: 0.0070
2026-01-10 12:20:20.861015 | Epoch:9547 | LR: 0.0000464 | Loss : 0.0072 | Val loss: 0.0071
2026-01-10 12:20:25.036789 | Epoch:9548 | LR: 0.0000464 | Loss : 0.0068 | Val loss: 0.0068
2026-01-10 12:20:29.415391 | Epoch:9549 | LR: 0.0000464 | Loss : 0.0069 | Val loss: 0.0069
2026-01-10 12:20:34.568155 | Epoch:9550 | LR: 0.0000465 | Loss : 0.0068 | Val loss: 0.0066
2026-01-10 12:20:38.977927 | Epoch:9551 | LR: 0.0000465 | Loss : 0.0069 | Val loss: 0.0063
2026-01-10 12:20:43.196911 | Epoch:9552 | LR: 0.0000465 | Loss : 0.0068 | Val loss: 0.0063
2026-01-10 12:20:48.071257 | Epoch:9553 | LR: 0.0000465 | Loss : 0.0066 | Val loss: 0.0070
2026-01-10 12:20:52.375209 | Epoch:9554 | LR: 0.0000465 | Loss : 0.0067 | Val loss: 0.0070
2026-01-10 12:20:56.908399 | Epoch:9555 | LR: 0.0000465 | Loss : 0.0066 | Val loss: 0.0070
2026-01-10 12:21:01.336794 | Epoch:9556 | LR: 0.0000466 | Loss : 0.0067 | Val loss: 0.0062
2026-01-10 12:21:05.732125 | Epoch:9557 | LR: 0.0000466 | Loss : 0.0067 | Val loss: 0.0071
2026-01-10 12:21:10.108450 | Epoch:9558 | LR: 0.0000466 | Loss : 0.0070 | Val loss: 0.0065
2026-01-10 12:21:14.503040 | Epoch:9559 | LR: 0.0000466 | Loss : 0.0069 | Val loss: 0.0070
2026-01-10 12:21:18.890120 | Epoch:9560 | LR: 0.0000466 | Loss : 0.0075 | Val loss: 0.0079
2026-01-10 12:21:23.517073 | Epoch:9561 | LR: 0.0000466 | Loss : 0.0081 | Val loss: 0.0081
2026-01-10 12:21:27.866294 | Epoch:9562 | LR: 0.0000466 | Loss : 0.0081 | Val loss: 0.0084
2026-01-10 12:21:32.230915 | Epoch:9563 | LR: 0.0000467 | Loss : 0.0088 | Val loss: 0.0095
2026-01-10 12:21:36.578048 | Epoch:9564 | LR: 0.0000467 | Loss : 0.0097 | Val loss: 0.0098
2026-01-10 12:21:40.921640 | Epoch:9565 | LR: 0.0000467 | Loss : 0.0098 | Val loss: 0.0098
2026-01-10 12:21:45.239080 | Epoch:9566 | LR: 0.0000467 | Loss : 0.0088 | Val loss: 0.0086
2026-01-10 12:21:49.518529 | Epoch:9567 | LR: 0.0000467 | Loss : 0.0083 | Val loss: 0.0084
2026-01-10 12:21:53.841666 | Epoch:9568 | LR: 0.0000467 | Loss : 0.0091 | Val loss: 0.0089
2026-01-10 12:21:58.193135 | Epoch:9569 | LR: 0.0000468 | Loss : 0.0098 | Val loss: 0.0108
2026-01-10 12:22:02.598233 | Epoch:9570 | LR: 0.0000468 | Loss : 0.0098 | Val loss: 0.0087
2026-01-10 12:22:06.970956 | Epoch:9571 | LR: 0.0000468 | Loss : 0.0087 | Val loss: 0.0076
2026-01-10 12:22:11.352192 | Epoch:9572 | LR: 0.0000468 | Loss : 0.0081 | Val loss: 0.0077
2026-01-10 12:22:15.797096 | Epoch:9573 | LR: 0.0000468 | Loss : 0.0075 | Val loss: 0.0071
2026-01-10 12:22:20.230920 | Epoch:9574 | LR: 0.0000468 | Loss : 0.0072 | Val loss: 0.0075
2026-01-10 12:22:24.644976 | Epoch:9575 | LR: 0.0000469 | Loss : 0.0071 | Val loss: 0.0076
2026-01-10 12:22:29.019394 | Epoch:9576 | LR: 0.0000469 | Loss : 0.0064 | Val loss: 0.0065
2026-01-10 12:22:33.331856 | Epoch:9577 | LR: 0.0000469 | Loss : 0.0067 | Val loss: 0.0069
2026-01-10 12:22:37.666973 | Epoch:9578 | LR: 0.0000469 | Loss : 0.0065 | Val loss: 0.0067
2026-01-10 12:22:42.066167 | Epoch:9579 | LR: 0.0000469 | Loss : 0.0067 | Val loss: 0.0070
2026-01-10 12:22:46.345331 | Epoch:9580 | LR: 0.0000469 | Loss : 0.0063 | Val loss: 0.0064
2026-01-10 12:22:50.776792 | Epoch:9581 | LR: 0.0000469 | Loss : 0.0067 | Val loss: 0.0062
2026-01-10 12:22:55.122416 | Epoch:9582 | LR: 0.0000470 | Loss : 0.0068 | Val loss: 0.0061
2026-01-10 12:22:59.453316 | Epoch:9583 | LR: 0.0000470 | Loss : 0.0065 | Val loss: 0.0061
2026-01-10 12:23:03.828600 | Epoch:9584 | LR: 0.0000470 | Loss : 0.0064 | Val loss: 0.0064
2026-01-10 12:23:08.232787 | Epoch:9585 | LR: 0.0000470 | Loss : 0.0068 | Val loss: 0.0068
2026-01-10 12:23:12.635686 | Epoch:9586 | LR: 0.0000470 | Loss : 0.0070 | Val loss: 0.0074
2026-01-10 12:23:17.056246 | Epoch:9587 | LR: 0.0000470 | Loss : 0.0064 | Val loss: 0.0068
2026-01-10 12:23:21.519821 | Epoch:9588 | LR: 0.0000470 | Loss : 0.0066 | Val loss: 0.0069
2026-01-10 12:23:25.954064 | Epoch:9589 | LR: 0.0000471 | Loss : 0.0067 | Val loss: 0.0070
2026-01-10 12:23:30.674880 | Epoch:9590 | LR: 0.0000471 | Loss : 0.0066 | Val loss: 0.0068
2026-01-10 12:23:35.031911 | Epoch:9591 | LR: 0.0000471 | Loss : 0.0067 | Val loss: 0.0067
2026-01-10 12:23:39.349589 | Epoch:9592 | LR: 0.0000471 | Loss : 0.0069 | Val loss: 0.0072
2026-01-10 12:23:43.677398 | Epoch:9593 | LR: 0.0000471 | Loss : 0.0067 | Val loss: 0.0066
2026-01-10 12:23:48.022328 | Epoch:9594 | LR: 0.0000471 | Loss : 0.0066 | Val loss: 0.0072
2026-01-10 12:23:52.272746 | Epoch:9595 | LR: 0.0000472 | Loss : 0.0066 | Val loss: 0.0073
2026-01-10 12:23:56.679417 | Epoch:9596 | LR: 0.0000472 | Loss : 0.0068 | Val loss: 0.0066
2026-01-10 12:24:01.014441 | Epoch:9597 | LR: 0.0000472 | Loss : 0.0070 | Val loss: 0.0070
2026-01-10 12:24:05.354818 | Epoch:9598 | LR: 0.0000472 | Loss : 0.0076 | Val loss: 0.0079
2026-01-10 12:24:09.784299 | Epoch:9599 | LR: 0.0000472 | Loss : 0.0079 | Val loss: 0.0074
2026-01-10 12:24:14.191339 | Epoch:9600 | LR: 0.0000472 | Loss : 0.0075 | Val loss: 0.0076
2026-01-10 12:24:18.567345 | Epoch:9601 | LR: 0.0000472 | Loss : 0.0077 | Val loss: 0.0080
2026-01-10 12:24:22.965998 | Epoch:9602 | LR: 0.0000473 | Loss : 0.0077 | Val loss: 0.0083
2026-01-10 12:24:27.383941 | Epoch:9603 | LR: 0.0000473 | Loss : 0.0081 | Val loss: 0.0072
2026-01-10 12:24:31.797233 | Epoch:9604 | LR: 0.0000473 | Loss : 0.0080 | Val loss: 0.0076
2026-01-10 12:24:36.197731 | Epoch:9605 | LR: 0.0000473 | Loss : 0.0083 | Val loss: 0.0078
2026-01-10 12:24:40.585198 | Epoch:9606 | LR: 0.0000473 | Loss : 0.0077 | Val loss: 0.0077
2026-01-10 12:24:44.910794 | Epoch:9607 | LR: 0.0000473 | Loss : 0.0080 | Val loss: 0.0076
2026-01-10 12:24:49.273116 | Epoch:9608 | LR: 0.0000473 | Loss : 0.0082 | Val loss: 0.0072
2026-01-10 12:24:53.645552 | Epoch:9609 | LR: 0.0000474 | Loss : 0.0076 | Val loss: 0.0071
2026-01-10 12:24:57.999133 | Epoch:9610 | LR: 0.0000474 | Loss : 0.0070 | Val loss: 0.0083
2026-01-10 12:25:02.421412 | Epoch:9611 | LR: 0.0000474 | Loss : 0.0077 | Val loss: 0.0069
2026-01-10 12:25:06.759818 | Epoch:9612 | LR: 0.0000474 | Loss : 0.0077 | Val loss: 0.0071
2026-01-10 12:25:11.161570 | Epoch:9613 | LR: 0.0000474 | Loss : 0.0073 | Val loss: 0.0066
2026-01-10 12:25:15.566122 | Epoch:9614 | LR: 0.0000474 | Loss : 0.0071 | Val loss: 0.0066
2026-01-10 12:25:19.979873 | Epoch:9615 | LR: 0.0000474 | Loss : 0.0069 | Val loss: 0.0067
2026-01-10 12:25:24.421537 | Epoch:9616 | LR: 0.0000475 | Loss : 0.0066 | Val loss: 0.0074
2026-01-10 12:25:28.886841 | Epoch:9617 | LR: 0.0000475 | Loss : 0.0070 | Val loss: 0.0071
2026-01-10 12:25:33.275123 | Epoch:9618 | LR: 0.0000475 | Loss : 0.0069 | Val loss: 0.0068
2026-01-10 12:25:37.604279 | Epoch:9619 | LR: 0.0000475 | Loss : 0.0064 | Val loss: 0.0074
2026-01-10 12:25:41.876960 | Epoch:9620 | LR: 0.0000475 | Loss : 0.0066 | Val loss: 0.0069
2026-01-10 12:25:46.486516 | Epoch:9621 | LR: 0.0000475 | Loss : 0.0068 | Val loss: 0.0074
2026-01-10 12:25:51.088508 | Epoch:9622 | LR: 0.0000475 | Loss : 0.0066 | Val loss: 0.0065
2026-01-10 12:25:55.472428 | Epoch:9623 | LR: 0.0000475 | Loss : 0.0066 | Val loss: 0.0065
2026-01-10 12:25:59.780385 | Epoch:9624 | LR: 0.0000476 | Loss : 0.0071 | Val loss: 0.0069
2026-01-10 12:26:04.585803 | Epoch:9625 | LR: 0.0000476 | Loss : 0.0070 | Val loss: 0.0075
2026-01-10 12:26:09.235072 | Epoch:9626 | LR: 0.0000476 | Loss : 0.0072 | Val loss: 0.0071
2026-01-10 12:26:13.495062 | Epoch:9627 | LR: 0.0000476 | Loss : 0.0074 | Val loss: 0.0077
2026-01-10 12:26:17.784905 | Epoch:9628 | LR: 0.0000476 | Loss : 0.0071 | Val loss: 0.0075
2026-01-10 12:26:22.053652 | Epoch:9629 | LR: 0.0000476 | Loss : 0.0067 | Val loss: 0.0074
2026-01-10 12:26:26.674014 | Epoch:9630 | LR: 0.0000476 | Loss : 0.0075 | Val loss: 0.0077
2026-01-10 12:26:31.023192 | Epoch:9631 | LR: 0.0000477 | Loss : 0.0076 | Val loss: 0.0073
2026-01-10 12:26:35.336386 | Epoch:9632 | LR: 0.0000477 | Loss : 0.0078 | Val loss: 0.0075
2026-01-10 12:26:39.696922 | Epoch:9633 | LR: 0.0000477 | Loss : 0.0077 | Val loss: 0.0072
2026-01-10 12:26:44.019492 | Epoch:9634 | LR: 0.0000477 | Loss : 0.0075 | Val loss: 0.0072
2026-01-10 12:26:48.338704 | Epoch:9635 | LR: 0.0000477 | Loss : 0.0072 | Val loss: 0.0079
2026-01-10 12:26:52.650709 | Epoch:9636 | LR: 0.0000477 | Loss : 0.0071 | Val loss: 0.0078
2026-01-10 12:26:57.014557 | Epoch:9637 | LR: 0.0000477 | Loss : 0.0071 | Val loss: 0.0074
2026-01-10 12:27:01.290951 | Epoch:9638 | LR: 0.0000477 | Loss : 0.0074 | Val loss: 0.0078
2026-01-10 12:27:05.673907 | Epoch:9639 | LR: 0.0000478 | Loss : 0.0074 | Val loss: 0.0072
2026-01-10 12:27:09.946363 | Epoch:9640 | LR: 0.0000478 | Loss : 0.0078 | Val loss: 0.0072
2026-01-10 12:27:14.362724 | Epoch:9641 | LR: 0.0000478 | Loss : 0.0079 | Val loss: 0.0073
2026-01-10 12:27:18.655839 | Epoch:9642 | LR: 0.0000478 | Loss : 0.0070 | Val loss: 0.0074
2026-01-10 12:27:22.973666 | Epoch:9643 | LR: 0.0000478 | Loss : 0.0073 | Val loss: 0.0072
2026-01-10 12:27:27.268654 | Epoch:9644 | LR: 0.0000478 | Loss : 0.0074 | Val loss: 0.0073
2026-01-10 12:27:31.609921 | Epoch:9645 | LR: 0.0000478 | Loss : 0.0071 | Val loss: 0.0075
2026-01-10 12:27:35.976955 | Epoch:9646 | LR: 0.0000479 | Loss : 0.0074 | Val loss: 0.0069
2026-01-10 12:27:40.359285 | Epoch:9647 | LR: 0.0000479 | Loss : 0.0074 | Val loss: 0.0072
2026-01-10 12:27:44.734366 | Epoch:9648 | LR: 0.0000479 | Loss : 0.0071 | Val loss: 0.0077
2026-01-10 12:27:49.103461 | Epoch:9649 | LR: 0.0000479 | Loss : 0.0071 | Val loss: 0.0071
2026-01-10 12:27:53.478391 | Epoch:9650 | LR: 0.0000479 | Loss : 0.0073 | Val loss: 0.0074
2026-01-10 12:27:57.827254 | Epoch:9651 | LR: 0.0000479 | Loss : 0.0074 | Val loss: 0.0085
2026-01-10 12:28:02.188166 | Epoch:9652 | LR: 0.0000479 | Loss : 0.0073 | Val loss: 0.0080
2026-01-10 12:28:06.480971 | Epoch:9653 | LR: 0.0000479 | Loss : 0.0068 | Val loss: 0.0072
2026-01-10 12:28:10.767055 | Epoch:9654 | LR: 0.0000480 | Loss : 0.0071 | Val loss: 0.0078
2026-01-10 12:28:15.181073 | Epoch:9655 | LR: 0.0000480 | Loss : 0.0070 | Val loss: 0.0069
2026-01-10 12:28:19.580486 | Epoch:9656 | LR: 0.0000480 | Loss : 0.0065 | Val loss: 0.0067
2026-01-10 12:28:23.945162 | Epoch:9657 | LR: 0.0000480 | Loss : 0.0066 | Val loss: 0.0064
2026-01-10 12:28:28.258132 | Epoch:9658 | LR: 0.0000480 | Loss : 0.0066 | Val loss: 0.0065
2026-01-10 12:28:32.598577 | Epoch:9659 | LR: 0.0000480 | Loss : 0.0075 | Val loss: 0.0069
2026-01-10 12:28:36.940666 | Epoch:9660 | LR: 0.0000480 | Loss : 0.0073 | Val loss: 0.0069
2026-01-10 12:28:41.279135 | Epoch:9661 | LR: 0.0000480 | Loss : 0.0072 | Val loss: 0.0060
2026-01-10 12:28:45.674866 | Epoch:9662 | LR: 0.0000480 | Loss : 0.0073 | Val loss: 0.0070
2026-01-10 12:28:49.996070 | Epoch:9663 | LR: 0.0000481 | Loss : 0.0075 | Val loss: 0.0076
2026-01-10 12:28:54.374650 | Epoch:9664 | LR: 0.0000481 | Loss : 0.0072 | Val loss: 0.0068
2026-01-10 12:28:58.763601 | Epoch:9665 | LR: 0.0000481 | Loss : 0.0074 | Val loss: 0.0076
2026-01-10 12:29:03.092970 | Epoch:9666 | LR: 0.0000481 | Loss : 0.0072 | Val loss: 0.0076
2026-01-10 12:29:07.398586 | Epoch:9667 | LR: 0.0000481 | Loss : 0.0068 | Val loss: 0.0066
2026-01-10 12:29:11.936544 | Epoch:9668 | LR: 0.0000481 | Loss : 0.0067 | Val loss: 0.0067
2026-01-10 12:29:16.260523 | Epoch:9669 | LR: 0.0000481 | Loss : 0.0072 | Val loss: 0.0066
2026-01-10 12:29:20.772344 | Epoch:9670 | LR: 0.0000481 | Loss : 0.0071 | Val loss: 0.0068
2026-01-10 12:29:25.141300 | Epoch:9671 | LR: 0.0000482 | Loss : 0.0075 | Val loss: 0.0073
2026-01-10 12:29:29.433286 | Epoch:9672 | LR: 0.0000482 | Loss : 0.0076 | Val loss: 0.0077
2026-01-10 12:29:33.720586 | Epoch:9673 | LR: 0.0000482 | Loss : 0.0081 | Val loss: 0.0080
2026-01-10 12:29:37.995853 | Epoch:9674 | LR: 0.0000482 | Loss : 0.0080 | Val loss: 0.0077
2026-01-10 12:29:42.561800 | Epoch:9675 | LR: 0.0000482 | Loss : 0.0077 | Val loss: 0.0080
2026-01-10 12:29:47.007128 | Epoch:9676 | LR: 0.0000482 | Loss : 0.0074 | Val loss: 0.0068
2026-01-10 12:29:51.350836 | Epoch:9677 | LR: 0.0000482 | Loss : 0.0073 | Val loss: 0.0079
2026-01-10 12:29:55.720531 | Epoch:9678 | LR: 0.0000482 | Loss : 0.0075 | Val loss: 0.0079
2026-01-10 12:30:00.035675 | Epoch:9679 | LR: 0.0000483 | Loss : 0.0072 | Val loss: 0.0070
2026-01-10 12:30:04.356139 | Epoch:9680 | LR: 0.0000483 | Loss : 0.0072 | Val loss: 0.0084
2026-01-10 12:30:08.641732 | Epoch:9681 | LR: 0.0000483 | Loss : 0.0082 | Val loss: 0.0084
2026-01-10 12:30:12.951703 | Epoch:9682 | LR: 0.0000483 | Loss : 0.0089 | Val loss: 0.0084
2026-01-10 12:30:17.181640 | Epoch:9683 | LR: 0.0000483 | Loss : 0.0083 | Val loss: 0.0076
2026-01-10 12:30:21.464157 | Epoch:9684 | LR: 0.0000483 | Loss : 0.0082 | Val loss: 0.0073
2026-01-10 12:30:25.686336 | Epoch:9685 | LR: 0.0000483 | Loss : 0.0074 | Val loss: 0.0080
2026-01-10 12:30:30.107355 | Epoch:9686 | LR: 0.0000483 | Loss : 0.0075 | Val loss: 0.0076
2026-01-10 12:30:34.417594 | Epoch:9687 | LR: 0.0000483 | Loss : 0.0077 | Val loss: 0.0077
2026-01-10 12:30:38.725515 | Epoch:9688 | LR: 0.0000484 | Loss : 0.0073 | Val loss: 0.0075
2026-01-10 12:30:43.030236 | Epoch:9689 | LR: 0.0000484 | Loss : 0.0076 | Val loss: 0.0072
2026-01-10 12:30:47.332595 | Epoch:9690 | LR: 0.0000484 | Loss : 0.0068 | Val loss: 0.0069
2026-01-10 12:30:51.570171 | Epoch:9691 | LR: 0.0000484 | Loss : 0.0069 | Val loss: 0.0071
2026-01-10 12:30:55.828236 | Epoch:9692 | LR: 0.0000484 | Loss : 0.0069 | Val loss: 0.0065
2026-01-10 12:31:00.414101 | Epoch:9693 | LR: 0.0000484 | Loss : 0.0068 | Val loss: 0.0068
2026-01-10 12:31:05.309192 | Epoch:9694 | LR: 0.0000484 | Loss : 0.0064 | Val loss: 0.0069
2026-01-10 12:31:09.861563 | Epoch:9695 | LR: 0.0000484 | Loss : 0.0064 | Val loss: 0.0059
2026-01-10 12:31:14.064019 | Epoch:9696 | LR: 0.0000484 | Loss : 0.0068 | Val loss: 0.0072
2026-01-10 12:31:18.811664 | Epoch:9697 | LR: 0.0000485 | Loss : 0.0063 | Val loss: 0.0062
2026-01-10 12:31:24.682176 | Epoch:9698 | LR: 0.0000485 | Loss : 0.0068 | Val loss: 0.0061
2026-01-10 12:31:29.050404 | Epoch:9699 | LR: 0.0000485 | Loss : 0.0067 | Val loss: 0.0069
2026-01-10 12:31:33.488751 | Epoch:9700 | LR: 0.0000485 | Loss : 0.0066 | Val loss: 0.0064
2026-01-10 12:31:37.895035 | Epoch:9701 | LR: 0.0000485 | Loss : 0.0066 | Val loss: 0.0074
2026-01-10 12:31:42.219054 | Epoch:9702 | LR: 0.0000485 | Loss : 0.0072 | Val loss: 0.0074
2026-01-10 12:31:46.555941 | Epoch:9703 | LR: 0.0000485 | Loss : 0.0075 | Val loss: 0.0072
2026-01-10 12:31:50.938162 | Epoch:9704 | LR: 0.0000485 | Loss : 0.0075 | Val loss: 0.0078
2026-01-10 12:31:55.303532 | Epoch:9705 | LR: 0.0000485 | Loss : 0.0075 | Val loss: 0.0069
2026-01-10 12:31:59.735415 | Epoch:9706 | LR: 0.0000486 | Loss : 0.0069 | Val loss: 0.0071
2026-01-10 12:32:04.108618 | Epoch:9707 | LR: 0.0000486 | Loss : 0.0075 | Val loss: 0.0072
2026-01-10 12:32:08.501853 | Epoch:9708 | LR: 0.0000486 | Loss : 0.0076 | Val loss: 0.0077
2026-01-10 12:32:13.189503 | Epoch:9709 | LR: 0.0000486 | Loss : 0.0075 | Val loss: 0.0082
2026-01-10 12:32:17.580045 | Epoch:9710 | LR: 0.0000486 | Loss : 0.0076 | Val loss: 0.0077
2026-01-10 12:32:21.989373 | Epoch:9711 | LR: 0.0000486 | Loss : 0.0076 | Val loss: 0.0075
2026-01-10 12:32:26.275043 | Epoch:9712 | LR: 0.0000486 | Loss : 0.0074 | Val loss: 0.0076
2026-01-10 12:32:30.581449 | Epoch:9713 | LR: 0.0000486 | Loss : 0.0072 | Val loss: 0.0071
2026-01-10 12:32:34.909027 | Epoch:9714 | LR: 0.0000486 | Loss : 0.0072 | Val loss: 0.0071
2026-01-10 12:32:39.231122 | Epoch:9715 | LR: 0.0000486 | Loss : 0.0070 | Val loss: 0.0064
2026-01-10 12:32:43.598102 | Epoch:9716 | LR: 0.0000487 | Loss : 0.0068 | Val loss: 0.0073
2026-01-10 12:32:47.949951 | Epoch:9717 | LR: 0.0000487 | Loss : 0.0068 | Val loss: 0.0070
2026-01-10 12:32:52.328992 | Epoch:9718 | LR: 0.0000487 | Loss : 0.0074 | Val loss: 0.0077
2026-01-10 12:32:56.696070 | Epoch:9719 | LR: 0.0000487 | Loss : 0.0067 | Val loss: 0.0072
2026-01-10 12:33:01.076478 | Epoch:9720 | LR: 0.0000487 | Loss : 0.0069 | Val loss: 0.0073
2026-01-10 12:33:05.443853 | Epoch:9721 | LR: 0.0000487 | Loss : 0.0068 | Val loss: 0.0077
2026-01-10 12:33:09.828840 | Epoch:9722 | LR: 0.0000487 | Loss : 0.0066 | Val loss: 0.0068
2026-01-10 12:33:14.197929 | Epoch:9723 | LR: 0.0000487 | Loss : 0.0069 | Val loss: 0.0066
2026-01-10 12:33:18.580358 | Epoch:9724 | LR: 0.0000487 | Loss : 0.0068 | Val loss: 0.0074
2026-01-10 12:33:22.971455 | Epoch:9725 | LR: 0.0000487 | Loss : 0.0073 | Val loss: 0.0069
2026-01-10 12:33:27.378309 | Epoch:9726 | LR: 0.0000488 | Loss : 0.0071 | Val loss: 0.0073
2026-01-10 12:33:31.644198 | Epoch:9727 | LR: 0.0000488 | Loss : 0.0066 | Val loss: 0.0068
2026-01-10 12:33:35.906185 | Epoch:9728 | LR: 0.0000488 | Loss : 0.0070 | Val loss: 0.0072
2026-01-10 12:33:40.235605 | Epoch:9729 | LR: 0.0000488 | Loss : 0.0068 | Val loss: 0.0072
2026-01-10 12:33:44.533029 | Epoch:9730 | LR: 0.0000488 | Loss : 0.0073 | Val loss: 0.0073
2026-01-10 12:33:48.917230 | Epoch:9731 | LR: 0.0000488 | Loss : 0.0077 | Val loss: 0.0074
2026-01-10 12:33:53.310291 | Epoch:9732 | LR: 0.0000488 | Loss : 0.0070 | Val loss: 0.0074
2026-01-10 12:33:57.910620 | Epoch:9733 | LR: 0.0000488 | Loss : 0.0071 | Val loss: 0.0069
2026-01-10 12:34:02.296893 | Epoch:9734 | LR: 0.0000488 | Loss : 0.0070 | Val loss: 0.0076
2026-01-10 12:34:06.684776 | Epoch:9735 | LR: 0.0000488 | Loss : 0.0071 | Val loss: 0.0073
2026-01-10 12:34:11.082301 | Epoch:9736 | LR: 0.0000489 | Loss : 0.0080 | Val loss: 0.0076
2026-01-10 12:34:15.483813 | Epoch:9737 | LR: 0.0000489 | Loss : 0.0076 | Val loss: 0.0069
2026-01-10 12:34:19.862388 | Epoch:9738 | LR: 0.0000489 | Loss : 0.0072 | Val loss: 0.0070
2026-01-10 12:34:24.237394 | Epoch:9739 | LR: 0.0000489 | Loss : 0.0069 | Val loss: 0.0075
2026-01-10 12:34:28.610098 | Epoch:9740 | LR: 0.0000489 | Loss : 0.0071 | Val loss: 0.0069
2026-01-10 12:34:32.958990 | Epoch:9741 | LR: 0.0000489 | Loss : 0.0069 | Val loss: 0.0064
2026-01-10 12:34:37.263046 | Epoch:9742 | LR: 0.0000489 | Loss : 0.0072 | Val loss: 0.0069
2026-01-10 12:34:41.544615 | Epoch:9743 | LR: 0.0000489 | Loss : 0.0072 | Val loss: 0.0070
2026-01-10 12:34:45.807104 | Epoch:9744 | LR: 0.0000489 | Loss : 0.0071 | Val loss: 0.0075
2026-01-10 12:34:50.093190 | Epoch:9745 | LR: 0.0000489 | Loss : 0.0074 | Val loss: 0.0071
2026-01-10 12:34:54.420126 | Epoch:9746 | LR: 0.0000489 | Loss : 0.0077 | Val loss: 0.0074
2026-01-10 12:34:58.795776 | Epoch:9747 | LR: 0.0000490 | Loss : 0.0074 | Val loss: 0.0080
2026-01-10 12:35:03.113479 | Epoch:9748 | LR: 0.0000490 | Loss : 0.0079 | Val loss: 0.0072
2026-01-10 12:35:07.740532 | Epoch:9749 | LR: 0.0000490 | Loss : 0.0076 | Val loss: 0.0081
2026-01-10 12:35:12.097499 | Epoch:9750 | LR: 0.0000490 | Loss : 0.0073 | Val loss: 0.0068
2026-01-10 12:35:16.491492 | Epoch:9751 | LR: 0.0000490 | Loss : 0.0070 | Val loss: 0.0066
2026-01-10 12:35:20.863672 | Epoch:9752 | LR: 0.0000490 | Loss : 0.0066 | Val loss: 0.0071
2026-01-10 12:35:25.203056 | Epoch:9753 | LR: 0.0000490 | Loss : 0.0070 | Val loss: 0.0073
2026-01-10 12:35:29.532796 | Epoch:9754 | LR: 0.0000490 | Loss : 0.0075 | Val loss: 0.0071
2026-01-10 12:35:33.891436 | Epoch:9755 | LR: 0.0000490 | Loss : 0.0072 | Val loss: 0.0079
2026-01-10 12:35:38.273515 | Epoch:9756 | LR: 0.0000490 | Loss : 0.0072 | Val loss: 0.0079
2026-01-10 12:35:42.584416 | Epoch:9757 | LR: 0.0000490 | Loss : 0.0075 | Val loss: 0.0079
2026-01-10 12:35:46.859932 | Epoch:9758 | LR: 0.0000491 | Loss : 0.0077 | Val loss: 0.0073
2026-01-10 12:35:51.129927 | Epoch:9759 | LR: 0.0000491 | Loss : 0.0074 | Val loss: 0.0068
2026-01-10 12:35:55.413496 | Epoch:9760 | LR: 0.0000491 | Loss : 0.0071 | Val loss: 0.0077
2026-01-10 12:35:59.750782 | Epoch:9761 | LR: 0.0000491 | Loss : 0.0077 | Val loss: 0.0071
2026-01-10 12:36:04.046590 | Epoch:9762 | LR: 0.0000491 | Loss : 0.0069 | Val loss: 0.0079
2026-01-10 12:36:08.284488 | Epoch:9763 | LR: 0.0000491 | Loss : 0.0075 | Val loss: 0.0070
2026-01-10 12:36:12.501782 | Epoch:9764 | LR: 0.0000491 | Loss : 0.0075 | Val loss: 0.0079
2026-01-10 12:36:17.144889 | Epoch:9765 | LR: 0.0000491 | Loss : 0.0075 | Val loss: 0.0073
2026-01-10 12:36:21.893071 | Epoch:9766 | LR: 0.0000491 | Loss : 0.0076 | Val loss: 0.0072
2026-01-10 12:36:26.429349 | Epoch:9767 | LR: 0.0000491 | Loss : 0.0074 | Val loss: 0.0074
2026-01-10 12:36:30.663903 | Epoch:9768 | LR: 0.0000491 | Loss : 0.0070 | Val loss: 0.0070
2026-01-10 12:36:35.608131 | Epoch:9769 | LR: 0.0000491 | Loss : 0.0076 | Val loss: 0.0082
2026-01-10 12:36:39.961790 | Epoch:9770 | LR: 0.0000492 | Loss : 0.0074 | Val loss: 0.0071
2026-01-10 12:36:44.330539 | Epoch:9771 | LR: 0.0000492 | Loss : 0.0068 | Val loss: 0.0070
2026-01-10 12:36:48.682043 | Epoch:9772 | LR: 0.0000492 | Loss : 0.0068 | Val loss: 0.0069
2026-01-10 12:36:52.968992 | Epoch:9773 | LR: 0.0000492 | Loss : 0.0067 | Val loss: 0.0068
2026-01-10 12:36:57.225674 | Epoch:9774 | LR: 0.0000492 | Loss : 0.0068 | Val loss: 0.0074
2026-01-10 12:37:01.804647 | Epoch:9775 | LR: 0.0000492 | Loss : 0.0071 | Val loss: 0.0066
2026-01-10 12:37:06.193520 | Epoch:9776 | LR: 0.0000492 | Loss : 0.0065 | Val loss: 0.0068
2026-01-10 12:37:10.575559 | Epoch:9777 | LR: 0.0000492 | Loss : 0.0070 | Val loss: 0.0077
2026-01-10 12:37:15.330883 | Epoch:9778 | LR: 0.0000492 | Loss : 0.0070 | Val loss: 0.0075
2026-01-10 12:37:19.698581 | Epoch:9779 | LR: 0.0000492 | Loss : 0.0070 | Val loss: 0.0068
2026-01-10 12:37:24.054164 | Epoch:9780 | LR: 0.0000492 | Loss : 0.0069 | Val loss: 0.0066
2026-01-10 12:37:28.419706 | Epoch:9781 | LR: 0.0000492 | Loss : 0.0068 | Val loss: 0.0062
2026-01-10 12:37:32.799951 | Epoch:9782 | LR: 0.0000492 | Loss : 0.0071 | Val loss: 0.0068
2026-01-10 12:37:37.150547 | Epoch:9783 | LR: 0.0000493 | Loss : 0.0071 | Val loss: 0.0077
2026-01-10 12:37:41.506618 | Epoch:9784 | LR: 0.0000493 | Loss : 0.0069 | Val loss: 0.0074
2026-01-10 12:37:45.864353 | Epoch:9785 | LR: 0.0000493 | Loss : 0.0078 | Val loss: 0.0073
2026-01-10 12:37:50.211642 | Epoch:9786 | LR: 0.0000493 | Loss : 0.0071 | Val loss: 0.0066
2026-01-10 12:37:54.540104 | Epoch:9787 | LR: 0.0000493 | Loss : 0.0070 | Val loss: 0.0072
2026-01-10 12:37:58.824874 | Epoch:9788 | LR: 0.0000493 | Loss : 0.0074 | Val loss: 0.0071
2026-01-10 12:38:03.306621 | Epoch:9789 | LR: 0.0000493 | Loss : 0.0073 | Val loss: 0.0075
2026-01-10 12:38:07.635773 | Epoch:9790 | LR: 0.0000493 | Loss : 0.0075 | Val loss: 0.0077
2026-01-10 12:38:11.971915 | Epoch:9791 | LR: 0.0000493 | Loss : 0.0085 | Val loss: 0.0082
2026-01-10 12:38:16.413751 | Epoch:9792 | LR: 0.0000493 | Loss : 0.0075 | Val loss: 0.0074
2026-01-10 12:38:20.836803 | Epoch:9793 | LR: 0.0000493 | Loss : 0.0076 | Val loss: 0.0082
2026-01-10 12:38:25.180963 | Epoch:9794 | LR: 0.0000493 | Loss : 0.0080 | Val loss: 0.0069
2026-01-10 12:38:29.523928 | Epoch:9795 | LR: 0.0000493 | Loss : 0.0071 | Val loss: 0.0066
2026-01-10 12:38:33.881370 | Epoch:9796 | LR: 0.0000493 | Loss : 0.0075 | Val loss: 0.0070
2026-01-10 12:38:38.162378 | Epoch:9797 | LR: 0.0000494 | Loss : 0.0071 | Val loss: 0.0070
2026-01-10 12:38:42.467706 | Epoch:9798 | LR: 0.0000494 | Loss : 0.0069 | Val loss: 0.0074
2026-01-10 12:38:46.876030 | Epoch:9799 | LR: 0.0000494 | Loss : 0.0073 | Val loss: 0.0069
2026-01-10 12:38:51.258805 | Epoch:9800 | LR: 0.0000494 | Loss : 0.0070 | Val loss: 0.0070
2026-01-10 12:38:55.636707 | Epoch:9801 | LR: 0.0000494 | Loss : 0.0072 | Val loss: 0.0071
2026-01-10 12:38:59.965312 | Epoch:9802 | LR: 0.0000494 | Loss : 0.0069 | Val loss: 0.0069
2026-01-10 12:39:04.252428 | Epoch:9803 | LR: 0.0000494 | Loss : 0.0065 | Val loss: 0.0065
2026-01-10 12:39:08.486669 | Epoch:9804 | LR: 0.0000494 | Loss : 0.0065 | Val loss: 0.0066
2026-01-10 12:39:12.728936 | Epoch:9805 | LR: 0.0000494 | Loss : 0.0070 | Val loss: 0.0064
2026-01-10 12:39:16.976796 | Epoch:9806 | LR: 0.0000494 | Loss : 0.0065 | Val loss: 0.0070
2026-01-10 12:39:21.298018 | Epoch:9807 | LR: 0.0000494 | Loss : 0.0071 | Val loss: 0.0070
2026-01-10 12:39:25.757125 | Epoch:9808 | LR: 0.0000494 | Loss : 0.0070 | Val loss: 0.0072
2026-01-10 12:39:30.074844 | Epoch:9809 | LR: 0.0000494 | Loss : 0.0067 | Val loss: 0.0068
2026-01-10 12:39:34.420996 | Epoch:9810 | LR: 0.0000494 | Loss : 0.0067 | Val loss: 0.0068
2026-01-10 12:39:38.771133 | Epoch:9811 | LR: 0.0000495 | Loss : 0.0069 | Val loss: 0.0066
2026-01-10 12:39:43.061341 | Epoch:9812 | LR: 0.0000495 | Loss : 0.0070 | Val loss: 0.0073
2026-01-10 12:39:47.355981 | Epoch:9813 | LR: 0.0000495 | Loss : 0.0073 | Val loss: 0.0070
2026-01-10 12:39:51.681004 | Epoch:9814 | LR: 0.0000495 | Loss : 0.0074 | Val loss: 0.0081
2026-01-10 12:39:56.141755 | Epoch:9815 | LR: 0.0000495 | Loss : 0.0075 | Val loss: 0.0072
2026-01-10 12:40:00.572199 | Epoch:9816 | LR: 0.0000495 | Loss : 0.0079 | Val loss: 0.0088
2026-01-10 12:40:04.923996 | Epoch:9817 | LR: 0.0000495 | Loss : 0.0075 | Val loss: 0.0076
2026-01-10 12:40:09.605380 | Epoch:9818 | LR: 0.0000495 | Loss : 0.0076 | Val loss: 0.0075
2026-01-10 12:40:14.000912 | Epoch:9819 | LR: 0.0000495 | Loss : 0.0078 | Val loss: 0.0073
2026-01-10 12:40:18.277432 | Epoch:9820 | LR: 0.0000495 | Loss : 0.0074 | Val loss: 0.0073
2026-01-10 12:40:22.620986 | Epoch:9821 | LR: 0.0000495 | Loss : 0.0075 | Val loss: 0.0075
2026-01-10 12:40:26.998969 | Epoch:9822 | LR: 0.0000495 | Loss : 0.0071 | Val loss: 0.0072
2026-01-10 12:40:31.544785 | Epoch:9823 | LR: 0.0000495 | Loss : 0.0081 | Val loss: 0.0082
2026-01-10 12:40:36.109714 | Epoch:9824 | LR: 0.0000495 | Loss : 0.0077 | Val loss: 0.0074
2026-01-10 12:40:40.501054 | Epoch:9825 | LR: 0.0000495 | Loss : 0.0077 | Val loss: 0.0074
2026-01-10 12:40:44.861969 | Epoch:9826 | LR: 0.0000495 | Loss : 0.0073 | Val loss: 0.0069
2026-01-10 12:40:49.184109 | Epoch:9827 | LR: 0.0000496 | Loss : 0.0070 | Val loss: 0.0074
2026-01-10 12:40:53.539143 | Epoch:9828 | LR: 0.0000496 | Loss : 0.0071 | Val loss: 0.0078
2026-01-10 12:40:58.114665 | Epoch:9829 | LR: 0.0000496 | Loss : 0.0070 | Val loss: 0.0071
2026-01-10 12:41:02.495103 | Epoch:9830 | LR: 0.0000496 | Loss : 0.0069 | Val loss: 0.0070
2026-01-10 12:41:06.851122 | Epoch:9831 | LR: 0.0000496 | Loss : 0.0069 | Val loss: 0.0082
2026-01-10 12:41:11.162398 | Epoch:9832 | LR: 0.0000496 | Loss : 0.0071 | Val loss: 0.0067
2026-01-10 12:41:15.486610 | Epoch:9833 | LR: 0.0000496 | Loss : 0.0072 | Val loss: 0.0064
2026-01-10 12:41:19.703694 | Epoch:9834 | LR: 0.0000496 | Loss : 0.0070 | Val loss: 0.0065
2026-01-10 12:41:23.885687 | Epoch:9835 | LR: 0.0000496 | Loss : 0.0075 | Val loss: 0.0072
2026-01-10 12:41:28.059250 | Epoch:9836 | LR: 0.0000496 | Loss : 0.0075 | Val loss: 0.0067
2026-01-10 12:41:32.824393 | Epoch:9837 | LR: 0.0000496 | Loss : 0.0068 | Val loss: 0.0070
2026-01-10 12:41:37.701875 | Epoch:9838 | LR: 0.0000496 | Loss : 0.0068 | Val loss: 0.0068
2026-01-10 12:41:42.166641 | Epoch:9839 | LR: 0.0000496 | Loss : 0.0070 | Val loss: 0.0071
2026-01-10 12:41:46.946801 | Epoch:9840 | LR: 0.0000496 | Loss : 0.0067 | Val loss: 0.0066
2026-01-10 12:41:51.584265 | Epoch:9841 | LR: 0.0000496 | Loss : 0.0066 | Val loss: 0.0067
2026-01-10 12:41:55.904505 | Epoch:9842 | LR: 0.0000496 | Loss : 0.0067 | Val loss: 0.0076
2026-01-10 12:42:00.165433 | Epoch:9843 | LR: 0.0000496 | Loss : 0.0064 | Val loss: 0.0069
2026-01-10 12:42:04.482100 | Epoch:9844 | LR: 0.0000496 | Loss : 0.0070 | Val loss: 0.0072
2026-01-10 12:42:08.812989 | Epoch:9845 | LR: 0.0000497 | Loss : 0.0071 | Val loss: 0.0070
2026-01-10 12:42:13.130967 | Epoch:9846 | LR: 0.0000497 | Loss : 0.0066 | Val loss: 0.0067
2026-01-10 12:42:17.473236 | Epoch:9847 | LR: 0.0000497 | Loss : 0.0070 | Val loss: 0.0068
2026-01-10 12:42:21.761073 | Epoch:9848 | LR: 0.0000497 | Loss : 0.0068 | Val loss: 0.0072
2026-01-10 12:42:26.037217 | Epoch:9849 | LR: 0.0000497 | Loss : 0.0065 | Val loss: 0.0065
2026-01-10 12:42:30.445211 | Epoch:9850 | LR: 0.0000497 | Loss : 0.0065 | Val loss: 0.0069
2026-01-10 12:42:34.787129 | Epoch:9851 | LR: 0.0000497 | Loss : 0.0065 | Val loss: 0.0067
2026-01-10 12:42:39.162538 | Epoch:9852 | LR: 0.0000497 | Loss : 0.0063 | Val loss: 0.0059
2026-01-10 12:42:43.538586 | Epoch:9853 | LR: 0.0000497 | Loss : 0.0062 | Val loss: 0.0061
2026-01-10 12:42:47.898645 | Epoch:9854 | LR: 0.0000497 | Loss : 0.0067 | Val loss: 0.0066
2026-01-10 12:42:52.220979 | Epoch:9855 | LR: 0.0000497 | Loss : 0.0073 | Val loss: 0.0073
2026-01-10 12:42:56.497703 | Epoch:9856 | LR: 0.0000497 | Loss : 0.0073 | Val loss: 0.0074
2026-01-10 12:43:00.795975 | Epoch:9857 | LR: 0.0000497 | Loss : 0.0081 | Val loss: 0.0081
2026-01-10 12:43:05.209187 | Epoch:9858 | LR: 0.0000497 | Loss : 0.0081 | Val loss: 0.0075
2026-01-10 12:43:09.532183 | Epoch:9859 | LR: 0.0000497 | Loss : 0.0073 | Val loss: 0.0067
2026-01-10 12:43:13.853522 | Epoch:9860 | LR: 0.0000497 | Loss : 0.0073 | Val loss: 0.0070
2026-01-10 12:43:18.197791 | Epoch:9861 | LR: 0.0000497 | Loss : 0.0074 | Val loss: 0.0074
2026-01-10 12:43:22.513150 | Epoch:9862 | LR: 0.0000497 | Loss : 0.0076 | Val loss: 0.0078
2026-01-10 12:43:26.834551 | Epoch:9863 | LR: 0.0000497 | Loss : 0.0080 | Val loss: 0.0082
2026-01-10 12:43:31.122002 | Epoch:9864 | LR: 0.0000497 | Loss : 0.0078 | Val loss: 0.0067
2026-01-10 12:43:35.431663 | Epoch:9865 | LR: 0.0000497 | Loss : 0.0081 | Val loss: 0.0080
2026-01-10 12:43:39.779084 | Epoch:9866 | LR: 0.0000498 | Loss : 0.0083 | Val loss: 0.0077
2026-01-10 12:43:44.155367 | Epoch:9867 | LR: 0.0000498 | Loss : 0.0076 | Val loss: 0.0079
2026-01-10 12:43:48.570897 | Epoch:9868 | LR: 0.0000498 | Loss : 0.0074 | Val loss: 0.0075
2026-01-10 12:43:53.219452 | Epoch:9869 | LR: 0.0000498 | Loss : 0.0071 | Val loss: 0.0072
2026-01-10 12:43:57.525131 | Epoch:9870 | LR: 0.0000498 | Loss : 0.0071 | Val loss: 0.0069
2026-01-10 12:44:01.846643 | Epoch:9871 | LR: 0.0000498 | Loss : 0.0069 | Val loss: 0.0074
2026-01-10 12:44:06.153757 | Epoch:9872 | LR: 0.0000498 | Loss : 0.0069 | Val loss: 0.0071
2026-01-10 12:44:10.442024 | Epoch:9873 | LR: 0.0000498 | Loss : 0.0069 | Val loss: 0.0072
2026-01-10 12:44:14.773644 | Epoch:9874 | LR: 0.0000498 | Loss : 0.0068 | Val loss: 0.0068
2026-01-10 12:44:19.093623 | Epoch:9875 | LR: 0.0000498 | Loss : 0.0069 | Val loss: 0.0070
2026-01-10 12:44:23.420969 | Epoch:9876 | LR: 0.0000498 | Loss : 0.0066 | Val loss: 0.0063
2026-01-10 12:44:27.738550 | Epoch:9877 | LR: 0.0000498 | Loss : 0.0070 | Val loss: 0.0074
2026-01-10 12:44:32.003294 | Epoch:9878 | LR: 0.0000498 | Loss : 0.0071 | Val loss: 0.0072
2026-01-10 12:44:36.286694 | Epoch:9879 | LR: 0.0000498 | Loss : 0.0068 | Val loss: 0.0070
2026-01-10 12:44:40.624874 | Epoch:9880 | LR: 0.0000498 | Loss : 0.0068 | Val loss: 0.0070
2026-01-10 12:44:44.956254 | Epoch:9881 | LR: 0.0000498 | Loss : 0.0070 | Val loss: 0.0068
2026-01-10 12:44:49.683654 | Epoch:9882 | LR: 0.0000498 | Loss : 0.0067 | Val loss: 0.0069
2026-01-10 12:44:54.093788 | Epoch:9883 | LR: 0.0000498 | Loss : 0.0065 | Val loss: 0.0065
2026-01-10 12:44:58.399400 | Epoch:9884 | LR: 0.0000498 | Loss : 0.0068 | Val loss: 0.0061
2026-01-10 12:45:02.708280 | Epoch:9885 | LR: 0.0000498 | Loss : 0.0066 | Val loss: 0.0068
2026-01-10 12:45:07.000406 | Epoch:9886 | LR: 0.0000498 | Loss : 0.0068 | Val loss: 0.0075
2026-01-10 12:45:11.381463 | Epoch:9887 | LR: 0.0000498 | Loss : 0.0067 | Val loss: 0.0071
2026-01-10 12:45:15.748787 | Epoch:9888 | LR: 0.0000498 | Loss : 0.0076 | Val loss: 0.0076
2026-01-10 12:45:20.088035 | Epoch:9889 | LR: 0.0000498 | Loss : 0.0076 | Val loss: 0.0078
2026-01-10 12:45:24.453453 | Epoch:9890 | LR: 0.0000498 | Loss : 0.0077 | Val loss: 0.0078
2026-01-10 12:45:28.807885 | Epoch:9891 | LR: 0.0000499 | Loss : 0.0080 | Val loss: 0.0079
2026-01-10 12:45:33.129538 | Epoch:9892 | LR: 0.0000499 | Loss : 0.0078 | Val loss: 0.0080
2026-01-10 12:45:37.430129 | Epoch:9893 | LR: 0.0000499 | Loss : 0.0072 | Val loss: 0.0070
2026-01-10 12:45:41.761470 | Epoch:9894 | LR: 0.0000499 | Loss : 0.0071 | Val loss: 0.0072
2026-01-10 12:45:46.082471 | Epoch:9895 | LR: 0.0000499 | Loss : 0.0071 | Val loss: 0.0068
2026-01-10 12:45:50.457588 | Epoch:9896 | LR: 0.0000499 | Loss : 0.0070 | Val loss: 0.0071
2026-01-10 12:45:54.766460 | Epoch:9897 | LR: 0.0000499 | Loss : 0.0068 | Val loss: 0.0071
2026-01-10 12:45:59.172581 | Epoch:9898 | LR: 0.0000499 | Loss : 0.0069 | Val loss: 0.0077
2026-01-10 12:46:03.508054 | Epoch:9899 | LR: 0.0000499 | Loss : 0.0074 | Val loss: 0.0072
2026-01-10 12:46:07.793618 | Epoch:9900 | LR: 0.0000499 | Loss : 0.0073 | Val loss: 0.0074
2026-01-10 12:46:12.077031 | Epoch:9901 | LR: 0.0000499 | Loss : 0.0070 | Val loss: 0.0076
2026-01-10 12:46:16.359393 | Epoch:9902 | LR: 0.0000499 | Loss : 0.0069 | Val loss: 0.0069
2026-01-10 12:46:20.667473 | Epoch:9903 | LR: 0.0000499 | Loss : 0.0066 | Val loss: 0.0062
2026-01-10 12:46:24.991190 | Epoch:9904 | LR: 0.0000499 | Loss : 0.0069 | Val loss: 0.0063
2026-01-10 12:46:29.270777 | Epoch:9905 | LR: 0.0000499 | Loss : 0.0069 | Val loss: 0.0069
2026-01-10 12:46:33.563498 | Epoch:9906 | LR: 0.0000499 | Loss : 0.0070 | Val loss: 0.0078
2026-01-10 12:46:37.787787 | Epoch:9907 | LR: 0.0000499 | Loss : 0.0074 | Val loss: 0.0070
2026-01-10 12:46:42.011127 | Epoch:9908 | LR: 0.0000499 | Loss : 0.0073 | Val loss: 0.0067
2026-01-10 12:46:46.808162 | Epoch:9909 | LR: 0.0000499 | Loss : 0.0072 | Val loss: 0.0072
2026-01-10 12:46:51.722375 | Epoch:9910 | LR: 0.0000499 | Loss : 0.0074 | Val loss: 0.0070
2026-01-10 12:46:56.225331 | Epoch:9911 | LR: 0.0000499 | Loss : 0.0071 | Val loss: 0.0066
2026-01-10 12:47:00.561123 | Epoch:9912 | LR: 0.0000499 | Loss : 0.0073 | Val loss: 0.0071
2026-01-10 12:47:05.473637 | Epoch:9913 | LR: 0.0000499 | Loss : 0.0075 | Val loss: 0.0074
2026-01-10 12:47:09.888141 | Epoch:9914 | LR: 0.0000499 | Loss : 0.0068 | Val loss: 0.0070
2026-01-10 12:47:14.146623 | Epoch:9915 | LR: 0.0000499 | Loss : 0.0068 | Val loss: 0.0070
2026-01-10 12:47:18.403707 | Epoch:9916 | LR: 0.0000499 | Loss : 0.0067 | Val loss: 0.0063
2026-01-10 12:47:22.731110 | Epoch:9917 | LR: 0.0000499 | Loss : 0.0066 | Val loss: 0.0070
2026-01-10 12:47:27.041107 | Epoch:9918 | LR: 0.0000499 | Loss : 0.0069 | Val loss: 0.0070
2026-01-10 12:47:31.348536 | Epoch:9919 | LR: 0.0000499 | Loss : 0.0069 | Val loss: 0.0066
2026-01-10 12:47:35.697022 | Epoch:9920 | LR: 0.0000499 | Loss : 0.0069 | Val loss: 0.0063
2026-01-10 12:47:40.041106 | Epoch:9921 | LR: 0.0000499 | Loss : 0.0069 | Val loss: 0.0070
2026-01-10 12:47:44.440226 | Epoch:9922 | LR: 0.0000499 | Loss : 0.0066 | Val loss: 0.0067
2026-01-10 12:47:48.794135 | Epoch:9923 | LR: 0.0000499 | Loss : 0.0067 | Val loss: 0.0068
2026-01-10 12:47:53.133857 | Epoch:9924 | LR: 0.0000499 | Loss : 0.0072 | Val loss: 0.0075
2026-01-10 12:47:57.516734 | Epoch:9925 | LR: 0.0000499 | Loss : 0.0074 | Val loss: 0.0081
2026-01-10 12:48:01.893501 | Epoch:9926 | LR: 0.0000499 | Loss : 0.0076 | Val loss: 0.0072
2026-01-10 12:48:06.276169 | Epoch:9927 | LR: 0.0000499 | Loss : 0.0078 | Val loss: 0.0078
2026-01-10 12:48:10.716080 | Epoch:9928 | LR: 0.0000500 | Loss : 0.0081 | Val loss: 0.0082
2026-01-10 12:48:15.106711 | Epoch:9929 | LR: 0.0000500 | Loss : 0.0082 | Val loss: 0.0082
2026-01-10 12:48:19.341124 | Epoch:9930 | LR: 0.0000500 | Loss : 0.0073 | Val loss: 0.0067
2026-01-10 12:48:23.651867 | Epoch:9931 | LR: 0.0000500 | Loss : 0.0072 | Val loss: 0.0074
2026-01-10 12:48:28.186197 | Epoch:9932 | LR: 0.0000500 | Loss : 0.0070 | Val loss: 0.0070
2026-01-10 12:48:32.523224 | Epoch:9933 | LR: 0.0000500 | Loss : 0.0072 | Val loss: 0.0069
2026-01-10 12:48:36.863069 | Epoch:9934 | LR: 0.0000500 | Loss : 0.0071 | Val loss: 0.0071
2026-01-10 12:48:41.202072 | Epoch:9935 | LR: 0.0000500 | Loss : 0.0068 | Val loss: 0.0068
2026-01-10 12:48:45.533320 | Epoch:9936 | LR: 0.0000500 | Loss : 0.0069 | Val loss: 0.0073
2026-01-10 12:48:49.866045 | Epoch:9937 | LR: 0.0000500 | Loss : 0.0072 | Val loss: 0.0066
2026-01-10 12:48:54.230214 | Epoch:9938 | LR: 0.0000500 | Loss : 0.0068 | Val loss: 0.0064
2026-01-10 12:48:58.669983 | Epoch:9939 | LR: 0.0000500 | Loss : 0.0067 | Val loss: 0.0070
2026-01-10 12:49:03.009803 | Epoch:9940 | LR: 0.0000500 | Loss : 0.0066 | Val loss: 0.0074
2026-01-10 12:49:07.307385 | Epoch:9941 | LR: 0.0000500 | Loss : 0.0064 | Val loss: 0.0069
2026-01-10 12:49:11.665146 | Epoch:9942 | LR: 0.0000500 | Loss : 0.0064 | Val loss: 0.0066
2026-01-10 12:49:16.096570 | Epoch:9943 | LR: 0.0000500 | Loss : 0.0064 | Val loss: 0.0065
2026-01-10 12:49:20.502104 | Epoch:9944 | LR: 0.0000500 | Loss : 0.0070 | Val loss: 0.0070
2026-01-10 12:49:24.805914 | Epoch:9945 | LR: 0.0000500 | Loss : 0.0072 | Val loss: 0.0082
2026-01-10 12:49:29.096687 | Epoch:9946 | LR: 0.0000500 | Loss : 0.0069 | Val loss: 0.0071
2026-01-10 12:49:33.723268 | Epoch:9947 | LR: 0.0000500 | Loss : 0.0073 | Val loss: 0.0072
2026-01-10 12:49:38.064430 | Epoch:9948 | LR: 0.0000500 | Loss : 0.0076 | Val loss: 0.0078
2026-01-10 12:49:42.702684 | Epoch:9949 | LR: 0.0000500 | Loss : 0.0074 | Val loss: 0.0075
2026-01-10 12:49:47.066498 | Epoch:9950 | LR: 0.0000500 | Loss : 0.0071 | Val loss: 0.0078
2026-01-10 12:49:51.478074 | Epoch:9951 | LR: 0.0000500 | Loss : 0.0075 | Val loss: 0.0076
2026-01-10 12:49:55.996228 | Epoch:9952 | LR: 0.0000500 | Loss : 0.0074 | Val loss: 0.0069
2026-01-10 12:50:00.350739 | Epoch:9953 | LR: 0.0000500 | Loss : 0.0074 | Val loss: 0.0073
2026-01-10 12:50:04.697099 | Epoch:9954 | LR: 0.0000500 | Loss : 0.0068 | Val loss: 0.0065
2026-01-10 12:50:09.030392 | Epoch:9955 | LR: 0.0000500 | Loss : 0.0066 | Val loss: 0.0067
2026-01-10 12:50:13.386634 | Epoch:9956 | LR: 0.0000500 | Loss : 0.0069 | Val loss: 0.0062
2026-01-10 12:50:17.763651 | Epoch:9957 | LR: 0.0000500 | Loss : 0.0066 | Val loss: 0.0070
2026-01-10 12:50:22.231864 | Epoch:9958 | LR: 0.0000500 | Loss : 0.0067 | Val loss: 0.0069
2026-01-10 12:50:26.587421 | Epoch:9959 | LR: 0.0000500 | Loss : 0.0067 | Val loss: 0.0073
2026-01-10 12:50:30.872298 | Epoch:9960 | LR: 0.0000500 | Loss : 0.0071 | Val loss: 0.0069
2026-01-10 12:50:35.203379 | Epoch:9961 | LR: 0.0000500 | Loss : 0.0078 | Val loss: 0.0080
2026-01-10 12:50:39.577140 | Epoch:9962 | LR: 0.0000500 | Loss : 0.0070 | Val loss: 0.0075
2026-01-10 12:50:43.918737 | Epoch:9963 | LR: 0.0000500 | Loss : 0.0074 | Val loss: 0.0080
2026-01-10 12:50:48.433487 | Epoch:9964 | LR: 0.0000500 | Loss : 0.0077 | Val loss: 0.0074
2026-01-10 12:50:52.797767 | Epoch:9965 | LR: 0.0000500 | Loss : 0.0077 | Val loss: 0.0086
2026-01-10 12:50:57.145313 | Epoch:9966 | LR: 0.0000500 | Loss : 0.0081 | Val loss: 0.0084
2026-01-10 12:51:01.484083 | Epoch:9967 | LR: 0.0000500 | Loss : 0.0082 | Val loss: 0.0075
2026-01-10 12:51:05.810297 | Epoch:9968 | LR: 0.0000500 | Loss : 0.0074 | Val loss: 0.0073
2026-01-10 12:51:10.135778 | Epoch:9969 | LR: 0.0000500 | Loss : 0.0074 | Val loss: 0.0082
2026-01-10 12:51:14.457317 | Epoch:9970 | LR: 0.0000500 | Loss : 0.0074 | Val loss: 0.0070
2026-01-10 12:51:18.839497 | Epoch:9971 | LR: 0.0000500 | Loss : 0.0074 | Val loss: 0.0069
2026-01-10 12:51:23.210710 | Epoch:9972 | LR: 0.0000500 | Loss : 0.0072 | Val loss: 0.0063
2026-01-10 12:51:27.585287 | Epoch:9973 | LR: 0.0000500 | Loss : 0.0069 | Val loss: 0.0069
2026-01-10 12:51:32.010666 | Epoch:9974 | LR: 0.0000500 | Loss : 0.0070 | Val loss: 0.0067
2026-01-10 12:51:36.282823 | Epoch:9975 | LR: 0.0000500 | Loss : 0.0068 | Val loss: 0.0068
2026-01-10 12:51:40.535756 | Epoch:9976 | LR: 0.0000500 | Loss : 0.0071 | Val loss: 0.0064
2026-01-10 12:51:44.786045 | Epoch:9977 | LR: 0.0000500 | Loss : 0.0068 | Val loss: 0.0069
2026-01-10 12:51:49.176225 | Epoch:9978 | LR: 0.0000500 | Loss : 0.0067 | Val loss: 0.0065
2026-01-10 12:51:53.369414 | Epoch:9979 | LR: 0.0000500 | Loss : 0.0064 | Val loss: 0.0073
2026-01-10 12:51:57.577563 | Epoch:9980 | LR: 0.0000500 | Loss : 0.0067 | Val loss: 0.0067
2026-01-10 12:52:02.226900 | Epoch:9981 | LR: 0.0000500 | Loss : 0.0062 | Val loss: 0.0073
2026-01-10 12:52:07.130314 | Epoch:9982 | LR: 0.0000500 | Loss : 0.0073 | Val loss: 0.0069
2026-01-10 12:52:11.596802 | Epoch:9983 | LR: 0.0000500 | Loss : 0.0068 | Val loss: 0.0067
2026-01-10 12:52:15.863154 | Epoch:9984 | LR: 0.0000500 | Loss : 0.0065 | Val loss: 0.0068
2026-01-10 12:52:20.826251 | Epoch:9985 | LR: 0.0000500 | Loss : 0.0063 | Val loss: 0.0064
2026-01-10 12:52:25.170739 | Epoch:9986 | LR: 0.0000500 | Loss : 0.0069 | Val loss: 0.0067
2026-01-10 12:52:29.538066 | Epoch:9987 | LR: 0.0000500 | Loss : 0.0067 | Val loss: 0.0066
2026-01-10 12:52:33.931696 | Epoch:9988 | LR: 0.0000500 | Loss : 0.0071 | Val loss: 0.0069
2026-01-10 12:52:38.791567 | Epoch:9989 | LR: 0.0000500 | Loss : 0.0072 | Val loss: 0.0073
2026-01-10 12:52:43.110902 | Epoch:9990 | LR: 0.0000500 | Loss : 0.0070 | Val loss: 0.0064
2026-01-10 12:52:47.384262 | Epoch:9991 | LR: 0.0000500 | Loss : 0.0071 | Val loss: 0.0065
2026-01-10 12:52:51.690695 | Epoch:9992 | LR: 0.0000500 | Loss : 0.0071 | Val loss: 0.0067
2026-01-10 12:52:56.010478 | Epoch:9993 | LR: 0.0000500 | Loss : 0.0073 | Val loss: 0.0070
2026-01-10 12:53:00.341698 | Epoch:9994 | LR: 0.0000500 | Loss : 0.0068 | Val loss: 0.0067
2026-01-10 12:53:04.685163 | Epoch:9995 | LR: 0.0000500 | Loss : 0.0071 | Val loss: 0.0076
2026-01-10 12:53:09.011935 | Epoch:9996 | LR: 0.0000500 | Loss : 0.0068 | Val loss: 0.0073
2026-01-10 12:53:13.337392 | Epoch:9997 | LR: 0.0000500 | Loss : 0.0073 | Val loss: 0.0075
2026-01-10 12:53:17.696160 | Epoch:9998 | LR: 0.0000500 | Loss : 0.0072 | Val loss: 0.0067
2026-01-10 12:53:22.070101 | Epoch:9999 | LR: 0.0000500 | Loss : 0.0073 | Val loss: 0.0073
2026-01-10 12:53:26.416839 | Epoch:10000 | LR: 0.0000500 | Loss : 0.0073 | Val loss: 0.0071
Done Training ...Saving best model from CPU RAM to disk...

Done Training ...
Done Training ...
Done Training ...
