{'dataset_params': {'im_path': 'placeholder', 'im_channels': 1, 'im_size': 116, 'name': 'ICDFC'}, 'diffusion_params': {'num_timesteps': 1000, 'beta_start': 0.00085, 'beta_end': 0.012}, 'ldm_params': {'down_channels': [128, 256, 384, 512], 'mid_channels': [512, 384], 'down_sample': [True, True, True], 'attn_down': [True, True, True], 'time_emb_dim': 512, 'norm_channels': 32, 'num_heads': 8, 'conv_out_channels': 128, 'num_down_layers': 1, 'num_mid_layers': 2, 'num_up_layers': 1, 'condition_config': {'condition_types': ['text'], 'text_condition_config': {'text_embed_model': 'clip', 'train_text_embed_model': False, 'text_embed_dim': 512, 'cond_drop_prob': 0.1}, 'image_condition_config': {'image_condition_input_channels': 1, 'image_condition_output_channels': 1, 'image_condition_h': 120, 'image_condition_w': 120, 'cond_drop_prob': 0.1}}}, 'autoencoder_params': {'z_channels': 1, 'codebook_size': 8192, 'down_channels': [64, 128, 256, 256], 'mid_channels': [256, 256], 'down_sample': [True, True, True], 'attn_down': [False, False, False], 'norm_channels': 32, 'num_heads': 4, 'num_down_layers': 2, 'num_mid_layers': 2, 'num_up_layers': 2}, 'train_params': {'seed': 142857, 'task_name': 'icd2fc', 'ldm_batch_size': 128, 'autoencoder_batch_size': 64, 'disc_start': 15000, 'disc_weight': 0, 'codebook_weight': 1, 'commitment_beta': 0.2, 'perceptual_weight': 1, 'kl_weight': 5e-06, 'ldm_epochs': 10000, 'autoencoder_epochs': 200, 'num_samples': 1, 'num_grid_rows': 1, 'ldm_lr': 5e-05, 'autoencoder_lr': 1e-05, 'autoencoder_acc_steps': 4, 'autoencoder_img_save_steps': 64, 'save_latents': True, 'cf_guidance_scale': 1.0, 'vae_latent_dir_name': 'vae_latents', 'vqvae_latent_dir_name': 'vqvae_latents', 'ldm_ckpt_name': 'ddpm_ckpt_text_image_cond_clip.pth', 'vqvae_autoencoder_ckpt_name': 'vqvae_autoencoder_ckpt.pth', 'vae_autoencoder_ckpt_name': 'vae_autoencoder_ckpt.pth', 'vqvae_discriminator_ckpt_name': 'vqvae_discriminator_ckpt.pth', 'vae_discriminator_ckpt_name': 'vae_discriminator_ckpt.pth'}}
['hariri', 'rest']
Found 17932 latents
['hariri', 'rest']
Found 4485 latents
2026-01-10 16:05:48.374759 | Epoch:1 | LR: 0.0000500 | Loss : 0.8018 | Val loss: 0.2607
Warning: The cache directory for DeepSpeed Triton autotune, /export_home/ziquanw/.triton/autotune, appears to be on an NFS system. While this is generally acceptable, if you experience slowdowns or hanging when DeepSpeed exits, it is recommended to set the TRITON_CACHE_DIR environment variable to a non-NFS path.
2026-01-10 16:07:00.474121 | Epoch:2 | LR: 0.0000500 | Loss : 0.1481 | Val loss: 0.1064
2026-01-10 16:08:09.621204 | Epoch:3 | LR: 0.0000500 | Loss : 0.0803 | Val loss: 0.0691
2026-01-10 16:09:20.769589 | Epoch:4 | LR: 0.0000500 | Loss : 0.0593 | Val loss: 0.0540
2026-01-10 16:10:31.197744 | Epoch:5 | LR: 0.0000500 | Loss : 0.0436 | Val loss: 0.0383
2026-01-10 16:11:42.835709 | Epoch:6 | LR: 0.0000500 | Loss : 0.0337 | Val loss: 0.0329
2026-01-10 16:12:52.973853 | Epoch:7 | LR: 0.0000500 | Loss : 0.0272 | Val loss: 0.0252
2026-01-10 16:14:03.569129 | Epoch:8 | LR: 0.0000500 | Loss : 0.0225 | Val loss: 0.0234
2026-01-10 16:15:14.143240 | Epoch:9 | LR: 0.0000500 | Loss : 0.0197 | Val loss: 0.0194
2026-01-10 16:16:25.555808 | Epoch:10 | LR: 0.0000500 | Loss : 0.0173 | Val loss: 0.0176
2026-01-10 16:17:36.267852 | Epoch:11 | LR: 0.0000500 | Loss : 0.0155 | Val loss: 0.0160
2026-01-10 16:18:45.918091 | Epoch:12 | LR: 0.0000500 | Loss : 0.0140 | Val loss: 0.0140
2026-01-10 16:19:55.074673 | Epoch:13 | LR: 0.0000500 | Loss : 0.0124 | Val loss: 0.0159
2026-01-10 16:21:06.169833 | Epoch:14 | LR: 0.0000500 | Loss : 0.0118 | Val loss: 0.0128
2026-01-10 16:22:17.020408 | Epoch:15 | LR: 0.0000500 | Loss : 0.0107 | Val loss: 0.0121
2026-01-10 16:23:28.278027 | Epoch:16 | LR: 0.0000500 | Loss : 0.0100 | Val loss: 0.0106
2026-01-10 16:24:39.256591 | Epoch:17 | LR: 0.0000500 | Loss : 0.0092 | Val loss: 0.0094
2026-01-10 16:25:50.205475 | Epoch:18 | LR: 0.0000500 | Loss : 0.0085 | Val loss: 0.0094
2026-01-10 16:27:00.350154 | Epoch:19 | LR: 0.0000500 | Loss : 0.0079 | Val loss: 0.0095
2026-01-10 16:28:10.758266 | Epoch:20 | LR: 0.0000500 | Loss : 0.0076 | Val loss: 0.0092
2026-01-10 16:29:21.274169 | Epoch:21 | LR: 0.0000500 | Loss : 0.0071 | Val loss: 0.0085
2026-01-10 16:30:30.953144 | Epoch:22 | LR: 0.0000500 | Loss : 0.0068 | Val loss: 0.0094
2026-01-10 16:31:41.321189 | Epoch:23 | LR: 0.0000500 | Loss : 0.0069 | Val loss: 0.0063
2026-01-10 16:32:52.640859 | Epoch:24 | LR: 0.0000500 | Loss : 0.0063 | Val loss: 0.0220
2026-01-10 16:34:02.969963 | Epoch:25 | LR: 0.0000500 | Loss : 0.0202 | Val loss: 0.0071
2026-01-10 16:35:13.640598 | Epoch:26 | LR: 0.0000500 | Loss : 0.0061 | Val loss: 0.0058
2026-01-10 16:36:24.007089 | Epoch:27 | LR: 0.0000500 | Loss : 0.0051 | Val loss: 0.0053
2026-01-10 16:37:35.280794 | Epoch:28 | LR: 0.0000500 | Loss : 0.0051 | Val loss: 0.0066
2026-01-10 16:38:46.018371 | Epoch:29 | LR: 0.0000500 | Loss : 0.0050 | Val loss: 0.0053
2026-01-10 16:39:57.022704 | Epoch:30 | LR: 0.0000500 | Loss : 0.0047 | Val loss: 0.0060
2026-01-10 16:41:07.266606 | Epoch:31 | LR: 0.0000500 | Loss : 0.0046 | Val loss: 0.0053
2026-01-10 16:42:17.125674 | Epoch:32 | LR: 0.0000500 | Loss : 0.0047 | Val loss: 0.0050
2026-01-10 16:43:27.724311 | Epoch:33 | LR: 0.0000500 | Loss : 0.0046 | Val loss: 0.0045
2026-01-10 16:44:39.063135 | Epoch:34 | LR: 0.0000500 | Loss : 0.0044 | Val loss: 0.0054
2026-01-10 16:45:50.123983 | Epoch:35 | LR: 0.0000500 | Loss : 0.0042 | Val loss: 0.0054
2026-01-10 16:47:01.393129 | Epoch:36 | LR: 0.0000500 | Loss : 0.0042 | Val loss: 0.0047
2026-01-10 16:48:12.809091 | Epoch:37 | LR: 0.0000500 | Loss : 0.0041 | Val loss: 0.0042
2026-01-10 16:49:24.964780 | Epoch:38 | LR: 0.0000500 | Loss : 0.0040 | Val loss: 0.0050
2026-01-10 16:50:40.367170 | Epoch:39 | LR: 0.0000500 | Loss : 0.0042 | Val loss: 0.0045
2026-01-10 16:51:51.057744 | Epoch:40 | LR: 0.0000500 | Loss : 0.0038 | Val loss: 0.0041
2026-01-10 16:53:00.527026 | Epoch:41 | LR: 0.0000500 | Loss : 0.0038 | Val loss: 0.0045
2026-01-10 16:54:10.914596 | Epoch:42 | LR: 0.0000500 | Loss : 0.0037 | Val loss: 0.0035
2026-01-10 16:55:22.235859 | Epoch:43 | LR: 0.0000500 | Loss : 0.0033 | Val loss: 0.0039
2026-01-10 16:56:33.928345 | Epoch:44 | LR: 0.0000500 | Loss : 0.0035 | Val loss: 0.0035
2026-01-10 16:57:45.117784 | Epoch:45 | LR: 0.0000500 | Loss : 0.0033 | Val loss: 0.0038
2026-01-10 16:58:57.075435 | Epoch:46 | LR: 0.0000500 | Loss : 0.0035 | Val loss: 0.0048
2026-01-10 17:00:07.515053 | Epoch:47 | LR: 0.0000500 | Loss : 0.0034 | Val loss: 0.0037
2026-01-10 17:01:18.711672 | Epoch:48 | LR: 0.0000500 | Loss : 0.0034 | Val loss: 0.0042
2026-01-10 17:02:29.759710 | Epoch:49 | LR: 0.0000500 | Loss : 0.0031 | Val loss: 0.0033
2026-01-10 17:03:40.986878 | Epoch:50 | LR: 0.0000500 | Loss : 0.0034 | Val loss: 0.0034
2026-01-10 17:04:50.359648 | Epoch:51 | LR: 0.0000500 | Loss : 0.0032 | Val loss: 0.0034
2026-01-10 17:06:01.518211 | Epoch:52 | LR: 0.0000500 | Loss : 0.0031 | Val loss: 0.0036
2026-01-10 17:07:11.680631 | Epoch:53 | LR: 0.0000500 | Loss : 0.0030 | Val loss: 0.0033
2026-01-10 17:08:22.897251 | Epoch:54 | LR: 0.0000500 | Loss : 0.0031 | Val loss: 0.0033
2026-01-10 17:09:33.004507 | Epoch:55 | LR: 0.0000500 | Loss : 0.0031 | Val loss: 0.0048
2026-01-10 17:10:44.743655 | Epoch:56 | LR: 0.0000500 | Loss : 0.0031 | Val loss: 0.0033
2026-01-10 17:11:55.335367 | Epoch:57 | LR: 0.0000500 | Loss : 0.0030 | Val loss: 0.0031
2026-01-10 17:13:06.441965 | Epoch:58 | LR: 0.0000500 | Loss : 0.0027 | Val loss: 0.0030
2026-01-10 17:14:16.945846 | Epoch:59 | LR: 0.0000500 | Loss : 0.0028 | Val loss: 0.0038
2026-01-10 17:15:27.494292 | Epoch:60 | LR: 0.0000500 | Loss : 0.0029 | Val loss: 0.0041
2026-01-10 17:16:36.111255 | Epoch:61 | LR: 0.0000500 | Loss : 0.0028 | Val loss: 0.0061
2026-01-10 17:17:46.650770 | Epoch:62 | LR: 0.0000500 | Loss : 0.0036 | Val loss: 0.0034
2026-01-10 17:18:56.723069 | Epoch:63 | LR: 0.0000500 | Loss : 0.0027 | Val loss: 0.0044
2026-01-10 17:20:07.469428 | Epoch:64 | LR: 0.0000500 | Loss : 0.0029 | Val loss: 0.0028
2026-01-10 17:21:17.933583 | Epoch:65 | LR: 0.0000500 | Loss : 0.0026 | Val loss: 0.0026
2026-01-10 17:22:29.459635 | Epoch:66 | LR: 0.0000500 | Loss : 0.0025 | Val loss: 0.0028
2026-01-10 17:23:40.420013 | Epoch:67 | LR: 0.0000500 | Loss : 0.0027 | Val loss: 0.0035
2026-01-10 17:24:51.285048 | Epoch:68 | LR: 0.0000500 | Loss : 0.0026 | Val loss: 0.0034
2026-01-10 17:26:01.166509 | Epoch:69 | LR: 0.0000500 | Loss : 0.0027 | Val loss: 0.0026
2026-01-10 17:27:11.883715 | Epoch:70 | LR: 0.0000500 | Loss : 0.0024 | Val loss: 0.0026
2026-01-10 17:28:20.812634 | Epoch:71 | LR: 0.0000500 | Loss : 0.0025 | Val loss: 0.0031
2026-01-10 17:29:31.046776 | Epoch:72 | LR: 0.0000500 | Loss : 0.0025 | Val loss: 0.0028
2026-01-10 17:30:41.552504 | Epoch:73 | LR: 0.0000500 | Loss : 0.0024 | Val loss: 0.0034
2026-01-10 17:31:52.337866 | Epoch:74 | LR: 0.0000500 | Loss : 0.0023 | Val loss: 0.0025
2026-01-10 17:33:03.306954 | Epoch:75 | LR: 0.0000500 | Loss : 0.0025 | Val loss: 0.0022
2026-01-10 17:34:14.420654 | Epoch:76 | LR: 0.0000500 | Loss : 0.0023 | Val loss: 0.0024
2026-01-10 17:35:24.970138 | Epoch:77 | LR: 0.0000500 | Loss : 0.0022 | Val loss: 0.0025
2026-01-10 17:36:35.872332 | Epoch:78 | LR: 0.0000500 | Loss : 0.0023 | Val loss: 0.0031
2026-01-10 17:37:46.763437 | Epoch:79 | LR: 0.0000500 | Loss : 0.0023 | Val loss: 0.0024
2026-01-10 17:38:57.898038 | Epoch:80 | LR: 0.0000500 | Loss : 0.0024 | Val loss: 0.0021
2026-01-10 17:40:06.416761 | Epoch:81 | LR: 0.0000500 | Loss : 0.0022 | Val loss: 0.0028
2026-01-10 17:41:17.271143 | Epoch:82 | LR: 0.0000500 | Loss : 0.0024 | Val loss: 0.0084
2026-01-10 17:42:27.252254 | Epoch:83 | LR: 0.0000500 | Loss : 0.0047 | Val loss: 0.0023
2026-01-10 17:43:37.661768 | Epoch:84 | LR: 0.0000500 | Loss : 0.0020 | Val loss: 0.0021
2026-01-10 17:44:48.940541 | Epoch:85 | LR: 0.0000500 | Loss : 0.0021 | Val loss: 0.0023
2026-01-10 17:45:59.843204 | Epoch:86 | LR: 0.0000500 | Loss : 0.0020 | Val loss: 0.0020
2026-01-10 17:47:13.201607 | Epoch:87 | LR: 0.0000500 | Loss : 0.0021 | Val loss: 0.0023
2026-01-10 17:48:24.541804 | Epoch:88 | LR: 0.0000500 | Loss : 0.0022 | Val loss: 0.0022
2026-01-10 17:49:34.765171 | Epoch:89 | LR: 0.0000500 | Loss : 0.0020 | Val loss: 0.0020
2026-01-10 17:50:45.324698 | Epoch:90 | LR: 0.0000500 | Loss : 0.0035 | Val loss: 0.0033
2026-01-10 17:51:53.445486 | Epoch:91 | LR: 0.0000500 | Loss : 0.0022 | Val loss: 0.0021
2026-01-10 17:53:03.467775 | Epoch:92 | LR: 0.0000500 | Loss : 0.0019 | Val loss: 0.0022
2026-01-10 17:54:13.662608 | Epoch:93 | LR: 0.0000500 | Loss : 0.0020 | Val loss: 0.0022
2026-01-10 17:55:24.564134 | Epoch:94 | LR: 0.0000500 | Loss : 0.0022 | Val loss: 0.0040
2026-01-10 17:56:34.839416 | Epoch:95 | LR: 0.0000500 | Loss : 0.0022 | Val loss: 0.0023
2026-01-10 17:57:46.001919 | Epoch:96 | LR: 0.0000500 | Loss : 0.0018 | Val loss: 0.0030
2026-01-10 17:58:57.077853 | Epoch:97 | LR: 0.0000500 | Loss : 0.0021 | Val loss: 0.0023
2026-01-10 18:00:08.047109 | Epoch:98 | LR: 0.0000500 | Loss : 0.0020 | Val loss: 0.0021
2026-01-10 18:01:18.088820 | Epoch:99 | LR: 0.0000500 | Loss : 0.0019 | Val loss: 0.0024
2026-01-10 18:02:29.245319 | Epoch:100 | LR: 0.0000500 | Loss : 0.0020 | Val loss: 0.0020
2026-01-10 18:03:38.229366 | Epoch:101 | LR: 0.0000500 | Loss : 0.0020 | Val loss: 0.0027
2026-01-10 18:04:48.929395 | Epoch:102 | LR: 0.0000500 | Loss : 0.0021 | Val loss: 0.0020
2026-01-10 18:05:59.533257 | Epoch:103 | LR: 0.0000500 | Loss : 0.0021 | Val loss: 0.0024
2026-01-10 18:07:10.569276 | Epoch:104 | LR: 0.0000500 | Loss : 0.0020 | Val loss: 0.0020
2026-01-10 18:08:28.970581 | Epoch:105 | LR: 0.0000500 | Loss : 0.0018 | Val loss: 0.0031
2026-01-10 18:09:40.133188 | Epoch:106 | LR: 0.0000500 | Loss : 0.0020 | Val loss: 0.0050
2026-01-10 18:10:50.442482 | Epoch:107 | LR: 0.0000500 | Loss : 0.0024 | Val loss: 0.0019
2026-01-10 18:12:01.483445 | Epoch:108 | LR: 0.0000500 | Loss : 0.0017 | Val loss: 0.0026
2026-01-10 18:13:11.805377 | Epoch:109 | LR: 0.0000500 | Loss : 0.0019 | Val loss: 0.0026
2026-01-10 18:14:22.567653 | Epoch:110 | LR: 0.0000500 | Loss : 0.0019 | Val loss: 0.0024
2026-01-10 18:15:30.903214 | Epoch:111 | LR: 0.0000500 | Loss : 0.0019 | Val loss: 0.0020
2026-01-10 18:16:42.050764 | Epoch:112 | LR: 0.0000500 | Loss : 0.0018 | Val loss: 0.0018
2026-01-10 18:17:53.460146 | Epoch:113 | LR: 0.0000500 | Loss : 0.0019 | Val loss: 0.0023
2026-01-10 18:19:03.792215 | Epoch:114 | LR: 0.0000500 | Loss : 0.0035 | Val loss: 0.0020
2026-01-10 18:20:14.134592 | Epoch:115 | LR: 0.0000500 | Loss : 0.0018 | Val loss: 0.0018
2026-01-10 18:21:25.422943 | Epoch:116 | LR: 0.0000500 | Loss : 0.0017 | Val loss: 0.0018
2026-01-10 18:22:36.615128 | Epoch:117 | LR: 0.0000500 | Loss : 0.0017 | Val loss: 0.0017
2026-01-10 18:23:48.136785 | Epoch:118 | LR: 0.0000500 | Loss : 0.0017 | Val loss: 0.0021
2026-01-10 18:24:58.816850 | Epoch:119 | LR: 0.0000500 | Loss : 0.0019 | Val loss: 0.0023
2026-01-10 18:26:07.928207 | Epoch:120 | LR: 0.0000500 | Loss : 0.0018 | Val loss: 0.0025
2026-01-10 18:27:17.886631 | Epoch:121 | LR: 0.0000500 | Loss : 0.0018 | Val loss: 0.0017
2026-01-10 18:28:29.029152 | Epoch:122 | LR: 0.0000500 | Loss : 0.0018 | Val loss: 0.0019
2026-01-10 18:29:39.348653 | Epoch:123 | LR: 0.0000500 | Loss : 0.0017 | Val loss: 0.0020
2026-01-10 18:30:50.007274 | Epoch:124 | LR: 0.0000500 | Loss : 0.0017 | Val loss: 0.0020
2026-01-10 18:31:59.343963 | Epoch:125 | LR: 0.0000500 | Loss : 0.0018 | Val loss: 0.0030
2026-01-10 18:33:10.015862 | Epoch:126 | LR: 0.0000500 | Loss : 0.0019 | Val loss: 0.0019
2026-01-10 18:34:19.914855 | Epoch:127 | LR: 0.0000500 | Loss : 0.0017 | Val loss: 0.0019
2026-01-10 18:35:30.367344 | Epoch:128 | LR: 0.0000500 | Loss : 0.0017 | Val loss: 0.0019
2026-01-10 18:36:39.362601 | Epoch:129 | LR: 0.0000500 | Loss : 0.0019 | Val loss: 0.0040
2026-01-10 18:37:48.853350 | Epoch:130 | LR: 0.0000500 | Loss : 0.0018 | Val loss: 0.0022
2026-01-10 18:38:58.757193 | Epoch:131 | LR: 0.0000500 | Loss : 0.0016 | Val loss: 0.0017
2026-01-10 18:40:10.616907 | Epoch:132 | LR: 0.0000500 | Loss : 0.0016 | Val loss: 0.0021
2026-01-10 18:41:20.305883 | Epoch:133 | LR: 0.0000500 | Loss : 0.0017 | Val loss: 0.0016
2026-01-10 18:42:31.328738 | Epoch:134 | LR: 0.0000500 | Loss : 0.0016 | Val loss: 0.0016
2026-01-10 18:43:41.048751 | Epoch:135 | LR: 0.0000500 | Loss : 0.0017 | Val loss: 0.0035
2026-01-10 18:44:51.022955 | Epoch:136 | LR: 0.0000500 | Loss : 0.0017 | Val loss: 0.0018
2026-01-10 18:46:00.559684 | Epoch:137 | LR: 0.0000500 | Loss : 0.0017 | Val loss: 0.0017
2026-01-10 18:47:11.354212 | Epoch:138 | LR: 0.0000500 | Loss : 0.0016 | Val loss: 0.0016
2026-01-10 18:48:19.847126 | Epoch:139 | LR: 0.0000500 | Loss : 0.0016 | Val loss: 0.0016
2026-01-10 18:49:30.062784 | Epoch:140 | LR: 0.0000500 | Loss : 0.0016 | Val loss: 0.0017
2026-01-10 18:50:39.936987 | Epoch:141 | LR: 0.0000500 | Loss : 0.0019 | Val loss: 0.0019
2026-01-10 18:51:50.315517 | Epoch:142 | LR: 0.0000500 | Loss : 0.0019 | Val loss: 0.0040
2026-01-10 18:52:59.496065 | Epoch:143 | LR: 0.0000500 | Loss : 0.0019 | Val loss: 0.0017
2026-01-10 18:54:10.496038 | Epoch:144 | LR: 0.0000500 | Loss : 0.0016 | Val loss: 0.0016
2026-01-10 18:55:20.813935 | Epoch:145 | LR: 0.0000500 | Loss : 0.0016 | Val loss: 0.0019
2026-01-10 18:56:31.118631 | Epoch:146 | LR: 0.0000500 | Loss : 0.0017 | Val loss: 0.0015
2026-01-10 18:57:41.227448 | Epoch:147 | LR: 0.0000500 | Loss : 0.0016 | Val loss: 0.0018
2026-01-10 18:58:51.041493 | Epoch:148 | LR: 0.0000500 | Loss : 0.0016 | Val loss: 0.0017
2026-01-10 18:59:57.983048 | Epoch:149 | LR: 0.0000500 | Loss : 0.0015 | Val loss: 0.0016
2026-01-10 19:01:08.141369 | Epoch:150 | LR: 0.0000500 | Loss : 0.0015 | Val loss: 0.0017
2026-01-10 19:02:17.858834 | Epoch:151 | LR: 0.0000500 | Loss : 0.0016 | Val loss: 0.0016
2026-01-10 19:03:27.713741 | Epoch:152 | LR: 0.0000500 | Loss : 0.0016 | Val loss: 0.0017
2026-01-10 19:04:37.757132 | Epoch:153 | LR: 0.0000500 | Loss : 0.0016 | Val loss: 0.0021
2026-01-10 19:05:47.773993 | Epoch:154 | LR: 0.0000500 | Loss : 0.0018 | Val loss: 0.0014
2026-01-10 19:06:57.239360 | Epoch:155 | LR: 0.0000500 | Loss : 0.0016 | Val loss: 0.0020
2026-01-10 19:08:07.390679 | Epoch:156 | LR: 0.0000500 | Loss : 0.0018 | Val loss: 0.0019
2026-01-10 19:09:18.084741 | Epoch:157 | LR: 0.0000500 | Loss : 0.0015 | Val loss: 0.0015
2026-01-10 19:10:28.844059 | Epoch:158 | LR: 0.0000500 | Loss : 0.0015 | Val loss: 0.0016
2026-01-10 19:11:38.332609 | Epoch:159 | LR: 0.0000500 | Loss : 0.0015 | Val loss: 0.0017
2026-01-10 19:12:48.820450 | Epoch:160 | LR: 0.0000500 | Loss : 0.0015 | Val loss: 0.0032
2026-01-10 19:13:57.769241 | Epoch:161 | LR: 0.0000500 | Loss : 0.0046 | Val loss: 0.0018
2026-01-10 19:15:07.346739 | Epoch:162 | LR: 0.0000500 | Loss : 0.0015 | Val loss: 0.0019
2026-01-10 19:16:16.381365 | Epoch:163 | LR: 0.0000500 | Loss : 0.0015 | Val loss: 0.0017
2026-01-10 19:17:26.585713 | Epoch:164 | LR: 0.0000500 | Loss : 0.0016 | Val loss: 0.0019
2026-01-10 19:18:35.854347 | Epoch:165 | LR: 0.0000500 | Loss : 0.0013 | Val loss: 0.0016
2026-01-10 19:19:45.831807 | Epoch:166 | LR: 0.0000500 | Loss : 0.0013 | Val loss: 0.0014
2026-01-10 19:20:56.170020 | Epoch:167 | LR: 0.0000500 | Loss : 0.0014 | Val loss: 0.0029
2026-01-10 19:22:06.468104 | Epoch:168 | LR: 0.0000500 | Loss : 0.0015 | Val loss: 0.0015
2026-01-10 19:23:16.109436 | Epoch:169 | LR: 0.0000500 | Loss : 0.0014 | Val loss: 0.0016
2026-01-10 19:24:23.950547 | Epoch:170 | LR: 0.0000500 | Loss : 0.0015 | Val loss: 0.0016
2026-01-10 19:25:34.867525 | Epoch:171 | LR: 0.0000500 | Loss : 0.0014 | Val loss: 0.0014
2026-01-10 19:26:43.948646 | Epoch:172 | LR: 0.0000500 | Loss : 0.0024 | Val loss: 0.0039
2026-01-10 19:27:52.392582 | Epoch:173 | LR: 0.0000500 | Loss : 0.0017 | Val loss: 0.0019
2026-01-10 19:28:59.851731 | Epoch:174 | LR: 0.0000500 | Loss : 0.0014 | Val loss: 0.0017
2026-01-10 19:30:08.962709 | Epoch:175 | LR: 0.0000500 | Loss : 0.0014 | Val loss: 0.0016
2026-01-10 19:31:18.011435 | Epoch:176 | LR: 0.0000500 | Loss : 0.0018 | Val loss: 0.0023
2026-01-10 19:32:28.406652 | Epoch:177 | LR: 0.0000500 | Loss : 0.0015 | Val loss: 0.0014
2026-01-10 19:33:37.461824 | Epoch:178 | LR: 0.0000500 | Loss : 0.0014 | Val loss: 0.0014
2026-01-10 19:34:46.624831 | Epoch:179 | LR: 0.0000500 | Loss : 0.0017 | Val loss: 0.0014
2026-01-10 19:35:54.275864 | Epoch:180 | LR: 0.0000500 | Loss : 0.0014 | Val loss: 0.0015
2026-01-10 19:37:03.841586 | Epoch:181 | LR: 0.0000500 | Loss : 0.0014 | Val loss: 0.0019
2026-01-10 19:38:12.799552 | Epoch:182 | LR: 0.0000500 | Loss : 0.0015 | Val loss: 0.0015
2026-01-10 19:39:22.623625 | Epoch:183 | LR: 0.0000500 | Loss : 0.0015 | Val loss: 0.0020
2026-01-10 19:40:32.222573 | Epoch:184 | LR: 0.0000500 | Loss : 0.0015 | Val loss: 0.0015
2026-01-10 19:41:41.987321 | Epoch:185 | LR: 0.0000500 | Loss : 0.0014 | Val loss: 0.0033
2026-01-10 19:42:51.679097 | Epoch:186 | LR: 0.0000500 | Loss : 0.0016 | Val loss: 0.0015
2026-01-10 19:44:01.283565 | Epoch:187 | LR: 0.0000500 | Loss : 0.0014 | Val loss: 0.0015
2026-01-10 19:45:11.245336 | Epoch:188 | LR: 0.0000500 | Loss : 0.0014 | Val loss: 0.0015
2026-01-10 19:46:20.580456 | Epoch:189 | LR: 0.0000500 | Loss : 0.0016 | Val loss: 0.0023
2026-01-10 19:47:30.147588 | Epoch:190 | LR: 0.0000500 | Loss : 0.0016 | Val loss: 0.0024
2026-01-10 19:48:37.609505 | Epoch:191 | LR: 0.0000500 | Loss : 0.0030 | Val loss: 0.0025
2026-01-10 19:49:46.716978 | Epoch:192 | LR: 0.0000500 | Loss : 0.0020 | Val loss: 0.0013
2026-01-10 19:50:55.937563 | Epoch:193 | LR: 0.0000500 | Loss : 0.0013 | Val loss: 0.0014
2026-01-10 19:52:05.313987 | Epoch:194 | LR: 0.0000500 | Loss : 0.0012 | Val loss: 0.0014
2026-01-10 19:53:13.448989 | Epoch:195 | LR: 0.0000500 | Loss : 0.0014 | Val loss: 0.0013
2026-01-10 19:54:23.426755 | Epoch:196 | LR: 0.0000500 | Loss : 0.0014 | Val loss: 0.0020
2026-01-10 19:55:32.627658 | Epoch:197 | LR: 0.0000500 | Loss : 0.0014 | Val loss: 0.0015
2026-01-10 19:56:42.634931 | Epoch:198 | LR: 0.0000500 | Loss : 0.0013 | Val loss: 0.0016
2026-01-10 19:57:52.485969 | Epoch:199 | LR: 0.0000500 | Loss : 0.0015 | Val loss: 0.0014
2026-01-10 19:59:02.767657 | Epoch:200 | LR: 0.0000500 | Loss : 0.0014 | Val loss: 0.0019
2026-01-10 20:00:09.786610 | Epoch:201 | LR: 0.0000500 | Loss : 0.0014 | Val loss: 0.0026
2026-01-10 20:01:19.505346 | Epoch:202 | LR: 0.0000500 | Loss : 0.0017 | Val loss: 0.0016
2026-01-10 20:02:27.682345 | Epoch:203 | LR: 0.0000499 | Loss : 0.0016 | Val loss: 0.0013
2026-01-10 20:03:38.104474 | Epoch:204 | LR: 0.0000499 | Loss : 0.0013 | Val loss: 0.0014
2026-01-10 20:04:46.528580 | Epoch:205 | LR: 0.0000499 | Loss : 0.0014 | Val loss: 0.0013
2026-01-10 20:05:56.662002 | Epoch:206 | LR: 0.0000499 | Loss : 0.0014 | Val loss: 0.0031
2026-01-10 20:07:04.496512 | Epoch:207 | LR: 0.0000499 | Loss : 0.0037 | Val loss: 0.0013
2026-01-10 20:08:24.130947 | Epoch:208 | LR: 0.0000499 | Loss : 0.0014 | Val loss: 0.0015
2026-01-10 20:09:32.026570 | Epoch:209 | LR: 0.0000499 | Loss : 0.0013 | Val loss: 0.0013
2026-01-10 20:10:41.638148 | Epoch:210 | LR: 0.0000499 | Loss : 0.0013 | Val loss: 0.0014
2026-01-10 20:11:48.722963 | Epoch:211 | LR: 0.0000499 | Loss : 0.0013 | Val loss: 0.0015
2026-01-10 20:12:57.746568 | Epoch:212 | LR: 0.0000499 | Loss : 0.0016 | Val loss: 0.0018
2026-01-10 20:14:06.110210 | Epoch:213 | LR: 0.0000499 | Loss : 0.0014 | Val loss: 0.0014
2026-01-10 20:15:16.207285 | Epoch:214 | LR: 0.0000499 | Loss : 0.0013 | Val loss: 0.0017
2026-01-10 20:16:26.022941 | Epoch:215 | LR: 0.0000499 | Loss : 0.0014 | Val loss: 0.0018
2026-01-10 20:17:35.500289 | Epoch:216 | LR: 0.0000499 | Loss : 0.0014 | Val loss: 0.0020
2026-01-10 20:18:44.481454 | Epoch:217 | LR: 0.0000499 | Loss : 0.0014 | Val loss: 0.0014
2026-01-10 20:19:53.546177 | Epoch:218 | LR: 0.0000499 | Loss : 0.0014 | Val loss: 0.0016
2026-01-10 20:21:03.160267 | Epoch:219 | LR: 0.0000499 | Loss : 0.0014 | Val loss: 0.0014
2026-01-10 20:22:12.286017 | Epoch:220 | LR: 0.0000499 | Loss : 0.0014 | Val loss: 0.0014
2026-01-10 20:23:20.990458 | Epoch:221 | LR: 0.0000499 | Loss : 0.0013 | Val loss: 0.0014
2026-01-10 20:24:27.817483 | Epoch:222 | LR: 0.0000499 | Loss : 0.0014 | Val loss: 0.0014
2026-01-10 20:25:37.178491 | Epoch:223 | LR: 0.0000499 | Loss : 0.0013 | Val loss: 0.0013
2026-01-10 20:26:46.481162 | Epoch:224 | LR: 0.0000499 | Loss : 0.0013 | Val loss: 0.0014
2026-01-10 20:27:55.613832 | Epoch:225 | LR: 0.0000499 | Loss : 0.0207 | Val loss: 0.0466
2026-01-10 20:29:02.205285 | Epoch:226 | LR: 0.0000499 | Loss : 0.0132 | Val loss: 0.0055
2026-01-10 20:30:09.095495 | Epoch:227 | LR: 0.0000499 | Loss : 0.0033 | Val loss: 0.0026
2026-01-10 20:31:16.339369 | Epoch:228 | LR: 0.0000499 | Loss : 0.0022 | Val loss: 0.0022
2026-01-10 20:32:23.430844 | Epoch:229 | LR: 0.0000499 | Loss : 0.0019 | Val loss: 0.0027
2026-01-10 20:33:29.611300 | Epoch:230 | LR: 0.0000499 | Loss : 0.0017 | Val loss: 0.0016
2026-01-10 20:34:37.178259 | Epoch:231 | LR: 0.0000499 | Loss : 0.0016 | Val loss: 0.0021
2026-01-10 20:35:41.673775 | Epoch:232 | LR: 0.0000499 | Loss : 0.0016 | Val loss: 0.0018
2026-01-10 20:36:48.828919 | Epoch:233 | LR: 0.0000499 | Loss : 0.0015 | Val loss: 0.0014
2026-01-10 20:37:54.766687 | Epoch:234 | LR: 0.0000499 | Loss : 0.0016 | Val loss: 0.0016
2026-01-10 20:39:02.674939 | Epoch:235 | LR: 0.0000499 | Loss : 0.0014 | Val loss: 0.0016
2026-01-10 20:40:08.979175 | Epoch:236 | LR: 0.0000499 | Loss : 0.0015 | Val loss: 0.0016
2026-01-10 20:41:16.262804 | Epoch:237 | LR: 0.0000499 | Loss : 0.0015 | Val loss: 0.0014
2026-01-10 20:42:23.104419 | Epoch:238 | LR: 0.0000499 | Loss : 0.0014 | Val loss: 0.0014
2026-01-10 20:43:30.791579 | Epoch:239 | LR: 0.0000499 | Loss : 0.0015 | Val loss: 0.0017
2026-01-10 20:44:38.438461 | Epoch:240 | LR: 0.0000499 | Loss : 0.0015 | Val loss: 0.0015
2026-01-10 20:45:46.270860 | Epoch:241 | LR: 0.0000499 | Loss : 0.0013 | Val loss: 0.0013
2026-01-10 20:46:53.413641 | Epoch:242 | LR: 0.0000499 | Loss : 0.0013 | Val loss: 0.0031
2026-01-10 20:48:00.655584 | Epoch:243 | LR: 0.0000499 | Loss : 0.0015 | Val loss: 0.0016
2026-01-10 20:49:08.294095 | Epoch:244 | LR: 0.0000499 | Loss : 0.0015 | Val loss: 0.0013
2026-01-10 20:50:18.244832 | Epoch:245 | LR: 0.0000499 | Loss : 0.0014 | Val loss: 0.0027
2026-01-10 20:51:26.189963 | Epoch:246 | LR: 0.0000499 | Loss : 0.0016 | Val loss: 0.0015
2026-01-10 20:52:34.321730 | Epoch:247 | LR: 0.0000499 | Loss : 0.0013 | Val loss: 0.0015
2026-01-10 20:53:41.383912 | Epoch:248 | LR: 0.0000499 | Loss : 0.0013 | Val loss: 0.0013
2026-01-10 20:54:48.781517 | Epoch:249 | LR: 0.0000499 | Loss : 0.0013 | Val loss: 0.0015
2026-01-10 20:55:55.720611 | Epoch:250 | LR: 0.0000499 | Loss : 0.0013 | Val loss: 0.0014
2026-01-10 20:57:03.391614 | Epoch:251 | LR: 0.0000499 | Loss : 0.0013 | Val loss: 0.0013
2026-01-10 20:58:09.850202 | Epoch:252 | LR: 0.0000499 | Loss : 0.0013 | Val loss: 0.0015
2026-01-10 20:59:15.512236 | Epoch:253 | LR: 0.0000499 | Loss : 0.0013 | Val loss: 0.0014
2026-01-10 21:00:22.653017 | Epoch:254 | LR: 0.0000499 | Loss : 0.0016 | Val loss: 0.0015
2026-01-10 21:01:31.004309 | Epoch:255 | LR: 0.0000499 | Loss : 0.0013 | Val loss: 0.0015
2026-01-10 21:02:38.992581 | Epoch:256 | LR: 0.0000499 | Loss : 0.0014 | Val loss: 0.0017
2026-01-10 21:03:47.829637 | Epoch:257 | LR: 0.0000499 | Loss : 0.0014 | Val loss: 0.0016
2026-01-10 21:04:54.719902 | Epoch:258 | LR: 0.0000499 | Loss : 0.0015 | Val loss: 0.0016
2026-01-10 21:06:03.054430 | Epoch:259 | LR: 0.0000499 | Loss : 0.0013 | Val loss: 0.0019
2026-01-10 21:07:09.633359 | Epoch:260 | LR: 0.0000499 | Loss : 0.0013 | Val loss: 0.0014
2026-01-10 21:08:17.685407 | Epoch:261 | LR: 0.0000499 | Loss : 0.0013 | Val loss: 0.0014
2026-01-10 21:09:24.655830 | Epoch:262 | LR: 0.0000499 | Loss : 0.0014 | Val loss: 0.0014
2026-01-10 21:10:31.217362 | Epoch:263 | LR: 0.0000499 | Loss : 0.0014 | Val loss: 0.0013
2026-01-10 21:11:37.572008 | Epoch:264 | LR: 0.0000499 | Loss : 0.0013 | Val loss: 0.0014
2026-01-10 21:12:45.939212 | Epoch:265 | LR: 0.0000499 | Loss : 0.0013 | Val loss: 0.0014
2026-01-10 21:13:54.471456 | Epoch:266 | LR: 0.0000499 | Loss : 0.0013 | Val loss: 0.0015
2026-01-10 21:15:02.237086 | Epoch:267 | LR: 0.0000499 | Loss : 0.0013 | Val loss: 0.0014
2026-01-10 21:16:10.099311 | Epoch:268 | LR: 0.0000499 | Loss : 0.0015 | Val loss: 0.0019
2026-01-10 21:17:17.898896 | Epoch:269 | LR: 0.0000499 | Loss : 0.0014 | Val loss: 0.0023
2026-01-10 21:18:25.939346 | Epoch:270 | LR: 0.0000499 | Loss : 0.0013 | Val loss: 0.0014
2026-01-10 21:19:33.443893 | Epoch:271 | LR: 0.0000499 | Loss : 0.0013 | Val loss: 0.0013
2026-01-10 21:20:41.722711 | Epoch:272 | LR: 0.0000499 | Loss : 0.0013 | Val loss: 0.0014
2026-01-10 21:21:50.292736 | Epoch:273 | LR: 0.0000499 | Loss : 0.0014 | Val loss: 0.0025
2026-01-10 21:22:57.461073 | Epoch:274 | LR: 0.0000499 | Loss : 0.0015 | Val loss: 0.0013
2026-01-10 21:24:07.829136 | Epoch:275 | LR: 0.0000499 | Loss : 0.0013 | Val loss: 0.0014
2026-01-10 21:25:16.094540 | Epoch:276 | LR: 0.0000499 | Loss : 0.0013 | Val loss: 0.0013
2026-01-10 21:26:24.865798 | Epoch:277 | LR: 0.0000499 | Loss : 0.0013 | Val loss: 0.0016
2026-01-10 21:27:32.859444 | Epoch:278 | LR: 0.0000499 | Loss : 0.0013 | Val loss: 0.0017
2026-01-10 21:28:41.126407 | Epoch:279 | LR: 0.0000499 | Loss : 0.0014 | Val loss: 0.0014
2026-01-10 21:29:49.675855 | Epoch:280 | LR: 0.0000499 | Loss : 0.0013 | Val loss: 0.0016
2026-01-10 21:30:57.615773 | Epoch:281 | LR: 0.0000499 | Loss : 0.0013 | Val loss: 0.0015
2026-01-10 21:32:05.703017 | Epoch:282 | LR: 0.0000499 | Loss : 0.0015 | Val loss: 0.0013
2026-01-10 21:33:14.903193 | Epoch:283 | LR: 0.0000499 | Loss : 0.0013 | Val loss: 0.0013
2026-01-10 21:34:21.616756 | Epoch:284 | LR: 0.0000499 | Loss : 0.0012 | Val loss: 0.0013
2026-01-10 21:35:28.736441 | Epoch:285 | LR: 0.0000499 | Loss : 0.0013 | Val loss: 0.0017
2026-01-10 21:36:36.800716 | Epoch:286 | LR: 0.0000499 | Loss : 0.0014 | Val loss: 0.0015
2026-01-10 21:37:44.634664 | Epoch:287 | LR: 0.0000499 | Loss : 0.0019 | Val loss: 0.0125
2026-01-10 21:38:52.378133 | Epoch:288 | LR: 0.0000499 | Loss : 0.0068 | Val loss: 0.0014
2026-01-10 21:39:59.482448 | Epoch:289 | LR: 0.0000499 | Loss : 0.0013 | Val loss: 0.0014
2026-01-10 21:41:06.795396 | Epoch:290 | LR: 0.0000499 | Loss : 0.0013 | Val loss: 0.0015
2026-01-10 21:42:14.792265 | Epoch:291 | LR: 0.0000499 | Loss : 0.0013 | Val loss: 0.0013
2026-01-10 21:43:22.194314 | Epoch:292 | LR: 0.0000499 | Loss : 0.0013 | Val loss: 0.0013
2026-01-10 21:44:30.840922 | Epoch:293 | LR: 0.0000499 | Loss : 0.0012 | Val loss: 0.0014
2026-01-10 21:45:39.245961 | Epoch:294 | LR: 0.0000499 | Loss : 0.0012 | Val loss: 0.0012
2026-01-10 21:46:46.801442 | Epoch:295 | LR: 0.0000499 | Loss : 0.0012 | Val loss: 0.0012
2026-01-10 21:47:54.945711 | Epoch:296 | LR: 0.0000499 | Loss : 0.0013 | Val loss: 0.0014
2026-01-10 21:49:06.066773 | Epoch:297 | LR: 0.0000499 | Loss : 0.0013 | Val loss: 0.0013
2026-01-10 21:50:14.283094 | Epoch:298 | LR: 0.0000499 | Loss : 0.0013 | Val loss: 0.0012
2026-01-10 21:51:26.342641 | Epoch:299 | LR: 0.0000499 | Loss : 0.0013 | Val loss: 0.0014
2026-01-10 21:52:34.934836 | Epoch:300 | LR: 0.0000499 | Loss : 0.0012 | Val loss: 0.0013
2026-01-10 21:53:44.278984 | Epoch:301 | LR: 0.0000499 | Loss : 0.0013 | Val loss: 0.0012
2026-01-10 21:54:53.348305 | Epoch:302 | LR: 0.0000499 | Loss : 0.0012 | Val loss: 0.0014
2026-01-10 21:56:03.123996 | Epoch:303 | LR: 0.0000499 | Loss : 0.0014 | Val loss: 0.0034
2026-01-10 21:57:10.745532 | Epoch:304 | LR: 0.0000499 | Loss : 0.0015 | Val loss: 0.0012
2026-01-10 21:58:19.873115 | Epoch:305 | LR: 0.0000499 | Loss : 0.0012 | Val loss: 0.0014
2026-01-10 21:59:27.723318 | Epoch:306 | LR: 0.0000499 | Loss : 0.0013 | Val loss: 0.0014
2026-01-10 22:00:39.237012 | Epoch:307 | LR: 0.0000499 | Loss : 0.0012 | Val loss: 0.0013
2026-01-10 22:01:46.739192 | Epoch:308 | LR: 0.0000499 | Loss : 0.0012 | Val loss: 0.0012
2026-01-10 22:02:57.852869 | Epoch:309 | LR: 0.0000499 | Loss : 0.0013 | Val loss: 0.0014
2026-01-10 22:04:05.732759 | Epoch:310 | LR: 0.0000499 | Loss : 0.0012 | Val loss: 0.0013
2026-01-10 22:05:16.762483 | Epoch:311 | LR: 0.0000499 | Loss : 0.0014 | Val loss: 0.0015
2026-01-10 22:06:24.605246 | Epoch:312 | LR: 0.0000499 | Loss : 0.0012 | Val loss: 0.0015
2026-01-10 22:07:37.847091 | Epoch:313 | LR: 0.0000499 | Loss : 0.0027 | Val loss: 0.0031
2026-01-10 22:08:44.710954 | Epoch:314 | LR: 0.0000499 | Loss : 0.0018 | Val loss: 0.0014
2026-01-10 22:09:55.694429 | Epoch:315 | LR: 0.0000499 | Loss : 0.0013 | Val loss: 0.0021
2026-01-10 22:11:03.516633 | Epoch:316 | LR: 0.0000499 | Loss : 0.0014 | Val loss: 0.0014
2026-01-10 22:12:13.529907 | Epoch:317 | LR: 0.0000499 | Loss : 0.0012 | Val loss: 0.0015
2026-01-10 22:13:21.610010 | Epoch:318 | LR: 0.0000499 | Loss : 0.0013 | Val loss: 0.0014
2026-01-10 22:14:34.606099 | Epoch:319 | LR: 0.0000499 | Loss : 0.0013 | Val loss: 0.0014
2026-01-10 22:15:44.329170 | Epoch:320 | LR: 0.0000499 | Loss : 0.0012 | Val loss: 0.0011
2026-01-10 22:17:01.850707 | Epoch:321 | LR: 0.0000499 | Loss : 0.0012 | Val loss: 0.0013
2026-01-10 22:18:17.855741 | Epoch:322 | LR: 0.0000499 | Loss : 0.0013 | Val loss: 0.0013
2026-01-10 22:19:25.817875 | Epoch:323 | LR: 0.0000499 | Loss : 0.0012 | Val loss: 0.0013
2026-01-10 22:20:40.005552 | Epoch:324 | LR: 0.0000499 | Loss : 0.0012 | Val loss: 0.0013
2026-01-10 22:21:46.670817 | Epoch:325 | LR: 0.0000499 | Loss : 0.0013 | Val loss: 0.0013
2026-01-10 22:23:01.052985 | Epoch:326 | LR: 0.0000499 | Loss : 0.0013 | Val loss: 0.0016
2026-01-10 22:24:09.779904 | Epoch:327 | LR: 0.0000499 | Loss : 0.0013 | Val loss: 0.0013
2026-01-10 22:25:26.241909 | Epoch:328 | LR: 0.0000499 | Loss : 0.0013 | Val loss: 0.0012
2026-01-10 22:26:34.955867 | Epoch:329 | LR: 0.0000499 | Loss : 0.0013 | Val loss: 0.0013
2026-01-10 22:27:49.590436 | Epoch:330 | LR: 0.0000499 | Loss : 0.0012 | Val loss: 0.0016
2026-01-10 22:28:58.066262 | Epoch:331 | LR: 0.0000499 | Loss : 0.0013 | Val loss: 0.0012
2026-01-10 22:30:15.298126 | Epoch:332 | LR: 0.0000499 | Loss : 0.0011 | Val loss: 0.0012
2026-01-10 22:31:29.809234 | Epoch:333 | LR: 0.0000499 | Loss : 0.0014 | Val loss: 0.0014
2026-01-10 22:32:41.059267 | Epoch:334 | LR: 0.0000499 | Loss : 0.0013 | Val loss: 0.0013
2026-01-10 22:33:55.115672 | Epoch:335 | LR: 0.0000499 | Loss : 0.0012 | Val loss: 0.0014
2026-01-10 22:35:04.681594 | Epoch:336 | LR: 0.0000499 | Loss : 0.0013 | Val loss: 0.0014
2026-01-10 22:36:19.667064 | Epoch:337 | LR: 0.0000499 | Loss : 0.0012 | Val loss: 0.0015
2026-01-10 22:37:28.093685 | Epoch:338 | LR: 0.0000499 | Loss : 0.0013 | Val loss: 0.0012
2026-01-10 22:38:45.431765 | Epoch:339 | LR: 0.0000499 | Loss : 0.0013 | Val loss: 0.0013
2026-01-10 22:39:53.929773 | Epoch:340 | LR: 0.0000499 | Loss : 0.0013 | Val loss: 0.0012
2026-01-10 22:41:10.941224 | Epoch:341 | LR: 0.0000499 | Loss : 0.0069 | Val loss: 0.0028
2026-01-10 22:42:18.812197 | Epoch:342 | LR: 0.0000499 | Loss : 0.0016 | Val loss: 0.0012
2026-01-10 22:43:37.037056 | Epoch:343 | LR: 0.0000499 | Loss : 0.0012 | Val loss: 0.0014
2026-01-10 22:44:44.279204 | Epoch:344 | LR: 0.0000499 | Loss : 0.0012 | Val loss: 0.0012
2026-01-10 22:46:02.590334 | Epoch:345 | LR: 0.0000499 | Loss : 0.0012 | Val loss: 0.0012
2026-01-10 22:47:10.853266 | Epoch:346 | LR: 0.0000499 | Loss : 0.0013 | Val loss: 0.0021
2026-01-10 22:48:31.556190 | Epoch:347 | LR: 0.0000499 | Loss : 0.0012 | Val loss: 0.0012
2026-01-10 22:49:50.566637 | Epoch:348 | LR: 0.0000499 | Loss : 0.0012 | Val loss: 0.0012
2026-01-10 22:50:58.230003 | Epoch:349 | LR: 0.0000499 | Loss : 0.0012 | Val loss: 0.0022
2026-01-10 22:52:19.902950 | Epoch:350 | LR: 0.0000498 | Loss : 0.0014 | Val loss: 0.0012
2026-01-10 22:53:27.611342 | Epoch:351 | LR: 0.0000498 | Loss : 0.0012 | Val loss: 0.0011
2026-01-10 22:54:49.375009 | Epoch:352 | LR: 0.0000498 | Loss : 0.0011 | Val loss: 0.0012
2026-01-10 22:55:58.125716 | Epoch:353 | LR: 0.0000498 | Loss : 0.0012 | Val loss: 0.0013
2026-01-10 22:57:17.940579 | Epoch:354 | LR: 0.0000498 | Loss : 0.0012 | Val loss: 0.0013
2026-01-10 22:58:24.536287 | Epoch:355 | LR: 0.0000498 | Loss : 0.0012 | Val loss: 0.0012
2026-01-10 22:59:45.026168 | Epoch:356 | LR: 0.0000498 | Loss : 0.0012 | Val loss: 0.0021
2026-01-10 23:00:54.752666 | Epoch:357 | LR: 0.0000498 | Loss : 0.0014 | Val loss: 0.0012
2026-01-10 23:02:16.272407 | Epoch:358 | LR: 0.0000498 | Loss : 0.0012 | Val loss: 0.0013
2026-01-10 23:03:37.023836 | Epoch:359 | LR: 0.0000498 | Loss : 0.0011 | Val loss: 0.0014
2026-01-10 23:04:46.075339 | Epoch:360 | LR: 0.0000498 | Loss : 0.0012 | Val loss: 0.0011
2026-01-10 23:06:06.057988 | Epoch:361 | LR: 0.0000498 | Loss : 0.0011 | Val loss: 0.0012
2026-01-10 23:07:16.528380 | Epoch:362 | LR: 0.0000498 | Loss : 0.0011 | Val loss: 0.0012
2026-01-10 23:08:37.636321 | Epoch:363 | LR: 0.0000498 | Loss : 0.0011 | Val loss: 0.0012
2026-01-10 23:09:46.673959 | Epoch:364 | LR: 0.0000498 | Loss : 0.0013 | Val loss: 0.0015
2026-01-10 23:11:06.341846 | Epoch:365 | LR: 0.0000498 | Loss : 0.0011 | Val loss: 0.0012
2026-01-10 23:12:16.199153 | Epoch:366 | LR: 0.0000498 | Loss : 0.0012 | Val loss: 0.0014
2026-01-10 23:13:36.907973 | Epoch:367 | LR: 0.0000498 | Loss : 0.0013 | Val loss: 0.0014
2026-01-10 23:14:57.272343 | Epoch:368 | LR: 0.0000498 | Loss : 0.0033 | Val loss: 0.0035
2026-01-10 23:16:05.671477 | Epoch:369 | LR: 0.0000498 | Loss : 0.0018 | Val loss: 0.0014
2026-01-10 23:17:25.450612 | Epoch:370 | LR: 0.0000498 | Loss : 0.0029 | Val loss: 0.0020
2026-01-10 23:18:34.218787 | Epoch:371 | LR: 0.0000498 | Loss : 0.0015 | Val loss: 0.0013
2026-01-10 23:19:54.527237 | Epoch:372 | LR: 0.0000498 | Loss : 0.0012 | Val loss: 0.0012
2026-01-10 23:21:03.410466 | Epoch:373 | LR: 0.0000498 | Loss : 0.0011 | Val loss: 0.0011
2026-01-10 23:22:22.790630 | Epoch:374 | LR: 0.0000498 | Loss : 0.0011 | Val loss: 0.0012
2026-01-10 23:23:29.841449 | Epoch:375 | LR: 0.0000498 | Loss : 0.0011 | Val loss: 0.0014
2026-01-10 23:24:50.092151 | Epoch:376 | LR: 0.0000498 | Loss : 0.0012 | Val loss: 0.0012
2026-01-10 23:26:10.585535 | Epoch:377 | LR: 0.0000498 | Loss : 0.0012 | Val loss: 0.0011
2026-01-10 23:27:18.794479 | Epoch:378 | LR: 0.0000498 | Loss : 0.0012 | Val loss: 0.0012
2026-01-10 23:28:39.559726 | Epoch:379 | LR: 0.0000498 | Loss : 0.0012 | Val loss: 0.0013
2026-01-10 23:29:47.715852 | Epoch:380 | LR: 0.0000498 | Loss : 0.0012 | Val loss: 0.0012
2026-01-10 23:31:08.100458 | Epoch:381 | LR: 0.0000498 | Loss : 0.0012 | Val loss: 0.0012
2026-01-10 23:32:16.251075 | Epoch:382 | LR: 0.0000498 | Loss : 0.0012 | Val loss: 0.0015
2026-01-10 23:33:37.064024 | Epoch:383 | LR: 0.0000498 | Loss : 0.0012 | Val loss: 0.0012
2026-01-10 23:34:45.160102 | Epoch:384 | LR: 0.0000498 | Loss : 0.0011 | Val loss: 0.0014
2026-01-10 23:36:04.888532 | Epoch:385 | LR: 0.0000498 | Loss : 0.0012 | Val loss: 0.0014
2026-01-10 23:37:25.688039 | Epoch:386 | LR: 0.0000498 | Loss : 0.0013 | Val loss: 0.0012
2026-01-10 23:38:34.913269 | Epoch:387 | LR: 0.0000498 | Loss : 0.0012 | Val loss: 0.0012
2026-01-10 23:39:55.943841 | Epoch:388 | LR: 0.0000498 | Loss : 0.0012 | Val loss: 0.0013
2026-01-10 23:41:06.202296 | Epoch:389 | LR: 0.0000498 | Loss : 0.0013 | Val loss: 0.0012
2026-01-10 23:42:27.274466 | Epoch:390 | LR: 0.0000498 | Loss : 0.0012 | Val loss: 0.0012
2026-01-10 23:43:36.441862 | Epoch:391 | LR: 0.0000498 | Loss : 0.0012 | Val loss: 0.0011
2026-01-10 23:44:56.859736 | Epoch:392 | LR: 0.0000498 | Loss : 0.0016 | Val loss: 0.0066
2026-01-10 23:46:06.717182 | Epoch:393 | LR: 0.0000498 | Loss : 0.0023 | Val loss: 0.0012
2026-01-10 23:47:27.734400 | Epoch:394 | LR: 0.0000498 | Loss : 0.0011 | Val loss: 0.0013
2026-01-10 23:48:47.455876 | Epoch:395 | LR: 0.0000498 | Loss : 0.0011 | Val loss: 0.0012
2026-01-10 23:49:54.682429 | Epoch:396 | LR: 0.0000498 | Loss : 0.0011 | Val loss: 0.0019
2026-01-10 23:51:14.598369 | Epoch:397 | LR: 0.0000498 | Loss : 0.0012 | Val loss: 0.0014
2026-01-10 23:52:25.968460 | Epoch:398 | LR: 0.0000498 | Loss : 0.0013 | Val loss: 0.0012
2026-01-10 23:53:45.522211 | Epoch:399 | LR: 0.0000498 | Loss : 0.0012 | Val loss: 0.0014
2026-01-10 23:54:54.720812 | Epoch:400 | LR: 0.0000498 | Loss : 0.0012 | Val loss: 0.0011
2026-01-10 23:56:15.624223 | Epoch:401 | LR: 0.0000498 | Loss : 0.0011 | Val loss: 0.0012
2026-01-10 23:57:24.417944 | Epoch:402 | LR: 0.0000498 | Loss : 0.0013 | Val loss: 0.0013
2026-01-10 23:58:44.488287 | Epoch:403 | LR: 0.0000498 | Loss : 0.0012 | Val loss: 0.0014
2026-01-11 00:00:06.976466 | Epoch:404 | LR: 0.0000498 | Loss : 0.0012 | Val loss: 0.0024
2026-01-11 00:01:14.766475 | Epoch:405 | LR: 0.0000498 | Loss : 0.0012 | Val loss: 0.0012
2026-01-11 00:02:34.013800 | Epoch:406 | LR: 0.0000498 | Loss : 0.0011 | Val loss: 0.0012
2026-01-11 00:03:42.972355 | Epoch:407 | LR: 0.0000498 | Loss : 0.0012 | Val loss: 0.0057
2026-01-11 00:05:01.871073 | Epoch:408 | LR: 0.0000498 | Loss : 0.0061 | Val loss: 0.0017
2026-01-11 00:06:09.295392 | Epoch:409 | LR: 0.0000498 | Loss : 0.0014 | Val loss: 0.0013
2026-01-11 00:07:29.007717 | Epoch:410 | LR: 0.0000498 | Loss : 0.0013 | Val loss: 0.0016
2026-01-11 00:08:37.163402 | Epoch:411 | LR: 0.0000498 | Loss : 0.0012 | Val loss: 0.0012
2026-01-11 00:09:56.021177 | Epoch:412 | LR: 0.0000498 | Loss : 0.0012 | Val loss: 0.0013
2026-01-11 00:11:04.367911 | Epoch:413 | LR: 0.0000498 | Loss : 0.0011 | Val loss: 0.0015
2026-01-11 00:12:24.768371 | Epoch:414 | LR: 0.0000498 | Loss : 0.0014 | Val loss: 0.0018
2026-01-11 00:13:44.643538 | Epoch:415 | LR: 0.0000498 | Loss : 0.0013 | Val loss: 0.0012
2026-01-11 00:14:51.065349 | Epoch:416 | LR: 0.0000498 | Loss : 0.0011 | Val loss: 0.0012
2026-01-11 00:16:11.723870 | Epoch:417 | LR: 0.0000498 | Loss : 0.0011 | Val loss: 0.0011
2026-01-11 00:17:21.406222 | Epoch:418 | LR: 0.0000498 | Loss : 0.0012 | Val loss: 0.0014
2026-01-11 00:18:41.356353 | Epoch:419 | LR: 0.0000498 | Loss : 0.0012 | Val loss: 0.0014
2026-01-11 00:19:49.994945 | Epoch:420 | LR: 0.0000498 | Loss : 0.0012 | Val loss: 0.0013
2026-01-11 00:21:11.806020 | Epoch:421 | LR: 0.0000498 | Loss : 0.0012 | Val loss: 0.0013
2026-01-11 00:22:21.905619 | Epoch:422 | LR: 0.0000498 | Loss : 0.0012 | Val loss: 0.0017
2026-01-11 00:23:42.524490 | Epoch:423 | LR: 0.0000498 | Loss : 0.0012 | Val loss: 0.0012
2026-01-11 00:25:03.913482 | Epoch:424 | LR: 0.0000498 | Loss : 0.0012 | Val loss: 0.0013
2026-01-11 00:26:13.297945 | Epoch:425 | LR: 0.0000498 | Loss : 0.0011 | Val loss: 0.0010
2026-01-11 00:27:41.436053 | Epoch:426 | LR: 0.0000498 | Loss : 0.0012 | Val loss: 0.0011
2026-01-11 00:28:49.884710 | Epoch:427 | LR: 0.0000498 | Loss : 0.0012 | Val loss: 0.0011
2026-01-11 00:30:10.341008 | Epoch:428 | LR: 0.0000498 | Loss : 0.0012 | Val loss: 0.0012
2026-01-11 00:31:19.052807 | Epoch:429 | LR: 0.0000498 | Loss : 0.0013 | Val loss: 0.0017
2026-01-11 00:32:40.566222 | Epoch:430 | LR: 0.0000498 | Loss : 0.0013 | Val loss: 0.0012
2026-01-11 00:34:02.717889 | Epoch:431 | LR: 0.0000498 | Loss : 0.0012 | Val loss: 0.0015
2026-01-11 00:35:12.062923 | Epoch:432 | LR: 0.0000498 | Loss : 0.0012 | Val loss: 0.0012
2026-01-11 00:36:32.369988 | Epoch:433 | LR: 0.0000498 | Loss : 0.0011 | Val loss: 0.0016
2026-01-11 00:37:41.266281 | Epoch:434 | LR: 0.0000498 | Loss : 0.0012 | Val loss: 0.0014
2026-01-11 00:39:01.066661 | Epoch:435 | LR: 0.0000498 | Loss : 0.0011 | Val loss: 0.0012
2026-01-11 00:40:09.079207 | Epoch:436 | LR: 0.0000498 | Loss : 0.0013 | Val loss: 0.0015
2026-01-11 00:41:29.650341 | Epoch:437 | LR: 0.0000498 | Loss : 0.0013 | Val loss: 0.0012
2026-01-11 00:42:38.601840 | Epoch:438 | LR: 0.0000498 | Loss : 0.0012 | Val loss: 0.0017
2026-01-11 00:43:59.571532 | Epoch:439 | LR: 0.0000498 | Loss : 0.0013 | Val loss: 0.0024
2026-01-11 00:45:10.085360 | Epoch:440 | LR: 0.0000498 | Loss : 0.0013 | Val loss: 0.0011
2026-01-11 00:46:31.493129 | Epoch:441 | LR: 0.0000498 | Loss : 0.0011 | Val loss: 0.0014
2026-01-11 00:47:52.208606 | Epoch:442 | LR: 0.0000498 | Loss : 0.0013 | Val loss: 0.0013
2026-01-11 00:49:01.167294 | Epoch:443 | LR: 0.0000498 | Loss : 0.0012 | Val loss: 0.0012
2026-01-11 00:50:22.153715 | Epoch:444 | LR: 0.0000498 | Loss : 0.0011 | Val loss: 0.0013
2026-01-11 00:51:30.781564 | Epoch:445 | LR: 0.0000498 | Loss : 0.0011 | Val loss: 0.0019
2026-01-11 00:52:51.525995 | Epoch:446 | LR: 0.0000498 | Loss : 0.0012 | Val loss: 0.0013
2026-01-11 00:53:59.017064 | Epoch:447 | LR: 0.0000498 | Loss : 0.0011 | Val loss: 0.0012
2026-01-11 00:55:20.030809 | Epoch:448 | LR: 0.0000498 | Loss : 0.0011 | Val loss: 0.0011
2026-01-11 00:56:29.258273 | Epoch:449 | LR: 0.0000498 | Loss : 0.0011 | Val loss: 0.0012
2026-01-11 00:57:49.642351 | Epoch:450 | LR: 0.0000498 | Loss : 0.0012 | Val loss: 0.0013
2026-01-11 00:59:09.564006 | Epoch:451 | LR: 0.0000498 | Loss : 0.0012 | Val loss: 0.0014
2026-01-11 01:00:18.842369 | Epoch:452 | LR: 0.0000497 | Loss : 0.0013 | Val loss: 0.0011
2026-01-11 01:01:39.511019 | Epoch:453 | LR: 0.0000497 | Loss : 0.0012 | Val loss: 0.0012
2026-01-11 01:02:49.331455 | Epoch:454 | LR: 0.0000497 | Loss : 0.0011 | Val loss: 0.0029
2026-01-11 01:04:08.311078 | Epoch:455 | LR: 0.0000497 | Loss : 0.0062 | Val loss: 0.0015
2026-01-11 01:05:16.185207 | Epoch:456 | LR: 0.0000497 | Loss : 0.0012 | Val loss: 0.0012
2026-01-11 01:06:34.220666 | Epoch:457 | LR: 0.0000497 | Loss : 0.0011 | Val loss: 0.0013
2026-01-11 01:07:43.514605 | Epoch:458 | LR: 0.0000497 | Loss : 0.0011 | Val loss: 0.0011
2026-01-11 01:09:02.756753 | Epoch:459 | LR: 0.0000497 | Loss : 0.0011 | Val loss: 0.0012
2026-01-11 01:10:25.222192 | Epoch:460 | LR: 0.0000497 | Loss : 0.0011 | Val loss: 0.0011
2026-01-11 01:11:33.117592 | Epoch:461 | LR: 0.0000497 | Loss : 0.0011 | Val loss: 0.0011
2026-01-11 01:12:53.150057 | Epoch:462 | LR: 0.0000497 | Loss : 0.0011 | Val loss: 0.0011
2026-01-11 01:14:01.221771 | Epoch:463 | LR: 0.0000497 | Loss : 0.0011 | Val loss: 0.0011
2026-01-11 01:15:21.264219 | Epoch:464 | LR: 0.0000497 | Loss : 0.0011 | Val loss: 0.0012
2026-01-11 01:16:28.842929 | Epoch:465 | LR: 0.0000497 | Loss : 0.0010 | Val loss: 0.0013
2026-01-11 01:17:47.888223 | Epoch:466 | LR: 0.0000497 | Loss : 0.0011 | Val loss: 0.0013
2026-01-11 01:18:54.129387 | Epoch:467 | LR: 0.0000497 | Loss : 0.0011 | Val loss: 0.0012
2026-01-11 01:20:14.354464 | Epoch:468 | LR: 0.0000497 | Loss : 0.0011 | Val loss: 0.0011
2026-01-11 01:21:22.701517 | Epoch:469 | LR: 0.0000497 | Loss : 0.0011 | Val loss: 0.0012
2026-01-11 01:22:42.878023 | Epoch:470 | LR: 0.0000497 | Loss : 0.0012 | Val loss: 0.0051
2026-01-11 01:24:03.729079 | Epoch:471 | LR: 0.0000497 | Loss : 0.0015 | Val loss: 0.0013
2026-01-11 01:25:11.972785 | Epoch:472 | LR: 0.0000497 | Loss : 0.0011 | Val loss: 0.0012
2026-01-11 01:26:32.692533 | Epoch:473 | LR: 0.0000497 | Loss : 0.0011 | Val loss: 0.0014
2026-01-11 01:27:41.204699 | Epoch:474 | LR: 0.0000497 | Loss : 0.0014 | Val loss: 0.0011
2026-01-11 01:29:00.559073 | Epoch:475 | LR: 0.0000497 | Loss : 0.0011 | Val loss: 0.0013
2026-01-11 01:30:08.592464 | Epoch:476 | LR: 0.0000497 | Loss : 0.0011 | Val loss: 0.0012
2026-01-11 01:31:27.562398 | Epoch:477 | LR: 0.0000497 | Loss : 0.0011 | Val loss: 0.0012
2026-01-11 01:32:34.897154 | Epoch:478 | LR: 0.0000497 | Loss : 0.0011 | Val loss: 0.0012
2026-01-11 01:33:54.210074 | Epoch:479 | LR: 0.0000497 | Loss : 0.0011 | Val loss: 0.0013
2026-01-11 01:35:17.339993 | Epoch:480 | LR: 0.0000497 | Loss : 0.0011 | Val loss: 0.0014
2026-01-11 01:36:24.766917 | Epoch:481 | LR: 0.0000497 | Loss : 0.0012 | Val loss: 0.0014
2026-01-11 01:37:44.752917 | Epoch:482 | LR: 0.0000497 | Loss : 0.0011 | Val loss: 0.0012
2026-01-11 01:38:53.292169 | Epoch:483 | LR: 0.0000497 | Loss : 0.0011 | Val loss: 0.0031
2026-01-11 01:40:12.515812 | Epoch:484 | LR: 0.0000497 | Loss : 0.0013 | Val loss: 0.0012
2026-01-11 01:41:19.941747 | Epoch:485 | LR: 0.0000497 | Loss : 0.0011 | Val loss: 0.0013
2026-01-11 01:42:38.685396 | Epoch:486 | LR: 0.0000497 | Loss : 0.0012 | Val loss: 0.0013
2026-01-11 01:43:45.905074 | Epoch:487 | LR: 0.0000497 | Loss : 0.0011 | Val loss: 0.0012
2026-01-11 01:45:04.876324 | Epoch:488 | LR: 0.0000497 | Loss : 0.0011 | Val loss: 0.0012
2026-01-11 01:46:12.346509 | Epoch:489 | LR: 0.0000497 | Loss : 0.0011 | Val loss: 0.0012
2026-01-11 01:47:35.660431 | Epoch:490 | LR: 0.0000497 | Loss : 0.0011 | Val loss: 0.0016
2026-01-11 01:48:55.919811 | Epoch:491 | LR: 0.0000497 | Loss : 0.0013 | Val loss: 0.0026
2026-01-11 01:50:05.940170 | Epoch:492 | LR: 0.0000497 | Loss : 0.0012 | Val loss: 0.0011
2026-01-11 01:51:25.390385 | Epoch:493 | LR: 0.0000497 | Loss : 0.0012 | Val loss: 0.0011
2026-01-11 01:52:34.447826 | Epoch:494 | LR: 0.0000497 | Loss : 0.0011 | Val loss: 0.0012
2026-01-11 01:53:55.719474 | Epoch:495 | LR: 0.0000497 | Loss : 0.0012 | Val loss: 0.0011
2026-01-11 01:55:04.099123 | Epoch:496 | LR: 0.0000497 | Loss : 0.0012 | Val loss: 0.0014
2026-01-11 01:56:23.784004 | Epoch:497 | LR: 0.0000497 | Loss : 0.0012 | Val loss: 0.0011
2026-01-11 01:57:35.341026 | Epoch:498 | LR: 0.0000497 | Loss : 0.0010 | Val loss: 0.0012
2026-01-11 01:58:54.280574 | Epoch:499 | LR: 0.0000497 | Loss : 0.0012 | Val loss: 0.0012
2026-01-11 02:00:16.163735 | Epoch:500 | LR: 0.0000497 | Loss : 0.0011 | Val loss: 0.0012
2026-01-11 02:01:24.941193 | Epoch:501 | LR: 0.0000497 | Loss : 0.0011 | Val loss: 0.0011
2026-01-11 02:02:45.495459 | Epoch:502 | LR: 0.0000497 | Loss : 0.0011 | Val loss: 0.0012
2026-01-11 02:03:53.839866 | Epoch:503 | LR: 0.0000497 | Loss : 0.0011 | Val loss: 0.0012
2026-01-11 02:05:14.433198 | Epoch:504 | LR: 0.0000497 | Loss : 0.0011 | Val loss: 0.0013
2026-01-11 02:06:23.862683 | Epoch:505 | LR: 0.0000497 | Loss : 0.0010 | Val loss: 0.0012
2026-01-11 02:07:46.596348 | Epoch:506 | LR: 0.0000497 | Loss : 0.0062 | Val loss: 0.0023
2026-01-11 02:08:55.521594 | Epoch:507 | LR: 0.0000497 | Loss : 0.0013 | Val loss: 0.0011
2026-01-11 02:10:13.697752 | Epoch:508 | LR: 0.0000497 | Loss : 0.0011 | Val loss: 0.0010
2026-01-11 02:11:32.567274 | Epoch:509 | LR: 0.0000497 | Loss : 0.0011 | Val loss: 0.0011
2026-01-11 02:12:41.137575 | Epoch:510 | LR: 0.0000497 | Loss : 0.0011 | Val loss: 0.0013
2026-01-11 02:14:01.656300 | Epoch:511 | LR: 0.0000497 | Loss : 0.0011 | Val loss: 0.0013
2026-01-11 02:15:10.299609 | Epoch:512 | LR: 0.0000497 | Loss : 0.0011 | Val loss: 0.0011
2026-01-11 02:16:31.573535 | Epoch:513 | LR: 0.0000497 | Loss : 0.0010 | Val loss: 0.0012
2026-01-11 02:17:39.896186 | Epoch:514 | LR: 0.0000497 | Loss : 0.0010 | Val loss: 0.0015
2026-01-11 02:19:01.513227 | Epoch:515 | LR: 0.0000497 | Loss : 0.0012 | Val loss: 0.0010
2026-01-11 02:20:09.563836 | Epoch:516 | LR: 0.0000497 | Loss : 0.0010 | Val loss: 0.0012
2026-01-11 02:21:28.631263 | Epoch:517 | LR: 0.0000497 | Loss : 0.0011 | Val loss: 0.0017
2026-01-11 02:22:48.073933 | Epoch:518 | LR: 0.0000497 | Loss : 0.0011 | Val loss: 0.0011
2026-01-11 02:23:56.258648 | Epoch:519 | LR: 0.0000497 | Loss : 0.0011 | Val loss: 0.0012
2026-01-11 02:25:16.759965 | Epoch:520 | LR: 0.0000497 | Loss : 0.0011 | Val loss: 0.0011
2026-01-11 02:26:25.483190 | Epoch:521 | LR: 0.0000497 | Loss : 0.0011 | Val loss: 0.0012
2026-01-11 02:27:44.918002 | Epoch:522 | LR: 0.0000497 | Loss : 0.0011 | Val loss: 0.0012
2026-01-11 02:29:00.486353 | Epoch:523 | LR: 0.0000497 | Loss : 0.0010 | Val loss: 0.0011
2026-01-11 02:30:19.836016 | Epoch:524 | LR: 0.0000497 | Loss : 0.0010 | Val loss: 0.0013
2026-01-11 02:31:41.960725 | Epoch:525 | LR: 0.0000497 | Loss : 0.0011 | Val loss: 0.0012
2026-01-11 02:32:50.573544 | Epoch:526 | LR: 0.0000497 | Loss : 0.0010 | Val loss: 0.0011
2026-01-11 02:34:10.027041 | Epoch:527 | LR: 0.0000497 | Loss : 0.0012 | Val loss: 0.0020
2026-01-11 02:35:18.077277 | Epoch:528 | LR: 0.0000497 | Loss : 0.0012 | Val loss: 0.0012
2026-01-11 02:36:41.333269 | Epoch:529 | LR: 0.0000497 | Loss : 0.0011 | Val loss: 0.0012
2026-01-11 02:37:51.192952 | Epoch:530 | LR: 0.0000497 | Loss : 0.0011 | Val loss: 0.0011
2026-01-11 02:39:11.463966 | Epoch:531 | LR: 0.0000497 | Loss : 0.0012 | Val loss: 0.0012
2026-01-11 02:40:22.413275 | Epoch:532 | LR: 0.0000497 | Loss : 0.0011 | Val loss: 0.0013
2026-01-11 02:41:46.979988 | Epoch:533 | LR: 0.0000497 | Loss : 0.0010 | Val loss: 0.0011
2026-01-11 02:43:08.758138 | Epoch:534 | LR: 0.0000497 | Loss : 0.0011 | Val loss: 0.0011
2026-01-11 02:44:17.800901 | Epoch:535 | LR: 0.0000496 | Loss : 0.0010 | Val loss: 0.0014
2026-01-11 02:45:39.892292 | Epoch:536 | LR: 0.0000496 | Loss : 0.0013 | Val loss: 0.0011
2026-01-11 02:46:48.383070 | Epoch:537 | LR: 0.0000496 | Loss : 0.0011 | Val loss: 0.0010
2026-01-11 02:48:07.380434 | Epoch:538 | LR: 0.0000496 | Loss : 0.0011 | Val loss: 0.0011
2026-01-11 02:49:14.800313 | Epoch:539 | LR: 0.0000496 | Loss : 0.0011 | Val loss: 0.0012
2026-01-11 02:50:35.354234 | Epoch:540 | LR: 0.0000496 | Loss : 0.0011 | Val loss: 0.0012
2026-01-11 02:51:43.548951 | Epoch:541 | LR: 0.0000496 | Loss : 0.0012 | Val loss: 0.0012
2026-01-11 02:53:03.700092 | Epoch:542 | LR: 0.0000496 | Loss : 0.0010 | Val loss: 0.0011
2026-01-11 02:54:25.668325 | Epoch:543 | LR: 0.0000496 | Loss : 0.0011 | Val loss: 0.0011
2026-01-11 02:55:35.066960 | Epoch:544 | LR: 0.0000496 | Loss : 0.0012 | Val loss: 0.0011
2026-01-11 02:56:55.156486 | Epoch:545 | LR: 0.0000496 | Loss : 0.0011 | Val loss: 0.0010
2026-01-11 02:58:12.418660 | Epoch:546 | LR: 0.0000496 | Loss : 0.0011 | Val loss: 0.0014
2026-01-11 02:59:33.080065 | Epoch:547 | LR: 0.0000496 | Loss : 0.0011 | Val loss: 0.0019
2026-01-11 03:00:40.981438 | Epoch:548 | LR: 0.0000496 | Loss : 0.0011 | Val loss: 0.0011
2026-01-11 03:02:01.341049 | Epoch:549 | LR: 0.0000496 | Loss : 0.0011 | Val loss: 0.0012
2026-01-11 03:03:09.530389 | Epoch:550 | LR: 0.0000496 | Loss : 0.0011 | Val loss: 0.0013
2026-01-11 03:04:30.704220 | Epoch:551 | LR: 0.0000496 | Loss : 0.0011 | Val loss: 0.0012
2026-01-11 03:05:53.267175 | Epoch:552 | LR: 0.0000496 | Loss : 0.0011 | Val loss: 0.0015
2026-01-11 03:07:02.816848 | Epoch:553 | LR: 0.0000496 | Loss : 0.1029 | Val loss: 0.0229
2026-01-11 03:08:23.271593 | Epoch:554 | LR: 0.0000496 | Loss : 0.0122 | Val loss: 0.0056
2026-01-11 03:09:32.711057 | Epoch:555 | LR: 0.0000496 | Loss : 0.0041 | Val loss: 0.0029
2026-01-11 03:10:53.999262 | Epoch:556 | LR: 0.0000496 | Loss : 0.0025 | Val loss: 0.0022
2026-01-11 03:12:02.625494 | Epoch:557 | LR: 0.0000496 | Loss : 0.0021 | Val loss: 0.0022
2026-01-11 03:13:22.186745 | Epoch:558 | LR: 0.0000496 | Loss : 0.0018 | Val loss: 0.0018
2026-01-11 03:14:28.785502 | Epoch:559 | LR: 0.0000496 | Loss : 0.0016 | Val loss: 0.0018
2026-01-11 03:15:49.013206 | Epoch:560 | LR: 0.0000496 | Loss : 0.0016 | Val loss: 0.0018
2026-01-11 03:16:56.798169 | Epoch:561 | LR: 0.0000496 | Loss : 0.0017 | Val loss: 0.0015
2026-01-11 03:18:16.350755 | Epoch:562 | LR: 0.0000496 | Loss : 0.0015 | Val loss: 0.0016
2026-01-11 03:19:37.675796 | Epoch:563 | LR: 0.0000496 | Loss : 0.0014 | Val loss: 0.0018
2026-01-11 03:20:45.541188 | Epoch:564 | LR: 0.0000496 | Loss : 0.0014 | Val loss: 0.0015
2026-01-11 03:22:06.377196 | Epoch:565 | LR: 0.0000496 | Loss : 0.0013 | Val loss: 0.0016
2026-01-11 03:23:13.753777 | Epoch:566 | LR: 0.0000496 | Loss : 0.0014 | Val loss: 0.0014
2026-01-11 03:24:32.315029 | Epoch:567 | LR: 0.0000496 | Loss : 0.0014 | Val loss: 0.0015
2026-01-11 03:25:41.173426 | Epoch:568 | LR: 0.0000496 | Loss : 0.0013 | Val loss: 0.0013
2026-01-11 03:27:00.600104 | Epoch:569 | LR: 0.0000496 | Loss : 0.0013 | Val loss: 0.0022
2026-01-11 03:28:07.814035 | Epoch:570 | LR: 0.0000496 | Loss : 0.0015 | Val loss: 0.0017
2026-01-11 03:29:29.680508 | Epoch:571 | LR: 0.0000496 | Loss : 0.0014 | Val loss: 0.0019
2026-01-11 03:30:38.408207 | Epoch:572 | LR: 0.0000496 | Loss : 0.0013 | Val loss: 0.0012
2026-01-11 03:31:58.761820 | Epoch:573 | LR: 0.0000496 | Loss : 0.0012 | Val loss: 0.0011
2026-01-11 03:33:06.915094 | Epoch:574 | LR: 0.0000496 | Loss : 0.0014 | Val loss: 0.0020
2026-01-11 03:34:26.892566 | Epoch:575 | LR: 0.0000496 | Loss : 0.0012 | Val loss: 0.0013
2026-01-11 03:35:48.305706 | Epoch:576 | LR: 0.0000496 | Loss : 0.0012 | Val loss: 0.0014
2026-01-11 03:36:55.588343 | Epoch:577 | LR: 0.0000496 | Loss : 0.0012 | Val loss: 0.0012
2026-01-11 03:38:14.966156 | Epoch:578 | LR: 0.0000496 | Loss : 0.0012 | Val loss: 0.0041
2026-01-11 03:39:21.580915 | Epoch:579 | LR: 0.0000496 | Loss : 0.0015 | Val loss: 0.0013
2026-01-11 03:40:40.888110 | Epoch:580 | LR: 0.0000496 | Loss : 0.0011 | Val loss: 0.0012
2026-01-11 03:41:49.109155 | Epoch:581 | LR: 0.0000496 | Loss : 0.0013 | Val loss: 0.0013
2026-01-11 03:43:08.507434 | Epoch:582 | LR: 0.0000496 | Loss : 0.0012 | Val loss: 0.0012
2026-01-11 03:44:18.369988 | Epoch:583 | LR: 0.0000496 | Loss : 0.0011 | Val loss: 0.0013
2026-01-11 03:45:37.494761 | Epoch:584 | LR: 0.0000496 | Loss : 0.0012 | Val loss: 0.0011
2026-01-11 03:46:45.732578 | Epoch:585 | LR: 0.0000496 | Loss : 0.0011 | Val loss: 0.0011
2026-01-11 03:48:04.794178 | Epoch:586 | LR: 0.0000496 | Loss : 0.0013 | Val loss: 0.0014
2026-01-11 03:49:24.138283 | Epoch:587 | LR: 0.0000496 | Loss : 0.0011 | Val loss: 0.0012
2026-01-11 03:50:31.583646 | Epoch:588 | LR: 0.0000496 | Loss : 0.0012 | Val loss: 0.0014
2026-01-11 03:51:51.654590 | Epoch:589 | LR: 0.0000496 | Loss : 0.0012 | Val loss: 0.0012
2026-01-11 03:52:58.343048 | Epoch:590 | LR: 0.0000496 | Loss : 0.0013 | Val loss: 0.0015
2026-01-11 03:54:18.358024 | Epoch:591 | LR: 0.0000496 | Loss : 0.0012 | Val loss: 0.0013
2026-01-11 03:55:25.950667 | Epoch:592 | LR: 0.0000496 | Loss : 0.0011 | Val loss: 0.0013
2026-01-11 03:56:45.302371 | Epoch:593 | LR: 0.0000496 | Loss : 0.0012 | Val loss: 0.0013
2026-01-11 03:57:53.068391 | Epoch:594 | LR: 0.0000496 | Loss : 0.0012 | Val loss: 0.0017
2026-01-11 03:59:12.913470 | Epoch:595 | LR: 0.0000496 | Loss : 0.0011 | Val loss: 0.0013
2026-01-11 04:00:34.748001 | Epoch:596 | LR: 0.0000496 | Loss : 0.0012 | Val loss: 0.0016
2026-01-11 04:01:42.852343 | Epoch:597 | LR: 0.0000496 | Loss : 0.0012 | Val loss: 0.0013
2026-01-11 04:03:03.503566 | Epoch:598 | LR: 0.0000496 | Loss : 0.0011 | Val loss: 0.0013
2026-01-11 04:04:11.341139 | Epoch:599 | LR: 0.0000496 | Loss : 0.0012 | Val loss: 0.0011
2026-01-11 04:05:29.430725 | Epoch:600 | LR: 0.0000496 | Loss : 0.0010 | Val loss: 0.0015
2026-01-11 04:06:39.038698 | Epoch:601 | LR: 0.0000496 | Loss : 0.0012 | Val loss: 0.0011
2026-01-11 04:07:57.830165 | Epoch:602 | LR: 0.0000496 | Loss : 0.0010 | Val loss: 0.0011
2026-01-11 04:09:07.161003 | Epoch:603 | LR: 0.0000496 | Loss : 0.0011 | Val loss: 0.0011
2026-01-11 04:10:28.707432 | Epoch:604 | LR: 0.0000496 | Loss : 0.0010 | Val loss: 0.0010
2026-01-11 04:11:38.147870 | Epoch:605 | LR: 0.0000496 | Loss : 0.0012 | Val loss: 0.0012
2026-01-11 04:12:58.110359 | Epoch:606 | LR: 0.0000495 | Loss : 0.0011 | Val loss: 0.0012
2026-01-11 04:14:21.433101 | Epoch:607 | LR: 0.0000495 | Loss : 0.0012 | Val loss: 0.0019
2026-01-11 04:15:29.937261 | Epoch:608 | LR: 0.0000495 | Loss : 0.0012 | Val loss: 0.0013
2026-01-11 04:16:50.566896 | Epoch:609 | LR: 0.0000495 | Loss : 0.0011 | Val loss: 0.0011
2026-01-11 04:17:57.248814 | Epoch:610 | LR: 0.0000495 | Loss : 0.0011 | Val loss: 0.0013
2026-01-11 04:19:17.786936 | Epoch:611 | LR: 0.0000495 | Loss : 0.0010 | Val loss: 0.0011
2026-01-11 04:20:26.653838 | Epoch:612 | LR: 0.0000495 | Loss : 0.0011 | Val loss: 0.0011
2026-01-11 04:21:46.871591 | Epoch:613 | LR: 0.0000495 | Loss : 0.0011 | Val loss: 0.0012
2026-01-11 04:22:55.021540 | Epoch:614 | LR: 0.0000495 | Loss : 0.0011 | Val loss: 0.0013
2026-01-11 04:24:16.091642 | Epoch:615 | LR: 0.0000495 | Loss : 0.0011 | Val loss: 0.0017
2026-01-11 04:25:39.456826 | Epoch:616 | LR: 0.0000495 | Loss : 0.0012 | Val loss: 0.0011
2026-01-11 04:26:48.277724 | Epoch:617 | LR: 0.0000495 | Loss : 0.0011 | Val loss: 0.0011
2026-01-11 04:28:08.748085 | Epoch:618 | LR: 0.0000495 | Loss : 0.0011 | Val loss: 0.0012
2026-01-11 04:29:18.087567 | Epoch:619 | LR: 0.0000495 | Loss : 0.0010 | Val loss: 0.0012
2026-01-11 04:30:36.772707 | Epoch:620 | LR: 0.0000495 | Loss : 0.0010 | Val loss: 0.0012
2026-01-11 04:31:45.583792 | Epoch:621 | LR: 0.0000495 | Loss : 0.0011 | Val loss: 0.0014
2026-01-11 04:33:05.177964 | Epoch:622 | LR: 0.0000495 | Loss : 0.0202 | Val loss: 0.0032
2026-01-11 04:34:12.800201 | Epoch:623 | LR: 0.0000495 | Loss : 0.0018 | Val loss: 0.0022
2026-01-11 04:35:31.868154 | Epoch:624 | LR: 0.0000495 | Loss : 0.0016 | Val loss: 0.0013
2026-01-11 04:36:40.056782 | Epoch:625 | LR: 0.0000495 | Loss : 0.0013 | Val loss: 0.0013
2026-01-11 04:38:01.065707 | Epoch:626 | LR: 0.0000495 | Loss : 0.0011 | Val loss: 0.0011
2026-01-11 04:39:35.058989 | Epoch:627 | LR: 0.0000495 | Loss : 0.0011 | Val loss: 0.0012
2026-01-11 04:41:44.020025 | Epoch:628 | LR: 0.0000495 | Loss : 0.0011 | Val loss: 0.0012
2026-01-11 04:43:54.522747 | Epoch:629 | LR: 0.0000495 | Loss : 0.0011 | Val loss: 0.0011
2026-01-11 04:45:54.603919 | Epoch:630 | LR: 0.0000495 | Loss : 0.0011 | Val loss: 0.0010
2026-01-11 04:48:00.878287 | Epoch:631 | LR: 0.0000495 | Loss : 0.0010 | Val loss: 0.0011
2026-01-11 04:50:08.301578 | Epoch:632 | LR: 0.0000495 | Loss : 0.0010 | Val loss: 0.0012
2026-01-11 04:52:16.881956 | Epoch:633 | LR: 0.0000495 | Loss : 0.0011 | Val loss: 0.0012
2026-01-11 04:54:24.984491 | Epoch:634 | LR: 0.0000495 | Loss : 0.0010 | Val loss: 0.0010
2026-01-11 04:56:32.157693 | Epoch:635 | LR: 0.0000495 | Loss : 0.0011 | Val loss: 0.0013
2026-01-11 04:58:38.600988 | Epoch:636 | LR: 0.0000495 | Loss : 0.0011 | Val loss: 0.0011
2026-01-11 05:00:46.177234 | Epoch:637 | LR: 0.0000495 | Loss : 0.0010 | Val loss: 0.0010
2026-01-11 05:02:55.519794 | Epoch:638 | LR: 0.0000495 | Loss : 0.0010 | Val loss: 0.0010
2026-01-11 05:05:03.181418 | Epoch:639 | LR: 0.0000495 | Loss : 0.0010 | Val loss: 0.0010
2026-01-11 05:07:09.606748 | Epoch:640 | LR: 0.0000495 | Loss : 0.0010 | Val loss: 0.0011
2026-01-11 05:09:17.144786 | Epoch:641 | LR: 0.0000495 | Loss : 0.0010 | Val loss: 0.0011
2026-01-11 05:11:18.031231 | Epoch:642 | LR: 0.0000495 | Loss : 0.0011 | Val loss: 0.0011
2026-01-11 05:13:14.844596 | Epoch:643 | LR: 0.0000495 | Loss : 0.0011 | Val loss: 0.0012
2026-01-11 05:15:22.715393 | Epoch:644 | LR: 0.0000495 | Loss : 0.0010 | Val loss: 0.0013
2026-01-11 05:17:30.252981 | Epoch:645 | LR: 0.0000495 | Loss : 0.0011 | Val loss: 0.0010
2026-01-11 05:19:43.522104 | Epoch:646 | LR: 0.0000495 | Loss : 0.0011 | Val loss: 0.0011
2026-01-11 05:21:51.143204 | Epoch:647 | LR: 0.0000495 | Loss : 0.0012 | Val loss: 0.0011
2026-01-11 05:23:59.385856 | Epoch:648 | LR: 0.0000495 | Loss : 0.0010 | Val loss: 0.0011
2026-01-11 05:26:06.797515 | Epoch:649 | LR: 0.0000495 | Loss : 0.0029 | Val loss: 0.0021
2026-01-11 05:28:14.330197 | Epoch:650 | LR: 0.0000495 | Loss : 0.0015 | Val loss: 0.0013
2026-01-11 05:30:21.771839 | Epoch:651 | LR: 0.0000495 | Loss : 0.0012 | Val loss: 0.0011
2026-01-11 05:32:27.856709 | Epoch:652 | LR: 0.0000495 | Loss : 0.0012 | Val loss: 0.0014
2026-01-11 05:34:35.832132 | Epoch:653 | LR: 0.0000495 | Loss : 0.0011 | Val loss: 0.0012
2026-01-11 05:36:44.341146 | Epoch:654 | LR: 0.0000495 | Loss : 0.0011 | Val loss: 0.0012
2026-01-11 05:38:52.752945 | Epoch:655 | LR: 0.0000495 | Loss : 0.0011 | Val loss: 0.0012
2026-01-11 05:41:00.990514 | Epoch:656 | LR: 0.0000495 | Loss : 0.0011 | Val loss: 0.0011
2026-01-11 05:42:58.289995 | Epoch:657 | LR: 0.0000495 | Loss : 0.0010 | Val loss: 0.0015
2026-01-11 05:44:56.575523 | Epoch:658 | LR: 0.0000495 | Loss : 0.0011 | Val loss: 0.0015
2026-01-11 05:47:05.750312 | Epoch:659 | LR: 0.0000495 | Loss : 0.0011 | Val loss: 0.0010
2026-01-11 05:49:13.885627 | Epoch:660 | LR: 0.0000495 | Loss : 0.0010 | Val loss: 0.0013
2026-01-11 05:51:21.099204 | Epoch:661 | LR: 0.0000495 | Loss : 0.0011 | Val loss: 0.0012
2026-01-11 05:53:28.775364 | Epoch:662 | LR: 0.0000495 | Loss : 0.0010 | Val loss: 0.0012
2026-01-11 05:55:35.582308 | Epoch:663 | LR: 0.0000495 | Loss : 0.0010 | Val loss: 0.0010
2026-01-11 05:57:43.341656 | Epoch:664 | LR: 0.0000495 | Loss : 0.0011 | Val loss: 0.0015
2026-01-11 05:59:51.738101 | Epoch:665 | LR: 0.0000495 | Loss : 0.0012 | Val loss: 0.0010
2026-01-11 06:01:59.164495 | Epoch:666 | LR: 0.0000495 | Loss : 0.0010 | Val loss: 0.0013
2026-01-11 06:04:08.391340 | Epoch:667 | LR: 0.0000495 | Loss : 0.0010 | Val loss: 0.0011
2026-01-11 06:06:14.520122 | Epoch:668 | LR: 0.0000495 | Loss : 0.0011 | Val loss: 0.0011
2026-01-11 06:08:20.071696 | Epoch:669 | LR: 0.0000495 | Loss : 0.0010 | Val loss: 0.0011
2026-01-11 06:10:28.285705 | Epoch:670 | LR: 0.0000494 | Loss : 0.0011 | Val loss: 0.0011
2026-01-11 06:12:28.371651 | Epoch:671 | LR: 0.0000494 | Loss : 0.0011 | Val loss: 0.0014
2026-01-11 06:14:38.094785 | Epoch:672 | LR: 0.0000494 | Loss : 0.0011 | Val loss: 0.0011
2026-01-11 06:16:48.358360 | Epoch:673 | LR: 0.0000494 | Loss : 0.0011 | Val loss: 0.0012
2026-01-11 06:18:44.529401 | Epoch:674 | LR: 0.0000494 | Loss : 0.0011 | Val loss: 0.0010
2026-01-11 06:20:51.653521 | Epoch:675 | LR: 0.0000494 | Loss : 0.0010 | Val loss: 0.0011
2026-01-11 06:23:02.111196 | Epoch:676 | LR: 0.0000494 | Loss : 0.0010 | Val loss: 0.0011
2026-01-11 06:25:10.030641 | Epoch:677 | LR: 0.0000494 | Loss : 0.0011 | Val loss: 0.0011
2026-01-11 06:27:18.106054 | Epoch:678 | LR: 0.0000494 | Loss : 0.0010 | Val loss: 0.0011
2026-01-11 06:29:26.270805 | Epoch:679 | LR: 0.0000494 | Loss : 0.0012 | Val loss: 0.0048
2026-01-11 06:31:31.209600 | Epoch:680 | LR: 0.0000494 | Loss : 0.0278 | Val loss: 0.0034
2026-01-11 06:33:40.485274 | Epoch:681 | LR: 0.0000494 | Loss : 0.0032 | Val loss: 0.0040
2026-01-11 06:35:49.650955 | Epoch:682 | LR: 0.0000494 | Loss : 0.0019 | Val loss: 0.0019
2026-01-11 06:37:57.282633 | Epoch:683 | LR: 0.0000494 | Loss : 0.0015 | Val loss: 0.0014
2026-01-11 06:40:05.105929 | Epoch:684 | LR: 0.0000494 | Loss : 0.0013 | Val loss: 0.0012
2026-01-11 06:42:10.674827 | Epoch:685 | LR: 0.0000494 | Loss : 0.0012 | Val loss: 0.0012
2026-01-11 06:44:13.841457 | Epoch:686 | LR: 0.0000494 | Loss : 0.0012 | Val loss: 0.0013
2026-01-11 06:46:20.873413 | Epoch:687 | LR: 0.0000494 | Loss : 0.0011 | Val loss: 0.0011
2026-01-11 06:48:29.465252 | Epoch:688 | LR: 0.0000494 | Loss : 0.0011 | Val loss: 0.0011
2026-01-11 06:50:38.597824 | Epoch:689 | LR: 0.0000494 | Loss : 0.0012 | Val loss: 0.0013
2026-01-11 06:52:35.585040 | Epoch:690 | LR: 0.0000494 | Loss : 0.0011 | Val loss: 0.0011
2026-01-11 06:54:42.308290 | Epoch:691 | LR: 0.0000494 | Loss : 0.0011 | Val loss: 0.0012
2026-01-11 06:56:47.407370 | Epoch:692 | LR: 0.0000494 | Loss : 0.0010 | Val loss: 0.0010
2026-01-11 06:58:54.286562 | Epoch:693 | LR: 0.0000494 | Loss : 0.0010 | Val loss: 0.0013
2026-01-11 07:01:02.458718 | Epoch:694 | LR: 0.0000494 | Loss : 0.0010 | Val loss: 0.0013
2026-01-11 07:03:10.164484 | Epoch:695 | LR: 0.0000494 | Loss : 0.0012 | Val loss: 0.0011
2026-01-11 07:05:16.947987 | Epoch:696 | LR: 0.0000494 | Loss : 0.0011 | Val loss: 0.0012
2026-01-11 07:07:22.155940 | Epoch:697 | LR: 0.0000494 | Loss : 0.0010 | Val loss: 0.0011
2026-01-11 07:09:29.027622 | Epoch:698 | LR: 0.0000494 | Loss : 0.0010 | Val loss: 0.0013
2026-01-11 07:11:36.823578 | Epoch:699 | LR: 0.0000494 | Loss : 0.0010 | Val loss: 0.0014
2026-01-11 07:13:43.969603 | Epoch:700 | LR: 0.0000494 | Loss : 0.0011 | Val loss: 0.0025
2026-01-11 07:15:41.218925 | Epoch:701 | LR: 0.0000494 | Loss : 0.0011 | Val loss: 0.0010
2026-01-11 07:17:50.247989 | Epoch:702 | LR: 0.0000494 | Loss : 0.0010 | Val loss: 0.0010
2026-01-11 07:20:03.039614 | Epoch:703 | LR: 0.0000494 | Loss : 0.0010 | Val loss: 0.0010
2026-01-11 07:22:19.406783 | Epoch:704 | LR: 0.0000494 | Loss : 0.0011 | Val loss: 0.0016
2026-01-11 07:24:38.582002 | Epoch:705 | LR: 0.0000494 | Loss : 0.0011 | Val loss: 0.0011
2026-01-11 07:26:51.876005 | Epoch:706 | LR: 0.0000494 | Loss : 0.0010 | Val loss: 0.0010
2026-01-11 07:29:12.011034 | Epoch:707 | LR: 0.0000494 | Loss : 0.0010 | Val loss: 0.0010
2026-01-11 07:31:24.344877 | Epoch:708 | LR: 0.0000494 | Loss : 0.0010 | Val loss: 0.0011
2026-01-11 07:33:36.125050 | Epoch:709 | LR: 0.0000494 | Loss : 0.0010 | Val loss: 0.0011
2026-01-11 07:35:35.744624 | Epoch:710 | LR: 0.0000494 | Loss : 0.0011 | Val loss: 0.0013
2026-01-11 07:37:47.821111 | Epoch:711 | LR: 0.0000494 | Loss : 0.0011 | Val loss: 0.0010
2026-01-11 07:39:57.952172 | Epoch:712 | LR: 0.0000494 | Loss : 0.0009 | Val loss: 0.0012
2026-01-11 07:42:08.434953 | Epoch:713 | LR: 0.0000494 | Loss : 0.0011 | Val loss: 0.0010
2026-01-11 07:44:19.058296 | Epoch:714 | LR: 0.0000494 | Loss : 0.0010 | Val loss: 0.0012
2026-01-11 07:46:20.418845 | Epoch:715 | LR: 0.0000494 | Loss : 0.0010 | Val loss: 0.0011
2026-01-11 07:48:30.352516 | Epoch:716 | LR: 0.0000494 | Loss : 0.0011 | Val loss: 0.0013
2026-01-11 07:50:40.403338 | Epoch:717 | LR: 0.0000494 | Loss : 0.0011 | Val loss: 0.0012
2026-01-11 07:52:49.904750 | Epoch:718 | LR: 0.0000494 | Loss : 0.0011 | Val loss: 0.0013
2026-01-11 07:55:00.147528 | Epoch:719 | LR: 0.0000494 | Loss : 0.0010 | Val loss: 0.0012
2026-01-11 07:57:09.326367 | Epoch:720 | LR: 0.0000494 | Loss : 0.0013 | Val loss: 0.0011
2026-01-11 07:59:19.435213 | Epoch:721 | LR: 0.0000494 | Loss : 0.0011 | Val loss: 0.0011
2026-01-11 08:01:28.838062 | Epoch:722 | LR: 0.0000494 | Loss : 0.0011 | Val loss: 0.0010
2026-01-11 08:03:39.617322 | Epoch:723 | LR: 0.0000494 | Loss : 0.0009 | Val loss: 0.0011
2026-01-11 08:05:48.875231 | Epoch:724 | LR: 0.0000494 | Loss : 0.0010 | Val loss: 0.0010
2026-01-11 08:07:59.059840 | Epoch:725 | LR: 0.0000494 | Loss : 0.0010 | Val loss: 0.0011
2026-01-11 08:10:09.958842 | Epoch:726 | LR: 0.0000494 | Loss : 0.0010 | Val loss: 0.0010
2026-01-11 08:12:21.606813 | Epoch:727 | LR: 0.0000494 | Loss : 0.0011 | Val loss: 0.0017
2026-01-11 08:14:35.638869 | Epoch:728 | LR: 0.0000494 | Loss : 0.0011 | Val loss: 0.0011
2026-01-11 08:16:52.572512 | Epoch:729 | LR: 0.0000493 | Loss : 0.0010 | Val loss: 0.0011
2026-01-11 08:18:13.224329 | Epoch:730 | LR: 0.0000493 | Loss : 0.0011 | Val loss: 0.0011
2026-01-11 08:19:35.265089 | Epoch:731 | LR: 0.0000493 | Loss : 0.0010 | Val loss: 0.0017
2026-01-11 08:20:46.264305 | Epoch:732 | LR: 0.0000493 | Loss : 0.0011 | Val loss: 0.0011
2026-01-11 08:22:07.401241 | Epoch:733 | LR: 0.0000493 | Loss : 0.0011 | Val loss: 0.0014
2026-01-11 08:23:18.069987 | Epoch:734 | LR: 0.0000493 | Loss : 0.0015 | Val loss: 0.0013
2026-01-11 08:24:39.444343 | Epoch:735 | LR: 0.0000493 | Loss : 0.0011 | Val loss: 0.0013
2026-01-11 08:26:01.601206 | Epoch:736 | LR: 0.0000493 | Loss : 0.0010 | Val loss: 0.0010
2026-01-11 08:27:11.188968 | Epoch:737 | LR: 0.0000493 | Loss : 0.0011 | Val loss: 0.0010
2026-01-11 08:28:33.647868 | Epoch:738 | LR: 0.0000493 | Loss : 0.0010 | Val loss: 0.0010
2026-01-11 08:29:43.153146 | Epoch:739 | LR: 0.0000493 | Loss : 0.0010 | Val loss: 0.0011
2026-01-11 08:31:05.387995 | Epoch:740 | LR: 0.0000493 | Loss : 0.0060 | Val loss: 0.0072
2026-01-11 08:32:14.232359 | Epoch:741 | LR: 0.0000493 | Loss : 0.0020 | Val loss: 0.0015
2026-01-11 08:33:34.942540 | Epoch:742 | LR: 0.0000493 | Loss : 0.0011 | Val loss: 0.0011
2026-01-11 08:34:44.361370 | Epoch:743 | LR: 0.0000493 | Loss : 0.0010 | Val loss: 0.0010
2026-01-11 08:36:06.843585 | Epoch:744 | LR: 0.0000493 | Loss : 0.0010 | Val loss: 0.0010
2026-01-11 08:37:28.214000 | Epoch:745 | LR: 0.0000493 | Loss : 0.0009 | Val loss: 0.0009
2026-01-11 08:38:46.938695 | Epoch:746 | LR: 0.0000493 | Loss : 0.0011 | Val loss: 0.0011
2026-01-11 08:40:05.742726 | Epoch:747 | LR: 0.0000493 | Loss : 0.0009 | Val loss: 0.0010
2026-01-11 08:41:13.625915 | Epoch:748 | LR: 0.0000493 | Loss : 0.0010 | Val loss: 0.0010
2026-01-11 08:42:33.005933 | Epoch:749 | LR: 0.0000493 | Loss : 0.0010 | Val loss: 0.0010
2026-01-11 08:43:40.631338 | Epoch:750 | LR: 0.0000493 | Loss : 0.0009 | Val loss: 0.0010
2026-01-11 08:44:59.019251 | Epoch:751 | LR: 0.0000493 | Loss : 0.0010 | Val loss: 0.0010
2026-01-11 08:46:18.583436 | Epoch:752 | LR: 0.0000493 | Loss : 0.0010 | Val loss: 0.0011
2026-01-11 08:47:24.201761 | Epoch:753 | LR: 0.0000493 | Loss : 0.0011 | Val loss: 0.0012
2026-01-11 08:48:42.665995 | Epoch:754 | LR: 0.0000493 | Loss : 0.0010 | Val loss: 0.0010
2026-01-11 08:49:49.991608 | Epoch:755 | LR: 0.0000493 | Loss : 0.0010 | Val loss: 0.0011
2026-01-11 08:51:10.562827 | Epoch:756 | LR: 0.0000493 | Loss : 0.0009 | Val loss: 0.0010
2026-01-11 08:52:18.070850 | Epoch:757 | LR: 0.0000493 | Loss : 0.0010 | Val loss: 0.0015
2026-01-11 08:53:37.253920 | Epoch:758 | LR: 0.0000493 | Loss : 0.0010 | Val loss: 0.0010
2026-01-11 08:54:44.629782 | Epoch:759 | LR: 0.0000493 | Loss : 0.0010 | Val loss: 0.0011
2026-01-11 08:56:04.431043 | Epoch:760 | LR: 0.0000493 | Loss : 0.0010 | Val loss: 0.0011
2026-01-11 08:57:11.556313 | Epoch:761 | LR: 0.0000493 | Loss : 0.0011 | Val loss: 0.0011
2026-01-11 08:58:30.811981 | Epoch:762 | LR: 0.0000493 | Loss : 0.0010 | Val loss: 0.0010
2026-01-11 08:59:43.138536 | Epoch:763 | LR: 0.0000493 | Loss : 0.0010 | Val loss: 0.0014
2026-01-11 09:00:57.437650 | Epoch:764 | LR: 0.0000493 | Loss : 0.0010 | Val loss: 0.0011
2026-01-11 09:02:15.739940 | Epoch:765 | LR: 0.0000493 | Loss : 0.0010 | Val loss: 0.0010
2026-01-11 09:03:23.135620 | Epoch:766 | LR: 0.0000493 | Loss : 0.0010 | Val loss: 0.0012
2026-01-11 09:04:42.524919 | Epoch:767 | LR: 0.0000493 | Loss : 0.0010 | Val loss: 0.0010
2026-01-11 09:05:51.715363 | Epoch:768 | LR: 0.0000493 | Loss : 0.0013 | Val loss: 0.0015
2026-01-11 09:07:11.611511 | Epoch:769 | LR: 0.0000493 | Loss : 0.0011 | Val loss: 0.0010
2026-01-11 09:08:20.052113 | Epoch:770 | LR: 0.0000493 | Loss : 0.0010 | Val loss: 0.0010
2026-01-11 09:09:40.215328 | Epoch:771 | LR: 0.0000493 | Loss : 0.0010 | Val loss: 0.0009
2026-01-11 09:10:52.478805 | Epoch:772 | LR: 0.0000493 | Loss : 0.0010 | Val loss: 0.0012
2026-01-11 09:12:12.475396 | Epoch:773 | LR: 0.0000493 | Loss : 0.0011 | Val loss: 0.0012
2026-01-11 09:13:34.555124 | Epoch:774 | LR: 0.0000493 | Loss : 0.0011 | Val loss: 0.0016
2026-01-11 09:14:44.450647 | Epoch:775 | LR: 0.0000493 | Loss : 0.0011 | Val loss: 0.0011
2026-01-11 09:16:06.107642 | Epoch:776 | LR: 0.0000493 | Loss : 0.0010 | Val loss: 0.0009
2026-01-11 09:17:17.253691 | Epoch:777 | LR: 0.0000493 | Loss : 0.0010 | Val loss: 0.0010
2026-01-11 09:18:39.263121 | Epoch:778 | LR: 0.0000493 | Loss : 0.0011 | Val loss: 0.0012
2026-01-11 09:19:49.931213 | Epoch:779 | LR: 0.0000493 | Loss : 0.0011 | Val loss: 0.0011
2026-01-11 09:21:12.154106 | Epoch:780 | LR: 0.0000493 | Loss : 0.0010 | Val loss: 0.0014
2026-01-11 09:22:35.323693 | Epoch:781 | LR: 0.0000493 | Loss : 0.0010 | Val loss: 0.0011
2026-01-11 09:23:47.339078 | Epoch:782 | LR: 0.0000493 | Loss : 0.0011 | Val loss: 0.0010
2026-01-11 09:25:09.094406 | Epoch:783 | LR: 0.0000492 | Loss : 0.0010 | Val loss: 0.0009
2026-01-11 09:26:18.696970 | Epoch:784 | LR: 0.0000492 | Loss : 0.0009 | Val loss: 0.0012
2026-01-11 09:27:39.933015 | Epoch:785 | LR: 0.0000492 | Loss : 0.0010 | Val loss: 0.0010
2026-01-11 09:28:48.618338 | Epoch:786 | LR: 0.0000492 | Loss : 0.0011 | Val loss: 0.0012
2026-01-11 09:30:07.906775 | Epoch:787 | LR: 0.0000492 | Loss : 0.0010 | Val loss: 0.0011
2026-01-11 09:31:15.203572 | Epoch:788 | LR: 0.0000492 | Loss : 0.0011 | Val loss: 0.0012
2026-01-11 09:32:34.766618 | Epoch:789 | LR: 0.0000492 | Loss : 0.0012 | Val loss: 0.0015
2026-01-11 09:33:54.352040 | Epoch:790 | LR: 0.0000492 | Loss : 0.0010 | Val loss: 0.0010
2026-01-11 09:35:02.558186 | Epoch:791 | LR: 0.0000492 | Loss : 0.0010 | Val loss: 0.0010
2026-01-11 09:36:21.369247 | Epoch:792 | LR: 0.0000492 | Loss : 0.0010 | Val loss: 0.0012
2026-01-11 09:37:27.841129 | Epoch:793 | LR: 0.0000492 | Loss : 0.0010 | Val loss: 0.0025
2026-01-11 09:38:47.502125 | Epoch:794 | LR: 0.0000492 | Loss : 0.0010 | Val loss: 0.0010
2026-01-11 09:39:56.001835 | Epoch:795 | LR: 0.0000492 | Loss : 0.0010 | Val loss: 0.0017
2026-01-11 09:41:14.842152 | Epoch:796 | LR: 0.0000492 | Loss : 0.0059 | Val loss: 0.0013
2026-01-11 09:42:22.569776 | Epoch:797 | LR: 0.0000492 | Loss : 0.0010 | Val loss: 0.0010
2026-01-11 09:43:44.694609 | Epoch:798 | LR: 0.0000492 | Loss : 0.0010 | Val loss: 0.0010
2026-01-11 09:45:04.745155 | Epoch:799 | LR: 0.0000492 | Loss : 0.0009 | Val loss: 0.0010
2026-01-11 09:46:12.976570 | Epoch:800 | LR: 0.0000492 | Loss : 0.0009 | Val loss: 0.0009
2026-01-11 09:47:31.992342 | Epoch:801 | LR: 0.0000492 | Loss : 0.0010 | Val loss: 0.0010
2026-01-11 09:48:39.845677 | Epoch:802 | LR: 0.0000492 | Loss : 0.0010 | Val loss: 0.0011
2026-01-11 09:49:55.353647 | Epoch:803 | LR: 0.0000492 | Loss : 0.0009 | Val loss: 0.0010
2026-01-11 09:51:03.162558 | Epoch:804 | LR: 0.0000492 | Loss : 0.0009 | Val loss: 0.0010
2026-01-11 09:52:20.276129 | Epoch:805 | LR: 0.0000492 | Loss : 0.0010 | Val loss: 0.0010
2026-01-11 09:53:27.742449 | Epoch:806 | LR: 0.0000492 | Loss : 0.0010 | Val loss: 0.0010
2026-01-11 09:54:46.572751 | Epoch:807 | LR: 0.0000492 | Loss : 0.0009 | Val loss: 0.0010
2026-01-11 09:55:54.753427 | Epoch:808 | LR: 0.0000492 | Loss : 0.0010 | Val loss: 0.0010
2026-01-11 09:57:15.477794 | Epoch:809 | LR: 0.0000492 | Loss : 0.0009 | Val loss: 0.0009
2026-01-11 09:58:36.844110 | Epoch:810 | LR: 0.0000492 | Loss : 0.0010 | Val loss: 0.0011
2026-01-11 09:59:44.048972 | Epoch:811 | LR: 0.0000492 | Loss : 0.0010 | Val loss: 0.0011
2026-01-11 10:01:03.216161 | Epoch:812 | LR: 0.0000492 | Loss : 0.0010 | Val loss: 0.0010
2026-01-11 10:02:11.055488 | Epoch:813 | LR: 0.0000492 | Loss : 0.0009 | Val loss: 0.0011
2026-01-11 10:03:29.042061 | Epoch:814 | LR: 0.0000492 | Loss : 0.0010 | Val loss: 0.0015
2026-01-11 10:04:35.299089 | Epoch:815 | LR: 0.0000492 | Loss : 0.0011 | Val loss: 0.0010
2026-01-11 10:05:54.950587 | Epoch:816 | LR: 0.0000492 | Loss : 0.0010 | Val loss: 0.0011
2026-01-11 10:07:01.518282 | Epoch:817 | LR: 0.0000492 | Loss : 0.0010 | Val loss: 0.0011
2026-01-11 10:08:20.356004 | Epoch:818 | LR: 0.0000492 | Loss : 0.0010 | Val loss: 0.0010
2026-01-11 10:09:27.718628 | Epoch:819 | LR: 0.0000492 | Loss : 0.0010 | Val loss: 0.0010
2026-01-11 10:10:47.067314 | Epoch:820 | LR: 0.0000492 | Loss : 0.0009 | Val loss: 0.0012
2026-01-11 10:12:07.503096 | Epoch:821 | LR: 0.0000492 | Loss : 0.0011 | Val loss: 0.0011
2026-01-11 10:13:15.167859 | Epoch:822 | LR: 0.0000492 | Loss : 0.0010 | Val loss: 0.0010
2026-01-11 10:14:32.248808 | Epoch:823 | LR: 0.0000492 | Loss : 0.0010 | Val loss: 0.0010
2026-01-11 10:15:38.282001 | Epoch:824 | LR: 0.0000492 | Loss : 0.0010 | Val loss: 0.0011
2026-01-11 10:16:57.427438 | Epoch:825 | LR: 0.0000492 | Loss : 0.0010 | Val loss: 0.0013
2026-01-11 10:18:05.557769 | Epoch:826 | LR: 0.0000492 | Loss : 0.0011 | Val loss: 0.0011
2026-01-11 10:19:24.793902 | Epoch:827 | LR: 0.0000492 | Loss : 0.0010 | Val loss: 0.0009
2026-01-11 10:20:33.260709 | Epoch:828 | LR: 0.0000492 | Loss : 0.0010 | Val loss: 0.0010
2026-01-11 10:21:53.181700 | Epoch:829 | LR: 0.0000492 | Loss : 0.0009 | Val loss: 0.0011
2026-01-11 10:23:00.488140 | Epoch:830 | LR: 0.0000492 | Loss : 0.0009 | Val loss: 0.0009
2026-01-11 10:24:20.526323 | Epoch:831 | LR: 0.0000492 | Loss : 0.0009 | Val loss: 0.0010
2026-01-11 10:25:28.756389 | Epoch:832 | LR: 0.0000492 | Loss : 0.0010 | Val loss: 0.0010
2026-01-11 10:26:48.955107 | Epoch:833 | LR: 0.0000492 | Loss : 0.0010 | Val loss: 0.0010
2026-01-11 10:27:54.900012 | Epoch:834 | LR: 0.0000491 | Loss : 0.0010 | Val loss: 0.0012
2026-01-11 10:29:13.927678 | Epoch:835 | LR: 0.0000491 | Loss : 0.0010 | Val loss: 0.0011
2026-01-11 10:30:33.523256 | Epoch:836 | LR: 0.0000491 | Loss : 0.0010 | Val loss: 0.0010
2026-01-11 10:31:41.037931 | Epoch:837 | LR: 0.0000491 | Loss : 0.0010 | Val loss: 0.0011
2026-01-11 10:32:59.686381 | Epoch:838 | LR: 0.0000491 | Loss : 0.0009 | Val loss: 0.0009
2026-01-11 10:34:09.378943 | Epoch:839 | LR: 0.0000491 | Loss : 0.0040 | Val loss: 0.0019
2026-01-11 10:35:27.961949 | Epoch:840 | LR: 0.0000491 | Loss : 0.0011 | Val loss: 0.0010
2026-01-11 10:36:34.300685 | Epoch:841 | LR: 0.0000491 | Loss : 0.0009 | Val loss: 0.0010
2026-01-11 10:37:53.225736 | Epoch:842 | LR: 0.0000491 | Loss : 0.0010 | Val loss: 0.0017
2026-01-11 10:39:00.090860 | Epoch:843 | LR: 0.0000491 | Loss : 0.0010 | Val loss: 0.0010
2026-01-11 10:40:18.272254 | Epoch:844 | LR: 0.0000491 | Loss : 0.0009 | Val loss: 0.0010
2026-01-11 10:41:23.701513 | Epoch:845 | LR: 0.0000491 | Loss : 0.0009 | Val loss: 0.0009
2026-01-11 10:42:43.536683 | Epoch:846 | LR: 0.0000491 | Loss : 0.0009 | Val loss: 0.0010
2026-01-11 10:44:04.859616 | Epoch:847 | LR: 0.0000491 | Loss : 0.0009 | Val loss: 0.0010
2026-01-11 10:45:13.139451 | Epoch:848 | LR: 0.0000491 | Loss : 0.0009 | Val loss: 0.0009
2026-01-11 10:46:32.280475 | Epoch:849 | LR: 0.0000491 | Loss : 0.0009 | Val loss: 0.0010
2026-01-11 10:47:40.054924 | Epoch:850 | LR: 0.0000491 | Loss : 0.0009 | Val loss: 0.0010
2026-01-11 10:48:58.024811 | Epoch:851 | LR: 0.0000491 | Loss : 0.0009 | Val loss: 0.0010
2026-01-11 10:50:10.314639 | Epoch:852 | LR: 0.0000491 | Loss : 0.0009 | Val loss: 0.0010
2026-01-11 10:51:29.206118 | Epoch:853 | LR: 0.0000491 | Loss : 0.0017 | Val loss: 0.0012
2026-01-11 10:52:36.432868 | Epoch:854 | LR: 0.0000491 | Loss : 0.0009 | Val loss: 0.0009
2026-01-11 10:53:54.295574 | Epoch:855 | LR: 0.0000491 | Loss : 0.0009 | Val loss: 0.0010
2026-01-11 10:55:17.145949 | Epoch:856 | LR: 0.0000491 | Loss : 0.0009 | Val loss: 0.0010
2026-01-11 10:56:25.104292 | Epoch:857 | LR: 0.0000491 | Loss : 0.0009 | Val loss: 0.0010
2026-01-11 10:57:47.602683 | Epoch:858 | LR: 0.0000491 | Loss : 0.0010 | Val loss: 0.0009
2026-01-11 10:58:55.786021 | Epoch:859 | LR: 0.0000491 | Loss : 0.0011 | Val loss: 0.0010
2026-01-11 11:00:14.617376 | Epoch:860 | LR: 0.0000491 | Loss : 0.0011 | Val loss: 0.0011
2026-01-11 11:01:22.489632 | Epoch:861 | LR: 0.0000491 | Loss : 0.0011 | Val loss: 0.0009
2026-01-11 11:02:40.477256 | Epoch:862 | LR: 0.0000491 | Loss : 0.0010 | Val loss: 0.0009
2026-01-11 11:03:49.272543 | Epoch:863 | LR: 0.0000491 | Loss : 0.0009 | Val loss: 0.0010
2026-01-11 11:05:06.052776 | Epoch:864 | LR: 0.0000491 | Loss : 0.0010 | Val loss: 0.0009
2026-01-11 11:06:16.348390 | Epoch:865 | LR: 0.0000491 | Loss : 0.0009 | Val loss: 0.0010
2026-01-11 11:07:35.150131 | Epoch:866 | LR: 0.0000491 | Loss : 0.0010 | Val loss: 0.0009
2026-01-11 11:08:55.111940 | Epoch:867 | LR: 0.0000491 | Loss : 0.0009 | Val loss: 0.0015
2026-01-11 11:10:02.561508 | Epoch:868 | LR: 0.0000491 | Loss : 0.0009 | Val loss: 0.0011
2026-01-11 11:11:22.721018 | Epoch:869 | LR: 0.0000491 | Loss : 0.0009 | Val loss: 0.0009
2026-01-11 11:12:30.171676 | Epoch:870 | LR: 0.0000491 | Loss : 0.0010 | Val loss: 0.0010
2026-01-11 11:13:49.726647 | Epoch:871 | LR: 0.0000491 | Loss : 0.0010 | Val loss: 0.0011
2026-01-11 11:14:56.954280 | Epoch:872 | LR: 0.0000491 | Loss : 0.0010 | Val loss: 0.0010
2026-01-11 11:16:16.933177 | Epoch:873 | LR: 0.0000491 | Loss : 0.0009 | Val loss: 0.0011
2026-01-11 11:17:23.309218 | Epoch:874 | LR: 0.0000491 | Loss : 0.0009 | Val loss: 0.0009
2026-01-11 11:18:42.288067 | Epoch:875 | LR: 0.0000491 | Loss : 0.0009 | Val loss: 0.0009
2026-01-11 11:20:07.686781 | Epoch:876 | LR: 0.0000491 | Loss : 0.0009 | Val loss: 0.0010
2026-01-11 11:21:22.663900 | Epoch:877 | LR: 0.0000491 | Loss : 0.0010 | Val loss: 0.0017
2026-01-11 11:22:40.846120 | Epoch:878 | LR: 0.0000491 | Loss : 0.0063 | Val loss: 0.0014
2026-01-11 11:23:48.209781 | Epoch:879 | LR: 0.0000491 | Loss : 0.0010 | Val loss: 0.0010
2026-01-11 11:25:06.552125 | Epoch:880 | LR: 0.0000491 | Loss : 0.0010 | Val loss: 0.0010
2026-01-11 11:26:13.306240 | Epoch:881 | LR: 0.0000491 | Loss : 0.0009 | Val loss: 0.0011
2026-01-11 11:27:32.558337 | Epoch:882 | LR: 0.0000490 | Loss : 0.0010 | Val loss: 0.0009
2026-01-11 11:28:39.822079 | Epoch:883 | LR: 0.0000490 | Loss : 0.0009 | Val loss: 0.0020
2026-01-11 11:29:57.227426 | Epoch:884 | LR: 0.0000490 | Loss : 0.0011 | Val loss: 0.0009
2026-01-11 11:31:01.995579 | Epoch:885 | LR: 0.0000490 | Loss : 0.0009 | Val loss: 0.0009
2026-01-11 11:32:19.433261 | Epoch:886 | LR: 0.0000490 | Loss : 0.0009 | Val loss: 0.0010
2026-01-11 11:33:39.954929 | Epoch:887 | LR: 0.0000490 | Loss : 0.0009 | Val loss: 0.0009
2026-01-11 11:34:46.406517 | Epoch:888 | LR: 0.0000490 | Loss : 0.0009 | Val loss: 0.0009
2026-01-11 11:36:04.828481 | Epoch:889 | LR: 0.0000490 | Loss : 0.0009 | Val loss: 0.0010
2026-01-11 11:37:11.175272 | Epoch:890 | LR: 0.0000490 | Loss : 0.0009 | Val loss: 0.0010
2026-01-11 11:38:30.080686 | Epoch:891 | LR: 0.0000490 | Loss : 0.0009 | Val loss: 0.0011
2026-01-11 11:39:36.264674 | Epoch:892 | LR: 0.0000490 | Loss : 0.0009 | Val loss: 0.0010
2026-01-11 11:40:55.112088 | Epoch:893 | LR: 0.0000490 | Loss : 0.0009 | Val loss: 0.0010
2026-01-11 11:42:01.635848 | Epoch:894 | LR: 0.0000490 | Loss : 0.0010 | Val loss: 0.0014
2026-01-11 11:43:18.171298 | Epoch:895 | LR: 0.0000490 | Loss : 0.0010 | Val loss: 0.0011
2026-01-11 11:44:23.812254 | Epoch:896 | LR: 0.0000490 | Loss : 0.0009 | Val loss: 0.0017
2026-01-11 11:45:43.026995 | Epoch:897 | LR: 0.0000490 | Loss : 0.0012 | Val loss: 0.0009
2026-01-11 11:46:49.658035 | Epoch:898 | LR: 0.0000490 | Loss : 0.0009 | Val loss: 0.0011
2026-01-11 11:48:08.863387 | Epoch:899 | LR: 0.0000490 | Loss : 0.0009 | Val loss: 0.0009
2026-01-11 11:49:27.549459 | Epoch:900 | LR: 0.0000490 | Loss : 0.0010 | Val loss: 0.0014
2026-01-11 11:50:34.855640 | Epoch:901 | LR: 0.0000490 | Loss : 0.0009 | Val loss: 0.0009
2026-01-11 11:51:53.037066 | Epoch:902 | LR: 0.0000490 | Loss : 0.0009 | Val loss: 0.0012
2026-01-11 11:53:00.640916 | Epoch:903 | LR: 0.0000490 | Loss : 0.0009 | Val loss: 0.0010
2026-01-11 11:54:19.321198 | Epoch:904 | LR: 0.0000490 | Loss : 0.0010 | Val loss: 0.0011
2026-01-11 11:55:25.360260 | Epoch:905 | LR: 0.0000490 | Loss : 0.0010 | Val loss: 0.0010
2026-01-11 11:56:43.696688 | Epoch:906 | LR: 0.0000490 | Loss : 0.0009 | Val loss: 0.0009
2026-01-11 11:57:51.581520 | Epoch:907 | LR: 0.0000490 | Loss : 0.0009 | Val loss: 0.0010
2026-01-11 11:59:10.649228 | Epoch:908 | LR: 0.0000490 | Loss : 0.0009 | Val loss: 0.0011
2026-01-11 12:00:18.082372 | Epoch:909 | LR: 0.0000490 | Loss : 0.0010 | Val loss: 0.0018
2026-01-11 12:01:36.400731 | Epoch:910 | LR: 0.0000490 | Loss : 0.0023 | Val loss: 0.0012
2026-01-11 12:02:56.718697 | Epoch:911 | LR: 0.0000490 | Loss : 0.0009 | Val loss: 0.0009
2026-01-11 12:04:04.036149 | Epoch:912 | LR: 0.0000490 | Loss : 0.0009 | Val loss: 0.0009
2026-01-11 12:05:22.739387 | Epoch:913 | LR: 0.0000490 | Loss : 0.0009 | Val loss: 0.0009
2026-01-11 12:06:36.504741 | Epoch:914 | LR: 0.0000490 | Loss : 0.0009 | Val loss: 0.0010
2026-01-11 12:07:55.176735 | Epoch:915 | LR: 0.0000490 | Loss : 0.0009 | Val loss: 0.0009
2026-01-11 12:08:59.922521 | Epoch:916 | LR: 0.0000490 | Loss : 0.0009 | Val loss: 0.0010
2026-01-11 12:10:18.976287 | Epoch:917 | LR: 0.0000490 | Loss : 0.0012 | Val loss: 0.0047
2026-01-11 12:11:25.461753 | Epoch:918 | LR: 0.0000490 | Loss : 0.0030 | Val loss: 0.0017
2026-01-11 12:12:44.063830 | Epoch:919 | LR: 0.0000490 | Loss : 0.0013 | Val loss: 0.0011
2026-01-11 12:13:50.251181 | Epoch:920 | LR: 0.0000490 | Loss : 0.0011 | Val loss: 0.0011
2026-01-11 12:15:08.305023 | Epoch:921 | LR: 0.0000490 | Loss : 0.0010 | Val loss: 0.0010
2026-01-11 12:16:27.793947 | Epoch:922 | LR: 0.0000490 | Loss : 0.0009 | Val loss: 0.0010
2026-01-11 12:17:35.215537 | Epoch:923 | LR: 0.0000490 | Loss : 0.0009 | Val loss: 0.0010
2026-01-11 12:18:53.473479 | Epoch:924 | LR: 0.0000490 | Loss : 0.0009 | Val loss: 0.0010
2026-01-11 12:20:00.747427 | Epoch:925 | LR: 0.0000490 | Loss : 0.0009 | Val loss: 0.0010
2026-01-11 12:21:16.907818 | Epoch:926 | LR: 0.0000490 | Loss : 0.0009 | Val loss: 0.0010
2026-01-11 12:22:22.959800 | Epoch:927 | LR: 0.0000489 | Loss : 0.0009 | Val loss: 0.0009
2026-01-11 12:23:40.134855 | Epoch:928 | LR: 0.0000489 | Loss : 0.0009 | Val loss: 0.0010
2026-01-11 12:24:47.314668 | Epoch:929 | LR: 0.0000489 | Loss : 0.0009 | Val loss: 0.0010
2026-01-11 12:26:05.299875 | Epoch:930 | LR: 0.0000489 | Loss : 0.0010 | Val loss: 0.0040
2026-01-11 12:27:13.163190 | Epoch:931 | LR: 0.0000489 | Loss : 0.0348 | Val loss: 0.0045
2026-01-11 12:28:32.702675 | Epoch:932 | LR: 0.0000489 | Loss : 0.0029 | Val loss: 0.0020
2026-01-11 12:29:40.190119 | Epoch:933 | LR: 0.0000489 | Loss : 0.0016 | Val loss: 0.0017
2026-01-11 12:30:58.519385 | Epoch:934 | LR: 0.0000489 | Loss : 0.0013 | Val loss: 0.0013
2026-01-11 12:32:18.995519 | Epoch:935 | LR: 0.0000489 | Loss : 0.0012 | Val loss: 0.0012
2026-01-11 12:33:24.764413 | Epoch:936 | LR: 0.0000489 | Loss : 0.0011 | Val loss: 0.0012
2026-01-11 12:34:42.839329 | Epoch:937 | LR: 0.0000489 | Loss : 0.0011 | Val loss: 0.0011
2026-01-11 12:35:49.682445 | Epoch:938 | LR: 0.0000489 | Loss : 0.0011 | Val loss: 0.0013
2026-01-11 12:37:08.115202 | Epoch:939 | LR: 0.0000489 | Loss : 0.0010 | Val loss: 0.0010
2026-01-11 12:38:15.157832 | Epoch:940 | LR: 0.0000489 | Loss : 0.0009 | Val loss: 0.0010
2026-01-11 12:39:34.106332 | Epoch:941 | LR: 0.0000489 | Loss : 0.0009 | Val loss: 0.0011
2026-01-11 12:40:41.037866 | Epoch:942 | LR: 0.0000489 | Loss : 0.0010 | Val loss: 0.0012
2026-01-11 12:41:59.726963 | Epoch:943 | LR: 0.0000489 | Loss : 0.0010 | Val loss: 0.0012
2026-01-11 12:43:06.554377 | Epoch:944 | LR: 0.0000489 | Loss : 0.0009 | Val loss: 0.0010
2026-01-11 12:44:26.168447 | Epoch:945 | LR: 0.0000489 | Loss : 0.0010 | Val loss: 0.0011
2026-01-11 12:45:46.807949 | Epoch:946 | LR: 0.0000489 | Loss : 0.0010 | Val loss: 0.0019
2026-01-11 12:46:52.191076 | Epoch:947 | LR: 0.0000489 | Loss : 0.0010 | Val loss: 0.0010
2026-01-11 12:48:10.524740 | Epoch:948 | LR: 0.0000489 | Loss : 0.0010 | Val loss: 0.0011
2026-01-11 12:49:17.725770 | Epoch:949 | LR: 0.0000489 | Loss : 0.0010 | Val loss: 0.0010
2026-01-11 12:50:36.596106 | Epoch:950 | LR: 0.0000489 | Loss : 0.0009 | Val loss: 0.0009
2026-01-11 12:51:44.258986 | Epoch:951 | LR: 0.0000489 | Loss : 0.0010 | Val loss: 0.0010
2026-01-11 12:53:02.894651 | Epoch:952 | LR: 0.0000489 | Loss : 0.0009 | Val loss: 0.0009
2026-01-11 12:54:11.204323 | Epoch:953 | LR: 0.0000489 | Loss : 0.0009 | Val loss: 0.0009
2026-01-11 12:55:30.134750 | Epoch:954 | LR: 0.0000489 | Loss : 0.0010 | Val loss: 0.0013
2026-01-11 12:56:37.412352 | Epoch:955 | LR: 0.0000489 | Loss : 0.0010 | Val loss: 0.0010
2026-01-11 12:57:55.740775 | Epoch:956 | LR: 0.0000489 | Loss : 0.0009 | Val loss: 0.0011
2026-01-11 12:59:01.732177 | Epoch:957 | LR: 0.0000489 | Loss : 0.0011 | Val loss: 0.0011
2026-01-11 13:00:20.346000 | Epoch:958 | LR: 0.0000489 | Loss : 0.0010 | Val loss: 0.0010
2026-01-11 13:01:40.462441 | Epoch:959 | LR: 0.0000489 | Loss : 0.0008 | Val loss: 0.0010
2026-01-11 13:02:47.811693 | Epoch:960 | LR: 0.0000489 | Loss : 0.0010 | Val loss: 0.0010
2026-01-11 13:04:07.842382 | Epoch:961 | LR: 0.0000489 | Loss : 0.0010 | Val loss: 0.0010
2026-01-11 13:05:14.999745 | Epoch:962 | LR: 0.0000489 | Loss : 0.0009 | Val loss: 0.0009
2026-01-11 13:06:34.931343 | Epoch:963 | LR: 0.0000489 | Loss : 0.0009 | Val loss: 0.0010
2026-01-11 13:07:42.146977 | Epoch:964 | LR: 0.0000489 | Loss : 0.0009 | Val loss: 0.0009
2026-01-11 13:09:01.065888 | Epoch:965 | LR: 0.0000489 | Loss : 0.0009 | Val loss: 0.0010
2026-01-11 13:10:07.747560 | Epoch:966 | LR: 0.0000489 | Loss : 0.0009 | Val loss: 0.0010
2026-01-11 13:11:26.014291 | Epoch:967 | LR: 0.0000489 | Loss : 0.0009 | Val loss: 0.0011
2026-01-11 13:12:32.166511 | Epoch:968 | LR: 0.0000489 | Loss : 0.0009 | Val loss: 0.0010
2026-01-11 13:13:52.001874 | Epoch:969 | LR: 0.0000489 | Loss : 0.0009 | Val loss: 0.0009
2026-01-11 13:15:11.811743 | Epoch:970 | LR: 0.0000489 | Loss : 0.0009 | Val loss: 0.0013
2026-01-11 13:16:19.305091 | Epoch:971 | LR: 0.0000488 | Loss : 0.0010 | Val loss: 0.0010
2026-01-11 13:17:37.856690 | Epoch:972 | LR: 0.0000488 | Loss : 0.0009 | Val loss: 0.0009
2026-01-11 13:18:45.751314 | Epoch:973 | LR: 0.0000488 | Loss : 0.0009 | Val loss: 0.0011
2026-01-11 13:20:05.006977 | Epoch:974 | LR: 0.0000488 | Loss : 0.0009 | Val loss: 0.0010
2026-01-11 13:21:13.327000 | Epoch:975 | LR: 0.0000488 | Loss : 0.0010 | Val loss: 0.0010
2026-01-11 13:22:32.867155 | Epoch:976 | LR: 0.0000488 | Loss : 0.0010 | Val loss: 0.0010
2026-01-11 13:23:40.040737 | Epoch:977 | LR: 0.0000488 | Loss : 0.0010 | Val loss: 0.0014
2026-01-11 13:24:57.962292 | Epoch:978 | LR: 0.0000488 | Loss : 0.0009 | Val loss: 0.0010
2026-01-11 13:26:06.392765 | Epoch:979 | LR: 0.0000488 | Loss : 0.0009 | Val loss: 0.0010
2026-01-11 13:27:25.327015 | Epoch:980 | LR: 0.0000488 | Loss : 0.0012 | Val loss: 0.0012
2026-01-11 13:28:44.957298 | Epoch:981 | LR: 0.0000488 | Loss : 0.0009 | Val loss: 0.0010
2026-01-11 13:29:52.996690 | Epoch:982 | LR: 0.0000488 | Loss : 0.0009 | Val loss: 0.0010
2026-01-11 13:31:10.863180 | Epoch:983 | LR: 0.0000488 | Loss : 0.0009 | Val loss: 0.0029
2026-01-11 13:32:19.027837 | Epoch:984 | LR: 0.0000488 | Loss : 0.0046 | Val loss: 0.0013
2026-01-11 13:33:37.629829 | Epoch:985 | LR: 0.0000488 | Loss : 0.0010 | Val loss: 0.0010
2026-01-11 13:34:44.929683 | Epoch:986 | LR: 0.0000488 | Loss : 0.0009 | Val loss: 0.0014
2026-01-11 13:36:02.612532 | Epoch:987 | LR: 0.0000488 | Loss : 0.0010 | Val loss: 0.0009
2026-01-11 13:37:08.673002 | Epoch:988 | LR: 0.0000488 | Loss : 0.0009 | Val loss: 0.0011
2026-01-11 13:38:27.198080 | Epoch:989 | LR: 0.0000488 | Loss : 0.0010 | Val loss: 0.0014
2026-01-11 13:39:34.819496 | Epoch:990 | LR: 0.0000488 | Loss : 0.0009 | Val loss: 0.0009
2026-01-11 13:40:53.357531 | Epoch:991 | LR: 0.0000488 | Loss : 0.0009 | Val loss: 0.0010
2026-01-11 13:42:13.599273 | Epoch:992 | LR: 0.0000488 | Loss : 0.0009 | Val loss: 0.0012
2026-01-11 13:43:21.126699 | Epoch:993 | LR: 0.0000488 | Loss : 0.0009 | Val loss: 0.0018
2026-01-11 13:44:40.866626 | Epoch:994 | LR: 0.0000488 | Loss : 0.0013 | Val loss: 0.0009
2026-01-11 13:45:48.444948 | Epoch:995 | LR: 0.0000488 | Loss : 0.0009 | Val loss: 0.0010
2026-01-11 13:47:07.398997 | Epoch:996 | LR: 0.0000488 | Loss : 0.0009 | Val loss: 0.0009
2026-01-11 13:48:14.787353 | Epoch:997 | LR: 0.0000488 | Loss : 0.0009 | Val loss: 0.0011
2026-01-11 13:49:32.262134 | Epoch:998 | LR: 0.0000488 | Loss : 0.0009 | Val loss: 0.0009
2026-01-11 13:50:40.325460 | Epoch:999 | LR: 0.0000488 | Loss : 0.0009 | Val loss: 0.0009
2026-01-11 13:51:59.769389 | Epoch:1000 | LR: 0.0000488 | Loss : 0.0009 | Val loss: 0.0013
2026-01-11 13:53:07.659362 | Epoch:1001 | LR: 0.0000488 | Loss : 0.0010 | Val loss: 0.0010
2026-01-11 13:54:26.813838 | Epoch:1002 | LR: 0.0000488 | Loss : 0.0009 | Val loss: 0.0011
2026-01-11 13:55:46.329836 | Epoch:1003 | LR: 0.0000488 | Loss : 0.0009 | Val loss: 0.0012
2026-01-11 13:56:55.027312 | Epoch:1004 | LR: 0.0000488 | Loss : 0.0009 | Val loss: 0.0023
2026-01-11 13:58:14.877580 | Epoch:1005 | LR: 0.0000488 | Loss : 0.0011 | Val loss: 0.0009
2026-01-11 13:59:23.762464 | Epoch:1006 | LR: 0.0000488 | Loss : 0.0009 | Val loss: 0.0012
2026-01-11 14:00:43.453356 | Epoch:1007 | LR: 0.0000488 | Loss : 0.0009 | Val loss: 0.0010
2026-01-11 14:01:50.534458 | Epoch:1008 | LR: 0.0000488 | Loss : 0.0009 | Val loss: 0.0010
2026-01-11 14:03:08.800069 | Epoch:1009 | LR: 0.0000488 | Loss : 0.0013 | Val loss: 0.0015
2026-01-11 14:04:17.435609 | Epoch:1010 | LR: 0.0000488 | Loss : 0.0010 | Val loss: 0.0010
2026-01-11 14:05:37.031138 | Epoch:1011 | LR: 0.0000488 | Loss : 0.0009 | Val loss: 0.0010
2026-01-11 14:06:46.169230 | Epoch:1012 | LR: 0.0000487 | Loss : 0.0009 | Val loss: 0.0009
2026-01-11 14:08:05.033195 | Epoch:1013 | LR: 0.0000487 | Loss : 0.0009 | Val loss: 0.0010
2026-01-11 14:09:25.014334 | Epoch:1014 | LR: 0.0000487 | Loss : 0.0009 | Val loss: 0.0009
2026-01-11 14:10:33.502880 | Epoch:1015 | LR: 0.0000487 | Loss : 0.0009 | Val loss: 0.0011
2026-01-11 14:11:53.132290 | Epoch:1016 | LR: 0.0000487 | Loss : 0.0009 | Val loss: 0.0010
2026-01-11 14:13:01.039398 | Epoch:1017 | LR: 0.0000487 | Loss : 0.0009 | Val loss: 0.0010
2026-01-11 14:14:20.228250 | Epoch:1018 | LR: 0.0000487 | Loss : 0.0009 | Val loss: 0.0012
2026-01-11 14:15:27.490471 | Epoch:1019 | LR: 0.0000487 | Loss : 0.0009 | Val loss: 0.0010
2026-01-11 14:16:47.448285 | Epoch:1020 | LR: 0.0000487 | Loss : 0.0009 | Val loss: 0.0011
2026-01-11 14:17:56.200219 | Epoch:1021 | LR: 0.0000487 | Loss : 0.0009 | Val loss: 0.0011
2026-01-11 14:19:15.786990 | Epoch:1022 | LR: 0.0000487 | Loss : 0.0009 | Val loss: 0.0010
2026-01-11 14:20:35.730723 | Epoch:1023 | LR: 0.0000487 | Loss : 0.0009 | Val loss: 0.0011
2026-01-11 14:21:43.731609 | Epoch:1024 | LR: 0.0000487 | Loss : 0.0092 | Val loss: 0.0018
2026-01-11 14:23:02.461760 | Epoch:1025 | LR: 0.0000487 | Loss : 0.0013 | Val loss: 0.0011
2026-01-11 14:24:10.677851 | Epoch:1026 | LR: 0.0000487 | Loss : 0.0010 | Val loss: 0.0011
2026-01-11 14:25:29.705515 | Epoch:1027 | LR: 0.0000487 | Loss : 0.0009 | Val loss: 0.0009
2026-01-11 14:26:45.480460 | Epoch:1028 | LR: 0.0000487 | Loss : 0.0009 | Val loss: 0.0009
2026-01-11 14:28:02.138492 | Epoch:1029 | LR: 0.0000487 | Loss : 0.0009 | Val loss: 0.0008
2026-01-11 14:29:13.465557 | Epoch:1030 | LR: 0.0000487 | Loss : 0.0009 | Val loss: 0.0010
2026-01-11 14:30:34.993565 | Epoch:1031 | LR: 0.0000487 | Loss : 0.0009 | Val loss: 0.0008
2026-01-11 14:31:56.503907 | Epoch:1032 | LR: 0.0000487 | Loss : 0.0008 | Val loss: 0.0008
2026-01-11 14:33:06.503158 | Epoch:1033 | LR: 0.0000487 | Loss : 0.0008 | Val loss: 0.0008
2026-01-11 14:34:26.735275 | Epoch:1034 | LR: 0.0000487 | Loss : 0.0008 | Val loss: 0.0010
2026-01-11 14:35:33.671567 | Epoch:1035 | LR: 0.0000487 | Loss : 0.0009 | Val loss: 0.0009
2026-01-11 14:36:52.457426 | Epoch:1036 | LR: 0.0000487 | Loss : 0.0008 | Val loss: 0.0009
2026-01-11 14:37:59.528871 | Epoch:1037 | LR: 0.0000487 | Loss : 0.0009 | Val loss: 0.0009
2026-01-11 14:39:17.500295 | Epoch:1038 | LR: 0.0000487 | Loss : 0.0009 | Val loss: 0.0012
2026-01-11 14:40:23.023214 | Epoch:1039 | LR: 0.0000487 | Loss : 0.0008 | Val loss: 0.0009
2026-01-11 14:41:42.167649 | Epoch:1040 | LR: 0.0000487 | Loss : 0.0008 | Val loss: 0.0010
2026-01-11 14:43:03.517700 | Epoch:1041 | LR: 0.0000487 | Loss : 0.0009 | Val loss: 0.0009
2026-01-11 14:44:11.527638 | Epoch:1042 | LR: 0.0000487 | Loss : 0.0008 | Val loss: 0.0010
2026-01-11 14:45:30.023785 | Epoch:1043 | LR: 0.0000487 | Loss : 0.0009 | Val loss: 0.0009
2026-01-11 14:46:38.139927 | Epoch:1044 | LR: 0.0000487 | Loss : 0.0009 | Val loss: 0.0009
2026-01-11 14:47:56.535131 | Epoch:1045 | LR: 0.0000487 | Loss : 0.0008 | Val loss: 0.0009
2026-01-11 14:49:04.219243 | Epoch:1046 | LR: 0.0000487 | Loss : 0.0009 | Val loss: 0.0012
2026-01-11 14:50:22.845600 | Epoch:1047 | LR: 0.0000487 | Loss : 0.0008 | Val loss: 0.0009
2026-01-11 14:51:30.125618 | Epoch:1048 | LR: 0.0000487 | Loss : 0.0009 | Val loss: 0.0019
2026-01-11 14:52:47.139197 | Epoch:1049 | LR: 0.0000487 | Loss : 0.0009 | Val loss: 0.0010
2026-01-11 14:53:55.559184 | Epoch:1050 | LR: 0.0000487 | Loss : 0.0010 | Val loss: 0.0014
2026-01-11 14:55:14.217372 | Epoch:1051 | LR: 0.0000487 | Loss : 0.0008 | Val loss: 0.0010
2026-01-11 14:56:29.146572 | Epoch:1052 | LR: 0.0000486 | Loss : 0.0008 | Val loss: 0.0010
2026-01-11 14:57:42.517938 | Epoch:1053 | LR: 0.0000486 | Loss : 0.0008 | Val loss: 0.0010
2026-01-11 14:59:02.013738 | Epoch:1054 | LR: 0.0000486 | Loss : 0.0008 | Val loss: 0.0011
2026-01-11 15:00:09.648111 | Epoch:1055 | LR: 0.0000486 | Loss : 0.0008 | Val loss: 0.0009
2026-01-11 15:01:29.543995 | Epoch:1056 | LR: 0.0000486 | Loss : 0.0008 | Val loss: 0.0010
2026-01-11 15:02:37.245381 | Epoch:1057 | LR: 0.0000486 | Loss : 0.0009 | Val loss: 0.0009
2026-01-11 15:03:56.449756 | Epoch:1058 | LR: 0.0000486 | Loss : 0.0009 | Val loss: 0.0011
2026-01-11 15:05:02.454014 | Epoch:1059 | LR: 0.0000486 | Loss : 0.0009 | Val loss: 0.0011
2026-01-11 15:06:22.567277 | Epoch:1060 | LR: 0.0000486 | Loss : 0.0009 | Val loss: 0.0009
2026-01-11 15:07:30.614424 | Epoch:1061 | LR: 0.0000486 | Loss : 0.0009 | Val loss: 0.0023
2026-01-11 15:08:49.317756 | Epoch:1062 | LR: 0.0000486 | Loss : 0.0033 | Val loss: 0.0010
2026-01-11 15:10:10.438888 | Epoch:1063 | LR: 0.0000486 | Loss : 0.0009 | Val loss: 0.0008
2026-01-11 15:11:21.153704 | Epoch:1064 | LR: 0.0000486 | Loss : 0.0008 | Val loss: 0.0008
2026-01-11 15:12:41.230612 | Epoch:1065 | LR: 0.0000486 | Loss : 0.0008 | Val loss: 0.0010
2026-01-11 15:13:48.404101 | Epoch:1066 | LR: 0.0000486 | Loss : 0.0008 | Val loss: 0.0008
2026-01-11 15:15:07.740504 | Epoch:1067 | LR: 0.0000486 | Loss : 0.0008 | Val loss: 0.0010
2026-01-11 15:16:14.776798 | Epoch:1068 | LR: 0.0000486 | Loss : 0.0009 | Val loss: 0.0010
2026-01-11 15:17:32.919393 | Epoch:1069 | LR: 0.0000486 | Loss : 0.0008 | Val loss: 0.0009
2026-01-11 15:18:39.922149 | Epoch:1070 | LR: 0.0000486 | Loss : 0.0008 | Val loss: 0.0009
2026-01-11 15:19:59.088744 | Epoch:1071 | LR: 0.0000486 | Loss : 0.0008 | Val loss: 0.0019
2026-01-11 15:21:06.388905 | Epoch:1072 | LR: 0.0000486 | Loss : 0.0010 | Val loss: 0.0009
2026-01-11 15:22:24.629236 | Epoch:1073 | LR: 0.0000486 | Loss : 0.0008 | Val loss: 0.0009
2026-01-11 15:23:43.991769 | Epoch:1074 | LR: 0.0000486 | Loss : 0.0008 | Val loss: 0.0009
2026-01-11 15:24:52.354194 | Epoch:1075 | LR: 0.0000486 | Loss : 0.0009 | Val loss: 0.0013
2026-01-11 15:26:09.584206 | Epoch:1076 | LR: 0.0000486 | Loss : 0.0009 | Val loss: 0.0009
2026-01-11 15:27:16.921515 | Epoch:1077 | LR: 0.0000486 | Loss : 0.0008 | Val loss: 0.0009
2026-01-11 15:28:33.554403 | Epoch:1078 | LR: 0.0000486 | Loss : 0.0009 | Val loss: 0.0009
2026-01-11 15:29:40.543980 | Epoch:1079 | LR: 0.0000486 | Loss : 0.0008 | Val loss: 0.0009
2026-01-11 15:30:59.351799 | Epoch:1080 | LR: 0.0000486 | Loss : 0.0009 | Val loss: 0.0027
2026-01-11 15:32:07.593514 | Epoch:1081 | LR: 0.0000486 | Loss : 0.0017 | Val loss: 0.0011
2026-01-11 15:33:25.372536 | Epoch:1082 | LR: 0.0000486 | Loss : 0.0008 | Val loss: 0.0013
2026-01-11 15:34:32.642956 | Epoch:1083 | LR: 0.0000486 | Loss : 0.0011 | Val loss: 0.0009
2026-01-11 15:35:51.292251 | Epoch:1084 | LR: 0.0000486 | Loss : 0.0008 | Val loss: 0.0009
2026-01-11 15:37:11.654724 | Epoch:1085 | LR: 0.0000486 | Loss : 0.0008 | Val loss: 0.0010
2026-01-11 15:38:19.578387 | Epoch:1086 | LR: 0.0000486 | Loss : 0.0008 | Val loss: 0.0009
2026-01-11 15:39:38.225298 | Epoch:1087 | LR: 0.0000486 | Loss : 0.0008 | Val loss: 0.0010
2026-01-11 15:40:45.131914 | Epoch:1088 | LR: 0.0000486 | Loss : 0.0008 | Val loss: 0.0009
2026-01-11 15:42:01.756970 | Epoch:1089 | LR: 0.0000486 | Loss : 0.0009 | Val loss: 0.0009
2026-01-11 15:43:09.565784 | Epoch:1090 | LR: 0.0000486 | Loss : 0.0008 | Val loss: 0.0008
2026-01-11 15:44:27.939034 | Epoch:1091 | LR: 0.0000485 | Loss : 0.0008 | Val loss: 0.0009
2026-01-11 15:45:35.371097 | Epoch:1092 | LR: 0.0000485 | Loss : 0.0008 | Val loss: 0.0010
2026-01-11 15:46:54.717116 | Epoch:1093 | LR: 0.0000485 | Loss : 0.0011 | Val loss: 0.0009
2026-01-11 15:48:02.191432 | Epoch:1094 | LR: 0.0000485 | Loss : 0.0009 | Val loss: 0.0009
2026-01-11 15:49:22.223966 | Epoch:1095 | LR: 0.0000485 | Loss : 0.0008 | Val loss: 0.0008
2026-01-11 15:50:41.851831 | Epoch:1096 | LR: 0.0000485 | Loss : 0.0008 | Val loss: 0.0009
2026-01-11 15:51:49.817475 | Epoch:1097 | LR: 0.0000485 | Loss : 0.0009 | Val loss: 0.0010
2026-01-11 15:53:07.881974 | Epoch:1098 | LR: 0.0000485 | Loss : 0.0009 | Val loss: 0.0009
2026-01-11 15:54:13.905118 | Epoch:1099 | LR: 0.0000485 | Loss : 0.0008 | Val loss: 0.0008
2026-01-11 15:55:32.317538 | Epoch:1100 | LR: 0.0000485 | Loss : 0.0008 | Val loss: 0.0009
2026-01-11 15:56:40.149130 | Epoch:1101 | LR: 0.0000485 | Loss : 0.0008 | Val loss: 0.0009
2026-01-11 15:57:59.070878 | Epoch:1102 | LR: 0.0000485 | Loss : 0.0009 | Val loss: 0.0009
2026-01-11 15:59:06.899026 | Epoch:1103 | LR: 0.0000485 | Loss : 0.0008 | Val loss: 0.0008
2026-01-11 16:00:24.986576 | Epoch:1104 | LR: 0.0000485 | Loss : 0.0009 | Val loss: 0.0008
2026-01-11 16:01:32.771978 | Epoch:1105 | LR: 0.0000485 | Loss : 0.0008 | Val loss: 0.0009
2026-01-11 16:02:50.563886 | Epoch:1106 | LR: 0.0000485 | Loss : 0.0009 | Val loss: 0.0009
2026-01-11 16:04:11.158810 | Epoch:1107 | LR: 0.0000485 | Loss : 0.0008 | Val loss: 0.0009
2026-01-11 16:05:17.652368 | Epoch:1108 | LR: 0.0000485 | Loss : 0.0063 | Val loss: 0.0014
2026-01-11 16:06:34.314785 | Epoch:1109 | LR: 0.0000485 | Loss : 0.0010 | Val loss: 0.0011
2026-01-11 16:07:40.948855 | Epoch:1110 | LR: 0.0000485 | Loss : 0.0008 | Val loss: 0.0009
2026-01-11 16:09:00.130511 | Epoch:1111 | LR: 0.0000485 | Loss : 0.0008 | Val loss: 0.0008
2026-01-11 16:10:07.164194 | Epoch:1112 | LR: 0.0000485 | Loss : 0.0009 | Val loss: 0.0009
2026-01-11 16:11:24.886256 | Epoch:1113 | LR: 0.0000485 | Loss : 0.0008 | Val loss: 0.0008
2026-01-11 16:12:31.586592 | Epoch:1114 | LR: 0.0000485 | Loss : 0.0007 | Val loss: 0.0008
2026-01-11 16:13:49.268010 | Epoch:1115 | LR: 0.0000485 | Loss : 0.0008 | Val loss: 0.0010
2026-01-11 16:14:55.728572 | Epoch:1116 | LR: 0.0000485 | Loss : 0.0009 | Val loss: 0.0009
2026-01-11 16:16:13.123380 | Epoch:1117 | LR: 0.0000485 | Loss : 0.0008 | Val loss: 0.0008
2026-01-11 16:17:22.836509 | Epoch:1118 | LR: 0.0000485 | Loss : 0.0008 | Val loss: 0.0009
2026-01-11 16:18:42.241350 | Epoch:1119 | LR: 0.0000485 | Loss : 0.0008 | Val loss: 0.0009
2026-01-11 16:20:03.120278 | Epoch:1120 | LR: 0.0000485 | Loss : 0.0008 | Val loss: 0.0008
2026-01-11 16:21:13.239844 | Epoch:1121 | LR: 0.0000485 | Loss : 0.0008 | Val loss: 0.0013
2026-01-11 16:22:33.902974 | Epoch:1122 | LR: 0.0000485 | Loss : 0.0009 | Val loss: 0.0008
2026-01-11 16:23:44.185263 | Epoch:1123 | LR: 0.0000485 | Loss : 0.0008 | Val loss: 0.0008
2026-01-11 16:25:05.105537 | Epoch:1124 | LR: 0.0000485 | Loss : 0.0008 | Val loss: 0.0009
2026-01-11 16:26:16.088644 | Epoch:1125 | LR: 0.0000485 | Loss : 0.0008 | Val loss: 0.0009
2026-01-11 16:27:36.036163 | Epoch:1126 | LR: 0.0000485 | Loss : 0.0008 | Val loss: 0.0009
2026-01-11 16:28:58.723980 | Epoch:1127 | LR: 0.0000485 | Loss : 0.0008 | Val loss: 0.0008
2026-01-11 16:30:07.942321 | Epoch:1128 | LR: 0.0000484 | Loss : 0.0008 | Val loss: 0.0009
2026-01-11 16:31:28.004972 | Epoch:1129 | LR: 0.0000484 | Loss : 0.0008 | Val loss: 0.0008
2026-01-11 16:32:38.150912 | Epoch:1130 | LR: 0.0000484 | Loss : 0.0008 | Val loss: 0.0009
2026-01-11 16:33:59.952465 | Epoch:1131 | LR: 0.0000484 | Loss : 0.0009 | Val loss: 0.0008
2026-01-11 16:35:09.892554 | Epoch:1132 | LR: 0.0000484 | Loss : 0.0008 | Val loss: 0.0009
2026-01-11 16:36:31.466987 | Epoch:1133 | LR: 0.0000484 | Loss : 0.0008 | Val loss: 0.0009
2026-01-11 16:37:41.659720 | Epoch:1134 | LR: 0.0000484 | Loss : 0.0009 | Val loss: 0.0010
2026-01-11 16:39:03.253882 | Epoch:1135 | LR: 0.0000484 | Loss : 0.0009 | Val loss: 0.0009
2026-01-11 16:40:24.000188 | Epoch:1136 | LR: 0.0000484 | Loss : 0.0008 | Val loss: 0.0008
2026-01-11 16:41:34.867363 | Epoch:1137 | LR: 0.0000484 | Loss : 0.0008 | Val loss: 0.0008
2026-01-11 16:42:55.133740 | Epoch:1138 | LR: 0.0000484 | Loss : 0.0017 | Val loss: 0.0009
2026-01-11 16:44:05.509394 | Epoch:1139 | LR: 0.0000484 | Loss : 0.0009 | Val loss: 0.0008
2026-01-11 16:45:27.388421 | Epoch:1140 | LR: 0.0000484 | Loss : 0.0007 | Val loss: 0.0008
2026-01-11 16:46:37.587153 | Epoch:1141 | LR: 0.0000484 | Loss : 0.0007 | Val loss: 0.0009
2026-01-11 16:47:59.406930 | Epoch:1142 | LR: 0.0000484 | Loss : 0.0007 | Val loss: 0.0009
2026-01-11 16:49:20.716798 | Epoch:1143 | LR: 0.0000484 | Loss : 0.0008 | Val loss: 0.0009
2026-01-11 16:50:32.075848 | Epoch:1144 | LR: 0.0000484 | Loss : 0.0007 | Val loss: 0.0008
2026-01-11 16:51:53.630214 | Epoch:1145 | LR: 0.0000484 | Loss : 0.0008 | Val loss: 0.0008
2026-01-11 16:53:05.614777 | Epoch:1146 | LR: 0.0000484 | Loss : 0.0009 | Val loss: 0.0010
2026-01-11 16:54:26.567573 | Epoch:1147 | LR: 0.0000484 | Loss : 0.0008 | Val loss: 0.0008
2026-01-11 16:55:35.078643 | Epoch:1148 | LR: 0.0000484 | Loss : 0.0008 | Val loss: 0.0011
2026-01-11 16:56:57.369917 | Epoch:1149 | LR: 0.0000484 | Loss : 0.0009 | Val loss: 0.0010
2026-01-11 16:58:18.947745 | Epoch:1150 | LR: 0.0000484 | Loss : 0.0008 | Val loss: 0.0008
2026-01-11 16:59:29.988506 | Epoch:1151 | LR: 0.0000484 | Loss : 0.0008 | Val loss: 0.0009
2026-01-11 17:00:51.185011 | Epoch:1152 | LR: 0.0000484 | Loss : 0.0008 | Val loss: 0.0008
2026-01-11 17:02:02.475688 | Epoch:1153 | LR: 0.0000484 | Loss : 0.0008 | Val loss: 0.0009
2026-01-11 17:03:23.514346 | Epoch:1154 | LR: 0.0000484 | Loss : 0.0008 | Val loss: 0.0010
2026-01-11 17:04:35.209454 | Epoch:1155 | LR: 0.0000484 | Loss : 0.0009 | Val loss: 0.0009
2026-01-11 17:05:56.209182 | Epoch:1156 | LR: 0.0000484 | Loss : 0.0008 | Val loss: 0.0015
2026-01-11 17:07:17.802249 | Epoch:1157 | LR: 0.0000484 | Loss : 0.0010 | Val loss: 0.0010
2026-01-11 17:08:27.485421 | Epoch:1158 | LR: 0.0000484 | Loss : 0.0008 | Val loss: 0.0026
2026-01-11 17:09:49.882132 | Epoch:1159 | LR: 0.0000484 | Loss : 0.0052 | Val loss: 0.0010
2026-01-11 17:10:59.263908 | Epoch:1160 | LR: 0.0000484 | Loss : 0.0009 | Val loss: 0.0010
2026-01-11 17:12:21.019543 | Epoch:1161 | LR: 0.0000484 | Loss : 0.0008 | Val loss: 0.0010
2026-01-11 17:13:31.196583 | Epoch:1162 | LR: 0.0000484 | Loss : 0.0008 | Val loss: 0.0008
2026-01-11 17:14:52.258894 | Epoch:1163 | LR: 0.0000484 | Loss : 0.0008 | Val loss: 0.0009
2026-01-11 17:16:15.495211 | Epoch:1164 | LR: 0.0000484 | Loss : 0.0008 | Val loss: 0.0008
2026-01-11 17:17:25.761442 | Epoch:1165 | LR: 0.0000483 | Loss : 0.0008 | Val loss: 0.0008
2026-01-11 17:18:48.565553 | Epoch:1166 | LR: 0.0000483 | Loss : 0.0007 | Val loss: 0.0008
2026-01-11 17:20:03.866751 | Epoch:1167 | LR: 0.0000483 | Loss : 0.0007 | Val loss: 0.0009
2026-01-11 17:21:21.819648 | Epoch:1168 | LR: 0.0000483 | Loss : 0.0008 | Val loss: 0.0009
2026-01-11 17:22:28.832506 | Epoch:1169 | LR: 0.0000483 | Loss : 0.0007 | Val loss: 0.0009
2026-01-11 17:23:48.197926 | Epoch:1170 | LR: 0.0000483 | Loss : 0.0008 | Val loss: 0.0008
2026-01-11 17:24:55.139200 | Epoch:1171 | LR: 0.0000483 | Loss : 0.0007 | Val loss: 0.0009
2026-01-11 17:26:14.008817 | Epoch:1172 | LR: 0.0000483 | Loss : 0.0008 | Val loss: 0.0008
2026-01-11 17:27:33.743128 | Epoch:1173 | LR: 0.0000483 | Loss : 0.0008 | Val loss: 0.0008
2026-01-11 17:28:41.769960 | Epoch:1174 | LR: 0.0000483 | Loss : 0.0008 | Val loss: 0.0009
2026-01-11 17:30:00.482201 | Epoch:1175 | LR: 0.0000483 | Loss : 0.0008 | Val loss: 0.0009
2026-01-11 17:31:08.616418 | Epoch:1176 | LR: 0.0000483 | Loss : 0.0008 | Val loss: 0.0009
2026-01-11 17:32:25.252205 | Epoch:1177 | LR: 0.0000483 | Loss : 0.0009 | Val loss: 0.0017
2026-01-11 17:33:31.645385 | Epoch:1178 | LR: 0.0000483 | Loss : 0.0011 | Val loss: 0.0008
2026-01-11 17:34:49.614943 | Epoch:1179 | LR: 0.0000483 | Loss : 0.0008 | Val loss: 0.0008
2026-01-11 17:35:57.141597 | Epoch:1180 | LR: 0.0000483 | Loss : 0.0008 | Val loss: 0.0008
2026-01-11 17:37:15.932846 | Epoch:1181 | LR: 0.0000483 | Loss : 0.0008 | Val loss: 0.0009
2026-01-11 17:38:23.311278 | Epoch:1182 | LR: 0.0000483 | Loss : 0.0008 | Val loss: 0.0009
2026-01-11 17:39:41.886941 | Epoch:1183 | LR: 0.0000483 | Loss : 0.0008 | Val loss: 0.0009
2026-01-11 17:41:01.991496 | Epoch:1184 | LR: 0.0000483 | Loss : 0.0007 | Val loss: 0.0009
2026-01-11 17:42:09.082003 | Epoch:1185 | LR: 0.0000483 | Loss : 0.0007 | Val loss: 0.0008
2026-01-11 17:43:27.466992 | Epoch:1186 | LR: 0.0000483 | Loss : 0.0009 | Val loss: 0.0008
2026-01-11 17:44:33.839299 | Epoch:1187 | LR: 0.0000483 | Loss : 0.0030 | Val loss: 0.0021
2026-01-11 17:45:52.740916 | Epoch:1188 | LR: 0.0000483 | Loss : 0.0009 | Val loss: 0.0008
2026-01-11 17:47:00.528351 | Epoch:1189 | LR: 0.0000483 | Loss : 0.0008 | Val loss: 0.0008
2026-01-11 17:48:18.774017 | Epoch:1190 | LR: 0.0000483 | Loss : 0.0007 | Val loss: 0.0007
2026-01-11 17:49:27.951272 | Epoch:1191 | LR: 0.0000483 | Loss : 0.0007 | Val loss: 0.0008
2026-01-11 17:50:45.533629 | Epoch:1192 | LR: 0.0000483 | Loss : 0.0008 | Val loss: 0.0007
2026-01-11 17:51:54.321766 | Epoch:1193 | LR: 0.0000483 | Loss : 0.0008 | Val loss: 0.0008
2026-01-11 17:53:13.192210 | Epoch:1194 | LR: 0.0000483 | Loss : 0.0008 | Val loss: 0.0010
2026-01-11 17:54:35.008544 | Epoch:1195 | LR: 0.0000483 | Loss : 0.0007 | Val loss: 0.0008
2026-01-11 17:55:41.996505 | Epoch:1196 | LR: 0.0000483 | Loss : 0.0008 | Val loss: 0.0008
2026-01-11 17:56:59.438497 | Epoch:1197 | LR: 0.0000483 | Loss : 0.0007 | Val loss: 0.0008
2026-01-11 17:58:06.222289 | Epoch:1198 | LR: 0.0000483 | Loss : 0.0008 | Val loss: 0.0009
2026-01-11 17:59:25.029495 | Epoch:1199 | LR: 0.0000483 | Loss : 0.0008 | Val loss: 0.0008
2026-01-11 18:00:33.302721 | Epoch:1200 | LR: 0.0000482 | Loss : 0.0008 | Val loss: 0.0009
2026-01-11 18:01:52.298109 | Epoch:1201 | LR: 0.0000482 | Loss : 0.0007 | Val loss: 0.0008
2026-01-11 18:02:59.579351 | Epoch:1202 | LR: 0.0000482 | Loss : 0.0007 | Val loss: 0.0009
2026-01-11 18:04:19.033760 | Epoch:1203 | LR: 0.0000482 | Loss : 0.0008 | Val loss: 0.0008
2026-01-11 18:05:27.682935 | Epoch:1204 | LR: 0.0000482 | Loss : 0.0007 | Val loss: 0.0011
2026-01-11 18:06:47.275069 | Epoch:1205 | LR: 0.0000482 | Loss : 0.0008 | Val loss: 0.0010
2026-01-11 18:08:05.749896 | Epoch:1206 | LR: 0.0000482 | Loss : 0.0010 | Val loss: 0.0010
2026-01-11 18:09:12.830098 | Epoch:1207 | LR: 0.0000482 | Loss : 0.0008 | Val loss: 0.0009
2026-01-11 18:10:31.919228 | Epoch:1208 | LR: 0.0000482 | Loss : 0.0008 | Val loss: 0.0010
2026-01-11 18:11:39.319930 | Epoch:1209 | LR: 0.0000482 | Loss : 0.0007 | Val loss: 0.0008
2026-01-11 18:12:55.781755 | Epoch:1210 | LR: 0.0000482 | Loss : 0.0008 | Val loss: 0.0011
2026-01-11 18:14:02.785349 | Epoch:1211 | LR: 0.0000482 | Loss : 0.0008 | Val loss: 0.0009
2026-01-11 18:15:17.006823 | Epoch:1212 | LR: 0.0000482 | Loss : 0.0008 | Val loss: 0.0008
2026-01-11 18:16:24.152901 | Epoch:1213 | LR: 0.0000482 | Loss : 0.0008 | Val loss: 0.0008
2026-01-11 18:17:40.589916 | Epoch:1214 | LR: 0.0000482 | Loss : 0.0007 | Val loss: 0.0010
2026-01-11 18:19:20.374659 | Epoch:1215 | LR: 0.0000482 | Loss : 0.0007 | Val loss: 0.0008
2026-01-11 18:20:40.987871 | Epoch:1216 | LR: 0.0000482 | Loss : 0.0008 | Val loss: 0.0008
2026-01-11 18:22:12.255272 | Epoch:1217 | LR: 0.0000482 | Loss : 0.0008 | Val loss: 0.0010
2026-01-11 18:23:51.245402 | Epoch:1218 | LR: 0.0000482 | Loss : 0.0008 | Val loss: 0.0008
2026-01-11 18:25:20.220808 | Epoch:1219 | LR: 0.0000482 | Loss : 0.0008 | Val loss: 0.0009
2026-01-11 18:26:58.096090 | Epoch:1220 | LR: 0.0000482 | Loss : 0.0051 | Val loss: 0.0062
2026-01-11 18:28:40.357899 | Epoch:1221 | LR: 0.0000482 | Loss : 0.0015 | Val loss: 0.0009
2026-01-11 18:30:10.090952 | Epoch:1222 | LR: 0.0000482 | Loss : 0.0008 | Val loss: 0.0012
2026-01-11 18:31:49.003759 | Epoch:1223 | LR: 0.0000482 | Loss : 0.0008 | Val loss: 0.0010
2026-01-11 18:33:25.326412 | Epoch:1224 | LR: 0.0000482 | Loss : 0.0007 | Val loss: 0.0008
2026-01-11 18:35:06.189300 | Epoch:1225 | LR: 0.0000482 | Loss : 0.0007 | Val loss: 0.0008
2026-01-11 18:36:35.652201 | Epoch:1226 | LR: 0.0000482 | Loss : 0.0007 | Val loss: 0.0007
2026-01-11 18:38:12.108099 | Epoch:1227 | LR: 0.0000482 | Loss : 0.0007 | Val loss: 0.0010
2026-01-11 18:39:48.803159 | Epoch:1228 | LR: 0.0000482 | Loss : 0.0007 | Val loss: 0.0008
2026-01-11 18:41:13.098764 | Epoch:1229 | LR: 0.0000482 | Loss : 0.0007 | Val loss: 0.0009
2026-01-11 18:42:45.875978 | Epoch:1230 | LR: 0.0000482 | Loss : 0.0007 | Val loss: 0.0013
2026-01-11 18:44:25.750944 | Epoch:1231 | LR: 0.0000482 | Loss : 0.0008 | Val loss: 0.0008
2026-01-11 18:45:51.536260 | Epoch:1232 | LR: 0.0000482 | Loss : 0.0008 | Val loss: 0.0008
2026-01-11 18:47:26.630243 | Epoch:1233 | LR: 0.0000482 | Loss : 0.0007 | Val loss: 0.0008
2026-01-11 18:49:01.093638 | Epoch:1234 | LR: 0.0000481 | Loss : 0.0007 | Val loss: 0.0009
2026-01-11 18:50:22.532677 | Epoch:1235 | LR: 0.0000481 | Loss : 0.0008 | Val loss: 0.0010
2026-01-11 18:51:59.659747 | Epoch:1236 | LR: 0.0000481 | Loss : 0.0007 | Val loss: 0.0008
2026-01-11 18:53:33.899731 | Epoch:1237 | LR: 0.0000481 | Loss : 0.0008 | Val loss: 0.0010
2026-01-11 18:54:55.931259 | Epoch:1238 | LR: 0.0000481 | Loss : 0.0008 | Val loss: 0.0008
2026-01-11 18:56:30.232640 | Epoch:1239 | LR: 0.0000481 | Loss : 0.0007 | Val loss: 0.0009
2026-01-11 18:58:02.704411 | Epoch:1240 | LR: 0.0000481 | Loss : 0.0007 | Val loss: 0.0008
2026-01-11 18:59:21.915336 | Epoch:1241 | LR: 0.0000481 | Loss : 0.0007 | Val loss: 0.0009
2026-01-11 19:00:50.298825 | Epoch:1242 | LR: 0.0000481 | Loss : 0.0007 | Val loss: 0.0009
2026-01-11 19:02:30.238299 | Epoch:1243 | LR: 0.0000481 | Loss : 0.0007 | Val loss: 0.0008
2026-01-11 19:03:54.207756 | Epoch:1244 | LR: 0.0000481 | Loss : 0.0007 | Val loss: 0.0010
2026-01-11 19:05:34.952837 | Epoch:1245 | LR: 0.0000481 | Loss : 0.0007 | Val loss: 0.0007
2026-01-11 19:07:10.426606 | Epoch:1246 | LR: 0.0000481 | Loss : 0.0006 | Val loss: 0.0007
2026-01-11 19:08:37.379932 | Epoch:1247 | LR: 0.0000481 | Loss : 0.0008 | Val loss: 0.0008
2026-01-11 19:10:11.814620 | Epoch:1248 | LR: 0.0000481 | Loss : 0.0008 | Val loss: 0.0010
2026-01-11 19:11:49.208070 | Epoch:1249 | LR: 0.0000481 | Loss : 0.0007 | Val loss: 0.0009
2026-01-11 19:13:29.629711 | Epoch:1250 | LR: 0.0000481 | Loss : 0.0007 | Val loss: 0.0008
2026-01-11 19:14:58.214383 | Epoch:1251 | LR: 0.0000481 | Loss : 0.0008 | Val loss: 0.0009
2026-01-11 19:16:52.661028 | Epoch:1252 | LR: 0.0000481 | Loss : 0.0007 | Val loss: 0.0008
2026-01-11 19:18:29.124598 | Epoch:1253 | LR: 0.0000481 | Loss : 0.0008 | Val loss: 0.0008
2026-01-11 19:19:58.341172 | Epoch:1254 | LR: 0.0000481 | Loss : 0.0007 | Val loss: 0.0008
2026-01-11 19:21:18.160991 | Epoch:1255 | LR: 0.0000481 | Loss : 0.0007 | Val loss: 0.0007
2026-01-11 19:22:38.351034 | Epoch:1256 | LR: 0.0000481 | Loss : 0.0007 | Val loss: 0.0008
2026-01-11 19:23:53.908427 | Epoch:1257 | LR: 0.0000481 | Loss : 0.0193 | Val loss: 0.0030
2026-01-11 19:25:08.530569 | Epoch:1258 | LR: 0.0000481 | Loss : 0.0017 | Val loss: 0.0021
2026-01-11 19:26:24.036956 | Epoch:1259 | LR: 0.0000481 | Loss : 0.0012 | Val loss: 0.0037
2026-01-11 19:27:38.528735 | Epoch:1260 | LR: 0.0000481 | Loss : 0.0011 | Val loss: 0.0009
2026-01-11 19:28:54.893095 | Epoch:1261 | LR: 0.0000481 | Loss : 0.0008 | Val loss: 0.0010
2026-01-11 19:30:10.352590 | Epoch:1262 | LR: 0.0000481 | Loss : 0.0009 | Val loss: 0.0009
2026-01-11 19:31:28.970400 | Epoch:1263 | LR: 0.0000481 | Loss : 0.0008 | Val loss: 0.0009
2026-01-11 19:32:42.888322 | Epoch:1264 | LR: 0.0000481 | Loss : 0.0007 | Val loss: 0.0009
2026-01-11 19:33:54.842744 | Epoch:1265 | LR: 0.0000481 | Loss : 0.0009 | Val loss: 0.0008
2026-01-11 19:35:08.154530 | Epoch:1266 | LR: 0.0000481 | Loss : 0.0007 | Val loss: 0.0007
2026-01-11 19:36:24.331509 | Epoch:1267 | LR: 0.0000480 | Loss : 0.0008 | Val loss: 0.0008
2026-01-11 19:37:40.227568 | Epoch:1268 | LR: 0.0000480 | Loss : 0.0007 | Val loss: 0.0008
2026-01-11 19:38:57.964698 | Epoch:1269 | LR: 0.0000480 | Loss : 0.0007 | Val loss: 0.0008
2026-01-11 19:40:16.430834 | Epoch:1270 | LR: 0.0000480 | Loss : 0.0007 | Val loss: 0.0008
2026-01-11 19:41:34.562778 | Epoch:1271 | LR: 0.0000480 | Loss : 0.0008 | Val loss: 0.0010
2026-01-11 19:42:50.375637 | Epoch:1272 | LR: 0.0000480 | Loss : 0.0007 | Val loss: 0.0008
2026-01-11 19:44:08.055390 | Epoch:1273 | LR: 0.0000480 | Loss : 0.0007 | Val loss: 0.0008
2026-01-11 19:45:22.874965 | Epoch:1274 | LR: 0.0000480 | Loss : 0.0008 | Val loss: 0.0008
2026-01-11 19:46:41.463522 | Epoch:1275 | LR: 0.0000480 | Loss : 0.0007 | Val loss: 0.0009
2026-01-11 19:48:00.050318 | Epoch:1276 | LR: 0.0000480 | Loss : 0.0007 | Val loss: 0.0008
2026-01-11 19:49:16.405084 | Epoch:1277 | LR: 0.0000480 | Loss : 0.0008 | Val loss: 0.0008
2026-01-11 19:50:34.603568 | Epoch:1278 | LR: 0.0000480 | Loss : 0.0008 | Val loss: 0.0008
2026-01-11 19:51:51.936530 | Epoch:1279 | LR: 0.0000480 | Loss : 0.0007 | Val loss: 0.0007
2026-01-11 19:53:10.353097 | Epoch:1280 | LR: 0.0000480 | Loss : 0.0008 | Val loss: 0.0008
2026-01-11 19:54:28.793097 | Epoch:1281 | LR: 0.0000480 | Loss : 0.0007 | Val loss: 0.0008
2026-01-11 19:55:49.087075 | Epoch:1282 | LR: 0.0000480 | Loss : 0.0008 | Val loss: 0.0008
2026-01-11 19:57:02.327451 | Epoch:1283 | LR: 0.0000480 | Loss : 0.0008 | Val loss: 0.0008
2026-01-11 19:58:18.244266 | Epoch:1284 | LR: 0.0000480 | Loss : 0.0007 | Val loss: 0.0007
2026-01-11 19:59:34.366404 | Epoch:1285 | LR: 0.0000480 | Loss : 0.0007 | Val loss: 0.0008
2026-01-11 20:00:52.346509 | Epoch:1286 | LR: 0.0000480 | Loss : 0.0008 | Val loss: 0.0011
2026-01-11 20:02:09.056485 | Epoch:1287 | LR: 0.0000480 | Loss : 0.0008 | Val loss: 0.0008
2026-01-11 20:03:25.924287 | Epoch:1288 | LR: 0.0000480 | Loss : 0.0007 | Val loss: 0.0008
2026-01-11 20:04:46.301006 | Epoch:1289 | LR: 0.0000480 | Loss : 0.0007 | Val loss: 0.0008
2026-01-11 20:06:02.545191 | Epoch:1290 | LR: 0.0000480 | Loss : 0.0007 | Val loss: 0.0008
2026-01-11 20:07:20.592172 | Epoch:1291 | LR: 0.0000480 | Loss : 0.0008 | Val loss: 0.0009
2026-01-11 20:08:38.738433 | Epoch:1292 | LR: 0.0000480 | Loss : 0.0007 | Val loss: 0.0008
2026-01-11 20:09:52.428361 | Epoch:1293 | LR: 0.0000480 | Loss : 0.0007 | Val loss: 0.0008
2026-01-11 20:11:08.560527 | Epoch:1294 | LR: 0.0000480 | Loss : 0.0008 | Val loss: 0.0010
2026-01-11 20:12:22.933694 | Epoch:1295 | LR: 0.0000480 | Loss : 0.0007 | Val loss: 0.0010
2026-01-11 20:13:39.366516 | Epoch:1296 | LR: 0.0000480 | Loss : 0.0010 | Val loss: 0.0009
2026-01-11 20:14:55.575439 | Epoch:1297 | LR: 0.0000480 | Loss : 0.0007 | Val loss: 0.0008
2026-01-11 20:16:09.723051 | Epoch:1298 | LR: 0.0000480 | Loss : 0.0010 | Val loss: 0.0019
2026-01-11 20:17:29.103879 | Epoch:1299 | LR: 0.0000480 | Loss : 0.0014 | Val loss: 0.0020
2026-01-11 20:18:46.195214 | Epoch:1300 | LR: 0.0000479 | Loss : 0.0009 | Val loss: 0.0009
2026-01-11 20:20:06.620992 | Epoch:1301 | LR: 0.0000479 | Loss : 0.0008 | Val loss: 0.0012
2026-01-11 20:21:23.306946 | Epoch:1302 | LR: 0.0000479 | Loss : 0.0007 | Val loss: 0.0008
2026-01-11 20:22:42.056754 | Epoch:1303 | LR: 0.0000479 | Loss : 0.0008 | Val loss: 0.0008
2026-01-11 20:23:58.028935 | Epoch:1304 | LR: 0.0000479 | Loss : 0.0010 | Val loss: 0.0011
2026-01-11 20:25:15.150613 | Epoch:1305 | LR: 0.0000479 | Loss : 0.0008 | Val loss: 0.0007
2026-01-11 20:26:32.976985 | Epoch:1306 | LR: 0.0000479 | Loss : 0.0008 | Val loss: 0.0008
2026-01-11 20:27:48.318663 | Epoch:1307 | LR: 0.0000479 | Loss : 0.0007 | Val loss: 0.0008
2026-01-11 20:29:04.787777 | Epoch:1308 | LR: 0.0000479 | Loss : 0.0007 | Val loss: 0.0008
2026-01-11 20:30:21.303656 | Epoch:1309 | LR: 0.0000479 | Loss : 0.0007 | Val loss: 0.0015
2026-01-11 20:31:40.147422 | Epoch:1310 | LR: 0.0000479 | Loss : 0.0414 | Val loss: 0.0036
2026-01-11 20:32:57.526022 | Epoch:1311 | LR: 0.0000479 | Loss : 0.0024 | Val loss: 0.0018
2026-01-11 20:34:15.520922 | Epoch:1312 | LR: 0.0000479 | Loss : 0.0015 | Val loss: 0.0014
2026-01-11 20:35:31.967952 | Epoch:1313 | LR: 0.0000479 | Loss : 0.0013 | Val loss: 0.0012
2026-01-11 20:36:46.754771 | Epoch:1314 | LR: 0.0000479 | Loss : 0.0011 | Val loss: 0.0012
2026-01-11 20:38:02.022701 | Epoch:1315 | LR: 0.0000479 | Loss : 0.0009 | Val loss: 0.0010
2026-01-11 20:39:16.757337 | Epoch:1316 | LR: 0.0000479 | Loss : 0.0009 | Val loss: 0.0016
2026-01-11 20:40:31.465002 | Epoch:1317 | LR: 0.0000479 | Loss : 0.0009 | Val loss: 0.0010
2026-01-11 20:41:47.801323 | Epoch:1318 | LR: 0.0000479 | Loss : 0.0008 | Val loss: 0.0009
2026-01-11 20:43:08.727588 | Epoch:1319 | LR: 0.0000479 | Loss : 0.0008 | Val loss: 0.0009
2026-01-11 20:44:24.575402 | Epoch:1320 | LR: 0.0000479 | Loss : 0.0008 | Val loss: 0.0015
2026-01-11 20:45:41.247240 | Epoch:1321 | LR: 0.0000479 | Loss : 0.0011 | Val loss: 0.0008
2026-01-11 20:46:57.472450 | Epoch:1322 | LR: 0.0000479 | Loss : 0.0008 | Val loss: 0.0008
2026-01-11 20:48:11.595056 | Epoch:1323 | LR: 0.0000479 | Loss : 0.0007 | Val loss: 0.0008
2026-01-11 20:49:27.293910 | Epoch:1324 | LR: 0.0000479 | Loss : 0.0007 | Val loss: 0.0010
2026-01-11 20:50:41.317909 | Epoch:1325 | LR: 0.0000479 | Loss : 0.0007 | Val loss: 0.0008
2026-01-11 20:51:48.944520 | Epoch:1326 | LR: 0.0000479 | Loss : 0.0007 | Val loss: 0.0009
2026-01-11 20:52:55.276050 | Epoch:1327 | LR: 0.0000479 | Loss : 0.0007 | Val loss: 0.0009
2026-01-11 20:54:13.192898 | Epoch:1328 | LR: 0.0000479 | Loss : 0.0007 | Val loss: 0.0008
2026-01-11 20:55:31.940645 | Epoch:1329 | LR: 0.0000479 | Loss : 0.0007 | Val loss: 0.0009
2026-01-11 20:56:50.745759 | Epoch:1330 | LR: 0.0000479 | Loss : 0.0007 | Val loss: 0.0007
2026-01-11 20:58:10.776712 | Epoch:1331 | LR: 0.0000478 | Loss : 0.0008 | Val loss: 0.0007
2026-01-11 20:59:22.514908 | Epoch:1332 | LR: 0.0000478 | Loss : 0.0007 | Val loss: 0.0008
2026-01-11 21:00:28.605715 | Epoch:1333 | LR: 0.0000478 | Loss : 0.0007 | Val loss: 0.0010
2026-01-11 21:01:34.741213 | Epoch:1334 | LR: 0.0000478 | Loss : 0.0007 | Val loss: 0.0007
