{'dataset_params': {'im_path': 'placeholder', 'im_channels': 1, 'im_size': 116, 'name': 'ICDFC'}, 'diffusion_params': {'num_timesteps': 1000, 'beta_start': 0.00085, 'beta_end': 0.012}, 'ldm_params': {'down_channels': [128, 256, 384, 512], 'mid_channels': [512, 384], 'down_sample': [True, True, True], 'attn_down': [True, True, True], 'time_emb_dim': 512, 'norm_channels': 32, 'num_heads': 8, 'conv_out_channels': 128, 'num_down_layers': 1, 'num_mid_layers': 2, 'num_up_layers': 1, 'condition_config': {'condition_types': ['text'], 'text_condition_config': {'text_embed_model': 'clip', 'train_text_embed_model': False, 'text_embed_dim': 512, 'cond_drop_prob': 0.1}, 'image_condition_config': {'image_condition_input_channels': 1, 'image_condition_output_channels': 1, 'image_condition_h': 120, 'image_condition_w': 120, 'cond_drop_prob': 0.1}}}, 'autoencoder_params': {'z_channels': 1, 'codebook_size': 8192, 'down_channels': [64, 128, 256, 256], 'mid_channels': [256, 256], 'down_sample': [True, True, True], 'attn_down': [False, False, False], 'norm_channels': 32, 'num_heads': 4, 'num_down_layers': 2, 'num_mid_layers': 2, 'num_up_layers': 2}, 'train_params': {'seed': 142857, 'task_name': 'icd2fc', 'ldm_batch_size': 128, 'autoencoder_batch_size': 64, 'disc_start': 15000, 'disc_weight': 0, 'codebook_weight': 1, 'commitment_beta': 0.2, 'perceptual_weight': 1, 'kl_weight': 5e-06, 'ldm_epochs': 10000, 'autoencoder_epochs': 200, 'num_samples': 1, 'num_grid_rows': 1, 'ldm_lr': 5e-05, 'autoencoder_lr': 1e-05, 'autoencoder_acc_steps': 4, 'autoencoder_img_save_steps': 64, 'save_latents': True, 'cf_guidance_scale': 1.0, 'vae_latent_dir_name': 'vae_latents', 'vqvae_latent_dir_name': 'vqvae_latents', 'ldm_ckpt_name': 'ddpm_ckpt_text_image_cond_clip.pth', 'vqvae_autoencoder_ckpt_name': 'vqvae_autoencoder_ckpt.pth', 'vae_autoencoder_ckpt_name': 'vae_autoencoder_ckpt.pth', 'vqvae_discriminator_ckpt_name': 'vqvae_discriminator_ckpt.pth', 'vae_discriminator_ckpt_name': 'vae_discriminator_ckpt.pth'}}
['hariri', 'rest']
['hariri', 'rest']
['hariri', 'rest']
['hariri', 'rest']
Found 17932 latents
Found 17932 latents
Found 17932 latents
Found 17932 latents
['hariri', 'rest']
['hariri', 'rest']
['hariri', 'rest']
['hariri', 'rest']
Found 4485 latentsFound 4485 latents

Found 4485 latents
Found 4485 latents
2026-01-24 10:47:42.533308 | Epoch:1 | LR: 0.0000500 | Loss : 1.2236 | Val loss: 1.0201
Warning: The cache directory for DeepSpeed Triton autotune, /export_home/ziquanw/.triton/autotune, appears to be on an NFS system. While this is generally acceptable, if you experience slowdowns or hanging when DeepSpeed exits, it is recommended to set the TRITON_CACHE_DIR environment variable to a non-NFS path.
Warning: The cache directory for DeepSpeed Triton autotune, /export_home/ziquanw/.triton/autotune, appears to be on an NFS system. While this is generally acceptable, if you experience slowdowns or hanging when DeepSpeed exits, it is recommended to set the TRITON_CACHE_DIR environment variable to a non-NFS path.
Warning: The cache directory for DeepSpeed Triton autotune, /export_home/ziquanw/.triton/autotune, appears to be on an NFS system. While this is generally acceptable, if you experience slowdowns or hanging when DeepSpeed exits, it is recommended to set the TRITON_CACHE_DIR environment variable to a non-NFS path.
Warning: The cache directory for DeepSpeed Triton autotune, /export_home/ziquanw/.triton/autotune, appears to be on an NFS system. While this is generally acceptable, if you experience slowdowns or hanging when DeepSpeed exits, it is recommended to set the TRITON_CACHE_DIR environment variable to a non-NFS path.
2026-01-24 10:48:10.291510 | Epoch:2 | LR: 0.0000500 | Loss : 0.9192 | Val loss: 0.8094
2026-01-24 10:48:36.018480 | Epoch:3 | LR: 0.0000500 | Loss : 0.7145 | Val loss: 0.6085
2026-01-24 10:49:01.367348 | Epoch:4 | LR: 0.0000500 | Loss : 0.5247 | Val loss: 0.4504
2026-01-24 10:49:26.785549 | Epoch:5 | LR: 0.0000500 | Loss : 0.3891 | Val loss: 0.3252
2026-01-24 10:49:52.178378 | Epoch:6 | LR: 0.0000500 | Loss : 0.2881 | Val loss: 0.2504
2026-01-24 10:50:17.629101 | Epoch:7 | LR: 0.0000500 | Loss : 0.2297 | Val loss: 0.2069
2026-01-24 10:50:42.939110 | Epoch:8 | LR: 0.0000500 | Loss : 0.1920 | Val loss: 0.1790
2026-01-24 10:51:08.397574 | Epoch:9 | LR: 0.0000500 | Loss : 0.1674 | Val loss: 0.1605
2026-01-24 10:51:33.560287 | Epoch:10 | LR: 0.0000500 | Loss : 0.1516 | Val loss: 0.1536
2026-01-24 10:51:58.604192 | Epoch:11 | LR: 0.0000500 | Loss : 0.1403 | Val loss: 0.1321
2026-01-24 10:52:24.023243 | Epoch:12 | LR: 0.0000500 | Loss : 0.1278 | Val loss: 0.1213
2026-01-24 10:52:49.247203 | Epoch:13 | LR: 0.0000500 | Loss : 0.1174 | Val loss: 0.1210
2026-01-24 10:53:14.387886 | Epoch:14 | LR: 0.0000500 | Loss : 0.1131 | Val loss: 0.1046
2026-01-24 10:53:39.670707 | Epoch:15 | LR: 0.0000500 | Loss : 0.0994 | Val loss: 0.0948
2026-01-24 10:54:04.893892 | Epoch:16 | LR: 0.0000500 | Loss : 0.0950 | Val loss: 0.0968
2026-01-24 10:54:29.780376 | Epoch:17 | LR: 0.0000500 | Loss : 0.0905 | Val loss: 0.0850
2026-01-24 10:54:55.184941 | Epoch:18 | LR: 0.0000500 | Loss : 0.0831 | Val loss: 0.0819
2026-01-24 10:55:20.569849 | Epoch:19 | LR: 0.0000500 | Loss : 0.0805 | Val loss: 0.0801
2026-01-24 10:55:45.651560 | Epoch:20 | LR: 0.0000500 | Loss : 0.0765 | Val loss: 0.0736
2026-01-24 10:56:10.654425 | Epoch:21 | LR: 0.0000500 | Loss : 0.0731 | Val loss: 0.0712
2026-01-24 10:56:36.172604 | Epoch:22 | LR: 0.0000500 | Loss : 0.0702 | Val loss: 0.0672
2026-01-24 10:57:01.303841 | Epoch:23 | LR: 0.0000500 | Loss : 0.0666 | Val loss: 0.0637
2026-01-24 10:57:26.373865 | Epoch:24 | LR: 0.0000500 | Loss : 0.0644 | Val loss: 0.0667
2026-01-24 10:57:48.326232 | Epoch:25 | LR: 0.0000500 | Loss : 0.0612 | Val loss: 0.0584
2026-01-24 10:58:13.699521 | Epoch:26 | LR: 0.0000500 | Loss : 0.0588 | Val loss: 0.0565
2026-01-24 10:58:38.859288 | Epoch:27 | LR: 0.0000500 | Loss : 0.0572 | Val loss: 0.0587
2026-01-24 10:59:00.810341 | Epoch:28 | LR: 0.0000500 | Loss : 0.0574 | Val loss: 0.0523
2026-01-24 10:59:26.206601 | Epoch:29 | LR: 0.0000500 | Loss : 0.0523 | Val loss: 0.0522
2026-01-24 10:59:51.405304 | Epoch:30 | LR: 0.0000500 | Loss : 0.0534 | Val loss: 0.0509
2026-01-24 11:00:16.463580 | Epoch:31 | LR: 0.0000500 | Loss : 0.0502 | Val loss: 0.0494
2026-01-24 11:00:41.990296 | Epoch:32 | LR: 0.0000500 | Loss : 0.0501 | Val loss: 0.0488
2026-01-24 11:01:07.026085 | Epoch:33 | LR: 0.0000500 | Loss : 0.0484 | Val loss: 0.0498
2026-01-24 11:01:29.007604 | Epoch:34 | LR: 0.0000500 | Loss : 0.0476 | Val loss: 0.0460
2026-01-24 11:01:54.492519 | Epoch:35 | LR: 0.0000500 | Loss : 0.0445 | Val loss: 0.0455
2026-01-24 11:02:19.637815 | Epoch:36 | LR: 0.0000500 | Loss : 0.0451 | Val loss: 0.0443
2026-01-24 11:02:44.790156 | Epoch:37 | LR: 0.0000500 | Loss : 0.0430 | Val loss: 0.0421
2026-01-24 11:03:10.205937 | Epoch:38 | LR: 0.0000500 | Loss : 0.0428 | Val loss: 0.0449
2026-01-24 11:03:32.285905 | Epoch:39 | LR: 0.0000500 | Loss : 0.0415 | Val loss: 0.0408
2026-01-24 11:03:57.818562 | Epoch:40 | LR: 0.0000500 | Loss : 0.0440 | Val loss: 0.0419
2026-01-24 11:04:19.898539 | Epoch:41 | LR: 0.0000500 | Loss : 0.0391 | Val loss: 0.0376
2026-01-24 11:04:45.513230 | Epoch:42 | LR: 0.0000500 | Loss : 0.0392 | Val loss: 0.0417
2026-01-24 11:05:07.424435 | Epoch:43 | LR: 0.0000500 | Loss : 0.0370 | Val loss: 0.0375
2026-01-24 11:05:29.459323 | Epoch:44 | LR: 0.0000500 | Loss : 0.0388 | Val loss: 0.0354
2026-01-24 11:05:55.136324 | Epoch:45 | LR: 0.0000500 | Loss : 0.0352 | Val loss: 0.0392
2026-01-24 11:06:17.127571 | Epoch:46 | LR: 0.0000500 | Loss : 0.0372 | Val loss: 0.0337
2026-01-24 11:06:42.709026 | Epoch:47 | LR: 0.0000500 | Loss : 0.0352 | Val loss: 0.0364
2026-01-24 11:07:04.856232 | Epoch:48 | LR: 0.0000500 | Loss : 0.0345 | Val loss: 0.0317
2026-01-24 11:07:30.590711 | Epoch:49 | LR: 0.0000500 | Loss : 0.0339 | Val loss: 0.0335
2026-01-24 11:07:52.497629 | Epoch:50 | LR: 0.0000500 | Loss : 0.0327 | Val loss: 0.0319
2026-01-24 11:08:14.628217 | Epoch:51 | LR: 0.0000500 | Loss : 0.0335 | Val loss: 0.0329
2026-01-24 11:08:40.323003 | Epoch:52 | LR: 0.0000499 | Loss : 0.0305 | Val loss: 0.0309
2026-01-24 11:09:06.008481 | Epoch:53 | LR: 0.0000499 | Loss : 0.0313 | Val loss: 0.0316
2026-01-24 11:09:27.981880 | Epoch:54 | LR: 0.0000499 | Loss : 0.0314 | Val loss: 0.0304
2026-01-24 11:09:53.285780 | Epoch:55 | LR: 0.0000499 | Loss : 0.0297 | Val loss: 0.0286
2026-01-24 11:10:19.176860 | Epoch:56 | LR: 0.0000499 | Loss : 0.0304 | Val loss: 0.0320
2026-01-24 11:10:41.170508 | Epoch:57 | LR: 0.0000499 | Loss : 0.0283 | Val loss: 0.0285
2026-01-24 11:11:06.870667 | Epoch:58 | LR: 0.0000499 | Loss : 0.0283 | Val loss: 0.0297
2026-01-24 11:11:29.004088 | Epoch:59 | LR: 0.0000499 | Loss : 0.0289 | Val loss: 0.0281
2026-01-24 11:11:54.898150 | Epoch:60 | LR: 0.0000499 | Loss : 0.0277 | Val loss: 0.0338
2026-01-24 11:12:16.841040 | Epoch:61 | LR: 0.0000499 | Loss : 0.0289 | Val loss: 0.0251
2026-01-24 11:12:42.541014 | Epoch:62 | LR: 0.0000499 | Loss : 0.0271 | Val loss: 0.0269
2026-01-24 11:13:04.833184 | Epoch:63 | LR: 0.0000499 | Loss : 0.0273 | Val loss: 0.0260
2026-01-24 11:13:26.779506 | Epoch:64 | LR: 0.0000499 | Loss : 0.0254 | Val loss: 0.0260
2026-01-24 11:13:52.585805 | Epoch:65 | LR: 0.0000499 | Loss : 0.0283 | Val loss: 0.0275
2026-01-24 11:14:14.815361 | Epoch:66 | LR: 0.0000499 | Loss : 0.0249 | Val loss: 0.0235
2026-01-24 11:14:40.325970 | Epoch:67 | LR: 0.0000499 | Loss : 0.0260 | Val loss: 0.0253
2026-01-24 11:15:02.416584 | Epoch:68 | LR: 0.0000499 | Loss : 0.0250 | Val loss: 0.0284
2026-01-24 11:15:24.590230 | Epoch:69 | LR: 0.0000499 | Loss : 0.0257 | Val loss: 0.0227
2026-01-24 11:15:50.401280 | Epoch:70 | LR: 0.0000499 | Loss : 0.0228 | Val loss: 0.0266
2026-01-24 11:16:12.353794 | Epoch:71 | LR: 0.0000499 | Loss : 0.0261 | Val loss: 0.0237
2026-01-24 11:16:34.485045 | Epoch:72 | LR: 0.0000499 | Loss : 0.0229 | Val loss: 0.0250
2026-01-24 11:16:56.547691 | Epoch:73 | LR: 0.0000499 | Loss : 0.0235 | Val loss: 0.0222
2026-01-24 11:17:22.241652 | Epoch:74 | LR: 0.0000499 | Loss : 0.0227 | Val loss: 0.0231
2026-01-24 11:17:44.198887 | Epoch:75 | LR: 0.0000499 | Loss : 0.0238 | Val loss: 0.0218
2026-01-24 11:18:09.872552 | Epoch:76 | LR: 0.0000499 | Loss : 0.0214 | Val loss: 0.0215
2026-01-24 11:18:35.512230 | Epoch:77 | LR: 0.0000499 | Loss : 0.0223 | Val loss: 0.0250
2026-01-24 11:18:57.396950 | Epoch:78 | LR: 0.0000499 | Loss : 0.0229 | Val loss: 0.0211
2026-01-24 11:19:23.055263 | Epoch:79 | LR: 0.0000499 | Loss : 0.0211 | Val loss: 0.0202
2026-01-24 11:19:48.847156 | Epoch:80 | LR: 0.0000499 | Loss : 0.0225 | Val loss: 0.0255
2026-01-24 11:20:10.704365 | Epoch:81 | LR: 0.0000499 | Loss : 0.0220 | Val loss: 0.0203
2026-01-24 11:20:32.796533 | Epoch:82 | LR: 0.0000499 | Loss : 0.0207 | Val loss: 0.0236
2026-01-24 11:20:54.801251 | Epoch:83 | LR: 0.0000499 | Loss : 0.0212 | Val loss: 0.0199
2026-01-24 11:21:20.665471 | Epoch:84 | LR: 0.0000499 | Loss : 0.0200 | Val loss: 0.0201
2026-01-24 11:21:42.551158 | Epoch:85 | LR: 0.0000499 | Loss : 0.0211 | Val loss: 0.0217
2026-01-24 11:22:04.557168 | Epoch:86 | LR: 0.0000499 | Loss : 0.0197 | Val loss: 0.0188
2026-01-24 11:22:30.284799 | Epoch:87 | LR: 0.0000499 | Loss : 0.0195 | Val loss: 0.0215
2026-01-24 11:22:52.376581 | Epoch:88 | LR: 0.0000498 | Loss : 0.0208 | Val loss: 0.0232
2026-01-24 11:23:14.293059 | Epoch:89 | LR: 0.0000498 | Loss : 0.0199 | Val loss: 0.0201
2026-01-24 11:23:36.179040 | Epoch:90 | LR: 0.0000498 | Loss : 0.0181 | Val loss: 0.0172
2026-01-24 11:24:01.683176 | Epoch:91 | LR: 0.0000498 | Loss : 0.0196 | Val loss: 0.0194
2026-01-24 11:24:23.547837 | Epoch:92 | LR: 0.0000498 | Loss : 0.0179 | Val loss: 0.0166
2026-01-24 11:24:48.756535 | Epoch:93 | LR: 0.0000498 | Loss : 0.0196 | Val loss: 0.0192
2026-01-24 11:25:10.705477 | Epoch:94 | LR: 0.0000498 | Loss : 0.0180 | Val loss: 0.0170
2026-01-24 11:25:32.603809 | Epoch:95 | LR: 0.0000498 | Loss : 0.0174 | Val loss: 0.0190
2026-01-24 11:25:54.402637 | Epoch:96 | LR: 0.0000498 | Loss : 0.0176 | Val loss: 0.0175
2026-01-24 11:26:16.265585 | Epoch:97 | LR: 0.0000498 | Loss : 0.0174 | Val loss: 0.0171
2026-01-24 11:26:38.345142 | Epoch:98 | LR: 0.0000498 | Loss : 0.0174 | Val loss: 0.0179
2026-01-24 11:27:00.088175 | Epoch:99 | LR: 0.0000498 | Loss : 0.0174 | Val loss: 0.0159
2026-01-24 11:27:25.500783 | Epoch:100 | LR: 0.0000498 | Loss : 0.0164 | Val loss: 0.0164
2026-01-24 11:27:47.512915 | Epoch:101 | LR: 0.0000498 | Loss : 0.0175 | Val loss: 0.0157
2026-01-24 11:29:29.280090 | Epoch:102 | LR: 0.0000498 | Loss : 0.0162 | Val loss: 0.0167
2026-01-24 11:29:51.085443 | Epoch:103 | LR: 0.0000498 | Loss : 0.0165 | Val loss: 0.0165
2026-01-24 11:30:12.963313 | Epoch:104 | LR: 0.0000498 | Loss : 0.0162 | Val loss: 0.0156
2026-01-24 11:30:39.113848 | Epoch:105 | LR: 0.0000498 | Loss : 0.0155 | Val loss: 0.0166
2026-01-24 11:31:01.661587 | Epoch:106 | LR: 0.0000498 | Loss : 0.0163 | Val loss: 0.0159
2026-01-24 11:31:24.356833 | Epoch:107 | LR: 0.0000498 | Loss : 0.0155 | Val loss: 0.0153
2026-01-24 11:31:50.277140 | Epoch:108 | LR: 0.0000498 | Loss : 0.0162 | Val loss: 0.0165
2026-01-24 11:32:12.267817 | Epoch:109 | LR: 0.0000498 | Loss : 0.0151 | Val loss: 0.0154
2026-01-24 11:32:38.626041 | Epoch:110 | LR: 0.0000498 | Loss : 0.0150 | Val loss: 0.0155
2026-01-24 11:33:01.306974 | Epoch:111 | LR: 0.0000498 | Loss : 0.0160 | Val loss: 0.0210
2026-01-24 11:33:23.926447 | Epoch:112 | LR: 0.0000498 | Loss : 0.3043 | Val loss: 0.1056
2026-01-24 11:33:46.581279 | Epoch:113 | LR: 0.0000498 | Loss : 0.0764 | Val loss: 0.0553
2026-01-24 11:34:09.338988 | Epoch:114 | LR: 0.0000497 | Loss : 0.0482 | Val loss: 0.0428
2026-01-24 11:34:31.963207 | Epoch:115 | LR: 0.0000497 | Loss : 0.0381 | Val loss: 0.0343
2026-01-24 11:34:54.737084 | Epoch:116 | LR: 0.0000497 | Loss : 0.0322 | Val loss: 0.0292
2026-01-24 11:35:17.403356 | Epoch:117 | LR: 0.0000497 | Loss : 0.0270 | Val loss: 0.0251
2026-01-24 11:35:40.106116 | Epoch:118 | LR: 0.0000497 | Loss : 0.0239 | Val loss: 0.0222
2026-01-24 11:36:02.917808 | Epoch:119 | LR: 0.0000497 | Loss : 0.0203 | Val loss: 0.0196
2026-01-24 11:36:25.742293 | Epoch:120 | LR: 0.0000497 | Loss : 0.0190 | Val loss: 0.0179
2026-01-24 11:36:48.763037 | Epoch:121 | LR: 0.0000497 | Loss : 0.0176 | Val loss: 0.0177
2026-01-24 11:37:11.703503 | Epoch:122 | LR: 0.0000497 | Loss : 0.0172 | Val loss: 0.0172
2026-01-24 11:37:34.687366 | Epoch:123 | LR: 0.0000497 | Loss : 0.0168 | Val loss: 0.0164
2026-01-24 11:37:57.729298 | Epoch:124 | LR: 0.0000497 | Loss : 0.0163 | Val loss: 0.0162
2026-01-24 11:38:20.611905 | Epoch:125 | LR: 0.0000497 | Loss : 0.0162 | Val loss: 0.0155
2026-01-24 11:38:43.551122 | Epoch:126 | LR: 0.0000497 | Loss : 0.0159 | Val loss: 0.0149
2026-01-24 11:39:06.306476 | Epoch:127 | LR: 0.0000497 | Loss : 0.0152 | Val loss: 0.0152
2026-01-24 11:39:29.108282 | Epoch:128 | LR: 0.0000497 | Loss : 0.0152 | Val loss: 0.0150
2026-01-24 11:39:55.418496 | Epoch:129 | LR: 0.0000497 | Loss : 0.0148 | Val loss: 0.0154
2026-01-24 11:40:17.424325 | Epoch:130 | LR: 0.0000497 | Loss : 0.0147 | Val loss: 0.0144
2026-01-24 11:40:44.193366 | Epoch:131 | LR: 0.0000497 | Loss : 0.0148 | Val loss: 0.0147
2026-01-24 11:41:06.751345 | Epoch:132 | LR: 0.0000497 | Loss : 0.0144 | Val loss: 0.0141
2026-01-24 11:41:32.605325 | Epoch:133 | LR: 0.0000497 | Loss : 0.0144 | Val loss: 0.0144
2026-01-24 11:41:58.306642 | Epoch:134 | LR: 0.0000496 | Loss : 0.0141 | Val loss: 0.0141
2026-01-24 11:42:20.264178 | Epoch:135 | LR: 0.0000496 | Loss : 0.0140 | Val loss: 0.0140
2026-01-24 11:42:45.874204 | Epoch:136 | LR: 0.0000496 | Loss : 0.0140 | Val loss: 0.0139
2026-01-24 11:43:11.411943 | Epoch:137 | LR: 0.0000496 | Loss : 0.0143 | Val loss: 0.0138
2026-01-24 11:43:33.463265 | Epoch:138 | LR: 0.0000496 | Loss : 0.0139 | Val loss: 0.0139
2026-01-24 11:43:58.976079 | Epoch:139 | LR: 0.0000496 | Loss : 0.0133 | Val loss: 0.0129
2026-01-24 11:44:24.553029 | Epoch:140 | LR: 0.0000496 | Loss : 0.0138 | Val loss: 0.0152
2026-01-24 11:44:46.624820 | Epoch:141 | LR: 0.0000496 | Loss : 0.0135 | Val loss: 0.0135
2026-01-24 11:45:08.615965 | Epoch:142 | LR: 0.0000496 | Loss : 0.0130 | Val loss: 0.0130
2026-01-24 11:45:30.713716 | Epoch:143 | LR: 0.0000496 | Loss : 0.0130 | Val loss: 0.0132
2026-01-24 11:45:52.845904 | Epoch:144 | LR: 0.0000496 | Loss : 0.0127 | Val loss: 0.0131
2026-01-24 11:46:18.542037 | Epoch:145 | LR: 0.0000496 | Loss : 0.0130 | Val loss: 0.0129
2026-01-24 11:46:44.170461 | Epoch:146 | LR: 0.0000496 | Loss : 0.0128 | Val loss: 0.0130
2026-01-24 11:47:06.384833 | Epoch:147 | LR: 0.0000496 | Loss : 0.0132 | Val loss: 0.0120
2026-01-24 11:47:32.253919 | Epoch:148 | LR: 0.0000496 | Loss : 0.0125 | Val loss: 0.0130
2026-01-24 11:47:54.351796 | Epoch:149 | LR: 0.0000496 | Loss : 0.0127 | Val loss: 0.0145
2026-01-24 11:48:16.495933 | Epoch:150 | LR: 0.0000496 | Loss : 0.0128 | Val loss: 0.0124
2026-01-24 11:48:42.220170 | Epoch:151 | LR: 0.0000496 | Loss : 0.0123 | Val loss: 0.0124
2026-01-24 11:49:04.301035 | Epoch:152 | LR: 0.0000495 | Loss : 0.0126 | Val loss: 0.0123
2026-01-24 11:49:26.419329 | Epoch:153 | LR: 0.0000495 | Loss : 0.0120 | Val loss: 0.0123
2026-01-24 11:49:48.551303 | Epoch:154 | LR: 0.0000495 | Loss : 0.0128 | Val loss: 0.0122
2026-01-24 11:50:14.292046 | Epoch:155 | LR: 0.0000495 | Loss : 0.0122 | Val loss: 0.0125
2026-01-24 11:50:36.384507 | Epoch:156 | LR: 0.0000495 | Loss : 0.0123 | Val loss: 0.0136
2026-01-24 11:50:58.431269 | Epoch:157 | LR: 0.0000495 | Loss : 0.0119 | Val loss: 0.0117
2026-01-24 11:51:23.968536 | Epoch:158 | LR: 0.0000495 | Loss : 0.0128 | Val loss: 0.0113
2026-01-24 11:51:49.483432 | Epoch:159 | LR: 0.0000495 | Loss : 0.0117 | Val loss: 0.0130
2026-01-24 11:52:11.514024 | Epoch:160 | LR: 0.0000495 | Loss : 0.0119 | Val loss: 0.0117
2026-01-24 11:52:33.617405 | Epoch:161 | LR: 0.0000495 | Loss : 0.0117 | Val loss: 0.0124
2026-01-24 11:52:55.323659 | Epoch:162 | LR: 0.0000495 | Loss : 0.0116 | Val loss: 0.0122
2026-01-24 11:53:17.288367 | Epoch:163 | LR: 0.0000495 | Loss : 0.0118 | Val loss: 0.0117
2026-01-24 11:53:39.289238 | Epoch:164 | LR: 0.0000495 | Loss : 0.0116 | Val loss: 0.0124
2026-01-24 11:54:01.125088 | Epoch:165 | LR: 0.0000495 | Loss : 0.0112 | Val loss: 0.0116
2026-01-24 11:54:23.020536 | Epoch:166 | LR: 0.0000495 | Loss : 0.0121 | Val loss: 0.0129
2026-01-24 11:54:45.011505 | Epoch:167 | LR: 0.0000495 | Loss : 0.0112 | Val loss: 0.0108
2026-01-24 11:55:10.541868 | Epoch:168 | LR: 0.0000494 | Loss : 0.0114 | Val loss: 0.0115
2026-01-24 11:55:32.500729 | Epoch:169 | LR: 0.0000494 | Loss : 0.0114 | Val loss: 0.0108
2026-01-24 11:55:54.566137 | Epoch:170 | LR: 0.0000494 | Loss : 0.0113 | Val loss: 0.0111
2026-01-24 11:56:16.453427 | Epoch:171 | LR: 0.0000494 | Loss : 0.0107 | Val loss: 0.0126
2026-01-24 11:56:38.383427 | Epoch:172 | LR: 0.0000494 | Loss : 0.0111 | Val loss: 0.0107
2026-01-24 11:57:00.480940 | Epoch:173 | LR: 0.0000494 | Loss : 0.0107 | Val loss: 0.0122
2026-01-24 11:57:22.329545 | Epoch:174 | LR: 0.0000494 | Loss : 0.0110 | Val loss: 0.0103
2026-01-24 11:57:48.012325 | Epoch:175 | LR: 0.0000494 | Loss : 0.0113 | Val loss: 0.0104
2026-01-24 11:58:13.580927 | Epoch:176 | LR: 0.0000494 | Loss : 0.0109 | Val loss: 0.0115
2026-01-24 11:58:35.595175 | Epoch:177 | LR: 0.0000494 | Loss : 0.0107 | Val loss: 0.0095
2026-01-24 11:59:01.006342 | Epoch:178 | LR: 0.0000494 | Loss : 0.0107 | Val loss: 0.0112
2026-01-24 11:59:22.957818 | Epoch:179 | LR: 0.0000494 | Loss : 0.0113 | Val loss: 0.0105
2026-01-24 11:59:44.942906 | Epoch:180 | LR: 0.0000494 | Loss : 0.0107 | Val loss: 0.0099
2026-01-24 12:00:10.495350 | Epoch:181 | LR: 0.0000494 | Loss : 0.0103 | Val loss: 0.0108
2026-01-24 12:00:32.430053 | Epoch:182 | LR: 0.0000494 | Loss : 0.0109 | Val loss: 0.0117
2026-01-24 12:00:54.443072 | Epoch:183 | LR: 0.0000493 | Loss : 0.0101 | Val loss: 0.0104
2026-01-24 12:01:16.477859 | Epoch:184 | LR: 0.0000493 | Loss : 0.0104 | Val loss: 0.0121
2026-01-24 12:01:38.256595 | Epoch:185 | LR: 0.0000493 | Loss : 0.0107 | Val loss: 0.0094
2026-01-24 12:02:03.919973 | Epoch:186 | LR: 0.0000493 | Loss : 0.0097 | Val loss: 0.0110
2026-01-24 12:02:25.885551 | Epoch:187 | LR: 0.0000493 | Loss : 0.0109 | Val loss: 0.0101
2026-01-24 12:02:47.788167 | Epoch:188 | LR: 0.0000493 | Loss : 0.0102 | Val loss: 0.0102
2026-01-24 12:03:09.693917 | Epoch:189 | LR: 0.0000493 | Loss : 0.0102 | Val loss: 0.0099
2026-01-24 12:03:31.792736 | Epoch:190 | LR: 0.0000493 | Loss : 0.0101 | Val loss: 0.0100
2026-01-24 12:03:53.713535 | Epoch:191 | LR: 0.0000493 | Loss : 0.0101 | Val loss: 0.0095
2026-01-24 12:04:19.322470 | Epoch:192 | LR: 0.0000493 | Loss : 0.0099 | Val loss: 0.0093
2026-01-24 12:04:41.352769 | Epoch:193 | LR: 0.0000493 | Loss : 0.0097 | Val loss: 0.0126
2026-01-24 12:05:03.466075 | Epoch:194 | LR: 0.0000493 | Loss : 0.0100 | Val loss: 0.0096
2026-01-24 12:05:25.271760 | Epoch:195 | LR: 0.0000493 | Loss : 0.0097 | Val loss: 0.0096
2026-01-24 12:05:47.322406 | Epoch:196 | LR: 0.0000493 | Loss : 0.0096 | Val loss: 0.0089
2026-01-24 12:06:12.897805 | Epoch:197 | LR: 0.0000492 | Loss : 0.0097 | Val loss: 0.0091
2026-01-24 12:06:34.771930 | Epoch:198 | LR: 0.0000492 | Loss : 0.0100 | Val loss: 0.0097
2026-01-24 12:06:56.807273 | Epoch:199 | LR: 0.0000492 | Loss : 0.0096 | Val loss: 0.0091
2026-01-24 12:07:18.817942 | Epoch:200 | LR: 0.0000492 | Loss : 0.0095 | Val loss: 0.0092
2026-01-24 12:07:40.711229 | Epoch:201 | LR: 0.0000492 | Loss : 0.0092 | Val loss: 0.0105
2026-01-24 12:08:02.618945 | Epoch:202 | LR: 0.0000492 | Loss : 0.0092 | Val loss: 0.0116
2026-01-24 12:08:24.774926 | Epoch:203 | LR: 0.0000492 | Loss : 0.0101 | Val loss: 0.0095
2026-01-24 12:08:46.665809 | Epoch:204 | LR: 0.0000492 | Loss : 0.0089 | Val loss: 0.0086
2026-01-24 12:10:07.992232 | Epoch:205 | LR: 0.0000492 | Loss : 0.0091 | Val loss: 0.0094
2026-01-24 12:10:30.168891 | Epoch:206 | LR: 0.0000492 | Loss : 0.0093 | Val loss: 0.0093
2026-01-24 12:10:52.142735 | Epoch:207 | LR: 0.0000492 | Loss : 0.0091 | Val loss: 0.0091
2026-01-24 12:11:14.344238 | Epoch:208 | LR: 0.0000492 | Loss : 0.0092 | Val loss: 0.0089
2026-01-24 12:11:36.398240 | Epoch:209 | LR: 0.0000491 | Loss : 0.0091 | Val loss: 0.0086
2026-01-24 12:12:01.966774 | Epoch:210 | LR: 0.0000491 | Loss : 0.0089 | Val loss: 0.0083
2026-01-24 12:12:28.233783 | Epoch:211 | LR: 0.0000491 | Loss : 0.0095 | Val loss: 0.0094
2026-01-24 12:12:50.366770 | Epoch:212 | LR: 0.0000491 | Loss : 0.0085 | Val loss: 0.0099
2026-01-24 12:13:12.321592 | Epoch:213 | LR: 0.0000491 | Loss : 0.0087 | Val loss: 0.0081
2026-01-24 12:13:38.044945 | Epoch:214 | LR: 0.0000491 | Loss : 0.0092 | Val loss: 0.0086
2026-01-24 12:14:00.035552 | Epoch:215 | LR: 0.0000491 | Loss : 0.0097 | Val loss: 0.0090
2026-01-24 12:14:22.108630 | Epoch:216 | LR: 0.0000491 | Loss : 0.0078 | Val loss: 0.0078
2026-01-24 12:14:47.968746 | Epoch:217 | LR: 0.0000491 | Loss : 0.0089 | Val loss: 0.0097
2026-01-24 12:15:10.001761 | Epoch:218 | LR: 0.0000491 | Loss : 0.0087 | Val loss: 0.0084
2026-01-24 12:15:32.168353 | Epoch:219 | LR: 0.0000491 | Loss : 0.0082 | Val loss: 0.0081
2026-01-24 12:15:57.584097 | Epoch:220 | LR: 0.0000491 | Loss : 0.0084 | Val loss: 0.0086
2026-01-24 12:16:19.647761 | Epoch:221 | LR: 0.0000490 | Loss : 0.0088 | Val loss: 0.0083
2026-01-24 12:16:41.773882 | Epoch:222 | LR: 0.0000490 | Loss : 0.0086 | Val loss: 0.0076
2026-01-24 12:17:03.804428 | Epoch:223 | LR: 0.0000490 | Loss : 0.0084 | Val loss: 0.0084
2026-01-24 12:17:25.823137 | Epoch:224 | LR: 0.0000490 | Loss : 0.0082 | Val loss: 0.0093
2026-01-24 12:17:47.982152 | Epoch:225 | LR: 0.0000490 | Loss : 0.0079 | Val loss: 0.0080
2026-01-24 12:18:10.195202 | Epoch:226 | LR: 0.0000490 | Loss : 0.0091 | Val loss: 0.0084
2026-01-24 12:18:32.278633 | Epoch:227 | LR: 0.0000490 | Loss : 0.0078 | Val loss: 0.0077
2026-01-24 12:18:58.256780 | Epoch:228 | LR: 0.0000490 | Loss : 0.0083 | Val loss: 0.0074
2026-01-24 12:19:20.560234 | Epoch:229 | LR: 0.0000490 | Loss : 0.0083 | Val loss: 0.0089
2026-01-24 12:19:42.624115 | Epoch:230 | LR: 0.0000490 | Loss : 0.0082 | Val loss: 0.0113
2026-01-24 12:20:04.711249 | Epoch:231 | LR: 0.0000490 | Loss : 0.0080 | Val loss: 0.0073
2026-01-24 12:20:27.075673 | Epoch:232 | LR: 0.0000490 | Loss : 0.0081 | Val loss: 0.0100
2026-01-24 12:20:49.082391 | Epoch:233 | LR: 0.0000489 | Loss : 0.0087 | Val loss: 0.0080
2026-01-24 12:21:11.302710 | Epoch:234 | LR: 0.0000489 | Loss : 0.0081 | Val loss: 0.0078
2026-01-24 12:21:33.509606 | Epoch:235 | LR: 0.0000489 | Loss : 0.0075 | Val loss: 0.0074
2026-01-24 12:21:55.545702 | Epoch:236 | LR: 0.0000489 | Loss : 0.0087 | Val loss: 0.0082
2026-01-24 12:22:17.867822 | Epoch:237 | LR: 0.0000489 | Loss : 0.0079 | Val loss: 0.0068
2026-01-24 12:22:43.485262 | Epoch:238 | LR: 0.0000489 | Loss : 0.0081 | Val loss: 0.0082
2026-01-24 12:23:05.523100 | Epoch:239 | LR: 0.0000489 | Loss : 0.0076 | Val loss: 0.0071
2026-01-24 12:23:27.746294 | Epoch:240 | LR: 0.0000489 | Loss : 0.0079 | Val loss: 0.0088
2026-01-24 12:23:49.880432 | Epoch:241 | LR: 0.0000489 | Loss : 0.0077 | Val loss: 0.0089
2026-01-24 12:24:11.916691 | Epoch:242 | LR: 0.0000489 | Loss : 0.0083 | Val loss: 0.0073
2026-01-24 12:24:33.806518 | Epoch:243 | LR: 0.0000488 | Loss : 0.0070 | Val loss: 0.0067
2026-01-24 12:24:59.916351 | Epoch:244 | LR: 0.0000488 | Loss : 0.0083 | Val loss: 0.0072
2026-01-24 12:25:21.945423 | Epoch:245 | LR: 0.0000488 | Loss : 0.0076 | Val loss: 0.0086
2026-01-24 12:25:44.007512 | Epoch:246 | LR: 0.0000488 | Loss : 0.0074 | Val loss: 0.0112
2026-01-24 12:26:06.081586 | Epoch:247 | LR: 0.0000488 | Loss : 0.0080 | Val loss: 0.0071
2026-01-24 12:26:28.174185 | Epoch:248 | LR: 0.0000488 | Loss : 0.0073 | Val loss: 0.0068
2026-01-24 12:26:50.026022 | Epoch:249 | LR: 0.0000488 | Loss : 0.0079 | Val loss: 0.0081
2026-01-24 12:27:12.003462 | Epoch:250 | LR: 0.0000488 | Loss : 0.0071 | Val loss: 0.0088
2026-01-24 12:27:34.093754 | Epoch:251 | LR: 0.0000488 | Loss : 0.0079 | Val loss: 0.0071
2026-01-24 12:27:55.929604 | Epoch:252 | LR: 0.0000488 | Loss : 0.0073 | Val loss: 0.0080
2026-01-24 12:28:17.897594 | Epoch:253 | LR: 0.0000488 | Loss : 0.0072 | Val loss: 0.0078
2026-01-24 12:28:40.063097 | Epoch:254 | LR: 0.0000487 | Loss : 0.0074 | Val loss: 0.0075
2026-01-24 12:29:01.822106 | Epoch:255 | LR: 0.0000487 | Loss : 0.0073 | Val loss: 0.0067
2026-01-24 12:29:23.970839 | Epoch:256 | LR: 0.0000487 | Loss : 0.0067 | Val loss: 0.0066
2026-01-24 12:29:49.479902 | Epoch:257 | LR: 0.0000487 | Loss : 0.0071 | Val loss: 0.0075
2026-01-24 12:30:11.280474 | Epoch:258 | LR: 0.0000487 | Loss : 0.0076 | Val loss: 0.0076
2026-01-24 12:30:33.322159 | Epoch:259 | LR: 0.0000487 | Loss : 0.0076 | Val loss: 0.0069
2026-01-24 12:30:55.363834 | Epoch:260 | LR: 0.0000487 | Loss : 0.0070 | Val loss: 0.0087
2026-01-24 12:31:17.275572 | Epoch:261 | LR: 0.0000487 | Loss : 0.0073 | Val loss: 0.0072
2026-01-24 12:31:39.188487 | Epoch:262 | LR: 0.0000487 | Loss : 0.0069 | Val loss: 0.0102
2026-01-24 12:32:01.311732 | Epoch:263 | LR: 0.0000487 | Loss : 0.0076 | Val loss: 0.0062
2026-01-24 12:32:27.180418 | Epoch:264 | LR: 0.0000486 | Loss : 0.0068 | Val loss: 0.0073
2026-01-24 12:32:49.107186 | Epoch:265 | LR: 0.0000486 | Loss : 0.0071 | Val loss: 0.0063
2026-01-24 12:33:11.188614 | Epoch:266 | LR: 0.0000486 | Loss : 0.0069 | Val loss: 0.0062
2026-01-24 12:33:36.728942 | Epoch:267 | LR: 0.0000486 | Loss : 0.0077 | Val loss: 0.0071
2026-01-24 12:33:58.528832 | Epoch:268 | LR: 0.0000486 | Loss : 0.0064 | Val loss: 0.0061
2026-01-24 12:34:24.550953 | Epoch:269 | LR: 0.0000486 | Loss : 0.0068 | Val loss: 0.0067
2026-01-24 12:34:46.586267 | Epoch:270 | LR: 0.0000486 | Loss : 0.0066 | Val loss: 0.0066
2026-01-24 12:35:08.445683 | Epoch:271 | LR: 0.0000486 | Loss : 0.0072 | Val loss: 0.0072
2026-01-24 12:35:30.490327 | Epoch:272 | LR: 0.0000486 | Loss : 0.0068 | Val loss: 0.0067
2026-01-24 12:35:52.639464 | Epoch:273 | LR: 0.0000485 | Loss : 0.0071 | Val loss: 0.0086
2026-01-24 12:36:14.527799 | Epoch:274 | LR: 0.0000485 | Loss : 0.0065 | Val loss: 0.0059
2026-01-24 12:36:39.943991 | Epoch:275 | LR: 0.0000485 | Loss : 0.0071 | Val loss: 0.0071
2026-01-24 12:37:02.052686 | Epoch:276 | LR: 0.0000485 | Loss : 0.0064 | Val loss: 0.0063
2026-01-24 12:37:24.169746 | Epoch:277 | LR: 0.0000485 | Loss : 0.0070 | Val loss: 0.0070
2026-01-24 12:37:45.965760 | Epoch:278 | LR: 0.0000485 | Loss : 0.0064 | Val loss: 0.0073
2026-01-24 12:38:08.097669 | Epoch:279 | LR: 0.0000485 | Loss : 0.0064 | Val loss: 0.0074
2026-01-24 12:38:30.136922 | Epoch:280 | LR: 0.0000485 | Loss : 0.0066 | Val loss: 0.0067
2026-01-24 12:38:52.058361 | Epoch:281 | LR: 0.0000485 | Loss : 0.0071 | Val loss: 0.0067
2026-01-24 12:39:14.013380 | Epoch:282 | LR: 0.0000485 | Loss : 0.0070 | Val loss: 0.0073
2026-01-24 12:39:36.111089 | Epoch:283 | LR: 0.0000484 | Loss : 0.0067 | Val loss: 0.0064
2026-01-24 12:39:58.036585 | Epoch:284 | LR: 0.0000484 | Loss : 0.0066 | Val loss: 0.0066
2026-01-24 12:40:20.057306 | Epoch:285 | LR: 0.0000484 | Loss : 0.0063 | Val loss: 0.0063
2026-01-24 12:40:42.174272 | Epoch:286 | LR: 0.0000484 | Loss : 0.0064 | Val loss: 0.0066
2026-01-24 12:41:04.041725 | Epoch:287 | LR: 0.0000484 | Loss : 0.0063 | Val loss: 0.0064
2026-01-24 12:41:26.193342 | Epoch:288 | LR: 0.0000484 | Loss : 0.0069 | Val loss: 0.0066
2026-01-24 12:41:48.230151 | Epoch:289 | LR: 0.0000484 | Loss : 0.0063 | Val loss: 0.0054
2026-01-24 12:42:14.084076 | Epoch:290 | LR: 0.0000484 | Loss : 0.0080 | Val loss: 0.0066
2026-01-24 12:42:36.335822 | Epoch:291 | LR: 0.0000484 | Loss : 0.0063 | Val loss: 0.0053
2026-01-24 12:43:02.085287 | Epoch:292 | LR: 0.0000483 | Loss : 0.0058 | Val loss: 0.0057
2026-01-24 12:43:24.106169 | Epoch:293 | LR: 0.0000483 | Loss : 0.0065 | Val loss: 0.0068
2026-01-24 12:43:46.358736 | Epoch:294 | LR: 0.0000483 | Loss : 0.0067 | Val loss: 0.0059
2026-01-24 12:44:08.498995 | Epoch:295 | LR: 0.0000483 | Loss : 0.0060 | Val loss: 0.0057
2026-01-24 12:44:30.653933 | Epoch:296 | LR: 0.0000483 | Loss : 0.0062 | Val loss: 0.0074
2026-01-24 12:44:52.676951 | Epoch:297 | LR: 0.0000483 | Loss : 0.0061 | Val loss: 0.0061
2026-01-24 12:45:15.006233 | Epoch:298 | LR: 0.0000483 | Loss : 0.0065 | Val loss: 0.0072
2026-01-24 12:45:37.047259 | Epoch:299 | LR: 0.0000483 | Loss : 0.0059 | Val loss: 0.0058
2026-01-24 12:45:59.101555 | Epoch:300 | LR: 0.0000483 | Loss : 0.0063 | Val loss: 0.0079
2026-01-24 12:46:21.433356 | Epoch:301 | LR: 0.0000482 | Loss : 0.0059 | Val loss: 0.0057
2026-01-24 12:46:43.462535 | Epoch:302 | LR: 0.0000482 | Loss : 0.0069 | Val loss: 0.0074
2026-01-24 12:47:05.645287 | Epoch:303 | LR: 0.0000482 | Loss : 0.0060 | Val loss: 0.0054
2026-01-24 12:47:31.900596 | Epoch:304 | LR: 0.0000482 | Loss : 0.0059 | Val loss: 0.0055
2026-01-24 12:47:54.081406 | Epoch:305 | LR: 0.0000482 | Loss : 0.0057 | Val loss: 0.0060
2026-01-24 12:48:16.210273 | Epoch:306 | LR: 0.0000482 | Loss : 0.0060 | Val loss: 0.0075
2026-01-24 12:48:38.356150 | Epoch:307 | LR: 0.0000482 | Loss : 0.0063 | Val loss: 0.0054
2026-01-24 12:50:00.823427 | Epoch:308 | LR: 0.0000482 | Loss : 0.0060 | Val loss: 0.0079
2026-01-24 12:50:23.086027 | Epoch:309 | LR: 0.0000481 | Loss : 0.0064 | Val loss: 0.0068
2026-01-24 12:50:45.342818 | Epoch:310 | LR: 0.0000481 | Loss : 0.0061 | Val loss: 0.0050
2026-01-24 12:51:11.196631 | Epoch:311 | LR: 0.0000481 | Loss : 0.0056 | Val loss: 0.0057
2026-01-24 12:51:33.316223 | Epoch:312 | LR: 0.0000481 | Loss : 0.0057 | Val loss: 0.0059
2026-01-24 12:51:55.647495 | Epoch:313 | LR: 0.0000481 | Loss : 0.0063 | Val loss: 0.0061
2026-01-24 12:52:17.707950 | Epoch:314 | LR: 0.0000481 | Loss : 0.0103 | Val loss: 0.0098
2026-01-24 12:52:40.118066 | Epoch:315 | LR: 0.0000481 | Loss : 0.0065 | Val loss: 0.0050
2026-01-24 12:53:06.443201 | Epoch:316 | LR: 0.0000481 | Loss : 0.0053 | Val loss: 0.0048
2026-01-24 12:53:32.402603 | Epoch:317 | LR: 0.0000480 | Loss : 0.0050 | Val loss: 0.0076
2026-01-24 12:53:54.782237 | Epoch:318 | LR: 0.0000480 | Loss : 0.0057 | Val loss: 0.0057
2026-01-24 12:54:16.824288 | Epoch:319 | LR: 0.0000480 | Loss : 0.0063 | Val loss: 0.0058
2026-01-24 12:54:38.989037 | Epoch:320 | LR: 0.0000480 | Loss : 0.0052 | Val loss: 0.0058
2026-01-24 12:55:01.278099 | Epoch:321 | LR: 0.0000480 | Loss : 0.0058 | Val loss: 0.0056
2026-01-24 12:55:23.304808 | Epoch:322 | LR: 0.0000480 | Loss : 0.0055 | Val loss: 0.0053
2026-01-24 12:55:45.764268 | Epoch:323 | LR: 0.0000480 | Loss : 0.0053 | Val loss: 0.0077
2026-01-24 12:56:07.792973 | Epoch:324 | LR: 0.0000480 | Loss : 0.0061 | Val loss: 0.0056
2026-01-24 12:56:30.013572 | Epoch:325 | LR: 0.0000480 | Loss : 0.0058 | Val loss: 0.0054
2026-01-24 12:56:52.381765 | Epoch:326 | LR: 0.0000479 | Loss : 0.0054 | Val loss: 0.0055
2026-01-24 12:57:14.786812 | Epoch:327 | LR: 0.0000479 | Loss : 0.0055 | Val loss: 0.0051
2026-01-24 12:57:39.585604 | Epoch:328 | LR: 0.0000479 | Loss : 0.0058 | Val loss: 0.0057
2026-01-24 12:58:02.143258 | Epoch:329 | LR: 0.0000479 | Loss : 0.0056 | Val loss: 0.0054
2026-01-24 12:58:25.206743 | Epoch:330 | LR: 0.0000479 | Loss : 0.0058 | Val loss: 0.0059
2026-01-24 12:58:47.941879 | Epoch:331 | LR: 0.0000479 | Loss : 0.0056 | Val loss: 0.0072
2026-01-24 12:59:10.644615 | Epoch:332 | LR: 0.0000479 | Loss : 0.0054 | Val loss: 0.0051
2026-01-24 12:59:33.262800 | Epoch:333 | LR: 0.0000479 | Loss : 0.0056 | Val loss: 0.0066
2026-01-24 12:59:55.626648 | Epoch:334 | LR: 0.0000478 | Loss : 0.0056 | Val loss: 0.0056
2026-01-24 13:00:17.915523 | Epoch:335 | LR: 0.0000478 | Loss : 0.0057 | Val loss: 0.0075
2026-01-24 13:00:40.415837 | Epoch:336 | LR: 0.0000478 | Loss : 0.0073 | Val loss: 0.0059
2026-01-24 13:01:02.551998 | Epoch:337 | LR: 0.0000478 | Loss : 0.0051 | Val loss: 0.0049
2026-01-24 13:01:24.996037 | Epoch:338 | LR: 0.0000478 | Loss : 0.0051 | Val loss: 0.0056
2026-01-24 13:01:47.225112 | Epoch:339 | LR: 0.0000478 | Loss : 0.0056 | Val loss: 0.0060
2026-01-24 13:02:09.506472 | Epoch:340 | LR: 0.0000478 | Loss : 0.0054 | Val loss: 0.0050
2026-01-24 13:02:31.576673 | Epoch:341 | LR: 0.0000477 | Loss : 0.0055 | Val loss: 0.0054
2026-01-24 13:02:53.794264 | Epoch:342 | LR: 0.0000477 | Loss : 0.0048 | Val loss: 0.0055
2026-01-24 13:03:16.074006 | Epoch:343 | LR: 0.0000477 | Loss : 0.0059 | Val loss: 0.0061
2026-01-24 13:03:37.969340 | Epoch:344 | LR: 0.0000477 | Loss : 0.0051 | Val loss: 0.0046
2026-01-24 13:04:04.344450 | Epoch:345 | LR: 0.0000477 | Loss : 0.0054 | Val loss: 0.0048
2026-01-24 13:04:26.614908 | Epoch:346 | LR: 0.0000477 | Loss : 0.0054 | Val loss: 0.0051
2026-01-24 13:04:48.611494 | Epoch:347 | LR: 0.0000477 | Loss : 0.0052 | Val loss: 0.0050
2026-01-24 13:05:10.778127 | Epoch:348 | LR: 0.0000477 | Loss : 0.0055 | Val loss: 0.0060
2026-01-24 13:05:32.747417 | Epoch:349 | LR: 0.0000476 | Loss : 0.0055 | Val loss: 0.0052
2026-01-24 13:05:55.022157 | Epoch:350 | LR: 0.0000476 | Loss : 0.0052 | Val loss: 0.0055
2026-01-24 13:06:16.890092 | Epoch:351 | LR: 0.0000476 | Loss : 0.0072 | Val loss: 0.0133
2026-01-24 13:06:39.065118 | Epoch:352 | LR: 0.0000476 | Loss : 0.0084 | Val loss: 0.0072
2026-01-24 13:07:01.200257 | Epoch:353 | LR: 0.0000476 | Loss : 0.0059 | Val loss: 0.0058
2026-01-24 13:07:23.151843 | Epoch:354 | LR: 0.0000476 | Loss : 0.0050 | Val loss: 0.0046
2026-01-24 13:07:45.109212 | Epoch:355 | LR: 0.0000476 | Loss : 0.0045 | Val loss: 0.0042
2026-01-24 13:08:11.085334 | Epoch:356 | LR: 0.0000475 | Loss : 0.0050 | Val loss: 0.0056
2026-01-24 13:08:33.329837 | Epoch:357 | LR: 0.0000475 | Loss : 0.0047 | Val loss: 0.0043
2026-01-24 13:08:55.313978 | Epoch:358 | LR: 0.0000475 | Loss : 0.0047 | Val loss: 0.0047
2026-01-24 13:09:17.266034 | Epoch:359 | LR: 0.0000475 | Loss : 0.0048 | Val loss: 0.0050
2026-01-24 13:09:39.453176 | Epoch:360 | LR: 0.0000475 | Loss : 0.0063 | Val loss: 0.0061
2026-01-24 13:10:01.476407 | Epoch:361 | LR: 0.0000475 | Loss : 0.0053 | Val loss: 0.0048
2026-01-24 13:10:23.519077 | Epoch:362 | LR: 0.0000475 | Loss : 0.0048 | Val loss: 0.0045
2026-01-24 13:10:45.450495 | Epoch:363 | LR: 0.0000475 | Loss : 0.0047 | Val loss: 0.0047
2026-01-24 13:11:07.628039 | Epoch:364 | LR: 0.0000474 | Loss : 0.0056 | Val loss: 0.0052
2026-01-24 13:11:29.833792 | Epoch:365 | LR: 0.0000474 | Loss : 0.0049 | Val loss: 0.0047
2026-01-24 13:11:51.752797 | Epoch:366 | LR: 0.0000474 | Loss : 0.0051 | Val loss: 0.0061
2026-01-24 13:12:13.901309 | Epoch:367 | LR: 0.0000474 | Loss : 0.0049 | Val loss: 0.0042
2026-01-24 13:12:36.038069 | Epoch:368 | LR: 0.0000474 | Loss : 0.0054 | Val loss: 0.0059
2026-01-24 13:12:57.920436 | Epoch:369 | LR: 0.0000474 | Loss : 0.0053 | Val loss: 0.0045
2026-01-24 13:13:20.200009 | Epoch:370 | LR: 0.0000474 | Loss : 0.0047 | Val loss: 0.0048
2026-01-24 13:13:42.151389 | Epoch:371 | LR: 0.0000473 | Loss : 0.0045 | Val loss: 0.0040
2026-01-24 13:14:04.289950 | Epoch:372 | LR: 0.0000473 | Loss : 0.0055 | Val loss: 0.0054
2026-01-24 13:14:26.450976 | Epoch:373 | LR: 0.0000473 | Loss : 0.0051 | Val loss: 0.0051
2026-01-24 13:14:48.415980 | Epoch:374 | LR: 0.0000473 | Loss : 0.0057 | Val loss: 0.0053
2026-01-24 13:15:10.659196 | Epoch:375 | LR: 0.0000473 | Loss : 0.0053 | Val loss: 0.0046
2026-01-24 13:15:32.539501 | Epoch:376 | LR: 0.0000473 | Loss : 0.0053 | Val loss: 0.0044
2026-01-24 13:15:54.690598 | Epoch:377 | LR: 0.0000473 | Loss : 0.0066 | Val loss: 0.0114
2026-01-24 13:16:16.819500 | Epoch:378 | LR: 0.0000472 | Loss : 0.0117 | Val loss: 0.0089
2026-01-24 13:16:38.670052 | Epoch:379 | LR: 0.0000472 | Loss : 0.0057 | Val loss: 0.0045
2026-01-24 13:17:00.924149 | Epoch:380 | LR: 0.0000472 | Loss : 0.0046 | Val loss: 0.0050
2026-01-24 13:17:22.836079 | Epoch:381 | LR: 0.0000472 | Loss : 0.0042 | Val loss: 0.0040
2026-01-24 13:17:48.891545 | Epoch:382 | LR: 0.0000472 | Loss : 0.0043 | Val loss: 0.0041
2026-01-24 13:18:10.698579 | Epoch:383 | LR: 0.0000472 | Loss : 0.0043 | Val loss: 0.0040
2026-01-24 13:18:33.012067 | Epoch:384 | LR: 0.0000472 | Loss : 0.0042 | Val loss: 0.0045
2026-01-24 13:18:55.008936 | Epoch:385 | LR: 0.0000471 | Loss : 0.0046 | Val loss: 0.0050
2026-01-24 13:19:17.127945 | Epoch:386 | LR: 0.0000471 | Loss : 0.0042 | Val loss: 0.0044
2026-01-24 13:19:39.390759 | Epoch:387 | LR: 0.0000471 | Loss : 0.0053 | Val loss: 0.0050
2026-01-24 13:20:01.368253 | Epoch:388 | LR: 0.0000471 | Loss : 0.0044 | Val loss: 0.0041
2026-01-24 13:20:23.728893 | Epoch:389 | LR: 0.0000471 | Loss : 0.0047 | Val loss: 0.0042
2026-01-24 13:20:45.646221 | Epoch:390 | LR: 0.0000471 | Loss : 0.0047 | Val loss: 0.0045
2026-01-24 13:21:07.841178 | Epoch:391 | LR: 0.0000471 | Loss : 0.0052 | Val loss: 0.0048
2026-01-24 13:21:30.084538 | Epoch:392 | LR: 0.0000470 | Loss : 0.0048 | Val loss: 0.0046
2026-01-24 13:21:52.038419 | Epoch:393 | LR: 0.0000470 | Loss : 0.0062 | Val loss: 0.0063
2026-01-24 13:22:14.446063 | Epoch:394 | LR: 0.0000470 | Loss : 0.0051 | Val loss: 0.0049
2026-01-24 13:22:36.450956 | Epoch:395 | LR: 0.0000470 | Loss : 0.0044 | Val loss: 0.0048
2026-01-24 13:22:58.720573 | Epoch:396 | LR: 0.0000470 | Loss : 0.0041 | Val loss: 0.0041
2026-01-24 13:23:24.960223 | Epoch:397 | LR: 0.0000470 | Loss : 0.0049 | Val loss: 0.0044
2026-01-24 13:23:47.014107 | Epoch:398 | LR: 0.0000469 | Loss : 0.0047 | Val loss: 0.0052
2026-01-24 13:24:09.296525 | Epoch:399 | LR: 0.0000469 | Loss : 0.0053 | Val loss: 0.0043
2026-01-24 13:24:31.425296 | Epoch:400 | LR: 0.0000469 | Loss : 0.0044 | Val loss: 0.0049
2026-01-24 13:24:53.455126 | Epoch:401 | LR: 0.0000469 | Loss : 0.0045 | Val loss: 0.0047
2026-01-24 13:25:15.745194 | Epoch:402 | LR: 0.0000469 | Loss : 0.0047 | Val loss: 0.0048
2026-01-24 13:25:37.801674 | Epoch:403 | LR: 0.0000469 | Loss : 0.0043 | Val loss: 0.0045
2026-01-24 13:26:00.055107 | Epoch:404 | LR: 0.0000469 | Loss : 0.0064 | Val loss: 0.0061
2026-01-24 13:26:22.271542 | Epoch:405 | LR: 0.0000468 | Loss : 0.0044 | Val loss: 0.0041
2026-01-24 13:26:44.328316 | Epoch:406 | LR: 0.0000468 | Loss : 0.0039 | Val loss: 0.0052
2026-01-24 13:27:06.482661 | Epoch:407 | LR: 0.0000468 | Loss : 0.0047 | Val loss: 0.0056
2026-01-24 13:27:28.726361 | Epoch:408 | LR: 0.0000468 | Loss : 0.0043 | Val loss: 0.0040
2026-01-24 13:28:52.507049 | Epoch:409 | LR: 0.0000468 | Loss : 0.0043 | Val loss: 0.0038
2026-01-24 13:29:18.201940 | Epoch:410 | LR: 0.0000468 | Loss : 0.0045 | Val loss: 0.0050
2026-01-24 13:29:40.444511 | Epoch:411 | LR: 0.0000467 | Loss : 0.0047 | Val loss: 0.0048
2026-01-24 13:30:02.713714 | Epoch:412 | LR: 0.0000467 | Loss : 0.0044 | Val loss: 0.0038
2026-01-24 13:30:24.743003 | Epoch:413 | LR: 0.0000467 | Loss : 0.0049 | Val loss: 0.0062
2026-01-24 13:30:47.056708 | Epoch:414 | LR: 0.0000467 | Loss : 0.0048 | Val loss: 0.0045
2026-01-24 13:31:09.145546 | Epoch:415 | LR: 0.0000467 | Loss : 0.0044 | Val loss: 0.0040
2026-01-24 13:31:31.440116 | Epoch:416 | LR: 0.0000467 | Loss : 0.0050 | Val loss: 0.0065
2026-01-24 13:31:53.366594 | Epoch:417 | LR: 0.0000467 | Loss : 0.0056 | Val loss: 0.0053
2026-01-24 13:32:15.415441 | Epoch:418 | LR: 0.0000466 | Loss : 0.0053 | Val loss: 0.0047
2026-01-24 13:32:37.458671 | Epoch:419 | LR: 0.0000466 | Loss : 0.0050 | Val loss: 0.0043
2026-01-24 13:32:59.418971 | Epoch:420 | LR: 0.0000466 | Loss : 0.0042 | Val loss: 0.0040
2026-01-24 13:33:25.744568 | Epoch:421 | LR: 0.0000466 | Loss : 0.0041 | Val loss: 0.0040
2026-01-24 13:33:47.883753 | Epoch:422 | LR: 0.0000466 | Loss : 0.0040 | Val loss: 0.0038
2026-01-24 13:34:09.790434 | Epoch:423 | LR: 0.0000466 | Loss : 0.0043 | Val loss: 0.0046
2026-01-24 13:34:32.100337 | Epoch:424 | LR: 0.0000465 | Loss : 0.0046 | Val loss: 0.0051
2026-01-24 13:34:54.117948 | Epoch:425 | LR: 0.0000465 | Loss : 0.0041 | Val loss: 0.0039
2026-01-24 13:35:16.263641 | Epoch:426 | LR: 0.0000465 | Loss : 0.0042 | Val loss: 0.0044
2026-01-24 13:35:38.489412 | Epoch:427 | LR: 0.0000465 | Loss : 0.0048 | Val loss: 0.0041
2026-01-24 13:36:00.503091 | Epoch:428 | LR: 0.0000465 | Loss : 0.0049 | Val loss: 0.0044
2026-01-24 13:36:22.729716 | Epoch:429 | LR: 0.0000465 | Loss : 0.0042 | Val loss: 0.0047
2026-01-24 13:36:44.735214 | Epoch:430 | LR: 0.0000464 | Loss : 0.0043 | Val loss: 0.0044
2026-01-24 13:37:06.819510 | Epoch:431 | LR: 0.0000464 | Loss : 0.0044 | Val loss: 0.0037
2026-01-24 13:37:28.845442 | Epoch:432 | LR: 0.0000464 | Loss : 0.0042 | Val loss: 0.0049
2026-01-24 13:37:51.004144 | Epoch:433 | LR: 0.0000464 | Loss : 0.0040 | Val loss: 0.0039
2026-01-24 13:38:12.932529 | Epoch:434 | LR: 0.0000464 | Loss : 0.0041 | Val loss: 0.0048
2026-01-24 13:38:35.104591 | Epoch:435 | LR: 0.0000464 | Loss : 0.0045 | Val loss: 0.0038
2026-01-24 13:39:01.196580 | Epoch:436 | LR: 0.0000464 | Loss : 0.0045 | Val loss: 0.0050
2026-01-24 13:39:23.338940 | Epoch:437 | LR: 0.0000463 | Loss : 0.0053 | Val loss: 0.0042
2026-01-24 13:39:45.251826 | Epoch:438 | LR: 0.0000463 | Loss : 0.0050 | Val loss: 0.0057
2026-01-24 13:40:07.336973 | Epoch:439 | LR: 0.0000463 | Loss : 0.0054 | Val loss: 0.0054
2026-01-24 13:40:29.299741 | Epoch:440 | LR: 0.0000463 | Loss : 0.0073 | Val loss: 0.0149
2026-01-24 13:40:51.298295 | Epoch:441 | LR: 0.0000463 | Loss : 0.0080 | Val loss: 0.0046
2026-01-24 13:41:13.287348 | Epoch:442 | LR: 0.0000463 | Loss : 0.0041 | Val loss: 0.0050
2026-01-24 13:41:35.266053 | Epoch:443 | LR: 0.0000462 | Loss : 0.0038 | Val loss: 0.0036
2026-01-24 13:41:57.375232 | Epoch:444 | LR: 0.0000462 | Loss : 0.0036 | Val loss: 0.0034
2026-01-24 13:42:23.120093 | Epoch:445 | LR: 0.0000462 | Loss : 0.0039 | Val loss: 0.0037
2026-01-24 13:42:45.271820 | Epoch:446 | LR: 0.0000462 | Loss : 0.0037 | Val loss: 0.0038
2026-01-24 13:43:07.300517 | Epoch:447 | LR: 0.0000462 | Loss : 0.0039 | Val loss: 0.0038
2026-01-24 13:43:29.194694 | Epoch:448 | LR: 0.0000462 | Loss : 0.0046 | Val loss: 0.0039
2026-01-24 13:43:51.236204 | Epoch:449 | LR: 0.0000461 | Loss : 0.0038 | Val loss: 0.0038
2026-01-24 13:44:13.348560 | Epoch:450 | LR: 0.0000461 | Loss : 0.0041 | Val loss: 0.0047
2026-01-24 13:44:35.274599 | Epoch:451 | LR: 0.0000461 | Loss : 0.0045 | Val loss: 0.0053
2026-01-24 13:44:57.359504 | Epoch:452 | LR: 0.0000461 | Loss : 0.0081 | Val loss: 0.0134
2026-01-24 13:45:19.543600 | Epoch:453 | LR: 0.0000461 | Loss : 0.0065 | Val loss: 0.0085
2026-01-24 13:45:41.514634 | Epoch:454 | LR: 0.0000461 | Loss : 0.0051 | Val loss: 0.0044
2026-01-24 13:46:03.700999 | Epoch:455 | LR: 0.0000460 | Loss : 0.0044 | Val loss: 0.0038
2026-01-24 13:46:25.518892 | Epoch:456 | LR: 0.0000460 | Loss : 0.0036 | Val loss: 0.0034
2026-01-24 13:46:47.484779 | Epoch:457 | LR: 0.0000460 | Loss : 0.0041 | Val loss: 0.0037
2026-01-24 13:47:09.617419 | Epoch:458 | LR: 0.0000460 | Loss : 0.0036 | Val loss: 0.0047
2026-01-24 13:47:31.421248 | Epoch:459 | LR: 0.0000460 | Loss : 0.0038 | Val loss: 0.0039
2026-01-24 13:47:53.639726 | Epoch:460 | LR: 0.0000459 | Loss : 0.0037 | Val loss: 0.0037
2026-01-24 13:48:15.621397 | Epoch:461 | LR: 0.0000459 | Loss : 0.0041 | Val loss: 0.0046
2026-01-24 13:48:37.594074 | Epoch:462 | LR: 0.0000459 | Loss : 0.0045 | Val loss: 0.0045
2026-01-24 13:48:59.687233 | Epoch:463 | LR: 0.0000459 | Loss : 0.0040 | Val loss: 0.0036
2026-01-24 13:49:21.545824 | Epoch:464 | LR: 0.0000459 | Loss : 0.0035 | Val loss: 0.0050
2026-01-24 13:49:43.662327 | Epoch:465 | LR: 0.0000459 | Loss : 0.0042 | Val loss: 0.0044
2026-01-24 13:50:05.771021 | Epoch:466 | LR: 0.0000458 | Loss : 0.0042 | Val loss: 0.0036
2026-01-24 13:50:27.820161 | Epoch:467 | LR: 0.0000458 | Loss : 0.0042 | Val loss: 0.0037
2026-01-24 13:50:50.190493 | Epoch:468 | LR: 0.0000458 | Loss : 0.0040 | Val loss: 0.0054
2026-01-24 13:51:12.106344 | Epoch:469 | LR: 0.0000458 | Loss : 0.0044 | Val loss: 0.0046
2026-01-24 13:51:34.325554 | Epoch:470 | LR: 0.0000458 | Loss : 0.0042 | Val loss: 0.0037
2026-01-24 13:51:56.462293 | Epoch:471 | LR: 0.0000458 | Loss : 0.0035 | Val loss: 0.0038
2026-01-24 13:52:18.524400 | Epoch:472 | LR: 0.0000457 | Loss : 0.0040 | Val loss: 0.0036
2026-01-24 13:52:40.847831 | Epoch:473 | LR: 0.0000457 | Loss : 0.0039 | Val loss: 0.0040
2026-01-24 13:53:02.824867 | Epoch:474 | LR: 0.0000457 | Loss : 0.0036 | Val loss: 0.0050
2026-01-24 13:53:25.099869 | Epoch:475 | LR: 0.0000457 | Loss : 0.0048 | Val loss: 0.0040
2026-01-24 13:53:47.186771 | Epoch:476 | LR: 0.0000457 | Loss : 0.0037 | Val loss: 0.0037
2026-01-24 13:54:09.199179 | Epoch:477 | LR: 0.0000457 | Loss : 0.0039 | Val loss: 0.0047
2026-01-24 13:54:31.484366 | Epoch:478 | LR: 0.0000456 | Loss : 0.0048 | Val loss: 0.0055
2026-01-24 13:54:53.374794 | Epoch:479 | LR: 0.0000456 | Loss : 0.0088 | Val loss: 0.0067
2026-01-24 13:55:15.526562 | Epoch:480 | LR: 0.0000456 | Loss : 0.0057 | Val loss: 0.0073
2026-01-24 13:55:37.645633 | Epoch:481 | LR: 0.0000456 | Loss : 0.0041 | Val loss: 0.0033
2026-01-24 13:56:03.470179 | Epoch:482 | LR: 0.0000456 | Loss : 0.0034 | Val loss: 0.0033
2026-01-24 13:56:29.554416 | Epoch:483 | LR: 0.0000455 | Loss : 0.0035 | Val loss: 0.0033
2026-01-24 13:56:51.781749 | Epoch:484 | LR: 0.0000455 | Loss : 0.0038 | Val loss: 0.0041
2026-01-24 13:57:13.829461 | Epoch:485 | LR: 0.0000455 | Loss : 0.0034 | Val loss: 0.0033
2026-01-24 13:57:36.025473 | Epoch:486 | LR: 0.0000455 | Loss : 0.0036 | Val loss: 0.0035
2026-01-24 13:57:57.994969 | Epoch:487 | LR: 0.0000455 | Loss : 0.0039 | Val loss: 0.0036
2026-01-24 13:58:20.216704 | Epoch:488 | LR: 0.0000455 | Loss : 0.0037 | Val loss: 0.0034
2026-01-24 13:58:42.281580 | Epoch:489 | LR: 0.0000454 | Loss : 0.0039 | Val loss: 0.0065
2026-01-24 13:59:23.609291 | Epoch:490 | LR: 0.0000454 | Loss : 0.0042 | Val loss: 0.0038
2026-01-24 13:59:54.775819 | Epoch:491 | LR: 0.0000454 | Loss : 0.0037 | Val loss: 0.0036
2026-01-24 14:00:17.624350 | Epoch:492 | LR: 0.0000454 | Loss : 0.0035 | Val loss: 0.0044
2026-01-24 14:01:03.123045 | Epoch:493 | LR: 0.0000454 | Loss : 0.0097 | Val loss: 0.0089
2026-01-24 14:01:49.013830 | Epoch:494 | LR: 0.0000453 | Loss : 0.0056 | Val loss: 0.0044
2026-01-24 14:02:34.626332 | Epoch:495 | LR: 0.0000453 | Loss : 0.0037 | Val loss: 0.0033
2026-01-24 14:03:20.636604 | Epoch:496 | LR: 0.0000453 | Loss : 0.0034 | Val loss: 0.0033
2026-01-24 14:04:10.680533 | Epoch:497 | LR: 0.0000453 | Loss : 0.0034 | Val loss: 0.0035
2026-01-24 14:04:56.611383 | Epoch:498 | LR: 0.0000453 | Loss : 0.0036 | Val loss: 0.0034
2026-01-24 14:05:42.241007 | Epoch:499 | LR: 0.0000453 | Loss : 0.0035 | Val loss: 0.0033
2026-01-24 14:06:27.993288 | Epoch:500 | LR: 0.0000452 | Loss : 0.0037 | Val loss: 0.0039
2026-01-24 14:07:13.884159 | Epoch:501 | LR: 0.0000452 | Loss : 0.0039 | Val loss: 0.0040
2026-01-24 14:07:59.693364 | Epoch:502 | LR: 0.0000452 | Loss : 0.0039 | Val loss: 0.0036
2026-01-24 14:08:44.670940 | Epoch:503 | LR: 0.0000452 | Loss : 0.0035 | Val loss: 0.0034
2026-01-24 14:09:30.186058 | Epoch:504 | LR: 0.0000452 | Loss : 0.0040 | Val loss: 0.0035
2026-01-24 14:10:15.783350 | Epoch:505 | LR: 0.0000451 | Loss : 0.0038 | Val loss: 0.0043
2026-01-24 14:10:46.808827 | Epoch:506 | LR: 0.0000451 | Loss : 0.0040 | Val loss: 0.0038
2026-01-24 14:11:08.725940 | Epoch:507 | LR: 0.0000451 | Loss : 0.0037 | Val loss: 0.0040
2026-01-24 14:11:30.842459 | Epoch:508 | LR: 0.0000451 | Loss : 0.0036 | Val loss: 0.0038
2026-01-24 14:11:52.774173 | Epoch:509 | LR: 0.0000451 | Loss : 0.0037 | Val loss: 0.0043
2026-01-24 14:12:15.066535 | Epoch:510 | LR: 0.0000451 | Loss : 0.0041 | Val loss: 0.0045
2026-01-24 14:12:39.478318 | Epoch:511 | LR: 0.0000450 | Loss : 0.0038 | Val loss: 0.0034
2026-01-24 14:13:04.295394 | Epoch:512 | LR: 0.0000450 | Loss : 0.0033 | Val loss: 0.0036
2026-01-24 14:13:29.494672 | Epoch:513 | LR: 0.0000450 | Loss : 0.0034 | Val loss: 0.0040
2026-01-24 14:13:54.392427 | Epoch:514 | LR: 0.0000450 | Loss : 0.0048 | Val loss: 0.0035
2026-01-24 14:14:25.679003 | Epoch:515 | LR: 0.0000450 | Loss : 0.0033 | Val loss: 0.0033
2026-01-24 14:14:59.440249 | Epoch:516 | LR: 0.0000449 | Loss : 0.0036 | Val loss: 0.0034
2026-01-24 14:15:22.809025 | Epoch:517 | LR: 0.0000449 | Loss : 0.0035 | Val loss: 0.0045
2026-01-24 14:15:49.128269 | Epoch:518 | LR: 0.0000449 | Loss : 0.0044 | Val loss: 0.0036
2026-01-24 14:16:11.924898 | Epoch:519 | LR: 0.0000449 | Loss : 0.0043 | Val loss: 0.0052
2026-01-24 14:16:34.513341 | Epoch:520 | LR: 0.0000449 | Loss : 0.0083 | Val loss: 0.0066
2026-01-24 14:16:56.798300 | Epoch:521 | LR: 0.0000448 | Loss : 0.0054 | Val loss: 0.0037
2026-01-24 14:17:19.119366 | Epoch:522 | LR: 0.0000448 | Loss : 0.0034 | Val loss: 0.0032
2026-01-24 14:17:41.354475 | Epoch:523 | LR: 0.0000448 | Loss : 0.0033 | Val loss: 0.0032
2026-01-24 14:18:03.751932 | Epoch:524 | LR: 0.0000448 | Loss : 0.0033 | Val loss: 0.0034
2026-01-24 14:18:25.755311 | Epoch:525 | LR: 0.0000448 | Loss : 0.0032 | Val loss: 0.0031
2026-01-24 14:18:48.323781 | Epoch:526 | LR: 0.0000447 | Loss : 0.0033 | Val loss: 0.0050
2026-01-24 14:19:10.586543 | Epoch:527 | LR: 0.0000447 | Loss : 0.0037 | Val loss: 0.0033
2026-01-24 14:19:32.547559 | Epoch:528 | LR: 0.0000447 | Loss : 0.0035 | Val loss: 0.0034
2026-01-24 14:19:54.708431 | Epoch:529 | LR: 0.0000447 | Loss : 0.0039 | Val loss: 0.0046
2026-01-24 14:20:16.720546 | Epoch:530 | LR: 0.0000447 | Loss : 0.0041 | Val loss: 0.0042
2026-01-24 14:20:38.763325 | Epoch:531 | LR: 0.0000447 | Loss : 0.0044 | Val loss: 0.0039
2026-01-24 14:21:00.612938 | Epoch:532 | LR: 0.0000446 | Loss : 0.9998 | Val loss: 0.3559
2026-01-24 14:21:22.306261 | Epoch:533 | LR: 0.0000446 | Loss : 0.2052 | Val loss: 0.1182
2026-01-24 14:21:44.291820 | Epoch:534 | LR: 0.0000446 | Loss : 0.0918 | Val loss: 0.0711
2026-01-24 14:22:06.197684 | Epoch:535 | LR: 0.0000446 | Loss : 0.0588 | Val loss: 0.0485
2026-01-24 14:22:28.021923 | Epoch:536 | LR: 0.0000446 | Loss : 0.0429 | Val loss: 0.0380
2026-01-24 14:22:49.981519 | Epoch:537 | LR: 0.0000445 | Loss : 0.0357 | Val loss: 0.0373
2026-01-24 14:23:11.666926 | Epoch:538 | LR: 0.0000445 | Loss : 0.0309 | Val loss: 0.0272
2026-01-24 14:23:33.466804 | Epoch:539 | LR: 0.0000445 | Loss : 0.0258 | Val loss: 0.0257
2026-01-24 14:23:55.230222 | Epoch:540 | LR: 0.0000445 | Loss : 0.0246 | Val loss: 0.0221
2026-01-24 14:24:16.780087 | Epoch:541 | LR: 0.0000445 | Loss : 0.0211 | Val loss: 0.0193
2026-01-24 14:24:38.531608 | Epoch:542 | LR: 0.0000444 | Loss : 0.0191 | Val loss: 0.0208
2026-01-24 14:25:00.348752 | Epoch:543 | LR: 0.0000444 | Loss : 0.0208 | Val loss: 0.0199
2026-01-24 14:25:21.937383 | Epoch:544 | LR: 0.0000444 | Loss : 0.0171 | Val loss: 0.0154
2026-01-24 14:25:43.896570 | Epoch:545 | LR: 0.0000444 | Loss : 0.0155 | Val loss: 0.0170
2026-01-24 14:26:05.601281 | Epoch:546 | LR: 0.0000444 | Loss : 0.0148 | Val loss: 0.0145
2026-01-24 14:26:27.470408 | Epoch:547 | LR: 0.0000443 | Loss : 0.0134 | Val loss: 0.0139
2026-01-24 14:26:49.316934 | Epoch:548 | LR: 0.0000443 | Loss : 0.0128 | Val loss: 0.0127
2026-01-24 14:27:10.986615 | Epoch:549 | LR: 0.0000443 | Loss : 0.0124 | Val loss: 0.0125
2026-01-24 14:27:33.091982 | Epoch:550 | LR: 0.0000443 | Loss : 0.0120 | Val loss: 0.0117
2026-01-24 14:27:54.705862 | Epoch:551 | LR: 0.0000443 | Loss : 0.0114 | Val loss: 0.0108
2026-01-24 14:28:16.634855 | Epoch:552 | LR: 0.0000442 | Loss : 0.0110 | Val loss: 0.0107
2026-01-24 14:28:38.472725 | Epoch:553 | LR: 0.0000442 | Loss : 0.0103 | Val loss: 0.0115
2026-01-24 14:29:00.109863 | Epoch:554 | LR: 0.0000442 | Loss : 0.0102 | Val loss: 0.0107
2026-01-24 14:29:22.146717 | Epoch:555 | LR: 0.0000442 | Loss : 0.0100 | Val loss: 0.0110
2026-01-24 14:29:44.058571 | Epoch:556 | LR: 0.0000442 | Loss : 0.0100 | Val loss: 0.0101
2026-01-24 14:30:05.857631 | Epoch:557 | LR: 0.0000441 | Loss : 0.0095 | Val loss: 0.0111
2026-01-24 14:30:27.862587 | Epoch:558 | LR: 0.0000441 | Loss : 0.0094 | Val loss: 0.0092
2026-01-24 14:30:49.668764 | Epoch:559 | LR: 0.0000441 | Loss : 0.0095 | Val loss: 0.0095
2026-01-24 14:31:11.528307 | Epoch:560 | LR: 0.0000441 | Loss : 0.0088 | Val loss: 0.0085
2026-01-24 14:31:33.290200 | Epoch:561 | LR: 0.0000441 | Loss : 0.0088 | Val loss: 0.0094
2026-01-24 14:31:54.893829 | Epoch:562 | LR: 0.0000440 | Loss : 0.0090 | Val loss: 0.0089
2026-01-24 14:32:16.722404 | Epoch:563 | LR: 0.0000440 | Loss : 0.0086 | Val loss: 0.0084
2026-01-24 14:32:38.536810 | Epoch:564 | LR: 0.0000440 | Loss : 0.0083 | Val loss: 0.0084
2026-01-24 14:33:00.301466 | Epoch:565 | LR: 0.0000440 | Loss : 0.0085 | Val loss: 0.0084
2026-01-24 14:33:22.239884 | Epoch:566 | LR: 0.0000440 | Loss : 0.0085 | Val loss: 0.0079
2026-01-24 14:33:44.032868 | Epoch:567 | LR: 0.0000439 | Loss : 0.0082 | Val loss: 0.0082
2026-01-24 14:34:05.763092 | Epoch:568 | LR: 0.0000439 | Loss : 0.0079 | Val loss: 0.0085
2026-01-24 14:34:27.646319 | Epoch:569 | LR: 0.0000439 | Loss : 0.0076 | Val loss: 0.0087
2026-01-24 14:34:49.272147 | Epoch:570 | LR: 0.0000439 | Loss : 0.0083 | Val loss: 0.0094
2026-01-24 14:35:11.173128 | Epoch:571 | LR: 0.0000439 | Loss : 0.0076 | Val loss: 0.0078
2026-01-24 14:35:32.845403 | Epoch:572 | LR: 0.0000438 | Loss : 0.0079 | Val loss: 0.0075
2026-01-24 14:35:54.652781 | Epoch:573 | LR: 0.0000438 | Loss : 0.0073 | Val loss: 0.0076
2026-01-24 14:36:16.487573 | Epoch:574 | LR: 0.0000438 | Loss : 0.0073 | Val loss: 0.0087
2026-01-24 14:36:38.067994 | Epoch:575 | LR: 0.0000438 | Loss : 0.0076 | Val loss: 0.0074
2026-01-24 14:36:59.957305 | Epoch:576 | LR: 0.0000437 | Loss : 0.0072 | Val loss: 0.0070
2026-01-24 14:37:21.748375 | Epoch:577 | LR: 0.0000437 | Loss : 0.0078 | Val loss: 0.0071
2026-01-24 14:37:43.464438 | Epoch:578 | LR: 0.0000437 | Loss : 0.0068 | Val loss: 0.0066
2026-01-24 14:38:05.442204 | Epoch:579 | LR: 0.0000437 | Loss : 0.0079 | Val loss: 0.0072
2026-01-24 14:38:27.184946 | Epoch:580 | LR: 0.0000437 | Loss : 0.0066 | Val loss: 0.0070
2026-01-24 14:38:49.180506 | Epoch:581 | LR: 0.0000436 | Loss : 0.0070 | Val loss: 0.0082
2026-01-24 14:39:11.371956 | Epoch:582 | LR: 0.0000436 | Loss : 0.0068 | Val loss: 0.0066
2026-01-24 14:39:33.314653 | Epoch:583 | LR: 0.0000436 | Loss : 0.0068 | Val loss: 0.0066
2026-01-24 14:39:55.394167 | Epoch:584 | LR: 0.0000436 | Loss : 0.0068 | Val loss: 0.0063
2026-01-24 14:40:17.385327 | Epoch:585 | LR: 0.0000436 | Loss : 0.0072 | Val loss: 0.0063
2026-01-24 14:40:39.512361 | Epoch:586 | LR: 0.0000435 | Loss : 0.0067 | Val loss: 0.0063
2026-01-24 14:41:01.598597 | Epoch:587 | LR: 0.0000435 | Loss : 0.0068 | Val loss: 0.0066
2026-01-24 14:41:23.590457 | Epoch:588 | LR: 0.0000435 | Loss : 0.0073 | Val loss: 0.0064
2026-01-24 14:41:45.621265 | Epoch:589 | LR: 0.0000435 | Loss : 0.0062 | Val loss: 0.0068
2026-01-24 14:42:07.707727 | Epoch:590 | LR: 0.0000435 | Loss : 0.0068 | Val loss: 0.0068
2026-01-24 14:42:29.623479 | Epoch:591 | LR: 0.0000434 | Loss : 0.0064 | Val loss: 0.0062
2026-01-24 14:42:52.411538 | Epoch:592 | LR: 0.0000434 | Loss : 0.0071 | Val loss: 0.0068
2026-01-24 14:43:14.669310 | Epoch:593 | LR: 0.0000434 | Loss : 0.0064 | Val loss: 0.0061
2026-01-24 14:43:37.349016 | Epoch:594 | LR: 0.0000434 | Loss : 0.0059 | Val loss: 0.0057
2026-01-24 14:44:00.822606 | Epoch:595 | LR: 0.0000433 | Loss : 0.0061 | Val loss: 0.0077
2026-01-24 14:44:23.775280 | Epoch:596 | LR: 0.0000433 | Loss : 0.0083 | Val loss: 0.0063
2026-01-24 14:44:46.935982 | Epoch:597 | LR: 0.0000433 | Loss : 0.0058 | Val loss: 0.0058
2026-01-24 14:45:09.696227 | Epoch:598 | LR: 0.0000433 | Loss : 0.0061 | Val loss: 0.0068
2026-01-24 14:45:32.379279 | Epoch:599 | LR: 0.0000433 | Loss : 0.0062 | Val loss: 0.0081
2026-01-24 14:45:55.403161 | Epoch:600 | LR: 0.0000432 | Loss : 0.0060 | Val loss: 0.0057
2026-01-24 14:46:18.081120 | Epoch:601 | LR: 0.0000432 | Loss : 0.0059 | Val loss: 0.0056
2026-01-24 14:46:41.274936 | Epoch:602 | LR: 0.0000432 | Loss : 0.0067 | Val loss: 0.0068
2026-01-24 14:47:04.135872 | Epoch:603 | LR: 0.0000432 | Loss : 0.0062 | Val loss: 0.0094
2026-01-24 14:47:27.289511 | Epoch:604 | LR: 0.0000432 | Loss : 0.0062 | Val loss: 0.0068
2026-01-24 14:47:50.445776 | Epoch:605 | LR: 0.0000431 | Loss : 0.0061 | Val loss: 0.0058
2026-01-24 14:48:13.422997 | Epoch:606 | LR: 0.0000431 | Loss : 0.0054 | Val loss: 0.0054
2026-01-24 14:48:36.308231 | Epoch:607 | LR: 0.0000431 | Loss : 0.0071 | Val loss: 0.0058
2026-01-24 14:48:58.887104 | Epoch:608 | LR: 0.0000431 | Loss : 0.0056 | Val loss: 0.0057
2026-01-24 14:49:22.226455 | Epoch:609 | LR: 0.0000430 | Loss : 0.0057 | Val loss: 0.0053
2026-01-24 14:49:45.805762 | Epoch:610 | LR: 0.0000430 | Loss : 0.0067 | Val loss: 0.0057
2026-01-24 14:50:08.571322 | Epoch:611 | LR: 0.0000430 | Loss : 0.0054 | Val loss: 0.0051
2026-01-24 14:50:31.096788 | Epoch:612 | LR: 0.0000430 | Loss : 0.0058 | Val loss: 0.0067
2026-01-24 14:50:53.666770 | Epoch:613 | LR: 0.0000430 | Loss : 0.0060 | Val loss: 0.0056
2026-01-24 14:51:16.112561 | Epoch:614 | LR: 0.0000429 | Loss : 0.0056 | Val loss: 0.0055
2026-01-24 14:51:38.364607 | Epoch:615 | LR: 0.0000429 | Loss : 0.0062 | Val loss: 0.0055
2026-01-24 14:52:00.577200 | Epoch:616 | LR: 0.0000429 | Loss : 0.0055 | Val loss: 0.0055
2026-01-24 14:52:22.594097 | Epoch:617 | LR: 0.0000429 | Loss : 0.0058 | Val loss: 0.0050
2026-01-24 14:52:44.784889 | Epoch:618 | LR: 0.0000429 | Loss : 0.0059 | Val loss: 0.0054
2026-01-24 14:53:06.539239 | Epoch:619 | LR: 0.0000428 | Loss : 0.0068 | Val loss: 0.0069
2026-01-24 14:53:28.552478 | Epoch:620 | LR: 0.0000428 | Loss : 0.0059 | Val loss: 0.0064
2026-01-24 14:53:50.552626 | Epoch:621 | LR: 0.0000428 | Loss : 0.0052 | Val loss: 0.0057
2026-01-24 14:54:12.379050 | Epoch:622 | LR: 0.0000428 | Loss : 0.0056 | Val loss: 0.0057
2026-01-24 14:54:34.414104 | Epoch:623 | LR: 0.0000427 | Loss : 0.0057 | Val loss: 0.0057
2026-01-24 14:54:56.507471 | Epoch:624 | LR: 0.0000427 | Loss : 0.0053 | Val loss: 0.0051
2026-01-24 14:55:18.340606 | Epoch:625 | LR: 0.0000427 | Loss : 0.0055 | Val loss: 0.0051
2026-01-24 14:55:40.249812 | Epoch:626 | LR: 0.0000427 | Loss : 0.0063 | Val loss: 0.0059
2026-01-24 14:56:02.108422 | Epoch:627 | LR: 0.0000427 | Loss : 0.0051 | Val loss: 0.0087
2026-01-24 14:56:24.150921 | Epoch:628 | LR: 0.0000426 | Loss : 0.0057 | Val loss: 0.0048
2026-01-24 14:56:45.917100 | Epoch:629 | LR: 0.0000426 | Loss : 0.0053 | Val loss: 0.0055
2026-01-24 14:57:08.443839 | Epoch:630 | LR: 0.0000426 | Loss : 0.0055 | Val loss: 0.0089
2026-01-24 14:57:30.858024 | Epoch:631 | LR: 0.0000426 | Loss : 0.0057 | Val loss: 0.0071
2026-01-24 14:57:54.147922 | Epoch:632 | LR: 0.0000425 | Loss : 0.0054 | Val loss: 0.0060
2026-01-24 14:58:17.237225 | Epoch:633 | LR: 0.0000425 | Loss : 0.0053 | Val loss: 0.0048
2026-01-24 14:58:40.410051 | Epoch:634 | LR: 0.0000425 | Loss : 0.0052 | Val loss: 0.0056
2026-01-24 14:59:03.586997 | Epoch:635 | LR: 0.0000425 | Loss : 0.0054 | Val loss: 0.0056
2026-01-24 14:59:26.477827 | Epoch:636 | LR: 0.0000424 | Loss : 0.0054 | Val loss: 0.0055
2026-01-24 14:59:49.693297 | Epoch:637 | LR: 0.0000424 | Loss : 0.0053 | Val loss: 0.0051
2026-01-24 15:00:12.498491 | Epoch:638 | LR: 0.0000424 | Loss : 0.0051 | Val loss: 0.0048
2026-01-24 15:00:36.670440 | Epoch:639 | LR: 0.0000424 | Loss : 0.0053 | Val loss: 0.0052
2026-01-24 15:00:59.707402 | Epoch:640 | LR: 0.0000424 | Loss : 0.0050 | Val loss: 0.0068
2026-01-24 15:01:22.876513 | Epoch:641 | LR: 0.0000423 | Loss : 0.0058 | Val loss: 0.0053
2026-01-24 15:01:45.811078 | Epoch:642 | LR: 0.0000423 | Loss : 0.0047 | Val loss: 0.0046
2026-01-24 15:02:08.801480 | Epoch:643 | LR: 0.0000423 | Loss : 0.0062 | Val loss: 0.0052
2026-01-24 15:02:32.014027 | Epoch:644 | LR: 0.0000423 | Loss : 0.0051 | Val loss: 0.0046
2026-01-24 15:02:54.965923 | Epoch:645 | LR: 0.0000422 | Loss : 0.0046 | Val loss: 0.0054
2026-01-24 15:03:19.119867 | Epoch:646 | LR: 0.0000422 | Loss : 0.0053 | Val loss: 0.0061
2026-01-24 15:03:42.773291 | Epoch:647 | LR: 0.0000422 | Loss : 0.0056 | Val loss: 0.0046
2026-01-24 15:04:06.976163 | Epoch:648 | LR: 0.0000422 | Loss : 0.0055 | Val loss: 0.0050
2026-01-24 15:04:31.683343 | Epoch:649 | LR: 0.0000422 | Loss : 0.0046 | Val loss: 0.0046
2026-01-24 15:04:55.827109 | Epoch:650 | LR: 0.0000421 | Loss : 0.0051 | Val loss: 0.0047
2026-01-24 15:05:19.333408 | Epoch:651 | LR: 0.0000421 | Loss : 0.0053 | Val loss: 0.0056
2026-01-24 15:05:42.462110 | Epoch:652 | LR: 0.0000421 | Loss : 0.0051 | Val loss: 0.0055
2026-01-24 15:06:05.977659 | Epoch:653 | LR: 0.0000421 | Loss : 0.0050 | Val loss: 0.0055
2026-01-24 15:06:29.767162 | Epoch:654 | LR: 0.0000420 | Loss : 0.0048 | Val loss: 0.0047
2026-01-24 15:06:53.164635 | Epoch:655 | LR: 0.0000420 | Loss : 0.0051 | Val loss: 0.0046
2026-01-24 15:07:17.156538 | Epoch:656 | LR: 0.0000420 | Loss : 0.0051 | Val loss: 0.0047
2026-01-24 15:07:40.487669 | Epoch:657 | LR: 0.0000420 | Loss : 0.0048 | Val loss: 0.0052
2026-01-24 15:08:03.929977 | Epoch:658 | LR: 0.0000419 | Loss : 0.0044 | Val loss: 0.0047
2026-01-24 15:08:27.269664 | Epoch:659 | LR: 0.0000419 | Loss : 0.0050 | Val loss: 0.0052
2026-01-24 15:08:50.088420 | Epoch:660 | LR: 0.0000419 | Loss : 0.0057 | Val loss: 0.0054
2026-01-24 15:09:13.085958 | Epoch:661 | LR: 0.0000419 | Loss : 0.0045 | Val loss: 0.0046
2026-01-24 15:09:36.864505 | Epoch:662 | LR: 0.0000419 | Loss : 0.0045 | Val loss: 0.0044
2026-01-24 15:09:59.086150 | Epoch:663 | LR: 0.0000418 | Loss : 0.0049 | Val loss: 0.0059
2026-01-24 15:10:22.664780 | Epoch:664 | LR: 0.0000418 | Loss : 0.0049 | Val loss: 0.0059
2026-01-24 15:10:46.319069 | Epoch:665 | LR: 0.0000418 | Loss : 0.0053 | Val loss: 0.0053
2026-01-24 15:11:09.528722 | Epoch:666 | LR: 0.0000418 | Loss : 0.0051 | Val loss: 0.0050
2026-01-24 15:11:32.535943 | Epoch:667 | LR: 0.0000417 | Loss : 0.0046 | Val loss: 0.0044
2026-01-24 15:11:55.287496 | Epoch:668 | LR: 0.0000417 | Loss : 0.0045 | Val loss: 0.0056
2026-01-24 15:12:18.933786 | Epoch:669 | LR: 0.0000417 | Loss : 0.0051 | Val loss: 0.0052
2026-01-24 15:12:40.806940 | Epoch:670 | LR: 0.0000417 | Loss : 0.0047 | Val loss: 0.0042
2026-01-24 15:13:03.970842 | Epoch:671 | LR: 0.0000416 | Loss : 0.0049 | Val loss: 0.0050
2026-01-24 15:13:27.370059 | Epoch:672 | LR: 0.0000416 | Loss : 0.0045 | Val loss: 0.0045
2026-01-24 15:13:50.057371 | Epoch:673 | LR: 0.0000416 | Loss : 0.0047 | Val loss: 0.0062
2026-01-24 15:14:11.908091 | Epoch:674 | LR: 0.0000416 | Loss : 0.0047 | Val loss: 0.0049
2026-01-24 15:14:33.904873 | Epoch:675 | LR: 0.0000416 | Loss : 0.0045 | Val loss: 0.0060
2026-01-24 15:14:55.929617 | Epoch:676 | LR: 0.0000415 | Loss : 0.0048 | Val loss: 0.0047
2026-01-24 15:15:17.799092 | Epoch:677 | LR: 0.0000415 | Loss : 0.0044 | Val loss: 0.0043
2026-01-24 15:15:39.893243 | Epoch:678 | LR: 0.0000415 | Loss : 0.0049 | Val loss: 0.0045
2026-01-24 15:16:01.545474 | Epoch:679 | LR: 0.0000415 | Loss : 0.0047 | Val loss: 0.0048
2026-01-24 15:16:23.452046 | Epoch:680 | LR: 0.0000414 | Loss : 0.0048 | Val loss: 0.0062
2026-01-24 15:16:45.298306 | Epoch:681 | LR: 0.0000414 | Loss : 0.0048 | Val loss: 0.0050
2026-01-24 15:17:06.896670 | Epoch:682 | LR: 0.0000414 | Loss : 0.0046 | Val loss: 0.0053
2026-01-24 15:17:28.947939 | Epoch:683 | LR: 0.0000414 | Loss : 0.0044 | Val loss: 0.0044
2026-01-24 15:17:50.760136 | Epoch:684 | LR: 0.0000413 | Loss : 0.0042 | Val loss: 0.0045
2026-01-24 15:18:12.711504 | Epoch:685 | LR: 0.0000413 | Loss : 0.0048 | Val loss: 0.0071
2026-01-24 15:18:35.120240 | Epoch:686 | LR: 0.0000413 | Loss : 0.0048 | Val loss: 0.0043
2026-01-24 15:18:57.004332 | Epoch:687 | LR: 0.0000413 | Loss : 0.0047 | Val loss: 0.0042
2026-01-24 15:19:18.793956 | Epoch:688 | LR: 0.0000412 | Loss : 0.0048 | Val loss: 0.0045
2026-01-24 15:19:41.224419 | Epoch:689 | LR: 0.0000412 | Loss : 0.0042 | Val loss: 0.0045
2026-01-24 15:20:02.826930 | Epoch:690 | LR: 0.0000412 | Loss : 0.0043 | Val loss: 0.0041
2026-01-24 15:20:24.794664 | Epoch:691 | LR: 0.0000412 | Loss : 0.0043 | Val loss: 0.0052
2026-01-24 15:20:46.454468 | Epoch:692 | LR: 0.0000411 | Loss : 0.0043 | Val loss: 0.0042
2026-01-24 15:21:08.290634 | Epoch:693 | LR: 0.0000411 | Loss : 0.0047 | Val loss: 0.0046
2026-01-24 15:21:30.151216 | Epoch:694 | LR: 0.0000411 | Loss : 0.0044 | Val loss: 0.0044
2026-01-24 15:21:51.857689 | Epoch:695 | LR: 0.0000411 | Loss : 0.0045 | Val loss: 0.0037
2026-01-24 15:22:16.196786 | Epoch:696 | LR: 0.0000411 | Loss : 0.0047 | Val loss: 0.0045
2026-01-24 15:22:38.535947 | Epoch:697 | LR: 0.0000410 | Loss : 0.0043 | Val loss: 0.0041
2026-01-24 15:23:00.786624 | Epoch:698 | LR: 0.0000410 | Loss : 0.0047 | Val loss: 0.0045
2026-01-24 15:23:22.985514 | Epoch:699 | LR: 0.0000410 | Loss : 0.0041 | Val loss: 0.0044
2026-01-24 15:23:44.747009 | Epoch:700 | LR: 0.0000410 | Loss : 0.0042 | Val loss: 0.0048
2026-01-24 15:24:06.754746 | Epoch:701 | LR: 0.0000409 | Loss : 0.0044 | Val loss: 0.0037
2026-01-24 15:24:28.649387 | Epoch:702 | LR: 0.0000409 | Loss : 0.0046 | Val loss: 0.0061
2026-01-24 15:24:50.446443 | Epoch:703 | LR: 0.0000409 | Loss : 0.0045 | Val loss: 0.0044
2026-01-24 15:25:12.522861 | Epoch:704 | LR: 0.0000409 | Loss : 0.0042 | Val loss: 0.0041
2026-01-24 15:25:34.221587 | Epoch:705 | LR: 0.0000408 | Loss : 0.0043 | Val loss: 0.0045
2026-01-24 15:25:56.208305 | Epoch:706 | LR: 0.0000408 | Loss : 0.0041 | Val loss: 0.0046
2026-01-24 15:26:18.045890 | Epoch:707 | LR: 0.0000408 | Loss : 0.0042 | Val loss: 0.0042
2026-01-24 15:26:39.884600 | Epoch:708 | LR: 0.0000408 | Loss : 0.0044 | Val loss: 0.0043
2026-01-24 15:27:01.809343 | Epoch:709 | LR: 0.0000407 | Loss : 0.0041 | Val loss: 0.0037
2026-01-24 15:27:23.990929 | Epoch:710 | LR: 0.0000407 | Loss : 0.0042 | Val loss: 0.0044
2026-01-24 15:27:46.831713 | Epoch:711 | LR: 0.0000407 | Loss : 0.0045 | Val loss: 0.0053
2026-01-24 15:28:08.724564 | Epoch:712 | LR: 0.0000407 | Loss : 0.0042 | Val loss: 0.0047
2026-01-24 15:28:30.582299 | Epoch:713 | LR: 0.0000406 | Loss : 0.0043 | Val loss: 0.0064
2026-01-24 15:28:52.569166 | Epoch:714 | LR: 0.0000406 | Loss : 0.0045 | Val loss: 0.0040
2026-01-24 15:29:14.429195 | Epoch:715 | LR: 0.0000406 | Loss : 0.0040 | Val loss: 0.0040
2026-01-24 15:29:36.625448 | Epoch:716 | LR: 0.0000406 | Loss : 0.0042 | Val loss: 0.0042
2026-01-24 15:29:58.589397 | Epoch:717 | LR: 0.0000405 | Loss : 0.0045 | Val loss: 0.0041
2026-01-24 15:30:20.592530 | Epoch:718 | LR: 0.0000405 | Loss : 0.0042 | Val loss: 0.0045
2026-01-24 15:30:42.754037 | Epoch:719 | LR: 0.0000405 | Loss : 0.0046 | Val loss: 0.0049
2026-01-24 15:31:04.570725 | Epoch:720 | LR: 0.0000405 | Loss : 0.0042 | Val loss: 0.0037
2026-01-24 15:31:26.599578 | Epoch:721 | LR: 0.0000404 | Loss : 0.0037 | Val loss: 0.0037
2026-01-24 15:31:48.622408 | Epoch:722 | LR: 0.0000404 | Loss : 0.0038 | Val loss: 0.0044
2026-01-24 15:32:10.448519 | Epoch:723 | LR: 0.0000404 | Loss : 0.0045 | Val loss: 0.0045
2026-01-24 15:32:32.674909 | Epoch:724 | LR: 0.0000404 | Loss : 0.0039 | Val loss: 0.0041
2026-01-24 15:32:54.606273 | Epoch:725 | LR: 0.0000403 | Loss : 0.0041 | Val loss: 0.0038
2026-01-24 15:33:16.721585 | Epoch:726 | LR: 0.0000403 | Loss : 0.0043 | Val loss: 0.0036
2026-01-24 15:33:38.739457 | Epoch:727 | LR: 0.0000403 | Loss : 0.0040 | Val loss: 0.0038
2026-01-24 15:34:00.671356 | Epoch:728 | LR: 0.0000403 | Loss : 0.0041 | Val loss: 0.0038
2026-01-24 15:34:22.683802 | Epoch:729 | LR: 0.0000402 | Loss : 0.0037 | Val loss: 0.0039
2026-01-24 15:34:44.743944 | Epoch:730 | LR: 0.0000402 | Loss : 0.0044 | Val loss: 0.0040
2026-01-24 15:35:06.672355 | Epoch:731 | LR: 0.0000402 | Loss : 0.0039 | Val loss: 0.0037
2026-01-24 15:35:28.730067 | Epoch:732 | LR: 0.0000402 | Loss : 0.0042 | Val loss: 0.0036
2026-01-24 15:35:50.566277 | Epoch:733 | LR: 0.0000401 | Loss : 0.0044 | Val loss: 0.0036
2026-01-24 15:36:12.600572 | Epoch:734 | LR: 0.0000401 | Loss : 0.0039 | Val loss: 0.0043
2026-01-24 15:36:34.745790 | Epoch:735 | LR: 0.0000401 | Loss : 0.0045 | Val loss: 0.0042
2026-01-24 15:36:56.473081 | Epoch:736 | LR: 0.0000401 | Loss : 0.0040 | Val loss: 0.0038
2026-01-24 15:37:18.570255 | Epoch:737 | LR: 0.0000400 | Loss : 0.0039 | Val loss: 0.0040
2026-01-24 15:37:40.500599 | Epoch:738 | LR: 0.0000400 | Loss : 0.0042 | Val loss: 0.0037
2026-01-24 15:38:02.318596 | Epoch:739 | LR: 0.0000400 | Loss : 0.0038 | Val loss: 0.0039
2026-01-24 15:38:24.628773 | Epoch:740 | LR: 0.0000400 | Loss : 0.0040 | Val loss: 0.0047
2026-01-24 15:38:46.916272 | Epoch:741 | LR: 0.0000399 | Loss : 0.0043 | Val loss: 0.0041
2026-01-24 15:39:09.206787 | Epoch:742 | LR: 0.0000399 | Loss : 0.0037 | Val loss: 0.0035
2026-01-24 15:39:31.234913 | Epoch:743 | LR: 0.0000399 | Loss : 0.0038 | Val loss: 0.0039
2026-01-24 15:39:53.249144 | Epoch:744 | LR: 0.0000399 | Loss : 0.0039 | Val loss: 0.0035
2026-01-24 15:40:15.241152 | Epoch:745 | LR: 0.0000398 | Loss : 0.0043 | Val loss: 0.0041
2026-01-24 15:40:37.395203 | Epoch:746 | LR: 0.0000398 | Loss : 0.0035 | Val loss: 0.0035
2026-01-24 15:40:59.554704 | Epoch:747 | LR: 0.0000398 | Loss : 0.0038 | Val loss: 0.0036
2026-01-24 15:41:21.572480 | Epoch:748 | LR: 0.0000398 | Loss : 0.0041 | Val loss: 0.0035
2026-01-24 15:41:43.493855 | Epoch:749 | LR: 0.0000397 | Loss : 0.0038 | Val loss: 0.0042
2026-01-24 15:42:05.544007 | Epoch:750 | LR: 0.0000397 | Loss : 0.0042 | Val loss: 0.0049
2026-01-24 15:42:28.883706 | Epoch:751 | LR: 0.0000397 | Loss : 0.0041 | Val loss: 0.0061
2026-01-24 15:42:50.930825 | Epoch:752 | LR: 0.0000397 | Loss : 0.0043 | Val loss: 0.0037
2026-01-24 15:43:13.441073 | Epoch:753 | LR: 0.0000396 | Loss : 0.0036 | Val loss: 0.0040
2026-01-24 15:43:37.158286 | Epoch:754 | LR: 0.0000396 | Loss : 0.0036 | Val loss: 0.0034
2026-01-24 15:44:00.352804 | Epoch:755 | LR: 0.0000396 | Loss : 0.0038 | Val loss: 0.0035
2026-01-24 15:44:22.910900 | Epoch:756 | LR: 0.0000396 | Loss : 0.0037 | Val loss: 0.0036
2026-01-24 15:44:45.085285 | Epoch:757 | LR: 0.0000395 | Loss : 0.0040 | Val loss: 0.0041
2026-01-24 15:45:07.888137 | Epoch:758 | LR: 0.0000395 | Loss : 0.0045 | Val loss: 0.0051
2026-01-24 15:45:30.098503 | Epoch:759 | LR: 0.0000395 | Loss : 0.0039 | Val loss: 0.0034
2026-01-24 15:45:52.101084 | Epoch:760 | LR: 0.0000395 | Loss : 0.0037 | Val loss: 0.0035
2026-01-24 15:46:14.383860 | Epoch:761 | LR: 0.0000394 | Loss : 0.0037 | Val loss: 0.0037
2026-01-24 15:46:36.473111 | Epoch:762 | LR: 0.0000394 | Loss : 0.0049 | Val loss: 0.0074
2026-01-24 15:46:58.778241 | Epoch:763 | LR: 0.0000394 | Loss : 0.1737 | Val loss: 0.0517
2026-01-24 15:47:20.793316 | Epoch:764 | LR: 0.0000394 | Loss : 0.0352 | Val loss: 0.0251
2026-01-24 15:47:42.770591 | Epoch:765 | LR: 0.0000393 | Loss : 0.0214 | Val loss: 0.0184
2026-01-24 15:48:04.866344 | Epoch:766 | LR: 0.0000393 | Loss : 0.0165 | Val loss: 0.0154
2026-01-24 15:48:26.847545 | Epoch:767 | LR: 0.0000393 | Loss : 0.0140 | Val loss: 0.0145
2026-01-24 15:48:48.727945 | Epoch:768 | LR: 0.0000393 | Loss : 0.0124 | Val loss: 0.0112
2026-01-24 15:49:10.872684 | Epoch:769 | LR: 0.0000392 | Loss : 0.0102 | Val loss: 0.0101
2026-01-24 15:49:32.700719 | Epoch:770 | LR: 0.0000392 | Loss : 0.0088 | Val loss: 0.0077
2026-01-24 15:49:54.702241 | Epoch:771 | LR: 0.0000392 | Loss : 0.0074 | Val loss: 0.0069
2026-01-24 15:50:16.749774 | Epoch:772 | LR: 0.0000391 | Loss : 0.0067 | Val loss: 0.0068
2026-01-24 15:50:38.603657 | Epoch:773 | LR: 0.0000391 | Loss : 0.0060 | Val loss: 0.0058
2026-01-24 15:51:00.636471 | Epoch:774 | LR: 0.0000391 | Loss : 0.0060 | Val loss: 0.0055
2026-01-24 15:51:22.541446 | Epoch:775 | LR: 0.0000391 | Loss : 0.0056 | Val loss: 0.0054
2026-01-24 15:51:44.514082 | Epoch:776 | LR: 0.0000390 | Loss : 0.0054 | Val loss: 0.0051
2026-01-24 15:52:06.543979 | Epoch:777 | LR: 0.0000390 | Loss : 0.0055 | Val loss: 0.0055
2026-01-24 15:52:28.223475 | Epoch:778 | LR: 0.0000390 | Loss : 0.0051 | Val loss: 0.0052
2026-01-24 15:52:50.133704 | Epoch:779 | LR: 0.0000390 | Loss : 0.0050 | Val loss: 0.0050
2026-01-24 15:53:12.108619 | Epoch:780 | LR: 0.0000389 | Loss : 0.0048 | Val loss: 0.0049
2026-01-24 15:53:33.796555 | Epoch:781 | LR: 0.0000389 | Loss : 0.0049 | Val loss: 0.0050
2026-01-24 15:53:55.916043 | Epoch:782 | LR: 0.0000389 | Loss : 0.0049 | Val loss: 0.0046
2026-01-24 15:54:17.727982 | Epoch:783 | LR: 0.0000389 | Loss : 0.0047 | Val loss: 0.0044
2026-01-24 15:54:39.674592 | Epoch:784 | LR: 0.0000388 | Loss : 0.0047 | Val loss: 0.0044
2026-01-24 15:55:01.592343 | Epoch:785 | LR: 0.0000388 | Loss : 0.0045 | Val loss: 0.0045
2026-01-24 15:55:23.374622 | Epoch:786 | LR: 0.0000388 | Loss : 0.0047 | Val loss: 0.0045
2026-01-24 15:55:45.305928 | Epoch:787 | LR: 0.0000388 | Loss : 0.0045 | Val loss: 0.0042
2026-01-24 15:56:07.016796 | Epoch:788 | LR: 0.0000387 | Loss : 0.0046 | Val loss: 0.0043
2026-01-24 15:56:29.019971 | Epoch:789 | LR: 0.0000387 | Loss : 0.0045 | Val loss: 0.0043
2026-01-24 15:56:50.778852 | Epoch:790 | LR: 0.0000387 | Loss : 0.0043 | Val loss: 0.0041
2026-01-24 15:57:12.953420 | Epoch:791 | LR: 0.0000387 | Loss : 0.0041 | Val loss: 0.0043
2026-01-24 15:57:34.627463 | Epoch:792 | LR: 0.0000386 | Loss : 0.0044 | Val loss: 0.0042
2026-01-24 15:57:57.735569 | Epoch:793 | LR: 0.0000386 | Loss : 0.0043 | Val loss: 0.0051
2026-01-24 15:58:21.130717 | Epoch:794 | LR: 0.0000386 | Loss : 0.0042 | Val loss: 0.0042
2026-01-24 15:58:44.984074 | Epoch:795 | LR: 0.0000385 | Loss : 0.0041 | Val loss: 0.0039
2026-01-24 15:59:08.591552 | Epoch:796 | LR: 0.0000385 | Loss : 0.0042 | Val loss: 0.0043
2026-01-24 15:59:31.330051 | Epoch:797 | LR: 0.0000385 | Loss : 0.0042 | Val loss: 0.0041
2026-01-24 15:59:53.968452 | Epoch:798 | LR: 0.0000385 | Loss : 0.0043 | Val loss: 0.0063
2026-01-24 16:00:16.279288 | Epoch:799 | LR: 0.0000384 | Loss : 0.0044 | Val loss: 0.0040
2026-01-24 16:00:38.911243 | Epoch:800 | LR: 0.0000384 | Loss : 0.0039 | Val loss: 0.0038
2026-01-24 16:01:01.225907 | Epoch:801 | LR: 0.0000384 | Loss : 0.0045 | Val loss: 0.0041
2026-01-24 16:01:23.396794 | Epoch:802 | LR: 0.0000384 | Loss : 0.0041 | Val loss: 0.0037
2026-01-24 16:01:45.867884 | Epoch:803 | LR: 0.0000383 | Loss : 0.0043 | Val loss: 0.0040
2026-01-24 16:02:07.919397 | Epoch:804 | LR: 0.0000383 | Loss : 0.0038 | Val loss: 0.0036
2026-01-24 16:02:30.132625 | Epoch:805 | LR: 0.0000383 | Loss : 0.0039 | Val loss: 0.0040
2026-01-24 16:02:52.481130 | Epoch:806 | LR: 0.0000383 | Loss : 0.0039 | Val loss: 0.0034
2026-01-24 16:03:14.330883 | Epoch:807 | LR: 0.0000382 | Loss : 0.0039 | Val loss: 0.0039
2026-01-24 16:03:36.635151 | Epoch:808 | LR: 0.0000382 | Loss : 0.0042 | Val loss: 0.0043
2026-01-24 16:03:58.783458 | Epoch:809 | LR: 0.0000382 | Loss : 0.0040 | Val loss: 0.0038
2026-01-24 16:04:20.767547 | Epoch:810 | LR: 0.0000381 | Loss : 0.0037 | Val loss: 0.0037
2026-01-24 16:04:43.108844 | Epoch:811 | LR: 0.0000381 | Loss : 0.0042 | Val loss: 0.0037
2026-01-24 16:05:05.097460 | Epoch:812 | LR: 0.0000381 | Loss : 0.0041 | Val loss: 0.0042
2026-01-24 16:05:27.395871 | Epoch:813 | LR: 0.0000381 | Loss : 0.0037 | Val loss: 0.0039
2026-01-24 16:05:49.380932 | Epoch:814 | LR: 0.0000380 | Loss : 0.0042 | Val loss: 0.0041
2026-01-24 16:06:11.343128 | Epoch:815 | LR: 0.0000380 | Loss : 0.0036 | Val loss: 0.0039
2026-01-24 16:06:33.590545 | Epoch:816 | LR: 0.0000380 | Loss : 0.0040 | Val loss: 0.0038
2026-01-24 16:06:55.694498 | Epoch:817 | LR: 0.0000380 | Loss : 0.0037 | Val loss: 0.0038
2026-01-24 16:07:17.693570 | Epoch:818 | LR: 0.0000379 | Loss : 0.0041 | Val loss: 0.0036
2026-01-24 16:07:39.837518 | Epoch:819 | LR: 0.0000379 | Loss : 0.0040 | Val loss: 0.0035
2026-01-24 16:08:01.783287 | Epoch:820 | LR: 0.0000379 | Loss : 0.0036 | Val loss: 0.0051
2026-01-24 16:08:23.826886 | Epoch:821 | LR: 0.0000379 | Loss : 0.0040 | Val loss: 0.0041
2026-01-24 16:08:46.154109 | Epoch:822 | LR: 0.0000378 | Loss : 0.0040 | Val loss: 0.0041
2026-01-24 16:09:08.379901 | Epoch:823 | LR: 0.0000378 | Loss : 0.0039 | Val loss: 0.0034
2026-01-24 16:09:31.179120 | Epoch:824 | LR: 0.0000378 | Loss : 0.0040 | Val loss: 0.0038
2026-01-24 16:09:53.361224 | Epoch:825 | LR: 0.0000377 | Loss : 0.0037 | Val loss: 0.0052
2026-01-24 16:10:15.906298 | Epoch:826 | LR: 0.0000377 | Loss : 0.0039 | Val loss: 0.0035
2026-01-24 16:10:38.090961 | Epoch:827 | LR: 0.0000377 | Loss : 0.0036 | Val loss: 0.0038
2026-01-24 16:11:00.078382 | Epoch:828 | LR: 0.0000377 | Loss : 0.0039 | Val loss: 0.0042
2026-01-24 16:11:22.383890 | Epoch:829 | LR: 0.0000376 | Loss : 0.0041 | Val loss: 0.0038
2026-01-24 16:11:45.935716 | Epoch:830 | LR: 0.0000376 | Loss : 0.0033 | Val loss: 0.0036
2026-01-24 16:12:08.950321 | Epoch:831 | LR: 0.0000376 | Loss : 0.0046 | Val loss: 0.0036
2026-01-24 16:12:33.303545 | Epoch:832 | LR: 0.0000376 | Loss : 0.0033 | Val loss: 0.0043
2026-01-24 16:12:55.439609 | Epoch:833 | LR: 0.0000375 | Loss : 0.0036 | Val loss: 0.0037
2026-01-24 16:13:17.830595 | Epoch:834 | LR: 0.0000375 | Loss : 0.0037 | Val loss: 0.0035
2026-01-24 16:13:40.105531 | Epoch:835 | LR: 0.0000375 | Loss : 0.0039 | Val loss: 0.0035
2026-01-24 16:14:02.289390 | Epoch:836 | LR: 0.0000374 | Loss : 0.0036 | Val loss: 0.0047
2026-01-24 16:14:24.780156 | Epoch:837 | LR: 0.0000374 | Loss : 0.0039 | Val loss: 0.0039
2026-01-24 16:14:47.439249 | Epoch:838 | LR: 0.0000374 | Loss : 0.0038 | Val loss: 0.0035
2026-01-24 16:15:10.134745 | Epoch:839 | LR: 0.0000374 | Loss : 0.0036 | Val loss: 0.0035
2026-01-24 16:15:33.247194 | Epoch:840 | LR: 0.0000373 | Loss : 0.0035 | Val loss: 0.0043
2026-01-24 16:15:58.196801 | Epoch:841 | LR: 0.0000373 | Loss : 0.0037 | Val loss: 0.0038
2026-01-24 16:16:22.634155 | Epoch:842 | LR: 0.0000373 | Loss : 0.0040 | Val loss: 0.0036
2026-01-24 16:16:46.350817 | Epoch:843 | LR: 0.0000373 | Loss : 0.0035 | Val loss: 0.0035
2026-01-24 16:17:09.874381 | Epoch:844 | LR: 0.0000372 | Loss : 0.0043 | Val loss: 0.0037
2026-01-24 16:17:32.764749 | Epoch:845 | LR: 0.0000372 | Loss : 0.0034 | Val loss: 0.0032
2026-01-24 16:17:55.803000 | Epoch:846 | LR: 0.0000372 | Loss : 0.0038 | Val loss: 0.0038
2026-01-24 16:18:18.973232 | Epoch:847 | LR: 0.0000371 | Loss : 0.0037 | Val loss: 0.0044
2026-01-24 16:18:42.670733 | Epoch:848 | LR: 0.0000371 | Loss : 0.0036 | Val loss: 0.0035
2026-01-24 16:19:07.791957 | Epoch:849 | LR: 0.0000371 | Loss : 0.0037 | Val loss: 0.0033
2026-01-24 16:19:33.568621 | Epoch:850 | LR: 0.0000371 | Loss : 0.0036 | Val loss: 0.0034
2026-01-24 16:19:58.565575 | Epoch:851 | LR: 0.0000370 | Loss : 0.0035 | Val loss: 0.0048
2026-01-24 16:20:22.441775 | Epoch:852 | LR: 0.0000370 | Loss : 0.0037 | Val loss: 0.0042
2026-01-24 16:20:46.279277 | Epoch:853 | LR: 0.0000370 | Loss : 0.0038 | Val loss: 0.0035
2026-01-24 16:21:10.458087 | Epoch:854 | LR: 0.0000370 | Loss : 0.0035 | Val loss: 0.0032
2026-01-24 16:21:35.158817 | Epoch:855 | LR: 0.0000369 | Loss : 0.0036 | Val loss: 0.0033
2026-01-24 16:21:58.800444 | Epoch:856 | LR: 0.0000369 | Loss : 0.0035 | Val loss: 0.0035
2026-01-24 16:22:21.432257 | Epoch:857 | LR: 0.0000369 | Loss : 0.0037 | Val loss: 0.0038
2026-01-24 16:22:43.675374 | Epoch:858 | LR: 0.0000368 | Loss : 0.0035 | Val loss: 0.0033
2026-01-24 16:23:05.954858 | Epoch:859 | LR: 0.0000368 | Loss : 0.0037 | Val loss: 0.0035
2026-01-24 16:23:27.998080 | Epoch:860 | LR: 0.0000368 | Loss : 0.0036 | Val loss: 0.0035
2026-01-24 16:23:49.921688 | Epoch:861 | LR: 0.0000368 | Loss : 0.0036 | Val loss: 0.0035
2026-01-24 16:24:13.139472 | Epoch:862 | LR: 0.0000367 | Loss : 0.0035 | Val loss: 0.0033
2026-01-24 16:24:36.656342 | Epoch:863 | LR: 0.0000367 | Loss : 0.0036 | Val loss: 0.0040
2026-01-24 16:25:00.107476 | Epoch:864 | LR: 0.0000367 | Loss : 0.0033 | Val loss: 0.0034
2026-01-24 16:25:23.961890 | Epoch:865 | LR: 0.0000366 | Loss : 0.0040 | Val loss: 0.0040
2026-01-24 16:25:47.688986 | Epoch:866 | LR: 0.0000366 | Loss : 0.0035 | Val loss: 0.0031
2026-01-24 16:28:36.705205 | Epoch:867 | LR: 0.0000366 | Loss : 0.0035 | Val loss: 0.0040
2026-01-24 16:28:58.818446 | Epoch:868 | LR: 0.0000366 | Loss : 0.0037 | Val loss: 0.0036
2026-01-24 16:29:20.646315 | Epoch:869 | LR: 0.0000365 | Loss : 0.0034 | Val loss: 0.0034
2026-01-24 16:29:42.788958 | Epoch:870 | LR: 0.0000365 | Loss : 0.0035 | Val loss: 0.0037
2026-01-24 16:30:04.689788 | Epoch:871 | LR: 0.0000365 | Loss : 0.0032 | Val loss: 0.0033
2026-01-24 16:30:26.793265 | Epoch:872 | LR: 0.0000365 | Loss : 0.0037 | Val loss: 0.0033
2026-01-24 16:30:48.700786 | Epoch:873 | LR: 0.0000364 | Loss : 0.0033 | Val loss: 0.0058
2026-01-24 16:31:10.794874 | Epoch:874 | LR: 0.0000364 | Loss : 0.0039 | Val loss: 0.0041
2026-01-24 16:31:33.139274 | Epoch:875 | LR: 0.0000364 | Loss : 0.0037 | Val loss: 0.0034
2026-01-24 16:31:55.063949 | Epoch:876 | LR: 0.0000363 | Loss : 0.0034 | Val loss: 0.0032
2026-01-24 16:32:17.382749 | Epoch:877 | LR: 0.0000363 | Loss : 0.0035 | Val loss: 0.0034
2026-01-24 16:32:39.641899 | Epoch:878 | LR: 0.0000363 | Loss : 0.0035 | Val loss: 0.0034
2026-01-24 16:33:01.673015 | Epoch:879 | LR: 0.0000363 | Loss : 0.0036 | Val loss: 0.0034
2026-01-24 16:33:23.968796 | Epoch:880 | LR: 0.0000362 | Loss : 0.0037 | Val loss: 0.0033
2026-01-24 16:33:45.944828 | Epoch:881 | LR: 0.0000362 | Loss : 0.0032 | Val loss: 0.0031
2026-01-24 16:34:08.181957 | Epoch:882 | LR: 0.0000362 | Loss : 0.0038 | Val loss: 0.0037
2026-01-24 16:34:30.330868 | Epoch:883 | LR: 0.0000361 | Loss : 0.0033 | Val loss: 0.0032
2026-01-24 16:34:52.331838 | Epoch:884 | LR: 0.0000361 | Loss : 0.0032 | Val loss: 0.0037
2026-01-24 16:35:14.703700 | Epoch:885 | LR: 0.0000361 | Loss : 0.0037 | Val loss: 0.0033
2026-01-24 16:35:36.639300 | Epoch:886 | LR: 0.0000361 | Loss : 0.0032 | Val loss: 0.0034
2026-01-24 16:35:58.817001 | Epoch:887 | LR: 0.0000360 | Loss : 0.0034 | Val loss: 0.0045
2026-01-24 16:36:21.030191 | Epoch:888 | LR: 0.0000360 | Loss : 0.0034 | Val loss: 0.0031
2026-01-24 16:36:43.089569 | Epoch:889 | LR: 0.0000360 | Loss : 0.0034 | Val loss: 0.0032
2026-01-24 16:37:09.033615 | Epoch:890 | LR: 0.0000359 | Loss : 0.0032 | Val loss: 0.0032
2026-01-24 16:37:36.483570 | Epoch:891 | LR: 0.0000359 | Loss : 0.0040 | Val loss: 0.0035
2026-01-24 16:37:59.546087 | Epoch:892 | LR: 0.0000359 | Loss : 0.0030 | Val loss: 0.0031
2026-01-24 16:38:28.147681 | Epoch:893 | LR: 0.0000359 | Loss : 0.0033 | Val loss: 0.0034
2026-01-24 16:38:51.590646 | Epoch:894 | LR: 0.0000358 | Loss : 0.0036 | Val loss: 0.0032
2026-01-24 16:39:14.898578 | Epoch:895 | LR: 0.0000358 | Loss : 0.0031 | Val loss: 0.0034
2026-01-24 16:39:37.751701 | Epoch:896 | LR: 0.0000358 | Loss : 0.0033 | Val loss: 0.0062
2026-01-24 16:40:01.122692 | Epoch:897 | LR: 0.0000358 | Loss : 0.0036 | Val loss: 0.0033
2026-01-24 16:40:24.116003 | Epoch:898 | LR: 0.0000357 | Loss : 0.0032 | Val loss: 0.0035
2026-01-24 16:40:47.115280 | Epoch:899 | LR: 0.0000357 | Loss : 0.0034 | Val loss: 0.0033
2026-01-24 16:41:10.185834 | Epoch:900 | LR: 0.0000357 | Loss : 0.0035 | Val loss: 0.0031
2026-01-24 16:41:33.104464 | Epoch:901 | LR: 0.0000356 | Loss : 0.0033 | Val loss: 0.0037
2026-01-24 16:41:56.070701 | Epoch:902 | LR: 0.0000356 | Loss : 0.0033 | Val loss: 0.0030
2026-01-24 16:42:19.236363 | Epoch:903 | LR: 0.0000356 | Loss : 0.0032 | Val loss: 0.0033
2026-01-24 16:42:42.033401 | Epoch:904 | LR: 0.0000356 | Loss : 0.0036 | Val loss: 0.0033
2026-01-24 16:43:04.944332 | Epoch:905 | LR: 0.0000355 | Loss : 0.0032 | Val loss: 0.0031
2026-01-24 16:43:28.042376 | Epoch:906 | LR: 0.0000355 | Loss : 0.0034 | Val loss: 0.0031
2026-01-24 16:43:50.875637 | Epoch:907 | LR: 0.0000355 | Loss : 0.0030 | Val loss: 0.0043
2026-01-24 16:44:14.149806 | Epoch:908 | LR: 0.0000354 | Loss : 0.0035 | Val loss: 0.0028
2026-01-24 16:44:43.073982 | Epoch:909 | LR: 0.0000354 | Loss : 0.0030 | Val loss: 0.0032
2026-01-24 16:45:05.884361 | Epoch:910 | LR: 0.0000354 | Loss : 0.0037 | Val loss: 0.0045
2026-01-24 16:45:28.873987 | Epoch:911 | LR: 0.0000354 | Loss : 0.0033 | Val loss: 0.0030
2026-01-24 16:45:51.794360 | Epoch:912 | LR: 0.0000353 | Loss : 0.0031 | Val loss: 0.0028
2026-01-24 16:46:20.611908 | Epoch:913 | LR: 0.0000353 | Loss : 0.0033 | Val loss: 0.0034
2026-01-24 16:46:43.823677 | Epoch:914 | LR: 0.0000353 | Loss : 0.0033 | Val loss: 0.0038
2026-01-24 16:47:06.791677 | Epoch:915 | LR: 0.0000352 | Loss : 0.0033 | Val loss: 0.0030
2026-01-24 16:47:29.674680 | Epoch:916 | LR: 0.0000352 | Loss : 0.0031 | Val loss: 0.0043
2026-01-24 16:47:52.856973 | Epoch:917 | LR: 0.0000352 | Loss : 0.0033 | Val loss: 0.0028
2026-01-24 16:48:22.413859 | Epoch:918 | LR: 0.0000352 | Loss : 0.0034 | Val loss: 0.0035
2026-01-24 16:48:45.676374 | Epoch:919 | LR: 0.0000351 | Loss : 0.0032 | Val loss: 0.0030
2026-01-24 16:49:08.871243 | Epoch:920 | LR: 0.0000351 | Loss : 0.0031 | Val loss: 0.0031
2026-01-24 16:49:32.071642 | Epoch:921 | LR: 0.0000351 | Loss : 0.0034 | Val loss: 0.0039
2026-01-24 16:49:54.988581 | Epoch:922 | LR: 0.0000350 | Loss : 0.0033 | Val loss: 0.0034
2026-01-24 16:50:17.943517 | Epoch:923 | LR: 0.0000350 | Loss : 0.0031 | Val loss: 0.0028
2026-01-24 16:50:40.983277 | Epoch:924 | LR: 0.0000350 | Loss : 0.0033 | Val loss: 0.0031
2026-01-24 16:51:03.640698 | Epoch:925 | LR: 0.0000349 | Loss : 0.0032 | Val loss: 0.0032
2026-01-24 16:51:26.369117 | Epoch:926 | LR: 0.0000349 | Loss : 0.0031 | Val loss: 0.0033
2026-01-24 16:51:49.588422 | Epoch:927 | LR: 0.0000349 | Loss : 0.0031 | Val loss: 0.0031
2026-01-24 16:52:12.258040 | Epoch:928 | LR: 0.0000349 | Loss : 0.0033 | Val loss: 0.0037
2026-01-24 16:52:35.045690 | Epoch:929 | LR: 0.0000348 | Loss : 0.0030 | Val loss: 0.0032
2026-01-24 16:52:57.988782 | Epoch:930 | LR: 0.0000348 | Loss : 0.0030 | Val loss: 0.0032
2026-01-24 16:53:20.628086 | Epoch:931 | LR: 0.0000348 | Loss : 0.0035 | Val loss: 0.0031
2026-01-24 16:53:43.390478 | Epoch:932 | LR: 0.0000347 | Loss : 0.0032 | Val loss: 0.0031
2026-01-24 16:54:06.219212 | Epoch:933 | LR: 0.0000347 | Loss : 0.0031 | Val loss: 0.0030
2026-01-24 16:54:28.973034 | Epoch:934 | LR: 0.0000347 | Loss : 0.0030 | Val loss: 0.0035
2026-01-24 16:54:51.694850 | Epoch:935 | LR: 0.0000347 | Loss : 0.0031 | Val loss: 0.0029
2026-01-24 16:55:14.564354 | Epoch:936 | LR: 0.0000346 | Loss : 0.0033 | Val loss: 0.0035
2026-01-24 16:55:37.311354 | Epoch:937 | LR: 0.0000346 | Loss : 0.0030 | Val loss: 0.0033
2026-01-24 16:56:00.742972 | Epoch:938 | LR: 0.0000346 | Loss : 0.0028 | Val loss: 0.0026
2026-01-24 16:56:28.787353 | Epoch:939 | LR: 0.0000345 | Loss : 0.0033 | Val loss: 0.0027
2026-01-24 16:56:51.604392 | Epoch:940 | LR: 0.0000345 | Loss : 0.0029 | Val loss: 0.0029
2026-01-24 16:57:14.973266 | Epoch:941 | LR: 0.0000345 | Loss : 0.0035 | Val loss: 0.0027
2026-01-24 16:57:37.813170 | Epoch:942 | LR: 0.0000345 | Loss : 0.0030 | Val loss: 0.0034
2026-01-24 16:58:00.661359 | Epoch:943 | LR: 0.0000344 | Loss : 0.0029 | Val loss: 0.0043
2026-01-24 16:58:23.450707 | Epoch:944 | LR: 0.0000344 | Loss : 0.0032 | Val loss: 0.0033
2026-01-24 16:58:46.032191 | Epoch:945 | LR: 0.0000344 | Loss : 0.0033 | Val loss: 0.0035
2026-01-24 16:59:08.735312 | Epoch:946 | LR: 0.0000343 | Loss : 0.0031 | Val loss: 0.0034
2026-01-24 16:59:31.541483 | Epoch:947 | LR: 0.0000343 | Loss : 0.0033 | Val loss: 0.0033
2026-01-24 16:59:54.667874 | Epoch:948 | LR: 0.0000343 | Loss : 0.0029 | Val loss: 0.0032
2026-01-24 17:00:18.099324 | Epoch:949 | LR: 0.0000343 | Loss : 0.0029 | Val loss: 0.0029
2026-01-24 17:00:41.661473 | Epoch:950 | LR: 0.0000342 | Loss : 0.0031 | Val loss: 0.0029
2026-01-24 17:01:04.886790 | Epoch:951 | LR: 0.0000342 | Loss : 0.0030 | Val loss: 0.0029
2026-01-24 17:01:27.601349 | Epoch:952 | LR: 0.0000342 | Loss : 0.0031 | Val loss: 0.0029
2026-01-24 17:01:50.468652 | Epoch:953 | LR: 0.0000341 | Loss : 0.0031 | Val loss: 0.0032
2026-01-24 17:02:12.895386 | Epoch:954 | LR: 0.0000341 | Loss : 0.0029 | Val loss: 0.0028
2026-01-24 17:02:35.924098 | Epoch:955 | LR: 0.0000341 | Loss : 0.0031 | Val loss: 0.0032
2026-01-24 17:02:58.723034 | Epoch:956 | LR: 0.0000340 | Loss : 0.0030 | Val loss: 0.0040
2026-01-24 17:03:21.687372 | Epoch:957 | LR: 0.0000340 | Loss : 0.0034 | Val loss: 0.0031
2026-01-24 17:03:44.311257 | Epoch:958 | LR: 0.0000340 | Loss : 0.0028 | Val loss: 0.0028
2026-01-24 17:04:07.104660 | Epoch:959 | LR: 0.0000340 | Loss : 0.0029 | Val loss: 0.0030
2026-01-24 17:04:29.730859 | Epoch:960 | LR: 0.0000339 | Loss : 0.0034 | Val loss: 0.0031
2026-01-24 17:04:52.567099 | Epoch:961 | LR: 0.0000339 | Loss : 0.0027 | Val loss: 0.0030
2026-01-24 17:05:15.414743 | Epoch:962 | LR: 0.0000339 | Loss : 0.0029 | Val loss: 0.0035
2026-01-24 17:05:38.065190 | Epoch:963 | LR: 0.0000338 | Loss : 0.0033 | Val loss: 0.0028
2026-01-24 17:06:00.748279 | Epoch:964 | LR: 0.0000338 | Loss : 0.0031 | Val loss: 0.0030
2026-01-24 17:06:23.722566 | Epoch:965 | LR: 0.0000338 | Loss : 0.0027 | Val loss: 0.0028
2026-01-24 17:06:46.233455 | Epoch:966 | LR: 0.0000338 | Loss : 0.0029 | Val loss: 0.0029
2026-01-24 17:07:09.018347 | Epoch:967 | LR: 0.0000337 | Loss : 0.0030 | Val loss: 0.0031
2026-01-24 17:07:31.877419 | Epoch:968 | LR: 0.0000337 | Loss : 0.0032 | Val loss: 0.0028
2026-01-24 17:07:54.530479 | Epoch:969 | LR: 0.0000337 | Loss : 0.0029 | Val loss: 0.0047
2026-01-24 17:08:17.488625 | Epoch:970 | LR: 0.0000336 | Loss : 0.0043 | Val loss: 0.0029
2026-01-24 17:08:40.220816 | Epoch:971 | LR: 0.0000336 | Loss : 0.0028 | Val loss: 0.0028
2026-01-24 17:09:03.732829 | Epoch:972 | LR: 0.0000336 | Loss : 0.0027 | Val loss: 0.0030
2026-01-24 17:09:27.527223 | Epoch:973 | LR: 0.0000335 | Loss : 0.0028 | Val loss: 0.0040
2026-01-24 17:09:51.055539 | Epoch:974 | LR: 0.0000335 | Loss : 0.0029 | Val loss: 0.0032
2026-01-24 17:10:14.651872 | Epoch:975 | LR: 0.0000335 | Loss : 0.0028 | Val loss: 0.0028
2026-01-24 17:10:38.241738 | Epoch:976 | LR: 0.0000335 | Loss : 0.0030 | Val loss: 0.0029
2026-01-24 17:11:01.260510 | Epoch:977 | LR: 0.0000334 | Loss : 0.0030 | Val loss: 0.0029
2026-01-24 17:11:24.566501 | Epoch:978 | LR: 0.0000334 | Loss : 0.0028 | Val loss: 0.0028
2026-01-24 17:11:49.048518 | Epoch:979 | LR: 0.0000334 | Loss : 0.0028 | Val loss: 0.0026
2026-01-24 17:15:53.108669 | Epoch:980 | LR: 0.0000333 | Loss : 0.0034 | Val loss: 0.0035
2026-01-24 17:16:16.684022 | Epoch:981 | LR: 0.0000333 | Loss : 0.0029 | Val loss: 0.0027
2026-01-24 17:16:40.187424 | Epoch:982 | LR: 0.0000333 | Loss : 0.0029 | Val loss: 0.0028
2026-01-24 17:17:03.808633 | Epoch:983 | LR: 0.0000333 | Loss : 0.0028 | Val loss: 0.0034
2026-01-24 17:17:27.100797 | Epoch:984 | LR: 0.0000332 | Loss : 0.0028 | Val loss: 0.0028
2026-01-24 17:17:50.516565 | Epoch:985 | LR: 0.0000332 | Loss : 0.0030 | Val loss: 0.0028
2026-01-24 17:18:13.171386 | Epoch:986 | LR: 0.0000332 | Loss : 0.0029 | Val loss: 0.0028
2026-01-24 17:18:36.358553 | Epoch:987 | LR: 0.0000331 | Loss : 0.0027 | Val loss: 0.0026
2026-01-24 17:19:06.095795 | Epoch:988 | LR: 0.0000331 | Loss : 0.0039 | Val loss: 0.0029
2026-01-24 17:19:29.961746 | Epoch:989 | LR: 0.0000331 | Loss : 0.0029 | Val loss: 0.0026
2026-01-24 17:20:00.556244 | Epoch:990 | LR: 0.0000330 | Loss : 0.0027 | Val loss: 0.0027
2026-01-24 17:20:23.920616 | Epoch:991 | LR: 0.0000330 | Loss : 0.0027 | Val loss: 0.0026
2026-01-24 17:20:47.117889 | Epoch:992 | LR: 0.0000330 | Loss : 0.0029 | Val loss: 0.0030
2026-01-24 17:21:10.342294 | Epoch:993 | LR: 0.0000330 | Loss : 0.0032 | Val loss: 0.0028
2026-01-24 17:21:33.424305 | Epoch:994 | LR: 0.0000329 | Loss : 0.0029 | Val loss: 0.0025
2026-01-24 17:22:04.112616 | Epoch:995 | LR: 0.0000329 | Loss : 0.0030 | Val loss: 0.0026
2026-01-24 17:22:27.594599 | Epoch:996 | LR: 0.0000329 | Loss : 0.0027 | Val loss: 0.0035
2026-01-24 17:22:51.346999 | Epoch:997 | LR: 0.0000328 | Loss : 0.0029 | Val loss: 0.0029
2026-01-24 17:23:14.882818 | Epoch:998 | LR: 0.0000328 | Loss : 0.0028 | Val loss: 0.0034
2026-01-24 17:23:38.419732 | Epoch:999 | LR: 0.0000328 | Loss : 0.0031 | Val loss: 0.0026
2026-01-24 17:24:02.172087 | Epoch:1000 | LR: 0.0000327 | Loss : 0.0029 | Val loss: 0.0037
2026-01-24 17:24:25.933486 | Epoch:1001 | LR: 0.0000327 | Loss : 0.0028 | Val loss: 0.0026
2026-01-24 17:24:49.583962 | Epoch:1002 | LR: 0.0000327 | Loss : 0.0027 | Val loss: 0.0028
2026-01-24 17:25:13.381654 | Epoch:1003 | LR: 0.0000327 | Loss : 0.0029 | Val loss: 0.0028
2026-01-24 17:25:37.000673 | Epoch:1004 | LR: 0.0000326 | Loss : 0.0030 | Val loss: 0.0042
2026-01-24 17:26:00.833938 | Epoch:1005 | LR: 0.0000326 | Loss : 0.0032 | Val loss: 0.0028
2026-01-24 17:26:24.352906 | Epoch:1006 | LR: 0.0000326 | Loss : 0.0030 | Val loss: 0.0028
2026-01-24 17:26:48.800665 | Epoch:1007 | LR: 0.0000325 | Loss : 0.0028 | Val loss: 0.0035
2026-01-24 17:27:12.963148 | Epoch:1008 | LR: 0.0000325 | Loss : 0.0029 | Val loss: 0.0026
2026-01-24 17:27:37.314602 | Epoch:1009 | LR: 0.0000325 | Loss : 0.0027 | Val loss: 0.0028
2026-01-24 17:28:02.318631 | Epoch:1010 | LR: 0.0000324 | Loss : 0.0027 | Val loss: 0.0029
2026-01-24 17:28:26.821271 | Epoch:1011 | LR: 0.0000324 | Loss : 0.0028 | Val loss: 0.0027
2026-01-24 17:28:52.850008 | Epoch:1012 | LR: 0.0000324 | Loss : 0.0028 | Val loss: 0.0031
2026-01-24 17:29:18.116896 | Epoch:1013 | LR: 0.0000324 | Loss : 0.0028 | Val loss: 0.0035
2026-01-24 17:29:43.070100 | Epoch:1014 | LR: 0.0000323 | Loss : 0.0029 | Val loss: 0.0025
2026-01-24 17:30:07.399638 | Epoch:1015 | LR: 0.0000323 | Loss : 0.0029 | Val loss: 0.0030
2026-01-24 17:30:31.386337 | Epoch:1016 | LR: 0.0000323 | Loss : 0.0028 | Val loss: 0.0026
2026-01-24 17:30:55.230697 | Epoch:1017 | LR: 0.0000322 | Loss : 0.0028 | Val loss: 0.0038
2026-01-24 17:31:19.396811 | Epoch:1018 | LR: 0.0000322 | Loss : 0.0039 | Val loss: 0.0029
2026-01-24 17:31:43.117560 | Epoch:1019 | LR: 0.0000322 | Loss : 0.0026 | Val loss: 0.0033
2026-01-24 17:32:07.298103 | Epoch:1020 | LR: 0.0000321 | Loss : 0.0028 | Val loss: 0.0026
2026-01-24 17:32:32.549754 | Epoch:1021 | LR: 0.0000321 | Loss : 0.0029 | Val loss: 0.0035
2026-01-24 17:32:56.757723 | Epoch:1022 | LR: 0.0000321 | Loss : 0.0028 | Val loss: 0.0027
2026-01-24 17:33:21.106262 | Epoch:1023 | LR: 0.0000321 | Loss : 0.0026 | Val loss: 0.0026
2026-01-24 17:33:44.644850 | Epoch:1024 | LR: 0.0000320 | Loss : 0.0027 | Val loss: 0.0030
2026-01-24 17:34:08.529771 | Epoch:1025 | LR: 0.0000320 | Loss : 0.0029 | Val loss: 0.0028
2026-01-24 17:34:32.214891 | Epoch:1026 | LR: 0.0000320 | Loss : 0.0029 | Val loss: 0.0026
2026-01-24 17:34:56.851381 | Epoch:1027 | LR: 0.0000319 | Loss : 0.0028 | Val loss: 0.0027
2026-01-24 17:35:21.376238 | Epoch:1028 | LR: 0.0000319 | Loss : 0.0028 | Val loss: 0.0028
2026-01-24 17:35:46.095778 | Epoch:1029 | LR: 0.0000319 | Loss : 0.0027 | Val loss: 0.0025
2026-01-24 17:36:15.361907 | Epoch:1030 | LR: 0.0000318 | Loss : 0.0574 | Val loss: 0.4316
2026-01-24 17:36:39.720580 | Epoch:1031 | LR: 0.0000318 | Loss : 0.1106 | Val loss: 0.0348
2026-01-24 17:37:03.274130 | Epoch:1032 | LR: 0.0000318 | Loss : 0.0253 | Val loss: 0.0194
2026-01-24 17:37:26.298949 | Epoch:1033 | LR: 0.0000318 | Loss : 0.0171 | Val loss: 0.0144
2026-01-24 17:37:49.862009 | Epoch:1034 | LR: 0.0000317 | Loss : 0.0133 | Val loss: 0.0120
2026-01-24 17:38:13.201077 | Epoch:1035 | LR: 0.0000317 | Loss : 0.0111 | Val loss: 0.0098
2026-01-24 17:38:36.258090 | Epoch:1036 | LR: 0.0000317 | Loss : 0.0091 | Val loss: 0.0086
2026-01-24 17:38:59.642714 | Epoch:1037 | LR: 0.0000316 | Loss : 0.0078 | Val loss: 0.0073
2026-01-24 17:39:24.007953 | Epoch:1038 | LR: 0.0000316 | Loss : 0.0071 | Val loss: 0.0068
2026-01-24 17:39:48.074106 | Epoch:1039 | LR: 0.0000316 | Loss : 0.0065 | Val loss: 0.0077
2026-01-24 17:40:11.505692 | Epoch:1040 | LR: 0.0000315 | Loss : 0.0062 | Val loss: 0.0057
2026-01-24 17:40:34.838974 | Epoch:1041 | LR: 0.0000315 | Loss : 0.0055 | Val loss: 0.0055
2026-01-24 17:40:57.716291 | Epoch:1042 | LR: 0.0000315 | Loss : 0.0054 | Val loss: 0.0052
2026-01-24 17:41:21.025152 | Epoch:1043 | LR: 0.0000315 | Loss : 0.0054 | Val loss: 0.0051
2026-01-24 17:41:43.741224 | Epoch:1044 | LR: 0.0000314 | Loss : 0.0051 | Val loss: 0.0053
2026-01-24 17:42:06.600977 | Epoch:1045 | LR: 0.0000314 | Loss : 0.0050 | Val loss: 0.0049
2026-01-24 17:42:29.517726 | Epoch:1046 | LR: 0.0000314 | Loss : 0.0048 | Val loss: 0.0048
2026-01-24 17:42:51.989575 | Epoch:1047 | LR: 0.0000313 | Loss : 0.0048 | Val loss: 0.0046
2026-01-24 17:43:14.954298 | Epoch:1048 | LR: 0.0000313 | Loss : 0.0046 | Val loss: 0.0043
2026-01-24 17:43:37.288366 | Epoch:1049 | LR: 0.0000313 | Loss : 0.0044 | Val loss: 0.0051
2026-01-24 17:43:59.836340 | Epoch:1050 | LR: 0.0000312 | Loss : 0.0046 | Val loss: 0.0052
2026-01-24 17:44:22.743309 | Epoch:1051 | LR: 0.0000312 | Loss : 0.0046 | Val loss: 0.0045
2026-01-24 17:44:45.686598 | Epoch:1052 | LR: 0.0000312 | Loss : 0.0044 | Val loss: 0.0042
2026-01-24 17:45:08.246367 | Epoch:1053 | LR: 0.0000312 | Loss : 0.0042 | Val loss: 0.0045
2026-01-24 17:45:31.118686 | Epoch:1054 | LR: 0.0000311 | Loss : 0.0044 | Val loss: 0.0045
2026-01-24 17:45:53.642872 | Epoch:1055 | LR: 0.0000311 | Loss : 0.0041 | Val loss: 0.0045
2026-01-24 17:46:16.417118 | Epoch:1056 | LR: 0.0000311 | Loss : 0.0041 | Val loss: 0.0040
2026-01-24 17:46:39.065512 | Epoch:1057 | LR: 0.0000310 | Loss : 0.0039 | Val loss: 0.0047
2026-01-24 17:47:01.629625 | Epoch:1058 | LR: 0.0000310 | Loss : 0.0040 | Val loss: 0.0040
2026-01-24 17:47:24.664387 | Epoch:1059 | LR: 0.0000310 | Loss : 0.0040 | Val loss: 0.0038
2026-01-24 17:47:50.000630 | Epoch:1060 | LR: 0.0000309 | Loss : 0.0039 | Val loss: 0.0047
2026-01-24 17:48:15.378965 | Epoch:1061 | LR: 0.0000309 | Loss : 0.0040 | Val loss: 0.0045
2026-01-24 17:48:40.311241 | Epoch:1062 | LR: 0.0000309 | Loss : 0.0040 | Val loss: 0.0040
2026-01-24 17:49:04.424518 | Epoch:1063 | LR: 0.0000308 | Loss : 0.0039 | Val loss: 0.0049
2026-01-24 17:49:28.991698 | Epoch:1064 | LR: 0.0000308 | Loss : 0.0039 | Val loss: 0.0041
2026-01-24 17:49:52.744063 | Epoch:1065 | LR: 0.0000308 | Loss : 0.0038 | Val loss: 0.0041
2026-01-24 17:50:16.387472 | Epoch:1066 | LR: 0.0000308 | Loss : 0.0037 | Val loss: 0.0041
2026-01-24 17:50:40.208542 | Epoch:1067 | LR: 0.0000307 | Loss : 0.0038 | Val loss: 0.0040
2026-01-24 17:51:03.431972 | Epoch:1068 | LR: 0.0000307 | Loss : 0.0041 | Val loss: 0.0040
2026-01-24 17:51:26.933418 | Epoch:1069 | LR: 0.0000307 | Loss : 0.0035 | Val loss: 0.0036
2026-01-24 17:51:49.926095 | Epoch:1070 | LR: 0.0000306 | Loss : 0.0038 | Val loss: 0.0036
2026-01-24 17:52:13.137475 | Epoch:1071 | LR: 0.0000306 | Loss : 0.0036 | Val loss: 0.0037
2026-01-24 17:52:36.890777 | Epoch:1072 | LR: 0.0000306 | Loss : 0.0037 | Val loss: 0.0036
2026-01-24 17:53:00.174762 | Epoch:1073 | LR: 0.0000305 | Loss : 0.0040 | Val loss: 0.0036
2026-01-24 17:53:23.452418 | Epoch:1074 | LR: 0.0000305 | Loss : 0.0036 | Val loss: 0.0039
2026-01-24 17:53:46.530356 | Epoch:1075 | LR: 0.0000305 | Loss : 0.0036 | Val loss: 0.0038
2026-01-24 17:54:10.068310 | Epoch:1076 | LR: 0.0000304 | Loss : 0.0035 | Val loss: 0.0036
2026-01-24 17:54:32.797556 | Epoch:1077 | LR: 0.0000304 | Loss : 0.0039 | Val loss: 0.0036
2026-01-24 17:54:56.018515 | Epoch:1078 | LR: 0.0000304 | Loss : 0.0035 | Val loss: 0.0034
2026-01-24 17:55:19.205213 | Epoch:1079 | LR: 0.0000304 | Loss : 0.0037 | Val loss: 0.0038
2026-01-24 17:55:41.877980 | Epoch:1080 | LR: 0.0000303 | Loss : 0.0035 | Val loss: 0.0034
2026-01-24 17:56:05.127526 | Epoch:1081 | LR: 0.0000303 | Loss : 0.0035 | Val loss: 0.0035
2026-01-24 17:56:27.994075 | Epoch:1082 | LR: 0.0000303 | Loss : 0.0037 | Val loss: 0.0037
2026-01-24 17:56:50.951589 | Epoch:1083 | LR: 0.0000302 | Loss : 0.0036 | Val loss: 0.0035
2026-01-24 17:57:13.959185 | Epoch:1084 | LR: 0.0000302 | Loss : 0.0036 | Val loss: 0.0034
2026-01-24 17:57:36.910811 | Epoch:1085 | LR: 0.0000302 | Loss : 0.0033 | Val loss: 0.0033
2026-01-24 17:58:00.044812 | Epoch:1086 | LR: 0.0000301 | Loss : 0.0036 | Val loss: 0.0035
2026-01-24 17:58:22.790073 | Epoch:1087 | LR: 0.0000301 | Loss : 0.0035 | Val loss: 0.0036
2026-01-24 17:58:45.787874 | Epoch:1088 | LR: 0.0000301 | Loss : 0.0033 | Val loss: 0.0033
2026-01-24 17:59:08.917626 | Epoch:1089 | LR: 0.0000300 | Loss : 0.0036 | Val loss: 0.0033
2026-01-24 17:59:31.646559 | Epoch:1090 | LR: 0.0000300 | Loss : 0.0033 | Val loss: 0.0032
2026-01-24 17:59:54.791945 | Epoch:1091 | LR: 0.0000300 | Loss : 0.0034 | Val loss: 0.0038
2026-01-24 18:00:17.825255 | Epoch:1092 | LR: 0.0000300 | Loss : 0.0034 | Val loss: 0.0037
2026-01-24 18:00:40.915650 | Epoch:1093 | LR: 0.0000299 | Loss : 0.0037 | Val loss: 0.0043
2026-01-24 18:01:03.957729 | Epoch:1094 | LR: 0.0000299 | Loss : 0.0034 | Val loss: 0.0032
2026-01-24 18:01:26.964266 | Epoch:1095 | LR: 0.0000299 | Loss : 0.0033 | Val loss: 0.0032
2026-01-24 18:01:49.988427 | Epoch:1096 | LR: 0.0000298 | Loss : 0.0033 | Val loss: 0.0033
2026-01-24 18:02:12.703882 | Epoch:1097 | LR: 0.0000298 | Loss : 0.0035 | Val loss: 0.0037
2026-01-24 18:02:35.734412 | Epoch:1098 | LR: 0.0000298 | Loss : 0.0034 | Val loss: 0.0034
2026-01-24 18:02:58.637996 | Epoch:1099 | LR: 0.0000297 | Loss : 0.0033 | Val loss: 0.0033
2026-01-24 18:03:21.889890 | Epoch:1100 | LR: 0.0000297 | Loss : 0.0032 | Val loss: 0.0045
2026-01-24 18:03:45.344596 | Epoch:1101 | LR: 0.0000297 | Loss : 0.0035 | Val loss: 0.0031
2026-01-24 18:04:08.417922 | Epoch:1102 | LR: 0.0000296 | Loss : 0.0031 | Val loss: 0.0041
2026-01-24 18:04:31.894595 | Epoch:1103 | LR: 0.0000296 | Loss : 0.0034 | Val loss: 0.0032
2026-01-24 18:04:54.759524 | Epoch:1104 | LR: 0.0000296 | Loss : 0.0033 | Val loss: 0.0031
2026-01-24 18:05:18.044162 | Epoch:1105 | LR: 0.0000296 | Loss : 0.0033 | Val loss: 0.0033
2026-01-24 18:05:41.323970 | Epoch:1106 | LR: 0.0000295 | Loss : 0.0032 | Val loss: 0.0044
2026-01-24 18:06:04.176236 | Epoch:1107 | LR: 0.0000295 | Loss : 0.0034 | Val loss: 0.0030
2026-01-24 18:06:27.114274 | Epoch:1108 | LR: 0.0000295 | Loss : 0.0032 | Val loss: 0.0035
2026-01-24 18:06:49.698223 | Epoch:1109 | LR: 0.0000294 | Loss : 0.0031 | Val loss: 0.0033
2026-01-24 18:07:12.780217 | Epoch:1110 | LR: 0.0000294 | Loss : 0.0032 | Val loss: 0.0031
2026-01-24 18:07:35.434915 | Epoch:1111 | LR: 0.0000294 | Loss : 0.0033 | Val loss: 0.0033
2026-01-24 18:07:58.425654 | Epoch:1112 | LR: 0.0000293 | Loss : 0.0036 | Val loss: 0.0036
2026-01-24 18:08:21.307695 | Epoch:1113 | LR: 0.0000293 | Loss : 0.0032 | Val loss: 0.0031
2026-01-24 18:08:43.935451 | Epoch:1114 | LR: 0.0000293 | Loss : 0.0031 | Val loss: 0.0033
2026-01-24 18:09:06.647776 | Epoch:1115 | LR: 0.0000292 | Loss : 0.0032 | Val loss: 0.0032
2026-01-24 18:09:29.436637 | Epoch:1116 | LR: 0.0000292 | Loss : 0.0032 | Val loss: 0.0029
2026-01-24 18:09:52.102151 | Epoch:1117 | LR: 0.0000292 | Loss : 0.0031 | Val loss: 0.0038
2026-01-24 18:10:14.820054 | Epoch:1118 | LR: 0.0000292 | Loss : 0.0031 | Val loss: 0.0032
2026-01-24 18:10:37.217760 | Epoch:1119 | LR: 0.0000291 | Loss : 0.0033 | Val loss: 0.0033
2026-01-24 18:11:00.172024 | Epoch:1120 | LR: 0.0000291 | Loss : 0.0030 | Val loss: 0.0032
2026-01-24 18:11:22.911369 | Epoch:1121 | LR: 0.0000291 | Loss : 0.0033 | Val loss: 0.0031
2026-01-24 18:11:45.363190 | Epoch:1122 | LR: 0.0000290 | Loss : 0.0031 | Val loss: 0.0036
2026-01-24 18:12:08.188403 | Epoch:1123 | LR: 0.0000290 | Loss : 0.0030 | Val loss: 0.0029
2026-01-24 18:12:30.757943 | Epoch:1124 | LR: 0.0000290 | Loss : 0.0032 | Val loss: 0.0032
2026-01-24 18:12:53.550193 | Epoch:1125 | LR: 0.0000289 | Loss : 0.0031 | Val loss: 0.0029
2026-01-24 18:13:16.182253 | Epoch:1126 | LR: 0.0000289 | Loss : 0.0032 | Val loss: 0.0033
2026-01-24 18:13:38.875130 | Epoch:1127 | LR: 0.0000289 | Loss : 0.0033 | Val loss: 0.0030
2026-01-24 18:14:01.306130 | Epoch:1128 | LR: 0.0000288 | Loss : 0.0029 | Val loss: 0.0031
2026-01-24 18:14:23.581767 | Epoch:1129 | LR: 0.0000288 | Loss : 0.0031 | Val loss: 0.0030
2026-01-24 18:14:46.210300 | Epoch:1130 | LR: 0.0000288 | Loss : 0.0031 | Val loss: 0.0033
2026-01-24 18:15:08.768039 | Epoch:1131 | LR: 0.0000287 | Loss : 0.0029 | Val loss: 0.0028
2026-01-24 18:15:31.393210 | Epoch:1132 | LR: 0.0000287 | Loss : 0.0034 | Val loss: 0.0029
2026-01-24 18:15:54.115063 | Epoch:1133 | LR: 0.0000287 | Loss : 0.0030 | Val loss: 0.0030
2026-01-24 18:16:16.622610 | Epoch:1134 | LR: 0.0000287 | Loss : 0.0029 | Val loss: 0.0030
2026-01-24 18:16:39.258924 | Epoch:1135 | LR: 0.0000286 | Loss : 0.0035 | Val loss: 0.0031
2026-01-24 18:17:02.442097 | Epoch:1136 | LR: 0.0000286 | Loss : 0.0033 | Val loss: 0.0048
2026-01-24 18:17:25.115829 | Epoch:1137 | LR: 0.0000286 | Loss : 0.0033 | Val loss: 0.0028
2026-01-24 18:17:47.795304 | Epoch:1138 | LR: 0.0000285 | Loss : 0.0028 | Val loss: 0.0031
2026-01-24 18:18:10.226947 | Epoch:1139 | LR: 0.0000285 | Loss : 0.0031 | Val loss: 0.0034
2026-01-24 18:18:33.018340 | Epoch:1140 | LR: 0.0000285 | Loss : 0.0030 | Val loss: 0.0030
2026-01-24 18:18:55.624995 | Epoch:1141 | LR: 0.0000284 | Loss : 0.0029 | Val loss: 0.0028
2026-01-24 18:19:18.475626 | Epoch:1142 | LR: 0.0000284 | Loss : 0.0030 | Val loss: 0.0029
2026-01-24 18:19:41.312670 | Epoch:1143 | LR: 0.0000284 | Loss : 0.0029 | Val loss: 0.0029
2026-01-24 18:20:03.986318 | Epoch:1144 | LR: 0.0000283 | Loss : 0.0031 | Val loss: 0.0037
2026-01-24 18:20:26.802542 | Epoch:1145 | LR: 0.0000283 | Loss : 0.0030 | Val loss: 0.0031
2026-01-24 18:20:49.139574 | Epoch:1146 | LR: 0.0000283 | Loss : 0.0029 | Val loss: 0.0031
2026-01-24 18:21:11.720374 | Epoch:1147 | LR: 0.0000283 | Loss : 0.0030 | Val loss: 0.0032
2026-01-24 18:21:34.295763 | Epoch:1148 | LR: 0.0000282 | Loss : 0.0029 | Val loss: 0.0029
2026-01-24 18:21:56.822670 | Epoch:1149 | LR: 0.0000282 | Loss : 0.0030 | Val loss: 0.0030
2026-01-24 18:22:19.957118 | Epoch:1150 | LR: 0.0000282 | Loss : 0.0030 | Val loss: 0.0030
2026-01-24 18:22:42.782731 | Epoch:1151 | LR: 0.0000281 | Loss : 0.0030 | Val loss: 0.0029
2026-01-24 18:23:05.773471 | Epoch:1152 | LR: 0.0000281 | Loss : 0.0031 | Val loss: 0.0033
2026-01-24 18:23:28.903272 | Epoch:1153 | LR: 0.0000281 | Loss : 0.0028 | Val loss: 0.0029
2026-01-24 18:23:51.468731 | Epoch:1154 | LR: 0.0000280 | Loss : 0.0034 | Val loss: 0.0032
2026-01-24 18:24:14.541375 | Epoch:1155 | LR: 0.0000280 | Loss : 0.0029 | Val loss: 0.0027
2026-01-24 18:24:37.888683 | Epoch:1156 | LR: 0.0000280 | Loss : 0.0029 | Val loss: 0.0030
2026-01-24 18:25:03.062060 | Epoch:1157 | LR: 0.0000279 | Loss : 0.0030 | Val loss: 0.0029
2026-01-24 18:25:28.378849 | Epoch:1158 | LR: 0.0000279 | Loss : 0.0030 | Val loss: 0.0031
2026-01-24 18:25:53.786929 | Epoch:1159 | LR: 0.0000279 | Loss : 0.0027 | Val loss: 0.0031
2026-01-24 18:26:18.017901 | Epoch:1160 | LR: 0.0000278 | Loss : 0.0029 | Val loss: 0.0029
2026-01-24 18:26:42.419795 | Epoch:1161 | LR: 0.0000278 | Loss : 0.0030 | Val loss: 0.0029
2026-01-24 18:27:06.273206 | Epoch:1162 | LR: 0.0000278 | Loss : 0.0029 | Val loss: 0.0031
2026-01-24 18:27:30.215688 | Epoch:1163 | LR: 0.0000278 | Loss : 0.0029 | Val loss: 0.0031
2026-01-24 18:27:54.061565 | Epoch:1164 | LR: 0.0000277 | Loss : 0.0030 | Val loss: 0.0028
2026-01-24 18:28:18.126805 | Epoch:1165 | LR: 0.0000277 | Loss : 0.0028 | Val loss: 0.0031
2026-01-24 18:28:41.864986 | Epoch:1166 | LR: 0.0000277 | Loss : 0.0031 | Val loss: 0.0028
2026-01-24 18:29:05.115107 | Epoch:1167 | LR: 0.0000276 | Loss : 0.0027 | Val loss: 0.0027
2026-01-24 18:29:28.790992 | Epoch:1168 | LR: 0.0000276 | Loss : 0.0028 | Val loss: 0.0028
2026-01-24 18:29:51.861399 | Epoch:1169 | LR: 0.0000276 | Loss : 0.0032 | Val loss: 0.0029
2026-01-24 18:30:15.115729 | Epoch:1170 | LR: 0.0000275 | Loss : 0.0027 | Val loss: 0.0027
2026-01-24 18:30:38.359371 | Epoch:1171 | LR: 0.0000275 | Loss : 0.0030 | Val loss: 0.0027
2026-01-24 18:31:01.395779 | Epoch:1172 | LR: 0.0000275 | Loss : 0.0027 | Val loss: 0.0031
2026-01-24 18:31:24.930890 | Epoch:1173 | LR: 0.0000274 | Loss : 0.0028 | Val loss: 0.0027
2026-01-24 18:31:48.039028 | Epoch:1174 | LR: 0.0000274 | Loss : 0.0034 | Val loss: 0.0027
2026-01-24 18:32:11.374163 | Epoch:1175 | LR: 0.0000274 | Loss : 0.0027 | Val loss: 0.0028
2026-01-24 18:32:34.298723 | Epoch:1176 | LR: 0.0000273 | Loss : 0.0028 | Val loss: 0.0027
2026-01-24 18:32:57.333648 | Epoch:1177 | LR: 0.0000273 | Loss : 0.0027 | Val loss: 0.0028
2026-01-24 18:33:20.408939 | Epoch:1178 | LR: 0.0000273 | Loss : 0.0026 | Val loss: 0.0030
2026-01-24 18:33:43.303871 | Epoch:1179 | LR: 0.0000273 | Loss : 0.0029 | Val loss: 0.0033
2026-01-24 18:34:06.521417 | Epoch:1180 | LR: 0.0000272 | Loss : 0.0029 | Val loss: 0.0027
2026-01-24 18:34:29.527499 | Epoch:1181 | LR: 0.0000272 | Loss : 0.0028 | Val loss: 0.0030
2026-01-24 18:34:52.781324 | Epoch:1182 | LR: 0.0000272 | Loss : 0.0027 | Val loss: 0.0033
2026-01-24 18:35:15.772342 | Epoch:1183 | LR: 0.0000271 | Loss : 0.0031 | Val loss: 0.0029
2026-01-24 18:35:38.802427 | Epoch:1184 | LR: 0.0000271 | Loss : 0.0030 | Val loss: 0.0028
2026-01-24 18:36:02.148378 | Epoch:1185 | LR: 0.0000271 | Loss : 0.0027 | Val loss: 0.0027
2026-01-24 18:36:25.133538 | Epoch:1186 | LR: 0.0000270 | Loss : 0.0028 | Val loss: 0.0035
2026-01-24 18:36:48.547052 | Epoch:1187 | LR: 0.0000270 | Loss : 0.0029 | Val loss: 0.0025
2026-01-24 18:37:11.927639 | Epoch:1188 | LR: 0.0000270 | Loss : 0.0032 | Val loss: 0.0027
2026-01-24 18:37:35.237967 | Epoch:1189 | LR: 0.0000269 | Loss : 0.0027 | Val loss: 0.0026
2026-01-24 18:37:58.507128 | Epoch:1190 | LR: 0.0000269 | Loss : 0.0028 | Val loss: 0.0030
2026-01-24 18:38:21.430238 | Epoch:1191 | LR: 0.0000269 | Loss : 0.0027 | Val loss: 0.0026
2026-01-24 18:38:44.925472 | Epoch:1192 | LR: 0.0000268 | Loss : 0.0027 | Val loss: 0.0028
2026-01-24 18:39:08.387929 | Epoch:1193 | LR: 0.0000268 | Loss : 0.0027 | Val loss: 0.0027
2026-01-24 18:39:31.712139 | Epoch:1194 | LR: 0.0000268 | Loss : 0.0028 | Val loss: 0.0027
2026-01-24 18:39:55.606831 | Epoch:1195 | LR: 0.0000268 | Loss : 0.0028 | Val loss: 0.0029
2026-01-24 18:40:18.982450 | Epoch:1196 | LR: 0.0000267 | Loss : 0.0030 | Val loss: 0.0028
2026-01-24 18:40:43.288388 | Epoch:1197 | LR: 0.0000267 | Loss : 0.0027 | Val loss: 0.0026
2026-01-24 18:41:12.496496 | Epoch:1198 | LR: 0.0000267 | Loss : 0.0028 | Val loss: 0.0033
2026-01-24 18:41:43.131082 | Epoch:1199 | LR: 0.0000266 | Loss : 0.0028 | Val loss: 0.0026
2026-01-24 18:42:12.848053 | Epoch:1200 | LR: 0.0000266 | Loss : 0.0029 | Val loss: 0.0030
2026-01-24 18:42:43.036336 | Epoch:1201 | LR: 0.0000266 | Loss : 0.0026 | Val loss: 0.0027
2026-01-24 18:43:12.510359 | Epoch:1202 | LR: 0.0000265 | Loss : 0.0026 | Val loss: 0.0025
2026-01-24 18:43:42.789564 | Epoch:1203 | LR: 0.0000265 | Loss : 0.0030 | Val loss: 0.0032
2026-01-24 18:44:12.887636 | Epoch:1204 | LR: 0.0000265 | Loss : 0.0029 | Val loss: 0.0026
2026-01-24 18:44:41.909382 | Epoch:1205 | LR: 0.0000264 | Loss : 0.0026 | Val loss: 0.0027
2026-01-24 18:45:11.321762 | Epoch:1206 | LR: 0.0000264 | Loss : 0.0026 | Val loss: 0.0026
2026-01-24 18:45:41.618247 | Epoch:1207 | LR: 0.0000264 | Loss : 0.0027 | Val loss: 0.0029
2026-01-24 18:46:11.844966 | Epoch:1208 | LR: 0.0000263 | Loss : 0.0026 | Val loss: 0.0025
2026-01-24 18:46:42.751248 | Epoch:1209 | LR: 0.0000263 | Loss : 0.0026 | Val loss: 0.0029
2026-01-24 18:47:14.038044 | Epoch:1210 | LR: 0.0000263 | Loss : 0.0029 | Val loss: 0.0030
2026-01-24 18:47:44.920037 | Epoch:1211 | LR: 0.0000262 | Loss : 0.0028 | Val loss: 0.0025
2026-01-24 18:49:41.111067 | Epoch:1212 | LR: 0.0000262 | Loss : 0.0027 | Val loss: 0.0028
2026-01-24 18:50:12.306846 | Epoch:1213 | LR: 0.0000262 | Loss : 0.0027 | Val loss: 0.0032
2026-01-24 18:50:43.176396 | Epoch:1214 | LR: 0.0000262 | Loss : 0.0027 | Val loss: 0.0031
2026-01-24 18:51:13.912420 | Epoch:1215 | LR: 0.0000261 | Loss : 0.0026 | Val loss: 0.0034
2026-01-24 18:51:44.696038 | Epoch:1216 | LR: 0.0000261 | Loss : 0.0030 | Val loss: 0.0026
2026-01-24 18:52:15.029758 | Epoch:1217 | LR: 0.0000261 | Loss : 0.0024 | Val loss: 0.0026
2026-01-24 18:52:46.111927 | Epoch:1218 | LR: 0.0000260 | Loss : 0.0026 | Val loss: 0.0029
2026-01-24 18:53:16.920402 | Epoch:1219 | LR: 0.0000260 | Loss : 0.0025 | Val loss: 0.0028
2026-01-24 18:53:47.035333 | Epoch:1220 | LR: 0.0000260 | Loss : 0.0027 | Val loss: 0.0031
2026-01-24 18:54:17.715224 | Epoch:1221 | LR: 0.0000259 | Loss : 0.0028 | Val loss: 0.0026
2026-01-24 18:54:44.401104 | Epoch:1222 | LR: 0.0000259 | Loss : 0.0027 | Val loss: 0.0027
2026-01-24 18:55:12.209099 | Epoch:1223 | LR: 0.0000259 | Loss : 0.0026 | Val loss: 0.0029
2026-01-24 18:55:42.591857 | Epoch:1224 | LR: 0.0000258 | Loss : 0.0027 | Val loss: 0.0025
2026-01-24 18:56:12.643311 | Epoch:1225 | LR: 0.0000258 | Loss : 0.0027 | Val loss: 0.0026
2026-01-24 18:56:42.798684 | Epoch:1226 | LR: 0.0000258 | Loss : 0.0029 | Val loss: 0.0031
2026-01-24 18:57:13.691743 | Epoch:1227 | LR: 0.0000257 | Loss : 0.0027 | Val loss: 0.0025
2026-01-24 18:57:43.685217 | Epoch:1228 | LR: 0.0000257 | Loss : 0.0027 | Val loss: 0.0025
2026-01-24 18:58:14.437759 | Epoch:1229 | LR: 0.0000257 | Loss : 0.0026 | Val loss: 0.0027
2026-01-24 18:58:44.667775 | Epoch:1230 | LR: 0.0000257 | Loss : 0.0025 | Val loss: 0.0024
2026-01-24 18:59:22.717413 | Epoch:1231 | LR: 0.0000256 | Loss : 0.0027 | Val loss: 0.0027
2026-01-24 18:59:54.001446 | Epoch:1232 | LR: 0.0000256 | Loss : 0.0026 | Val loss: 0.0026
2026-01-24 19:00:25.152724 | Epoch:1233 | LR: 0.0000256 | Loss : 0.0027 | Val loss: 0.0027
2026-01-24 19:00:55.895299 | Epoch:1234 | LR: 0.0000255 | Loss : 0.0024 | Val loss: 0.0027
2026-01-24 19:01:26.705471 | Epoch:1235 | LR: 0.0000255 | Loss : 0.0027 | Val loss: 0.0024
2026-01-24 19:01:57.849845 | Epoch:1236 | LR: 0.0000255 | Loss : 0.0026 | Val loss: 0.0025
2026-01-24 19:02:28.439805 | Epoch:1237 | LR: 0.0000254 | Loss : 0.0025 | Val loss: 0.0026
2026-01-24 19:02:59.335698 | Epoch:1238 | LR: 0.0000254 | Loss : 0.0025 | Val loss: 0.0028
2026-01-24 19:03:24.455944 | Epoch:1239 | LR: 0.0000254 | Loss : 0.0028 | Val loss: 0.0026
2026-01-24 19:03:47.423617 | Epoch:1240 | LR: 0.0000253 | Loss : 0.0027 | Val loss: 0.0039
2026-01-24 19:04:10.778469 | Epoch:1241 | LR: 0.0000253 | Loss : 0.0028 | Val loss: 0.0025
2026-01-24 19:04:41.537133 | Epoch:1242 | LR: 0.0000253 | Loss : 0.0024 | Val loss: 0.0026
2026-01-24 19:05:12.408298 | Epoch:1243 | LR: 0.0000252 | Loss : 0.0027 | Val loss: 0.0024
2026-01-24 19:05:43.228518 | Epoch:1244 | LR: 0.0000252 | Loss : 0.0025 | Val loss: 0.0026
2026-01-24 19:06:14.103952 | Epoch:1245 | LR: 0.0000252 | Loss : 0.0025 | Val loss: 0.0026
2026-01-24 19:06:44.919364 | Epoch:1246 | LR: 0.0000251 | Loss : 0.0027 | Val loss: 0.0030
2026-01-24 19:07:15.862251 | Epoch:1247 | LR: 0.0000251 | Loss : 0.0027 | Val loss: 0.0025
2026-01-24 19:07:46.465077 | Epoch:1248 | LR: 0.0000251 | Loss : 0.0024 | Val loss: 0.0029
2026-01-24 19:08:17.335537 | Epoch:1249 | LR: 0.0000251 | Loss : 0.0026 | Val loss: 0.0023
2026-01-24 19:08:53.996789 | Epoch:1250 | LR: 0.0000250 | Loss : 0.0026 | Val loss: 0.0025
2026-01-24 19:09:24.194788 | Epoch:1251 | LR: 0.0000250 | Loss : 0.0025 | Val loss: 0.0026
2026-01-24 19:09:54.246073 | Epoch:1252 | LR: 0.0000250 | Loss : 0.0025 | Val loss: 0.0024
2026-01-24 19:10:24.611268 | Epoch:1253 | LR: 0.0000249 | Loss : 0.0026 | Val loss: 0.0028
2026-01-24 19:10:54.594435 | Epoch:1254 | LR: 0.0000249 | Loss : 0.0025 | Val loss: 0.0026
2026-01-24 19:11:25.628455 | Epoch:1255 | LR: 0.0000249 | Loss : 0.0026 | Val loss: 0.0024
2026-01-24 19:11:56.313816 | Epoch:1256 | LR: 0.0000248 | Loss : 0.0024 | Val loss: 0.0025
2026-01-24 19:12:27.453273 | Epoch:1257 | LR: 0.0000248 | Loss : 0.0025 | Val loss: 0.0025
2026-01-24 19:12:57.987063 | Epoch:1258 | LR: 0.0000248 | Loss : 0.0025 | Val loss: 0.0026
2026-01-24 19:13:28.780674 | Epoch:1259 | LR: 0.0000247 | Loss : 0.0025 | Val loss: 0.0027
2026-01-24 19:13:59.307820 | Epoch:1260 | LR: 0.0000247 | Loss : 0.0025 | Val loss: 0.0025
2026-01-24 19:14:26.684496 | Epoch:1261 | LR: 0.0000247 | Loss : 0.0026 | Val loss: 0.0026
2026-01-24 19:14:53.424253 | Epoch:1262 | LR: 0.0000246 | Loss : 0.0025 | Val loss: 0.0027
2026-01-24 19:15:24.221988 | Epoch:1263 | LR: 0.0000246 | Loss : 0.0023 | Val loss: 0.0026
2026-01-24 19:15:54.516370 | Epoch:1264 | LR: 0.0000246 | Loss : 0.0026 | Val loss: 0.0026
2026-01-24 19:16:25.551279 | Epoch:1265 | LR: 0.0000246 | Loss : 0.0026 | Val loss: 0.0025
2026-01-24 19:16:55.833489 | Epoch:1266 | LR: 0.0000245 | Loss : 0.0025 | Val loss: 0.0029
2026-01-24 19:17:26.500639 | Epoch:1267 | LR: 0.0000245 | Loss : 0.0026 | Val loss: 0.0024
2026-01-24 19:17:56.658258 | Epoch:1268 | LR: 0.0000245 | Loss : 0.0025 | Val loss: 0.0024
2026-01-24 19:18:27.339967 | Epoch:1269 | LR: 0.0000244 | Loss : 0.0025 | Val loss: 0.0025
2026-01-24 19:18:58.058764 | Epoch:1270 | LR: 0.0000244 | Loss : 0.0024 | Val loss: 0.0025
2026-01-24 19:19:28.718290 | Epoch:1271 | LR: 0.0000244 | Loss : 0.0026 | Val loss: 0.0027
2026-01-24 19:19:59.462964 | Epoch:1272 | LR: 0.0000243 | Loss : 0.0026 | Val loss: 0.0024
2026-01-24 19:20:26.419088 | Epoch:1273 | LR: 0.0000243 | Loss : 0.0025 | Val loss: 0.0024
2026-01-24 19:21:00.212227 | Epoch:1274 | LR: 0.0000243 | Loss : 0.0025 | Val loss: 0.0025
2026-01-24 19:21:23.652085 | Epoch:1275 | LR: 0.0000242 | Loss : 0.0025 | Val loss: 0.0024
2026-01-24 19:21:46.611373 | Epoch:1276 | LR: 0.0000242 | Loss : 0.0026 | Val loss: 0.0023
2026-01-24 19:22:10.230748 | Epoch:1277 | LR: 0.0000242 | Loss : 0.0024 | Val loss: 0.0029
2026-01-24 19:22:33.356056 | Epoch:1278 | LR: 0.0000241 | Loss : 0.0024 | Val loss: 0.0023
2026-01-24 19:22:56.654349 | Epoch:1279 | LR: 0.0000241 | Loss : 0.0034 | Val loss: 0.0054
2026-01-24 19:23:20.336038 | Epoch:1280 | LR: 0.0000241 | Loss : 0.0055 | Val loss: 0.0030
2026-01-24 19:23:43.576312 | Epoch:1281 | LR: 0.0000241 | Loss : 0.0027 | Val loss: 0.0025
2026-01-24 19:24:07.079970 | Epoch:1282 | LR: 0.0000240 | Loss : 0.0023 | Val loss: 0.0023
2026-01-24 19:24:29.865821 | Epoch:1283 | LR: 0.0000240 | Loss : 0.0024 | Val loss: 0.0027
2026-01-24 19:24:53.104449 | Epoch:1284 | LR: 0.0000240 | Loss : 0.0025 | Val loss: 0.0023
2026-01-24 19:25:22.033521 | Epoch:1285 | LR: 0.0000239 | Loss : 0.0023 | Val loss: 0.0024
2026-01-24 19:25:44.545602 | Epoch:1286 | LR: 0.0000239 | Loss : 0.0022 | Val loss: 0.0023
2026-01-24 19:26:07.332859 | Epoch:1287 | LR: 0.0000239 | Loss : 0.0023 | Val loss: 0.0024
2026-01-24 19:26:30.318038 | Epoch:1288 | LR: 0.0000238 | Loss : 0.0023 | Val loss: 0.0023
2026-01-24 19:26:52.835415 | Epoch:1289 | LR: 0.0000238 | Loss : 0.0024 | Val loss: 0.0023
2026-01-24 19:27:15.918597 | Epoch:1290 | LR: 0.0000238 | Loss : 0.0023 | Val loss: 0.0027
2026-01-24 19:27:38.515824 | Epoch:1291 | LR: 0.0000237 | Loss : 0.0023 | Val loss: 0.0025
2026-01-24 19:28:01.368429 | Epoch:1292 | LR: 0.0000237 | Loss : 0.0024 | Val loss: 0.0023
2026-01-24 19:28:30.688859 | Epoch:1293 | LR: 0.0000237 | Loss : 0.0023 | Val loss: 0.0024
2026-01-24 19:28:53.494270 | Epoch:1294 | LR: 0.0000236 | Loss : 0.0023 | Val loss: 0.0024
2026-01-24 19:29:16.383261 | Epoch:1295 | LR: 0.0000236 | Loss : 0.0024 | Val loss: 0.0024
2026-01-24 19:29:39.359883 | Epoch:1296 | LR: 0.0000236 | Loss : 0.0025 | Val loss: 0.0027
2026-01-24 19:30:02.065238 | Epoch:1297 | LR: 0.0000235 | Loss : 0.0024 | Val loss: 0.0024
2026-01-24 19:30:24.950603 | Epoch:1298 | LR: 0.0000235 | Loss : 0.0024 | Val loss: 0.0023
2026-01-24 19:30:53.831430 | Epoch:1299 | LR: 0.0000235 | Loss : 0.0023 | Val loss: 0.0024
2026-01-24 19:31:16.872854 | Epoch:1300 | LR: 0.0000235 | Loss : 0.0024 | Val loss: 0.0025
2026-01-24 19:31:39.656755 | Epoch:1301 | LR: 0.0000234 | Loss : 0.0027 | Val loss: 0.0025
2026-01-24 19:32:02.298271 | Epoch:1302 | LR: 0.0000234 | Loss : 0.0024 | Val loss: 0.0028
2026-01-24 19:32:25.380445 | Epoch:1303 | LR: 0.0000234 | Loss : 0.0024 | Val loss: 0.0024
2026-01-24 19:32:47.943615 | Epoch:1304 | LR: 0.0000233 | Loss : 0.0024 | Val loss: 0.0025
2026-01-24 19:33:10.703329 | Epoch:1305 | LR: 0.0000233 | Loss : 0.0023 | Val loss: 0.0022
2026-01-24 19:33:33.524322 | Epoch:1306 | LR: 0.0000233 | Loss : 0.0023 | Val loss: 0.0023
2026-01-24 19:33:56.475426 | Epoch:1307 | LR: 0.0000232 | Loss : 0.0024 | Val loss: 0.0025
2026-01-24 19:34:19.672307 | Epoch:1308 | LR: 0.0000232 | Loss : 0.0023 | Val loss: 0.0024
2026-01-24 19:34:42.312915 | Epoch:1309 | LR: 0.0000232 | Loss : 0.0024 | Val loss: 0.0026
2026-01-24 19:35:05.274423 | Epoch:1310 | LR: 0.0000231 | Loss : 0.0025 | Val loss: 0.0023
2026-01-24 19:35:28.649027 | Epoch:1311 | LR: 0.0000231 | Loss : 0.0023 | Val loss: 0.0023
2026-01-24 19:35:52.272046 | Epoch:1312 | LR: 0.0000231 | Loss : 0.0025 | Val loss: 0.0023
2026-01-24 19:36:15.777481 | Epoch:1313 | LR: 0.0000230 | Loss : 0.0023 | Val loss: 0.0022
2026-01-24 19:36:39.461462 | Epoch:1314 | LR: 0.0000230 | Loss : 0.0024 | Val loss: 0.0025
2026-01-24 19:37:03.047856 | Epoch:1315 | LR: 0.0000230 | Loss : 0.0023 | Val loss: 0.0024
2026-01-24 19:37:26.712453 | Epoch:1316 | LR: 0.0000230 | Loss : 0.0024 | Val loss: 0.0026
2026-01-24 19:37:50.125468 | Epoch:1317 | LR: 0.0000229 | Loss : 0.0025 | Val loss: 0.0025
2026-01-24 19:38:13.953122 | Epoch:1318 | LR: 0.0000229 | Loss : 0.0023 | Val loss: 0.0024
2026-01-24 19:38:37.044366 | Epoch:1319 | LR: 0.0000229 | Loss : 0.0024 | Val loss: 0.0025
2026-01-24 19:39:00.906680 | Epoch:1320 | LR: 0.0000228 | Loss : 0.0024 | Val loss: 0.0025
2026-01-24 19:39:23.849515 | Epoch:1321 | LR: 0.0000228 | Loss : 0.0023 | Val loss: 0.0024
2026-01-24 19:39:47.366536 | Epoch:1322 | LR: 0.0000228 | Loss : 0.0025 | Val loss: 0.0022
2026-01-24 19:40:10.928517 | Epoch:1323 | LR: 0.0000227 | Loss : 0.0024 | Val loss: 0.0025
2026-01-24 19:40:34.157960 | Epoch:1324 | LR: 0.0000227 | Loss : 0.0024 | Val loss: 0.0022
2026-01-24 19:42:18.545536 | Epoch:1325 | LR: 0.0000227 | Loss : 0.0024 | Val loss: 0.0024
2026-01-24 19:42:41.853058 | Epoch:1326 | LR: 0.0000226 | Loss : 0.0026 | Val loss: 0.0025
2026-01-24 19:43:05.021132 | Epoch:1327 | LR: 0.0000226 | Loss : 0.0022 | Val loss: 0.0022
2026-01-24 19:43:34.006719 | Epoch:1328 | LR: 0.0000226 | Loss : 0.0024 | Val loss: 0.0023
2026-01-24 19:43:57.463018 | Epoch:1329 | LR: 0.0000225 | Loss : 0.0023 | Val loss: 0.0024
2026-01-24 19:44:20.783297 | Epoch:1330 | LR: 0.0000225 | Loss : 0.0024 | Val loss: 0.0023
2026-01-24 19:44:44.147893 | Epoch:1331 | LR: 0.0000225 | Loss : 0.0023 | Val loss: 0.0024
2026-01-24 19:45:08.490301 | Epoch:1332 | LR: 0.0000225 | Loss : 0.0023 | Val loss: 0.0023
2026-01-24 19:45:33.275139 | Epoch:1333 | LR: 0.0000224 | Loss : 0.0025 | Val loss: 0.0022
2026-01-24 19:45:58.372265 | Epoch:1334 | LR: 0.0000224 | Loss : 0.0022 | Val loss: 0.0023
2026-01-24 19:46:22.918059 | Epoch:1335 | LR: 0.0000224 | Loss : 0.0024 | Val loss: 0.0022
2026-01-24 19:46:47.080271 | Epoch:1336 | LR: 0.0000223 | Loss : 0.0024 | Val loss: 0.0022
2026-01-24 19:47:11.350014 | Epoch:1337 | LR: 0.0000223 | Loss : 0.0024 | Val loss: 0.0024
2026-01-24 19:47:35.446955 | Epoch:1338 | LR: 0.0000223 | Loss : 0.0023 | Val loss: 0.0034
2026-01-24 19:47:59.487450 | Epoch:1339 | LR: 0.0000222 | Loss : 0.0029 | Val loss: 0.0023
2026-01-24 19:48:23.596672 | Epoch:1340 | LR: 0.0000222 | Loss : 0.0022 | Val loss: 0.0023
2026-01-24 19:48:47.455524 | Epoch:1341 | LR: 0.0000222 | Loss : 0.0022 | Val loss: 0.0022
2026-01-24 19:49:11.468812 | Epoch:1342 | LR: 0.0000221 | Loss : 0.0023 | Val loss: 0.0023
2026-01-24 19:49:35.037464 | Epoch:1343 | LR: 0.0000221 | Loss : 0.0024 | Val loss: 0.0023
2026-01-24 19:49:59.114854 | Epoch:1344 | LR: 0.0000221 | Loss : 0.0022 | Val loss: 0.0024
2026-01-24 19:50:23.339248 | Epoch:1345 | LR: 0.0000220 | Loss : 0.0024 | Val loss: 0.0025
2026-01-24 19:50:47.551599 | Epoch:1346 | LR: 0.0000220 | Loss : 0.0023 | Val loss: 0.0026
2026-01-24 19:51:11.353563 | Epoch:1347 | LR: 0.0000220 | Loss : 0.0023 | Val loss: 0.0024
2026-01-24 19:51:35.184485 | Epoch:1348 | LR: 0.0000220 | Loss : 0.0023 | Val loss: 0.0025
2026-01-24 19:51:59.715086 | Epoch:1349 | LR: 0.0000219 | Loss : 0.0023 | Val loss: 0.0022
2026-01-24 19:52:23.608880 | Epoch:1350 | LR: 0.0000219 | Loss : 0.0024 | Val loss: 0.0024
2026-01-24 19:52:47.778705 | Epoch:1351 | LR: 0.0000219 | Loss : 0.0022 | Val loss: 0.0023
2026-01-24 19:53:11.554023 | Epoch:1352 | LR: 0.0000218 | Loss : 0.0023 | Val loss: 0.0024
2026-01-24 19:53:36.237333 | Epoch:1353 | LR: 0.0000218 | Loss : 0.0023 | Val loss: 0.0024
2026-01-24 19:54:00.183000 | Epoch:1354 | LR: 0.0000218 | Loss : 0.0023 | Val loss: 0.0024
2026-01-24 19:54:24.121920 | Epoch:1355 | LR: 0.0000217 | Loss : 0.0023 | Val loss: 0.0025
2026-01-24 19:54:48.046085 | Epoch:1356 | LR: 0.0000217 | Loss : 0.0023 | Val loss: 0.0024
2026-01-24 19:55:11.936943 | Epoch:1357 | LR: 0.0000217 | Loss : 0.0024 | Val loss: 0.0025
2026-01-24 19:55:35.539971 | Epoch:1358 | LR: 0.0000216 | Loss : 0.0024 | Val loss: 0.0023
2026-01-24 19:55:59.913604 | Epoch:1359 | LR: 0.0000216 | Loss : 0.0024 | Val loss: 0.0028
2026-01-24 19:56:23.752088 | Epoch:1360 | LR: 0.0000216 | Loss : 0.0025 | Val loss: 0.0022
2026-01-24 19:56:49.928901 | Epoch:1361 | LR: 0.0000215 | Loss : 0.0023 | Val loss: 0.0021
2026-01-24 19:57:14.376987 | Epoch:1362 | LR: 0.0000215 | Loss : 0.0022 | Val loss: 0.0021
2026-01-24 19:57:44.921173 | Epoch:1363 | LR: 0.0000215 | Loss : 0.0023 | Val loss: 0.0022
2026-01-24 19:58:09.377057 | Epoch:1364 | LR: 0.0000215 | Loss : 0.0023 | Val loss: 0.0023
2026-01-24 19:58:33.733105 | Epoch:1365 | LR: 0.0000214 | Loss : 0.0023 | Val loss: 0.0023
2026-01-24 19:58:58.625876 | Epoch:1366 | LR: 0.0000214 | Loss : 0.0023 | Val loss: 0.0021
2026-01-24 19:59:29.993262 | Epoch:1367 | LR: 0.0000214 | Loss : 0.0025 | Val loss: 0.0023
2026-01-24 19:59:53.513942 | Epoch:1368 | LR: 0.0000213 | Loss : 0.0022 | Val loss: 0.0023
2026-01-24 20:00:16.355143 | Epoch:1369 | LR: 0.0000213 | Loss : 0.0023 | Val loss: 0.0023
2026-01-24 20:00:39.165531 | Epoch:1370 | LR: 0.0000213 | Loss : 0.0022 | Val loss: 0.0022
2026-01-24 20:01:01.487436 | Epoch:1371 | LR: 0.0000212 | Loss : 0.0025 | Val loss: 0.0026
2026-01-24 20:01:23.786020 | Epoch:1372 | LR: 0.0000212 | Loss : 0.0022 | Val loss: 0.0024
2026-01-24 20:01:46.223752 | Epoch:1373 | LR: 0.0000212 | Loss : 0.0023 | Val loss: 0.0024
2026-01-24 20:02:08.589597 | Epoch:1374 | LR: 0.0000211 | Loss : 0.0023 | Val loss: 0.0021
2026-01-24 20:02:30.752588 | Epoch:1375 | LR: 0.0000211 | Loss : 0.0023 | Val loss: 0.0024
2026-01-24 20:02:53.293187 | Epoch:1376 | LR: 0.0000211 | Loss : 0.0024 | Val loss: 0.0025
2026-01-24 20:03:15.513145 | Epoch:1377 | LR: 0.0000211 | Loss : 0.0022 | Val loss: 0.0024
2026-01-24 20:03:37.928499 | Epoch:1378 | LR: 0.0000210 | Loss : 0.0023 | Val loss: 0.0023
2026-01-24 20:04:00.227906 | Epoch:1379 | LR: 0.0000210 | Loss : 0.0023 | Val loss: 0.0023
2026-01-24 20:04:22.314474 | Epoch:1380 | LR: 0.0000210 | Loss : 0.0021 | Val loss: 0.0024
2026-01-24 20:04:44.614660 | Epoch:1381 | LR: 0.0000209 | Loss : 0.0022 | Val loss: 0.0024
2026-01-24 20:05:06.579504 | Epoch:1382 | LR: 0.0000209 | Loss : 0.0024 | Val loss: 0.0022
2026-01-24 20:05:28.888315 | Epoch:1383 | LR: 0.0000209 | Loss : 0.0023 | Val loss: 0.0023
2026-01-24 20:05:51.536405 | Epoch:1384 | LR: 0.0000208 | Loss : 0.0023 | Val loss: 0.0023
2026-01-24 20:06:13.826160 | Epoch:1385 | LR: 0.0000208 | Loss : 0.0023 | Val loss: 0.0023
2026-01-24 20:06:36.379743 | Epoch:1386 | LR: 0.0000208 | Loss : 0.0023 | Val loss: 0.0024
2026-01-24 20:06:59.136625 | Epoch:1387 | LR: 0.0000207 | Loss : 0.0022 | Val loss: 0.0022
2026-01-24 20:07:25.329909 | Epoch:1388 | LR: 0.0000207 | Loss : 0.0023 | Val loss: 0.0024
2026-01-24 20:07:47.804714 | Epoch:1389 | LR: 0.0000207 | Loss : 0.0021 | Val loss: 0.0024
2026-01-24 20:08:10.246815 | Epoch:1390 | LR: 0.0000206 | Loss : 0.0023 | Val loss: 0.0021
2026-01-24 20:08:32.776388 | Epoch:1391 | LR: 0.0000206 | Loss : 0.0022 | Val loss: 0.0024
2026-01-24 20:08:54.999889 | Epoch:1392 | LR: 0.0000206 | Loss : 0.0024 | Val loss: 0.0025
2026-01-24 20:09:17.339895 | Epoch:1393 | LR: 0.0000206 | Loss : 0.0022 | Val loss: 0.0024
2026-01-24 20:09:39.918267 | Epoch:1394 | LR: 0.0000205 | Loss : 0.0023 | Val loss: 0.0024
2026-01-24 20:10:02.123744 | Epoch:1395 | LR: 0.0000205 | Loss : 0.0023 | Val loss: 0.0023
2026-01-24 20:10:25.081168 | Epoch:1396 | LR: 0.0000205 | Loss : 0.0023 | Val loss: 0.0024
2026-01-24 20:10:47.702559 | Epoch:1397 | LR: 0.0000204 | Loss : 0.0023 | Val loss: 0.0023
2026-01-24 20:11:10.046557 | Epoch:1398 | LR: 0.0000204 | Loss : 0.0022 | Val loss: 0.0022
2026-01-24 20:11:32.201299 | Epoch:1399 | LR: 0.0000204 | Loss : 0.0022 | Val loss: 0.0023
2026-01-24 20:11:55.148703 | Epoch:1400 | LR: 0.0000203 | Loss : 0.0023 | Val loss: 0.0023
2026-01-24 20:12:17.929485 | Epoch:1401 | LR: 0.0000203 | Loss : 0.0022 | Val loss: 0.0021
2026-01-24 20:12:40.805482 | Epoch:1402 | LR: 0.0000203 | Loss : 0.0022 | Val loss: 0.0021
2026-01-24 20:13:07.423901 | Epoch:1403 | LR: 0.0000202 | Loss : 0.0024 | Val loss: 0.0022
2026-01-24 20:13:29.617795 | Epoch:1404 | LR: 0.0000202 | Loss : 0.0022 | Val loss: 0.0022
2026-01-24 20:13:52.209657 | Epoch:1405 | LR: 0.0000202 | Loss : 0.0025 | Val loss: 0.0024
2026-01-24 20:14:14.830349 | Epoch:1406 | LR: 0.0000202 | Loss : 0.0022 | Val loss: 0.0022
2026-01-24 20:14:37.092162 | Epoch:1407 | LR: 0.0000201 | Loss : 0.0022 | Val loss: 0.0021
2026-01-24 20:15:03.233023 | Epoch:1408 | LR: 0.0000201 | Loss : 0.0022 | Val loss: 0.0024
2026-01-24 20:15:25.748961 | Epoch:1409 | LR: 0.0000201 | Loss : 0.0022 | Val loss: 0.0024
2026-01-24 20:15:47.752492 | Epoch:1410 | LR: 0.0000200 | Loss : 0.0022 | Val loss: 0.0022
2026-01-24 20:16:10.045597 | Epoch:1411 | LR: 0.0000200 | Loss : 0.0022 | Val loss: 0.0022
2026-01-24 20:16:32.271270 | Epoch:1412 | LR: 0.0000200 | Loss : 0.0021 | Val loss: 0.0024
2026-01-24 20:16:54.564833 | Epoch:1413 | LR: 0.0000199 | Loss : 0.0022 | Val loss: 0.0023
2026-01-24 20:17:16.774604 | Epoch:1414 | LR: 0.0000199 | Loss : 0.0024 | Val loss: 0.0041
2026-01-24 20:17:39.245942 | Epoch:1415 | LR: 0.0000199 | Loss : 0.0072 | Val loss: 0.0044
2026-01-24 20:18:01.591404 | Epoch:1416 | LR: 0.0000198 | Loss : 0.0028 | Val loss: 0.0023
2026-01-24 20:18:23.692457 | Epoch:1417 | LR: 0.0000198 | Loss : 0.0023 | Val loss: 0.0023
2026-01-24 20:18:45.863816 | Epoch:1418 | LR: 0.0000198 | Loss : 0.0024 | Val loss: 0.0023
2026-01-24 20:19:08.248871 | Epoch:1419 | LR: 0.0000198 | Loss : 0.0022 | Val loss: 0.0020
2026-01-24 20:19:34.533322 | Epoch:1420 | LR: 0.0000197 | Loss : 0.0022 | Val loss: 0.0023
2026-01-24 20:19:57.211105 | Epoch:1421 | LR: 0.0000197 | Loss : 0.0022 | Val loss: 0.0025
2026-01-24 20:20:19.819200 | Epoch:1422 | LR: 0.0000197 | Loss : 0.0021 | Val loss: 0.0021
2026-01-24 20:20:42.020937 | Epoch:1423 | LR: 0.0000196 | Loss : 0.0021 | Val loss: 0.0023
2026-01-24 20:21:04.430850 | Epoch:1424 | LR: 0.0000196 | Loss : 0.0021 | Val loss: 0.0024
2026-01-24 20:21:26.933569 | Epoch:1425 | LR: 0.0000196 | Loss : 0.0021 | Val loss: 0.0021
2026-01-24 20:21:49.030458 | Epoch:1426 | LR: 0.0000195 | Loss : 0.0023 | Val loss: 0.0022
2026-01-24 20:23:40.865011 | Epoch:1427 | LR: 0.0000195 | Loss : 0.0021 | Val loss: 0.0021
2026-01-24 20:24:03.113950 | Epoch:1428 | LR: 0.0000195 | Loss : 0.0021 | Val loss: 0.0021
2026-01-24 20:24:25.632230 | Epoch:1429 | LR: 0.0000194 | Loss : 0.0023 | Val loss: 0.0023
2026-01-24 20:24:47.825608 | Epoch:1430 | LR: 0.0000194 | Loss : 0.0021 | Val loss: 0.0022
2026-01-24 20:25:10.009209 | Epoch:1431 | LR: 0.0000194 | Loss : 0.0022 | Val loss: 0.0020
2026-01-24 20:25:36.298845 | Epoch:1432 | LR: 0.0000194 | Loss : 0.0022 | Val loss: 0.0022
2026-01-24 20:25:58.691516 | Epoch:1433 | LR: 0.0000193 | Loss : 0.0021 | Val loss: 0.0023
2026-01-24 20:26:20.707305 | Epoch:1434 | LR: 0.0000193 | Loss : 0.0022 | Val loss: 0.0022
2026-01-24 20:26:43.100595 | Epoch:1435 | LR: 0.0000193 | Loss : 0.0021 | Val loss: 0.0020
2026-01-24 20:27:05.432629 | Epoch:1436 | LR: 0.0000192 | Loss : 0.0021 | Val loss: 0.0022
2026-01-24 20:27:27.595736 | Epoch:1437 | LR: 0.0000192 | Loss : 0.0022 | Val loss: 0.0022
2026-01-24 20:27:50.116762 | Epoch:1438 | LR: 0.0000192 | Loss : 0.0022 | Val loss: 0.0020
2026-01-24 20:28:12.759662 | Epoch:1439 | LR: 0.0000191 | Loss : 0.0021 | Val loss: 0.0024
2026-01-24 20:28:35.070803 | Epoch:1440 | LR: 0.0000191 | Loss : 0.0022 | Val loss: 0.0024
2026-01-24 20:28:57.658287 | Epoch:1441 | LR: 0.0000191 | Loss : 0.0021 | Val loss: 0.0022
2026-01-24 20:29:19.625784 | Epoch:1442 | LR: 0.0000190 | Loss : 0.0021 | Val loss: 0.0022
2026-01-24 20:29:42.115587 | Epoch:1443 | LR: 0.0000190 | Loss : 0.0021 | Val loss: 0.0022
2026-01-24 20:30:04.668089 | Epoch:1444 | LR: 0.0000190 | Loss : 0.0022 | Val loss: 0.0022
2026-01-24 20:30:26.747832 | Epoch:1445 | LR: 0.0000190 | Loss : 0.0022 | Val loss: 0.0022
2026-01-24 20:30:49.151465 | Epoch:1446 | LR: 0.0000189 | Loss : 0.0022 | Val loss: 0.0022
2026-01-24 20:31:11.226974 | Epoch:1447 | LR: 0.0000189 | Loss : 0.0021 | Val loss: 0.0021
2026-01-24 20:31:33.473224 | Epoch:1448 | LR: 0.0000189 | Loss : 0.0021 | Val loss: 0.0025
2026-01-24 20:31:55.997458 | Epoch:1449 | LR: 0.0000188 | Loss : 0.0021 | Val loss: 0.0021
2026-01-24 20:32:18.430378 | Epoch:1450 | LR: 0.0000188 | Loss : 0.0023 | Val loss: 0.0021
2026-01-24 20:32:40.900204 | Epoch:1451 | LR: 0.0000188 | Loss : 0.0022 | Val loss: 0.0029
2026-01-24 20:33:03.169857 | Epoch:1452 | LR: 0.0000187 | Loss : 0.0022 | Val loss: 0.0023
2026-01-24 20:33:25.423354 | Epoch:1453 | LR: 0.0000187 | Loss : 0.0021 | Val loss: 0.0020
2026-01-24 20:33:48.079396 | Epoch:1454 | LR: 0.0000187 | Loss : 0.0022 | Val loss: 0.0022
2026-01-24 20:34:10.197792 | Epoch:1455 | LR: 0.0000187 | Loss : 0.0021 | Val loss: 0.0023
2026-01-24 20:34:32.473016 | Epoch:1456 | LR: 0.0000186 | Loss : 0.0023 | Val loss: 0.0022
2026-01-24 20:34:54.774025 | Epoch:1457 | LR: 0.0000186 | Loss : 0.0022 | Val loss: 0.0021
2026-01-24 20:35:16.916531 | Epoch:1458 | LR: 0.0000186 | Loss : 0.0021 | Val loss: 0.0021
2026-01-24 20:35:39.265683 | Epoch:1459 | LR: 0.0000185 | Loss : 0.0021 | Val loss: 0.0021
2026-01-24 20:36:01.449249 | Epoch:1460 | LR: 0.0000185 | Loss : 0.0022 | Val loss: 0.0021
2026-01-24 20:36:23.870522 | Epoch:1461 | LR: 0.0000185 | Loss : 0.0022 | Val loss: 0.0022
2026-01-24 20:36:46.457007 | Epoch:1462 | LR: 0.0000184 | Loss : 0.0022 | Val loss: 0.0023
2026-01-24 20:37:08.507043 | Epoch:1463 | LR: 0.0000184 | Loss : 0.0022 | Val loss: 0.0021
2026-01-24 20:37:30.676792 | Epoch:1464 | LR: 0.0000184 | Loss : 0.0023 | Val loss: 0.0021
2026-01-24 20:37:53.155405 | Epoch:1465 | LR: 0.0000184 | Loss : 0.0022 | Val loss: 0.0022
2026-01-24 20:38:15.215560 | Epoch:1466 | LR: 0.0000183 | Loss : 0.0021 | Val loss: 0.0023
2026-01-24 20:38:37.665257 | Epoch:1467 | LR: 0.0000183 | Loss : 0.0021 | Val loss: 0.0020
2026-01-24 20:38:59.828774 | Epoch:1468 | LR: 0.0000183 | Loss : 0.0022 | Val loss: 0.0020
2026-01-24 20:39:22.420585 | Epoch:1469 | LR: 0.0000182 | Loss : 0.0022 | Val loss: 0.0024
2026-01-24 20:39:45.072902 | Epoch:1470 | LR: 0.0000182 | Loss : 0.0022 | Val loss: 0.0024
2026-01-24 20:40:07.302776 | Epoch:1471 | LR: 0.0000182 | Loss : 0.0022 | Val loss: 0.0022
2026-01-24 20:40:29.759469 | Epoch:1472 | LR: 0.0000181 | Loss : 0.0021 | Val loss: 0.0020
2026-01-24 20:40:52.184830 | Epoch:1473 | LR: 0.0000181 | Loss : 0.0022 | Val loss: 0.0020
2026-01-24 20:41:14.514696 | Epoch:1474 | LR: 0.0000181 | Loss : 0.0021 | Val loss: 0.0020
2026-01-24 20:41:41.171386 | Epoch:1475 | LR: 0.0000180 | Loss : 0.0022 | Val loss: 0.0024
2026-01-24 20:42:03.617421 | Epoch:1476 | LR: 0.0000180 | Loss : 0.0021 | Val loss: 0.0021
2026-01-24 20:42:25.598081 | Epoch:1477 | LR: 0.0000180 | Loss : 0.0022 | Val loss: 0.0022
2026-01-24 20:42:48.173851 | Epoch:1478 | LR: 0.0000180 | Loss : 0.0021 | Val loss: 0.0022
2026-01-24 20:43:10.507934 | Epoch:1479 | LR: 0.0000179 | Loss : 0.0021 | Val loss: 0.0021
2026-01-24 20:43:32.743635 | Epoch:1480 | LR: 0.0000179 | Loss : 0.0023 | Val loss: 0.0023
2026-01-24 20:43:55.301801 | Epoch:1481 | LR: 0.0000179 | Loss : 0.0021 | Val loss: 0.0020
2026-01-24 20:44:17.672224 | Epoch:1482 | LR: 0.0000178 | Loss : 0.0021 | Val loss: 0.0021
2026-01-24 20:44:40.435527 | Epoch:1483 | LR: 0.0000178 | Loss : 0.0022 | Val loss: 0.0021
2026-01-24 20:45:02.868955 | Epoch:1484 | LR: 0.0000178 | Loss : 0.0021 | Val loss: 0.0021
2026-01-24 20:45:25.381620 | Epoch:1485 | LR: 0.0000177 | Loss : 0.0021 | Val loss: 0.0022
2026-01-24 20:45:47.921021 | Epoch:1486 | LR: 0.0000177 | Loss : 0.0023 | Val loss: 0.0021
2026-01-24 20:46:10.416843 | Epoch:1487 | LR: 0.0000177 | Loss : 0.0021 | Val loss: 0.0022
2026-01-24 20:46:32.721768 | Epoch:1488 | LR: 0.0000177 | Loss : 0.0021 | Val loss: 0.0021
2026-01-24 20:46:55.155698 | Epoch:1489 | LR: 0.0000176 | Loss : 0.0020 | Val loss: 0.0022
2026-01-24 20:47:21.465304 | Epoch:1490 | LR: 0.0000176 | Loss : 0.0021 | Val loss: 0.0022
2026-01-24 20:47:44.084077 | Epoch:1491 | LR: 0.0000176 | Loss : 0.0022 | Val loss: 0.0022
2026-01-24 20:48:06.652549 | Epoch:1492 | LR: 0.0000175 | Loss : 0.0021 | Val loss: 0.0023
2026-01-24 20:48:28.783396 | Epoch:1493 | LR: 0.0000175 | Loss : 0.0021 | Val loss: 0.0022
2026-01-24 20:48:51.189027 | Epoch:1494 | LR: 0.0000175 | Loss : 0.0022 | Val loss: 0.0024
2026-01-24 20:49:13.574040 | Epoch:1495 | LR: 0.0000174 | Loss : 0.0021 | Val loss: 0.0021
2026-01-24 20:49:35.740733 | Epoch:1496 | LR: 0.0000174 | Loss : 0.0021 | Val loss: 0.0021
2026-01-24 20:49:58.437979 | Epoch:1497 | LR: 0.0000174 | Loss : 0.0021 | Val loss: 0.0020
2026-01-24 20:50:20.787642 | Epoch:1498 | LR: 0.0000174 | Loss : 0.0022 | Val loss: 0.0022
2026-01-24 20:50:43.421245 | Epoch:1499 | LR: 0.0000173 | Loss : 0.0021 | Val loss: 0.0021
2026-01-24 20:51:06.051084 | Epoch:1500 | LR: 0.0000173 | Loss : 0.0022 | Val loss: 0.0022
2026-01-24 20:51:28.469334 | Epoch:1501 | LR: 0.0000173 | Loss : 0.0021 | Val loss: 0.0020
2026-01-24 20:51:51.145531 | Epoch:1502 | LR: 0.0000172 | Loss : 0.0021 | Val loss: 0.0023
2026-01-24 20:52:13.672188 | Epoch:1503 | LR: 0.0000172 | Loss : 0.0021 | Val loss: 0.0022
2026-01-24 20:52:35.932180 | Epoch:1504 | LR: 0.0000172 | Loss : 0.0020 | Val loss: 0.0021
2026-01-24 20:52:58.427554 | Epoch:1505 | LR: 0.0000171 | Loss : 0.0022 | Val loss: 0.0021
2026-01-24 20:53:20.509867 | Epoch:1506 | LR: 0.0000171 | Loss : 0.0022 | Val loss: 0.0023
2026-01-24 20:53:43.044170 | Epoch:1507 | LR: 0.0000171 | Loss : 0.0021 | Val loss: 0.0021
2026-01-24 20:54:05.764127 | Epoch:1508 | LR: 0.0000171 | Loss : 0.0022 | Val loss: 0.0022
2026-01-24 20:54:28.282880 | Epoch:1509 | LR: 0.0000170 | Loss : 0.0020 | Val loss: 0.0022
2026-01-24 20:54:50.654012 | Epoch:1510 | LR: 0.0000170 | Loss : 0.0021 | Val loss: 0.0021
2026-01-24 20:55:13.108968 | Epoch:1511 | LR: 0.0000170 | Loss : 0.0021 | Val loss: 0.0019
2026-01-24 20:55:39.436627 | Epoch:1512 | LR: 0.0000169 | Loss : 0.0021 | Val loss: 0.0023
2026-01-24 20:56:01.785260 | Epoch:1513 | LR: 0.0000169 | Loss : 0.0022 | Val loss: 0.0023
2026-01-24 20:56:23.956911 | Epoch:1514 | LR: 0.0000169 | Loss : 0.0021 | Val loss: 0.0022
2026-01-24 20:56:46.092932 | Epoch:1515 | LR: 0.0000169 | Loss : 0.0021 | Val loss: 0.0023
2026-01-24 20:57:08.347867 | Epoch:1516 | LR: 0.0000168 | Loss : 0.0021 | Val loss: 0.0021
2026-01-24 20:57:30.913414 | Epoch:1517 | LR: 0.0000168 | Loss : 0.0021 | Val loss: 0.0022
2026-01-24 20:57:53.213068 | Epoch:1518 | LR: 0.0000168 | Loss : 0.0021 | Val loss: 0.0022
2026-01-24 20:58:15.775113 | Epoch:1519 | LR: 0.0000167 | Loss : 0.0021 | Val loss: 0.0023
2026-01-24 20:58:37.830348 | Epoch:1520 | LR: 0.0000167 | Loss : 0.0020 | Val loss: 0.0020
2026-01-24 20:59:00.164689 | Epoch:1521 | LR: 0.0000167 | Loss : 0.0022 | Val loss: 0.0021
2026-01-24 20:59:22.561079 | Epoch:1522 | LR: 0.0000166 | Loss : 0.0022 | Val loss: 0.0022
2026-01-24 20:59:44.427544 | Epoch:1523 | LR: 0.0000166 | Loss : 0.0021 | Val loss: 0.0020
2026-01-24 21:00:06.705894 | Epoch:1524 | LR: 0.0000166 | Loss : 0.0021 | Val loss: 0.0020
2026-01-24 21:00:28.849062 | Epoch:1525 | LR: 0.0000166 | Loss : 0.0021 | Val loss: 0.0019
2026-01-24 21:00:50.764601 | Epoch:1526 | LR: 0.0000165 | Loss : 0.0020 | Val loss: 0.0019
2026-01-24 21:02:38.327670 | Epoch:1527 | LR: 0.0000165 | Loss : 0.0021 | Val loss: 0.0020
2026-01-24 21:03:00.516006 | Epoch:1528 | LR: 0.0000165 | Loss : 0.0022 | Val loss: 0.0020
2026-01-24 21:03:22.574382 | Epoch:1529 | LR: 0.0000164 | Loss : 0.0022 | Val loss: 0.0021
2026-01-24 21:03:44.627101 | Epoch:1530 | LR: 0.0000164 | Loss : 0.0021 | Val loss: 0.0021
2026-01-24 21:04:06.830391 | Epoch:1531 | LR: 0.0000164 | Loss : 0.0020 | Val loss: 0.0021
2026-01-24 21:04:29.159159 | Epoch:1532 | LR: 0.0000163 | Loss : 0.0022 | Val loss: 0.0022
2026-01-24 21:04:51.691396 | Epoch:1533 | LR: 0.0000163 | Loss : 0.0022 | Val loss: 0.0021
2026-01-24 21:05:13.975838 | Epoch:1534 | LR: 0.0000163 | Loss : 0.0021 | Val loss: 0.0021
2026-01-24 21:05:36.435041 | Epoch:1535 | LR: 0.0000163 | Loss : 0.0021 | Val loss: 0.0022
2026-01-24 21:05:58.783076 | Epoch:1536 | LR: 0.0000162 | Loss : 0.0022 | Val loss: 0.0020
2026-01-24 21:06:21.175514 | Epoch:1537 | LR: 0.0000162 | Loss : 0.0021 | Val loss: 0.0021
2026-01-24 21:06:47.101705 | Epoch:1538 | LR: 0.0000162 | Loss : 0.0020 | Val loss: 0.0020
2026-01-24 21:07:09.570836 | Epoch:1539 | LR: 0.0000161 | Loss : 0.0021 | Val loss: 0.0021
2026-01-24 21:07:31.605570 | Epoch:1540 | LR: 0.0000161 | Loss : 0.0021 | Val loss: 0.0021
2026-01-24 21:07:53.927034 | Epoch:1541 | LR: 0.0000161 | Loss : 0.0020 | Val loss: 0.0022
2026-01-24 21:08:16.305899 | Epoch:1542 | LR: 0.0000161 | Loss : 0.0021 | Val loss: 0.0023
2026-01-24 21:08:39.001632 | Epoch:1543 | LR: 0.0000160 | Loss : 0.0021 | Val loss: 0.0023
2026-01-24 21:09:02.788989 | Epoch:1544 | LR: 0.0000160 | Loss : 0.0021 | Val loss: 0.0020
2026-01-24 21:09:26.766963 | Epoch:1545 | LR: 0.0000160 | Loss : 0.0021 | Val loss: 0.0020
2026-01-24 21:09:50.216213 | Epoch:1546 | LR: 0.0000159 | Loss : 0.0021 | Val loss: 0.0020
2026-01-24 21:10:13.644344 | Epoch:1547 | LR: 0.0000159 | Loss : 0.0020 | Val loss: 0.0021
2026-01-24 21:10:36.680100 | Epoch:1548 | LR: 0.0000159 | Loss : 0.0020 | Val loss: 0.0020
2026-01-24 21:10:59.584482 | Epoch:1549 | LR: 0.0000158 | Loss : 0.0021 | Val loss: 0.0021
2026-01-24 21:11:22.091041 | Epoch:1550 | LR: 0.0000158 | Loss : 0.0021 | Val loss: 0.0022
2026-01-24 21:11:44.702269 | Epoch:1551 | LR: 0.0000158 | Loss : 0.0020 | Val loss: 0.0020
2026-01-24 21:12:07.543017 | Epoch:1552 | LR: 0.0000158 | Loss : 0.0022 | Val loss: 0.0023
2026-01-24 21:12:29.792754 | Epoch:1553 | LR: 0.0000157 | Loss : 0.0020 | Val loss: 0.0019
2026-01-24 21:12:56.266881 | Epoch:1554 | LR: 0.0000157 | Loss : 0.0022 | Val loss: 0.0021
2026-01-24 21:13:18.697277 | Epoch:1555 | LR: 0.0000157 | Loss : 0.0021 | Val loss: 0.0021
2026-01-24 21:13:40.760144 | Epoch:1556 | LR: 0.0000156 | Loss : 0.0022 | Val loss: 0.0021
2026-01-24 21:14:03.224109 | Epoch:1557 | LR: 0.0000156 | Loss : 0.0021 | Val loss: 0.0021
2026-01-24 21:14:25.271789 | Epoch:1558 | LR: 0.0000156 | Loss : 0.0021 | Val loss: 0.0021
2026-01-24 21:14:47.506936 | Epoch:1559 | LR: 0.0000156 | Loss : 0.0021 | Val loss: 0.0022
2026-01-24 21:15:09.710542 | Epoch:1560 | LR: 0.0000155 | Loss : 0.0022 | Val loss: 0.0021
2026-01-24 21:15:31.810434 | Epoch:1561 | LR: 0.0000155 | Loss : 0.0020 | Val loss: 0.0020
2026-01-24 21:15:54.165557 | Epoch:1562 | LR: 0.0000155 | Loss : 0.0020 | Val loss: 0.0019
2026-01-24 21:16:16.076338 | Epoch:1563 | LR: 0.0000154 | Loss : 0.0021 | Val loss: 0.0022
2026-01-24 21:16:38.233173 | Epoch:1564 | LR: 0.0000154 | Loss : 0.0019 | Val loss: 0.0021
2026-01-24 21:17:00.447221 | Epoch:1565 | LR: 0.0000154 | Loss : 0.0020 | Val loss: 0.0020
2026-01-24 21:17:22.381742 | Epoch:1566 | LR: 0.0000154 | Loss : 0.0021 | Val loss: 0.0022
2026-01-24 21:17:44.652663 | Epoch:1567 | LR: 0.0000153 | Loss : 0.0021 | Val loss: 0.0021
2026-01-24 21:18:06.731126 | Epoch:1568 | LR: 0.0000153 | Loss : 0.0021 | Val loss: 0.0021
2026-01-24 21:18:28.889443 | Epoch:1569 | LR: 0.0000153 | Loss : 0.0019 | Val loss: 0.0019
2026-01-24 21:18:55.257204 | Epoch:1570 | LR: 0.0000152 | Loss : 0.0020 | Val loss: 0.0020
2026-01-24 21:19:17.498380 | Epoch:1571 | LR: 0.0000152 | Loss : 0.0021 | Val loss: 0.0022
2026-01-24 21:19:39.735669 | Epoch:1572 | LR: 0.0000152 | Loss : 0.0021 | Val loss: 0.0020
2026-01-24 21:20:01.879327 | Epoch:1573 | LR: 0.0000152 | Loss : 0.0020 | Val loss: 0.0021
2026-01-24 21:20:24.243886 | Epoch:1574 | LR: 0.0000151 | Loss : 0.0021 | Val loss: 0.0020
2026-01-24 21:20:46.664449 | Epoch:1575 | LR: 0.0000151 | Loss : 0.0021 | Val loss: 0.0022
2026-01-24 21:21:08.684133 | Epoch:1576 | LR: 0.0000151 | Loss : 0.0022 | Val loss: 0.0022
2026-01-24 21:21:31.170312 | Epoch:1577 | LR: 0.0000150 | Loss : 0.0021 | Val loss: 0.0020
2026-01-24 21:21:53.248790 | Epoch:1578 | LR: 0.0000150 | Loss : 0.0021 | Val loss: 0.0021
2026-01-24 21:22:15.484520 | Epoch:1579 | LR: 0.0000150 | Loss : 0.0020 | Val loss: 0.0020
2026-01-24 21:22:37.969618 | Epoch:1580 | LR: 0.0000149 | Loss : 0.0021 | Val loss: 0.0020
2026-01-24 21:23:00.145221 | Epoch:1581 | LR: 0.0000149 | Loss : 0.0020 | Val loss: 0.0019
2026-01-24 21:23:22.615148 | Epoch:1582 | LR: 0.0000149 | Loss : 0.0020 | Val loss: 0.0022
2026-01-24 21:23:44.605285 | Epoch:1583 | LR: 0.0000149 | Loss : 0.0021 | Val loss: 0.0021
2026-01-24 21:24:06.959428 | Epoch:1584 | LR: 0.0000148 | Loss : 0.0021 | Val loss: 0.0020
2026-01-24 21:24:35.326034 | Epoch:1585 | LR: 0.0000148 | Loss : 0.0020 | Val loss: 0.0021
2026-01-24 21:24:57.333116 | Epoch:1586 | LR: 0.0000148 | Loss : 0.0020 | Val loss: 0.0020
2026-01-24 21:25:19.486032 | Epoch:1587 | LR: 0.0000147 | Loss : 0.0020 | Val loss: 0.0021
2026-01-24 21:25:41.754866 | Epoch:1588 | LR: 0.0000147 | Loss : 0.0020 | Val loss: 0.0021
2026-01-24 21:26:03.586569 | Epoch:1589 | LR: 0.0000147 | Loss : 0.0021 | Val loss: 0.0021
2026-01-24 21:26:25.875845 | Epoch:1590 | LR: 0.0000147 | Loss : 0.0021 | Val loss: 0.0021
2026-01-24 21:26:47.995463 | Epoch:1591 | LR: 0.0000146 | Loss : 0.0020 | Val loss: 0.0022
2026-01-24 21:27:10.232414 | Epoch:1592 | LR: 0.0000146 | Loss : 0.0021 | Val loss: 0.0020
2026-01-24 21:27:32.652393 | Epoch:1593 | LR: 0.0000146 | Loss : 0.0020 | Val loss: 0.0020
2026-01-24 21:27:54.722732 | Epoch:1594 | LR: 0.0000145 | Loss : 0.0021 | Val loss: 0.0022
2026-01-24 21:28:17.161800 | Epoch:1595 | LR: 0.0000145 | Loss : 0.0019 | Val loss: 0.0019
2026-01-24 21:28:44.893815 | Epoch:1596 | LR: 0.0000145 | Loss : 0.0020 | Val loss: 0.0020
2026-01-24 21:29:07.207934 | Epoch:1597 | LR: 0.0000145 | Loss : 0.0019 | Val loss: 0.0020
2026-01-24 21:29:29.735404 | Epoch:1598 | LR: 0.0000144 | Loss : 0.0022 | Val loss: 0.0020
2026-01-24 21:29:51.691061 | Epoch:1599 | LR: 0.0000144 | Loss : 0.0020 | Val loss: 0.0021
2026-01-24 21:30:14.010589 | Epoch:1600 | LR: 0.0000144 | Loss : 0.0020 | Val loss: 0.0023
2026-01-24 21:30:36.407796 | Epoch:1601 | LR: 0.0000143 | Loss : 0.0020 | Val loss: 0.0021
2026-01-24 21:30:58.334350 | Epoch:1602 | LR: 0.0000143 | Loss : 0.0020 | Val loss: 0.0020
2026-01-24 21:31:20.742603 | Epoch:1603 | LR: 0.0000143 | Loss : 0.0021 | Val loss: 0.0022
2026-01-24 21:31:42.881594 | Epoch:1604 | LR: 0.0000143 | Loss : 0.0020 | Val loss: 0.0022
2026-01-24 21:32:05.041931 | Epoch:1605 | LR: 0.0000142 | Loss : 0.0019 | Val loss: 0.0021
2026-01-24 21:32:27.463702 | Epoch:1606 | LR: 0.0000142 | Loss : 0.0020 | Val loss: 0.0019
2026-01-24 21:32:49.502871 | Epoch:1607 | LR: 0.0000142 | Loss : 0.0021 | Val loss: 0.0022
2026-01-24 21:33:11.913694 | Epoch:1608 | LR: 0.0000142 | Loss : 0.0020 | Val loss: 0.0020
2026-01-24 21:33:34.017673 | Epoch:1609 | LR: 0.0000141 | Loss : 0.0020 | Val loss: 0.0020
2026-01-24 21:33:56.081178 | Epoch:1610 | LR: 0.0000141 | Loss : 0.0020 | Val loss: 0.0020
2026-01-24 21:34:18.431075 | Epoch:1611 | LR: 0.0000141 | Loss : 0.0020 | Val loss: 0.0019
2026-01-24 21:34:40.661926 | Epoch:1612 | LR: 0.0000140 | Loss : 0.0020 | Val loss: 0.0020
2026-01-24 21:35:02.884494 | Epoch:1613 | LR: 0.0000140 | Loss : 0.0021 | Val loss: 0.0020
2026-01-24 21:35:25.127483 | Epoch:1614 | LR: 0.0000140 | Loss : 0.0021 | Val loss: 0.0020
2026-01-24 21:35:47.120347 | Epoch:1615 | LR: 0.0000140 | Loss : 0.0020 | Val loss: 0.0021
2026-01-24 21:36:09.220506 | Epoch:1616 | LR: 0.0000139 | Loss : 0.0021 | Val loss: 0.0022
2026-01-24 21:36:31.390784 | Epoch:1617 | LR: 0.0000139 | Loss : 0.0020 | Val loss: 0.0020
2026-01-24 21:36:53.236737 | Epoch:1618 | LR: 0.0000139 | Loss : 0.0020 | Val loss: 0.0020
2026-01-24 21:37:15.441895 | Epoch:1619 | LR: 0.0000138 | Loss : 0.0021 | Val loss: 0.0020
2026-01-24 21:37:37.191751 | Epoch:1620 | LR: 0.0000138 | Loss : 0.0020 | Val loss: 0.0022
2026-01-24 21:37:59.240064 | Epoch:1621 | LR: 0.0000138 | Loss : 0.0019 | Val loss: 0.0020
2026-01-24 21:38:21.438464 | Epoch:1622 | LR: 0.0000138 | Loss : 0.0020 | Val loss: 0.0021
2026-01-24 21:38:43.341234 | Epoch:1623 | LR: 0.0000137 | Loss : 0.0020 | Val loss: 0.0020
2026-01-24 21:39:05.541677 | Epoch:1624 | LR: 0.0000137 | Loss : 0.0020 | Val loss: 0.0020
2026-01-24 21:39:27.544581 | Epoch:1625 | LR: 0.0000137 | Loss : 0.0020 | Val loss: 0.0021
2026-01-24 21:39:49.506816 | Epoch:1626 | LR: 0.0000136 | Loss : 0.0022 | Val loss: 0.0021
2026-01-24 21:40:11.653622 | Epoch:1627 | LR: 0.0000136 | Loss : 0.0019 | Val loss: 0.0020
2026-01-24 21:40:33.444364 | Epoch:1628 | LR: 0.0000136 | Loss : 0.0020 | Val loss: 0.0021
2026-01-24 21:40:55.510587 | Epoch:1629 | LR: 0.0000136 | Loss : 0.0019 | Val loss: 0.0017
2026-01-24 21:42:22.127804 | Epoch:1630 | LR: 0.0000135 | Loss : 0.0020 | Val loss: 0.0019
2026-01-24 21:42:44.091035 | Epoch:1631 | LR: 0.0000135 | Loss : 0.0020 | Val loss: 0.0021
2026-01-24 21:43:05.954158 | Epoch:1632 | LR: 0.0000135 | Loss : 0.0019 | Val loss: 0.0021
2026-01-24 21:43:28.044145 | Epoch:1633 | LR: 0.0000134 | Loss : 0.0019 | Val loss: 0.0020
2026-01-24 21:43:50.109987 | Epoch:1634 | LR: 0.0000134 | Loss : 0.0021 | Val loss: 0.0021
2026-01-24 21:44:12.223023 | Epoch:1635 | LR: 0.0000134 | Loss : 0.0020 | Val loss: 0.0018
2026-01-24 21:44:34.349723 | Epoch:1636 | LR: 0.0000134 | Loss : 0.0020 | Val loss: 0.0021
2026-01-24 21:44:56.476867 | Epoch:1637 | LR: 0.0000133 | Loss : 0.0021 | Val loss: 0.0021
2026-01-24 21:45:18.482949 | Epoch:1638 | LR: 0.0000133 | Loss : 0.0020 | Val loss: 0.0020
2026-01-24 21:45:40.384379 | Epoch:1639 | LR: 0.0000133 | Loss : 0.0020 | Val loss: 0.0019
2026-01-24 21:46:02.683009 | Epoch:1640 | LR: 0.0000133 | Loss : 0.0020 | Val loss: 0.0021
2026-01-24 21:46:24.763473 | Epoch:1641 | LR: 0.0000132 | Loss : 0.0020 | Val loss: 0.0020
2026-01-24 21:46:46.918702 | Epoch:1642 | LR: 0.0000132 | Loss : 0.0020 | Val loss: 0.0019
2026-01-24 21:47:09.081965 | Epoch:1643 | LR: 0.0000132 | Loss : 0.0021 | Val loss: 0.0020
2026-01-24 21:47:31.308762 | Epoch:1644 | LR: 0.0000131 | Loss : 0.0019 | Val loss: 0.0020
2026-01-24 21:47:53.742703 | Epoch:1645 | LR: 0.0000131 | Loss : 0.0020 | Val loss: 0.0019
2026-01-24 21:48:19.237937 | Epoch:1646 | LR: 0.0000131 | Loss : 0.0019 | Val loss: 0.0020
2026-01-24 21:48:41.520119 | Epoch:1647 | LR: 0.0000131 | Loss : 0.0019 | Val loss: 0.0020
2026-01-24 21:49:03.673853 | Epoch:1648 | LR: 0.0000130 | Loss : 0.0020 | Val loss: 0.0020
2026-01-24 21:49:25.658735 | Epoch:1649 | LR: 0.0000130 | Loss : 0.0020 | Val loss: 0.0021
2026-01-24 21:49:47.833931 | Epoch:1650 | LR: 0.0000130 | Loss : 0.0020 | Val loss: 0.0021
2026-01-24 21:50:09.950360 | Epoch:1651 | LR: 0.0000130 | Loss : 0.0020 | Val loss: 0.0019
2026-01-24 21:50:32.008188 | Epoch:1652 | LR: 0.0000129 | Loss : 0.0020 | Val loss: 0.0019
2026-01-24 21:50:54.319446 | Epoch:1653 | LR: 0.0000129 | Loss : 0.0019 | Val loss: 0.0019
2026-01-24 21:51:16.461557 | Epoch:1654 | LR: 0.0000129 | Loss : 0.0019 | Val loss: 0.0019
2026-01-24 21:51:38.702993 | Epoch:1655 | LR: 0.0000128 | Loss : 0.0019 | Val loss: 0.0021
2026-01-24 21:52:00.715653 | Epoch:1656 | LR: 0.0000128 | Loss : 0.0020 | Val loss: 0.0022
2026-01-24 21:52:22.961420 | Epoch:1657 | LR: 0.0000128 | Loss : 0.0020 | Val loss: 0.0019
2026-01-24 21:52:49.147872 | Epoch:1658 | LR: 0.0000128 | Loss : 0.0020 | Val loss: 0.0021
2026-01-24 21:53:11.321236 | Epoch:1659 | LR: 0.0000127 | Loss : 0.0020 | Val loss: 0.0021
2026-01-24 21:53:33.401334 | Epoch:1660 | LR: 0.0000127 | Loss : 0.0020 | Val loss: 0.0019
2026-01-24 21:53:55.528415 | Epoch:1661 | LR: 0.0000127 | Loss : 0.0020 | Val loss: 0.0020
2026-01-24 21:54:21.351148 | Epoch:1662 | LR: 0.0000126 | Loss : 0.0021 | Val loss: 0.0021
2026-01-24 21:54:43.307189 | Epoch:1663 | LR: 0.0000126 | Loss : 0.0020 | Val loss: 0.0020
2026-01-24 21:55:05.426960 | Epoch:1664 | LR: 0.0000126 | Loss : 0.0020 | Val loss: 0.0021
2026-01-24 21:55:27.475963 | Epoch:1665 | LR: 0.0000126 | Loss : 0.0020 | Val loss: 0.0018
2026-01-24 21:55:49.432978 | Epoch:1666 | LR: 0.0000125 | Loss : 0.0020 | Val loss: 0.0020
2026-01-24 21:56:11.466788 | Epoch:1667 | LR: 0.0000125 | Loss : 0.0020 | Val loss: 0.0020
2026-01-24 21:56:33.398681 | Epoch:1668 | LR: 0.0000125 | Loss : 0.0019 | Val loss: 0.0020
2026-01-24 21:56:55.587859 | Epoch:1669 | LR: 0.0000125 | Loss : 0.0020 | Val loss: 0.0022
2026-01-24 21:57:17.640807 | Epoch:1670 | LR: 0.0000124 | Loss : 0.0019 | Val loss: 0.0021
2026-01-24 21:57:39.810091 | Epoch:1671 | LR: 0.0000124 | Loss : 0.0020 | Val loss: 0.0020
2026-01-24 21:58:01.922999 | Epoch:1672 | LR: 0.0000124 | Loss : 0.0020 | Val loss: 0.0020
2026-01-24 21:58:23.939722 | Epoch:1673 | LR: 0.0000123 | Loss : 0.0020 | Val loss: 0.0020
2026-01-24 21:58:45.909272 | Epoch:1674 | LR: 0.0000123 | Loss : 0.0020 | Val loss: 0.0021
2026-01-24 21:59:08.044637 | Epoch:1675 | LR: 0.0000123 | Loss : 0.0020 | Val loss: 0.0021
2026-01-24 21:59:30.149298 | Epoch:1676 | LR: 0.0000123 | Loss : 0.0020 | Val loss: 0.0020
2026-01-24 21:59:52.350568 | Epoch:1677 | LR: 0.0000122 | Loss : 0.0020 | Val loss: 0.0021
2026-01-24 22:00:14.562950 | Epoch:1678 | LR: 0.0000122 | Loss : 0.0019 | Val loss: 0.0019
2026-01-24 22:00:36.854053 | Epoch:1679 | LR: 0.0000122 | Loss : 0.0020 | Val loss: 0.0022
2026-01-24 22:00:58.916247 | Epoch:1680 | LR: 0.0000122 | Loss : 0.0021 | Val loss: 0.0023
2026-01-24 22:01:21.374418 | Epoch:1681 | LR: 0.0000121 | Loss : 0.0020 | Val loss: 0.0020
2026-01-24 22:01:43.452757 | Epoch:1682 | LR: 0.0000121 | Loss : 0.0020 | Val loss: 0.0021
2026-01-24 22:02:05.930784 | Epoch:1683 | LR: 0.0000121 | Loss : 0.0018 | Val loss: 0.0020
2026-01-24 22:02:28.003564 | Epoch:1684 | LR: 0.0000121 | Loss : 0.0019 | Val loss: 0.0020
2026-01-24 22:02:50.242402 | Epoch:1685 | LR: 0.0000120 | Loss : 0.0021 | Val loss: 0.0018
2026-01-24 22:03:12.572618 | Epoch:1686 | LR: 0.0000120 | Loss : 0.0019 | Val loss: 0.0018
2026-01-24 22:03:38.932289 | Epoch:1687 | LR: 0.0000120 | Loss : 0.0019 | Val loss: 0.0020
2026-01-24 22:04:01.262557 | Epoch:1688 | LR: 0.0000119 | Loss : 0.0019 | Val loss: 0.0019
2026-01-24 22:04:27.564844 | Epoch:1689 | LR: 0.0000119 | Loss : 0.0020 | Val loss: 0.0020
2026-01-24 22:04:49.952247 | Epoch:1690 | LR: 0.0000119 | Loss : 0.0019 | Val loss: 0.0018
2026-01-24 22:05:12.378410 | Epoch:1691 | LR: 0.0000119 | Loss : 0.0019 | Val loss: 0.0020
2026-01-24 22:05:34.535561 | Epoch:1692 | LR: 0.0000118 | Loss : 0.0020 | Val loss: 0.0021
2026-01-24 22:05:56.924702 | Epoch:1693 | LR: 0.0000118 | Loss : 0.0020 | Val loss: 0.0021
2026-01-24 22:06:19.032785 | Epoch:1694 | LR: 0.0000118 | Loss : 0.0020 | Val loss: 0.0020
2026-01-24 22:06:41.278946 | Epoch:1695 | LR: 0.0000118 | Loss : 0.0019 | Val loss: 0.0020
2026-01-24 22:07:03.693434 | Epoch:1696 | LR: 0.0000117 | Loss : 0.0019 | Val loss: 0.0020
2026-01-24 22:07:25.678651 | Epoch:1697 | LR: 0.0000117 | Loss : 0.0019 | Val loss: 0.0019
2026-01-24 22:07:48.026631 | Epoch:1698 | LR: 0.0000117 | Loss : 0.0019 | Val loss: 0.0020
2026-01-24 22:08:10.473033 | Epoch:1699 | LR: 0.0000117 | Loss : 0.0020 | Val loss: 0.0020
2026-01-24 22:08:32.569998 | Epoch:1700 | LR: 0.0000116 | Loss : 0.0019 | Val loss: 0.0020
2026-01-24 22:08:54.980863 | Epoch:1701 | LR: 0.0000116 | Loss : 0.0019 | Val loss: 0.0019
2026-01-24 22:09:17.108833 | Epoch:1702 | LR: 0.0000116 | Loss : 0.0019 | Val loss: 0.0019
2026-01-24 22:09:39.377224 | Epoch:1703 | LR: 0.0000115 | Loss : 0.0020 | Val loss: 0.0019
2026-01-24 22:10:01.683970 | Epoch:1704 | LR: 0.0000115 | Loss : 0.0020 | Val loss: 0.0021
2026-01-24 22:10:23.926216 | Epoch:1705 | LR: 0.0000115 | Loss : 0.0019 | Val loss: 0.0020
2026-01-24 22:10:46.359171 | Epoch:1706 | LR: 0.0000115 | Loss : 0.0020 | Val loss: 0.0020
2026-01-24 22:11:08.743995 | Epoch:1707 | LR: 0.0000114 | Loss : 0.0020 | Val loss: 0.0018
2026-01-24 22:11:30.878666 | Epoch:1708 | LR: 0.0000114 | Loss : 0.0019 | Val loss: 0.0020
2026-01-24 22:11:53.278431 | Epoch:1709 | LR: 0.0000114 | Loss : 0.0019 | Val loss: 0.0020
2026-01-24 22:12:15.243361 | Epoch:1710 | LR: 0.0000114 | Loss : 0.0020 | Val loss: 0.0021
2026-01-24 22:12:37.518760 | Epoch:1711 | LR: 0.0000113 | Loss : 0.0020 | Val loss: 0.0021
2026-01-24 22:13:00.006721 | Epoch:1712 | LR: 0.0000113 | Loss : 0.0019 | Val loss: 0.0019
2026-01-24 22:13:21.859725 | Epoch:1713 | LR: 0.0000113 | Loss : 0.0019 | Val loss: 0.0020
2026-01-24 22:13:44.344503 | Epoch:1714 | LR: 0.0000113 | Loss : 0.0019 | Val loss: 0.0018
2026-01-24 22:14:06.496884 | Epoch:1715 | LR: 0.0000112 | Loss : 0.0019 | Val loss: 0.0019
2026-01-24 22:14:28.904929 | Epoch:1716 | LR: 0.0000112 | Loss : 0.0019 | Val loss: 0.0020
2026-01-24 22:14:51.223276 | Epoch:1717 | LR: 0.0000112 | Loss : 0.0019 | Val loss: 0.0019
2026-01-24 22:15:13.336517 | Epoch:1718 | LR: 0.0000112 | Loss : 0.0019 | Val loss: 0.0019
2026-01-24 22:15:35.509571 | Epoch:1719 | LR: 0.0000111 | Loss : 0.0019 | Val loss: 0.0019
2026-01-24 22:15:57.844569 | Epoch:1720 | LR: 0.0000111 | Loss : 0.0020 | Val loss: 0.0020
2026-01-24 22:16:19.853854 | Epoch:1721 | LR: 0.0000111 | Loss : 0.0019 | Val loss: 0.0021
2026-01-24 22:16:42.258397 | Epoch:1722 | LR: 0.0000110 | Loss : 0.0019 | Val loss: 0.0018
2026-01-24 22:17:10.319977 | Epoch:1723 | LR: 0.0000110 | Loss : 0.0019 | Val loss: 0.0019
2026-01-24 22:17:32.617174 | Epoch:1724 | LR: 0.0000110 | Loss : 0.0020 | Val loss: 0.0018
2026-01-24 22:17:54.813503 | Epoch:1725 | LR: 0.0000110 | Loss : 0.0019 | Val loss: 0.0020
2026-01-24 22:18:16.994161 | Epoch:1726 | LR: 0.0000109 | Loss : 0.0019 | Val loss: 0.0019
2026-01-24 22:18:39.155998 | Epoch:1727 | LR: 0.0000109 | Loss : 0.0019 | Val loss: 0.0019
2026-01-24 22:19:01.513674 | Epoch:1728 | LR: 0.0000109 | Loss : 0.0019 | Val loss: 0.0019
2026-01-24 22:19:23.526226 | Epoch:1729 | LR: 0.0000109 | Loss : 0.0020 | Val loss: 0.0019
2026-01-24 22:19:45.934724 | Epoch:1730 | LR: 0.0000108 | Loss : 0.0019 | Val loss: 0.0020
2026-01-24 22:20:07.934802 | Epoch:1731 | LR: 0.0000108 | Loss : 0.0019 | Val loss: 0.0021
2026-01-24 22:20:30.331987 | Epoch:1732 | LR: 0.0000108 | Loss : 0.0019 | Val loss: 0.0019
2026-01-24 22:20:52.342255 | Epoch:1733 | LR: 0.0000108 | Loss : 0.0020 | Val loss: 0.0020
2026-01-24 22:21:14.562718 | Epoch:1734 | LR: 0.0000107 | Loss : 0.0020 | Val loss: 0.0020
2026-01-24 22:21:36.368980 | Epoch:1735 | LR: 0.0000107 | Loss : 0.0241 | Val loss: 0.0126
2026-01-24 22:21:58.707832 | Epoch:1736 | LR: 0.0000107 | Loss : 0.0081 | Val loss: 0.0056
2026-01-24 22:22:20.446281 | Epoch:1737 | LR: 0.0000107 | Loss : 0.0046 | Val loss: 0.0039
2026-01-24 22:22:42.401188 | Epoch:1738 | LR: 0.0000106 | Loss : 0.0037 | Val loss: 0.0035
2026-01-24 22:23:04.404792 | Epoch:1739 | LR: 0.0000106 | Loss : 0.0034 | Val loss: 0.0032
2026-01-24 22:23:26.193475 | Epoch:1740 | LR: 0.0000106 | Loss : 0.0031 | Val loss: 0.0031
2026-01-24 22:23:48.236407 | Epoch:1741 | LR: 0.0000106 | Loss : 0.0029 | Val loss: 0.0030
2026-01-24 22:24:10.056694 | Epoch:1742 | LR: 0.0000105 | Loss : 0.0028 | Val loss: 0.0027
2026-01-24 22:24:31.902662 | Epoch:1743 | LR: 0.0000105 | Loss : 0.0028 | Val loss: 0.0027
2026-01-24 22:24:54.110767 | Epoch:1744 | LR: 0.0000105 | Loss : 0.0026 | Val loss: 0.0027
2026-01-24 22:25:15.961366 | Epoch:1745 | LR: 0.0000105 | Loss : 0.0026 | Val loss: 0.0028
2026-01-24 22:25:37.996086 | Epoch:1746 | LR: 0.0000104 | Loss : 0.0026 | Val loss: 0.0027
2026-01-24 22:25:59.772995 | Epoch:1747 | LR: 0.0000104 | Loss : 0.0025 | Val loss: 0.0026
2026-01-24 22:26:21.778758 | Epoch:1748 | LR: 0.0000104 | Loss : 0.0025 | Val loss: 0.0024
2026-01-24 22:26:44.022245 | Epoch:1749 | LR: 0.0000104 | Loss : 0.0024 | Val loss: 0.0024
2026-01-24 22:27:05.739498 | Epoch:1750 | LR: 0.0000103 | Loss : 0.0024 | Val loss: 0.0025
2026-01-24 22:27:27.886182 | Epoch:1751 | LR: 0.0000103 | Loss : 0.0024 | Val loss: 0.0023
2026-01-24 22:27:49.547604 | Epoch:1752 | LR: 0.0000103 | Loss : 0.0023 | Val loss: 0.0022
2026-01-24 22:28:11.432979 | Epoch:1753 | LR: 0.0000103 | Loss : 0.0023 | Val loss: 0.0023
2026-01-24 22:28:33.277044 | Epoch:1754 | LR: 0.0000102 | Loss : 0.0022 | Val loss: 0.0023
2026-01-24 22:28:55.046751 | Epoch:1755 | LR: 0.0000102 | Loss : 0.0022 | Val loss: 0.0024
2026-01-24 22:29:17.335377 | Epoch:1756 | LR: 0.0000102 | Loss : 0.0022 | Val loss: 0.0022
2026-01-24 22:29:39.026420 | Epoch:1757 | LR: 0.0000101 | Loss : 0.0022 | Val loss: 0.0024
2026-01-24 22:30:01.296590 | Epoch:1758 | LR: 0.0000101 | Loss : 0.0023 | Val loss: 0.0026
2026-01-24 22:30:23.660618 | Epoch:1759 | LR: 0.0000101 | Loss : 0.0022 | Val loss: 0.0022
2026-01-24 22:30:45.639179 | Epoch:1760 | LR: 0.0000101 | Loss : 0.0022 | Val loss: 0.0022
2026-01-24 22:31:08.054696 | Epoch:1761 | LR: 0.0000100 | Loss : 0.0022 | Val loss: 0.0020
2026-01-24 22:31:29.808922 | Epoch:1762 | LR: 0.0000100 | Loss : 0.0021 | Val loss: 0.0022
2026-01-24 22:31:51.954070 | Epoch:1763 | LR: 0.0000100 | Loss : 0.0021 | Val loss: 0.0022
2026-01-24 22:32:14.059204 | Epoch:1764 | LR: 0.0000100 | Loss : 0.0022 | Val loss: 0.0022
2026-01-24 22:32:35.929618 | Epoch:1765 | LR: 0.0000099 | Loss : 0.0022 | Val loss: 0.0021
2026-01-24 22:32:58.253945 | Epoch:1766 | LR: 0.0000099 | Loss : 0.0022 | Val loss: 0.0022
2026-01-24 22:33:20.143434 | Epoch:1767 | LR: 0.0000099 | Loss : 0.0021 | Val loss: 0.0021
2026-01-24 22:33:42.256606 | Epoch:1768 | LR: 0.0000099 | Loss : 0.0021 | Val loss: 0.0022
2026-01-24 22:34:04.461866 | Epoch:1769 | LR: 0.0000098 | Loss : 0.0022 | Val loss: 0.0021
2026-01-24 22:34:26.383150 | Epoch:1770 | LR: 0.0000098 | Loss : 0.0022 | Val loss: 0.0023
2026-01-24 22:34:48.708833 | Epoch:1771 | LR: 0.0000098 | Loss : 0.0021 | Val loss: 0.0023
2026-01-24 22:35:10.590427 | Epoch:1772 | LR: 0.0000098 | Loss : 0.0021 | Val loss: 0.0023
2026-01-24 22:35:32.716042 | Epoch:1773 | LR: 0.0000097 | Loss : 0.0021 | Val loss: 0.0021
2026-01-24 22:35:54.867422 | Epoch:1774 | LR: 0.0000097 | Loss : 0.0022 | Val loss: 0.0022
2026-01-24 22:36:17.735550 | Epoch:1775 | LR: 0.0000097 | Loss : 0.0020 | Val loss: 0.0021
2026-01-24 22:36:40.205021 | Epoch:1776 | LR: 0.0000097 | Loss : 0.0020 | Val loss: 0.0021
2026-01-24 22:37:02.256262 | Epoch:1777 | LR: 0.0000096 | Loss : 0.0021 | Val loss: 0.0020
2026-01-24 22:37:24.597191 | Epoch:1778 | LR: 0.0000096 | Loss : 0.0021 | Val loss: 0.0024
2026-01-24 22:37:47.131062 | Epoch:1779 | LR: 0.0000096 | Loss : 0.0022 | Val loss: 0.0022
2026-01-24 22:38:09.971181 | Epoch:1780 | LR: 0.0000096 | Loss : 0.0021 | Val loss: 0.0020
2026-01-24 22:38:32.223117 | Epoch:1781 | LR: 0.0000095 | Loss : 0.0021 | Val loss: 0.0018
2026-01-24 22:38:54.365520 | Epoch:1782 | LR: 0.0000095 | Loss : 0.0020 | Val loss: 0.0020
2026-01-24 22:39:16.939343 | Epoch:1783 | LR: 0.0000095 | Loss : 0.0020 | Val loss: 0.0021
2026-01-24 22:39:38.922225 | Epoch:1784 | LR: 0.0000095 | Loss : 0.0020 | Val loss: 0.0020
2026-01-24 22:40:01.172750 | Epoch:1785 | LR: 0.0000095 | Loss : 0.0020 | Val loss: 0.0021
2026-01-24 22:40:23.516699 | Epoch:1786 | LR: 0.0000094 | Loss : 0.0021 | Val loss: 0.0021
2026-01-24 22:40:45.264508 | Epoch:1787 | LR: 0.0000094 | Loss : 0.0019 | Val loss: 0.0020
2026-01-24 22:41:07.485623 | Epoch:1788 | LR: 0.0000094 | Loss : 0.0021 | Val loss: 0.0020
2026-01-24 22:41:29.389054 | Epoch:1789 | LR: 0.0000094 | Loss : 0.0020 | Val loss: 0.0019
2026-01-24 22:41:51.470266 | Epoch:1790 | LR: 0.0000093 | Loss : 0.0020 | Val loss: 0.0019
2026-01-24 22:42:14.260837 | Epoch:1791 | LR: 0.0000093 | Loss : 0.0021 | Val loss: 0.0020
2026-01-24 22:42:36.653417 | Epoch:1792 | LR: 0.0000093 | Loss : 0.0019 | Val loss: 0.0019
2026-01-24 22:42:59.131650 | Epoch:1793 | LR: 0.0000093 | Loss : 0.0019 | Val loss: 0.0021
2026-01-24 22:43:20.988667 | Epoch:1794 | LR: 0.0000092 | Loss : 0.0019 | Val loss: 0.0020
2026-01-24 22:43:43.566884 | Epoch:1795 | LR: 0.0000092 | Loss : 0.0020 | Val loss: 0.0020
2026-01-24 22:44:05.878791 | Epoch:1796 | LR: 0.0000092 | Loss : 0.0020 | Val loss: 0.0021
2026-01-24 22:44:27.873666 | Epoch:1797 | LR: 0.0000092 | Loss : 0.0020 | Val loss: 0.0022
2026-01-24 22:44:50.043304 | Epoch:1798 | LR: 0.0000091 | Loss : 0.0020 | Val loss: 0.0022
2026-01-24 22:45:12.092062 | Epoch:1799 | LR: 0.0000091 | Loss : 0.0019 | Val loss: 0.0020
2026-01-24 22:45:34.303397 | Epoch:1800 | LR: 0.0000091 | Loss : 0.0019 | Val loss: 0.0020
2026-01-24 22:45:56.333119 | Epoch:1801 | LR: 0.0000091 | Loss : 0.0021 | Val loss: 0.0018
2026-01-24 22:46:18.440941 | Epoch:1802 | LR: 0.0000090 | Loss : 0.0019 | Val loss: 0.0020
2026-01-24 22:46:41.035122 | Epoch:1803 | LR: 0.0000090 | Loss : 0.0020 | Val loss: 0.0020
2026-01-24 22:47:03.112615 | Epoch:1804 | LR: 0.0000090 | Loss : 0.0020 | Val loss: 0.0020
2026-01-24 22:47:25.205594 | Epoch:1805 | LR: 0.0000090 | Loss : 0.0020 | Val loss: 0.0020
2026-01-24 22:47:47.380860 | Epoch:1806 | LR: 0.0000089 | Loss : 0.0020 | Val loss: 0.0020
2026-01-24 22:48:09.376581 | Epoch:1807 | LR: 0.0000089 | Loss : 0.0020 | Val loss: 0.0021
2026-01-24 22:48:31.650668 | Epoch:1808 | LR: 0.0000089 | Loss : 0.0020 | Val loss: 0.0020
2026-01-24 22:48:53.542572 | Epoch:1809 | LR: 0.0000089 | Loss : 0.0019 | Val loss: 0.0022
2026-01-24 22:49:15.693315 | Epoch:1810 | LR: 0.0000088 | Loss : 0.0020 | Val loss: 0.0020
2026-01-24 22:49:37.943757 | Epoch:1811 | LR: 0.0000088 | Loss : 0.0020 | Val loss: 0.0019
2026-01-24 22:49:59.866331 | Epoch:1812 | LR: 0.0000088 | Loss : 0.0019 | Val loss: 0.0020
2026-01-24 22:50:22.434353 | Epoch:1813 | LR: 0.0000088 | Loss : 0.0019 | Val loss: 0.0019
2026-01-24 22:50:44.372204 | Epoch:1814 | LR: 0.0000087 | Loss : 0.0020 | Val loss: 0.0021
2026-01-24 22:51:06.475723 | Epoch:1815 | LR: 0.0000087 | Loss : 0.0020 | Val loss: 0.0020
2026-01-24 22:51:28.615934 | Epoch:1816 | LR: 0.0000087 | Loss : 0.0019 | Val loss: 0.0018
2026-01-24 22:51:50.856330 | Epoch:1817 | LR: 0.0000087 | Loss : 0.0020 | Val loss: 0.0019
2026-01-24 22:52:13.243918 | Epoch:1818 | LR: 0.0000087 | Loss : 0.0019 | Val loss: 0.0020
2026-01-24 22:52:35.224971 | Epoch:1819 | LR: 0.0000086 | Loss : 0.0020 | Val loss: 0.0022
2026-01-24 22:52:57.690398 | Epoch:1820 | LR: 0.0000086 | Loss : 0.0019 | Val loss: 0.0019
2026-01-24 22:53:19.987917 | Epoch:1821 | LR: 0.0000086 | Loss : 0.0019 | Val loss: 0.0020
2026-01-24 22:53:42.276565 | Epoch:1822 | LR: 0.0000086 | Loss : 0.0020 | Val loss: 0.0020
2026-01-24 22:54:04.638365 | Epoch:1823 | LR: 0.0000085 | Loss : 0.0020 | Val loss: 0.0018
2026-01-24 22:54:26.685007 | Epoch:1824 | LR: 0.0000085 | Loss : 0.0020 | Val loss: 0.0019
2026-01-24 22:54:49.178603 | Epoch:1825 | LR: 0.0000085 | Loss : 0.0020 | Val loss: 0.0020
2026-01-24 22:55:11.089199 | Epoch:1826 | LR: 0.0000085 | Loss : 0.0019 | Val loss: 0.0020
2026-01-24 22:55:33.275571 | Epoch:1827 | LR: 0.0000084 | Loss : 0.0020 | Val loss: 0.0019
2026-01-24 22:55:55.665454 | Epoch:1828 | LR: 0.0000084 | Loss : 0.0019 | Val loss: 0.0020
2026-01-24 22:56:17.717147 | Epoch:1829 | LR: 0.0000084 | Loss : 0.0019 | Val loss: 0.0019
2026-01-24 22:56:40.253894 | Epoch:1830 | LR: 0.0000084 | Loss : 0.0020 | Val loss: 0.0020
2026-01-24 22:57:02.315893 | Epoch:1831 | LR: 0.0000083 | Loss : 0.0019 | Val loss: 0.0019
2026-01-24 22:57:24.751963 | Epoch:1832 | LR: 0.0000083 | Loss : 0.0019 | Val loss: 0.0021
2026-01-24 22:57:47.119406 | Epoch:1833 | LR: 0.0000083 | Loss : 0.0019 | Val loss: 0.0017
2026-01-24 22:58:09.100511 | Epoch:1834 | LR: 0.0000083 | Loss : 0.0018 | Val loss: 0.0019
2026-01-24 22:58:31.596097 | Epoch:1835 | LR: 0.0000083 | Loss : 0.0019 | Val loss: 0.0020
2026-01-24 22:58:53.579428 | Epoch:1836 | LR: 0.0000082 | Loss : 0.0019 | Val loss: 0.0019
2026-01-24 22:59:15.975013 | Epoch:1837 | LR: 0.0000082 | Loss : 0.0019 | Val loss: 0.0020
2026-01-24 22:59:38.419612 | Epoch:1838 | LR: 0.0000082 | Loss : 0.0019 | Val loss: 0.0021
2026-01-24 23:00:00.568256 | Epoch:1839 | LR: 0.0000082 | Loss : 0.0020 | Val loss: 0.0018
2026-01-24 23:00:23.067761 | Epoch:1840 | LR: 0.0000081 | Loss : 0.0019 | Val loss: 0.0019
2026-01-24 23:02:06.238699 | Epoch:1841 | LR: 0.0000081 | Loss : 0.0020 | Val loss: 0.0020
