{'dataset_params': {'im_path': 'placeholder', 'im_channels': 1, 'im_size': 116, 'name': 'ICDFC'}, 'diffusion_params': {'num_timesteps': 1000, 'beta_start': 0.00085, 'beta_end': 0.012}, 'ldm_params': {'down_channels': [128, 256, 384, 512], 'mid_channels': [512, 384], 'down_sample': [True, True, True], 'attn_down': [True, True, True], 'time_emb_dim': 512, 'norm_channels': 32, 'num_heads': 8, 'conv_out_channels': 128, 'num_down_layers': 1, 'num_mid_layers': 2, 'num_up_layers': 1, 'condition_config': {'condition_types': ['text'], 'text_condition_config': {'text_embed_model': 'clip', 'train_text_embed_model': False, 'text_embed_dim': 512, 'cond_drop_prob': 0.1}, 'image_condition_config': {'image_condition_input_channels': 1, 'image_condition_output_channels': 1, 'image_condition_h': 120, 'image_condition_w': 120, 'cond_drop_prob': 0.1}}}, 'autoencoder_params': {'z_channels': 1, 'codebook_size': 8192, 'down_channels': [64, 128, 256, 256], 'mid_channels': [256, 256], 'down_sample': [True, True, True], 'attn_down': [False, False, False], 'norm_channels': 32, 'num_heads': 4, 'num_down_layers': 2, 'num_mid_layers': 2, 'num_up_layers': 2}, 'train_params': {'seed': 142857, 'task_name': 'icd2fc', 'ldm_batch_size': 256, 'autoencoder_batch_size': 64, 'disc_start': 15000, 'disc_weight': 0, 'codebook_weight': 1, 'commitment_beta': 0.2, 'perceptual_weight': 1, 'kl_weight': 5e-06, 'ldm_epochs': 10000, 'autoencoder_epochs': 200, 'num_samples': 1, 'num_grid_rows': 1, 'ldm_lr': 5e-05, 'autoencoder_lr': 1e-05, 'autoencoder_acc_steps': 4, 'autoencoder_img_save_steps': 64, 'save_latents': True, 'cf_guidance_scale': 1.0, 'vae_latent_dir_name': 'vae_latents', 'vqvae_latent_dir_name': 'vqvae_latents', 'ldm_ckpt_name': 'ddpm_ckpt_text_image_cond_clip.pth', 'vqvae_autoencoder_ckpt_name': 'vqvae_autoencoder_ckpt.pth', 'vae_autoencoder_ckpt_name': 'vae_autoencoder_ckpt.pth', 'vqvae_discriminator_ckpt_name': 'vqvae_discriminator_ckpt.pth', 'vae_discriminator_ckpt_name': 'vae_discriminator_ckpt.pth'}}
['hariri', 'rest']
['hariri', 'rest']
['hariri', 'rest']
['hariri', 'rest']
['hariri', 'rest']
['hariri', 'rest']
['hariri', 'rest']
['hariri', 'rest']
2026-01-10 15:58:30.893160 | Epoch:1 | LR: 0.0000360 | Loss : 0.1785 | Val loss: 0.0981
Warning: The cache directory for DeepSpeed Triton autotune, /export_home/ziquanw/.triton/autotune, appears to be on an NFS system. While this is generally acceptable, if you experience slowdowns or hanging when DeepSpeed exits, it is recommended to set the TRITON_CACHE_DIR environment variable to a non-NFS path.
Warning: The cache directory for DeepSpeed Triton autotune, /export_home/ziquanw/.triton/autotune, appears to be on an NFS system. While this is generally acceptable, if you experience slowdowns or hanging when DeepSpeed exits, it is recommended to set the TRITON_CACHE_DIR environment variable to a non-NFS path.Warning: The cache directory for DeepSpeed Triton autotune, /export_home/ziquanw/.triton/autotune, appears to be on an NFS system. While this is generally acceptable, if you experience slowdowns or hanging when DeepSpeed exits, it is recommended to set the TRITON_CACHE_DIR environment variable to a non-NFS path.

Warning: The cache directory for DeepSpeed Triton autotune, /export_home/ziquanw/.triton/autotune, appears to be on an NFS system. While this is generally acceptable, if you experience slowdowns or hanging when DeepSpeed exits, it is recommended to set the TRITON_CACHE_DIR environment variable to a non-NFS path.
2026-01-10 15:58:45.970309 | Epoch:2 | LR: 0.0000500 | Loss : 0.0746 | Val loss: 0.0501
2026-01-10 15:58:59.155000 | Epoch:3 | LR: 0.0000500 | Loss : 0.0391 | Val loss: 0.0302
2026-01-10 15:59:12.572716 | Epoch:4 | LR: 0.0000500 | Loss : 0.0263 | Val loss: 0.0227
2026-01-10 15:59:28.211046 | Epoch:5 | LR: 0.0000500 | Loss : 0.0206 | Val loss: 0.0189
2026-01-10 15:59:40.840906 | Epoch:6 | LR: 0.0000500 | Loss : 0.0176 | Val loss: 0.0164
2026-01-10 15:59:54.055051 | Epoch:7 | LR: 0.0000500 | Loss : 0.0159 | Val loss: 0.0154
2026-01-10 16:00:09.282983 | Epoch:8 | LR: 0.0000500 | Loss : 0.0149 | Val loss: 0.0145
2026-01-10 16:00:22.885652 | Epoch:9 | LR: 0.0000500 | Loss : 0.0142 | Val loss: 0.0140
2026-01-10 16:00:36.472278 | Epoch:10 | LR: 0.0000500 | Loss : 0.0137 | Val loss: 0.0135
2026-01-10 16:00:57.942700 | Epoch:11 | LR: 0.0000500 | Loss : 0.0132 | Val loss: 0.0131
2026-01-10 16:01:20.346437 | Epoch:12 | LR: 0.0000500 | Loss : 0.0128 | Val loss: 0.0128
2026-01-10 16:01:42.755280 | Epoch:13 | LR: 0.0000500 | Loss : 0.0125 | Val loss: 0.0123
2026-01-10 16:02:05.095767 | Epoch:14 | LR: 0.0000500 | Loss : 0.0121 | Val loss: 0.0121
2026-01-10 16:02:27.485355 | Epoch:15 | LR: 0.0000500 | Loss : 0.0120 | Val loss: 0.0117
2026-01-10 16:02:50.030984 | Epoch:16 | LR: 0.0000500 | Loss : 0.0117 | Val loss: 0.0117
2026-01-10 16:03:12.275951 | Epoch:17 | LR: 0.0000500 | Loss : 0.0115 | Val loss: 0.0113
2026-01-10 16:03:34.448099 | Epoch:18 | LR: 0.0000500 | Loss : 0.0114 | Val loss: 0.0113
2026-01-10 16:03:57.126734 | Epoch:19 | LR: 0.0000500 | Loss : 0.0111 | Val loss: 0.0111
2026-01-10 16:04:19.042129 | Epoch:20 | LR: 0.0000500 | Loss : 0.0110 | Val loss: 0.0110
2026-01-10 16:04:41.446529 | Epoch:21 | LR: 0.0000500 | Loss : 0.0109 | Val loss: 0.0106
2026-01-10 16:05:03.794680 | Epoch:22 | LR: 0.0000500 | Loss : 0.0107 | Val loss: 0.0106
2026-01-10 16:05:26.709427 | Epoch:23 | LR: 0.0000500 | Loss : 0.0107 | Val loss: 0.0104
2026-01-10 16:05:48.912333 | Epoch:24 | LR: 0.0000500 | Loss : 0.0106 | Val loss: 0.0103
2026-01-10 16:06:11.507499 | Epoch:25 | LR: 0.0000500 | Loss : 0.0104 | Val loss: 0.0103
2026-01-10 16:06:33.429738 | Epoch:26 | LR: 0.0000500 | Loss : 0.0102 | Val loss: 0.0103
2026-01-10 16:06:49.021637 | Epoch:27 | LR: 0.0000500 | Loss : 0.0101 | Val loss: 0.0102
2026-01-10 16:07:00.204090 | Epoch:28 | LR: 0.0000500 | Loss : 0.0102 | Val loss: 0.0102
2026-01-10 16:07:13.608841 | Epoch:29 | LR: 0.0000500 | Loss : 0.0102 | Val loss: 0.0100
2026-01-10 16:07:26.135519 | Epoch:30 | LR: 0.0000500 | Loss : 0.0101 | Val loss: 0.0100
2026-01-10 16:07:38.282611 | Epoch:31 | LR: 0.0000500 | Loss : 0.0098 | Val loss: 0.0098
2026-01-10 16:07:51.566161 | Epoch:32 | LR: 0.0000500 | Loss : 0.0098 | Val loss: 0.0099
2026-01-10 16:08:04.117308 | Epoch:33 | LR: 0.0000500 | Loss : 0.0098 | Val loss: 0.0096
2026-01-10 16:08:17.006067 | Epoch:34 | LR: 0.0000500 | Loss : 0.0098 | Val loss: 0.0097
2026-01-10 16:08:30.886293 | Epoch:35 | LR: 0.0000500 | Loss : 0.0096 | Val loss: 0.0097
2026-01-10 16:08:44.488534 | Epoch:36 | LR: 0.0000500 | Loss : 0.0097 | Val loss: 0.0097
2026-01-10 16:08:56.098740 | Epoch:37 | LR: 0.0000500 | Loss : 0.0096 | Val loss: 0.0096
2026-01-10 16:09:11.007522 | Epoch:38 | LR: 0.0000500 | Loss : 0.0095 | Val loss: 0.0093
2026-01-10 16:09:22.488115 | Epoch:39 | LR: 0.0000500 | Loss : 0.0094 | Val loss: 0.0094
2026-01-10 16:09:36.641621 | Epoch:40 | LR: 0.0000500 | Loss : 0.0095 | Val loss: 0.0096
2026-01-10 16:09:49.085403 | Epoch:41 | LR: 0.0000500 | Loss : 0.0095 | Val loss: 0.0093
2026-01-10 16:10:08.389867 | Epoch:42 | LR: 0.0000500 | Loss : 0.0093 | Val loss: 0.0094
2026-01-10 16:10:31.005474 | Epoch:43 | LR: 0.0000500 | Loss : 0.0094 | Val loss: 0.0093
2026-01-10 16:10:53.780115 | Epoch:44 | LR: 0.0000500 | Loss : 0.0093 | Val loss: 0.0093
2026-01-10 16:11:16.098765 | Epoch:45 | LR: 0.0000500 | Loss : 0.0092 | Val loss: 0.0092
2026-01-10 16:11:37.447755 | Epoch:46 | LR: 0.0000500 | Loss : 0.0091 | Val loss: 0.0092
2026-01-10 16:11:59.847704 | Epoch:47 | LR: 0.0000500 | Loss : 0.0092 | Val loss: 0.0093
2026-01-10 16:12:21.111856 | Epoch:48 | LR: 0.0000500 | Loss : 0.0090 | Val loss: 0.0092
2026-01-10 16:12:43.419558 | Epoch:49 | LR: 0.0000500 | Loss : 0.0091 | Val loss: 0.0089
2026-01-10 16:13:05.892457 | Epoch:50 | LR: 0.0000500 | Loss : 0.0090 | Val loss: 0.0091
2026-01-10 16:13:26.927489 | Epoch:51 | LR: 0.0000500 | Loss : 0.0091 | Val loss: 0.0092
2026-01-10 16:13:48.106835 | Epoch:52 | LR: 0.0000499 | Loss : 0.0091 | Val loss: 0.0090
2026-01-10 16:14:10.332256 | Epoch:53 | LR: 0.0000499 | Loss : 0.0090 | Val loss: 0.0092
2026-01-10 16:14:31.333904 | Epoch:54 | LR: 0.0000499 | Loss : 0.0090 | Val loss: 0.0091
2026-01-10 16:14:52.471675 | Epoch:55 | LR: 0.0000499 | Loss : 0.0090 | Val loss: 0.0091
2026-01-10 16:15:15.034539 | Epoch:56 | LR: 0.0000499 | Loss : 0.0090 | Val loss: 0.0089
2026-01-10 16:15:35.935398 | Epoch:57 | LR: 0.0000499 | Loss : 0.0090 | Val loss: 0.0089
2026-01-10 16:15:57.658477 | Epoch:58 | LR: 0.0000499 | Loss : 0.0089 | Val loss: 0.0092
2026-01-10 16:16:09.272973 | Epoch:59 | LR: 0.0000499 | Loss : 0.0089 | Val loss: 0.0090
2026-01-10 16:16:20.307322 | Epoch:60 | LR: 0.0000499 | Loss : 0.0089 | Val loss: 0.0089
2026-01-10 16:16:33.358004 | Epoch:61 | LR: 0.0000499 | Loss : 0.0089 | Val loss: 0.0091
2026-01-10 16:16:44.570620 | Epoch:62 | LR: 0.0000499 | Loss : 0.0089 | Val loss: 0.0089
2026-01-10 16:16:57.840345 | Epoch:63 | LR: 0.0000499 | Loss : 0.0089 | Val loss: 0.0089
2026-01-10 16:17:09.533557 | Epoch:64 | LR: 0.0000499 | Loss : 0.0088 | Val loss: 0.0087
2026-01-10 16:17:22.720494 | Epoch:65 | LR: 0.0000499 | Loss : 0.0088 | Val loss: 0.0088
2026-01-10 16:17:36.573238 | Epoch:66 | LR: 0.0000499 | Loss : 0.0088 | Val loss: 0.0088
2026-01-10 16:17:47.938411 | Epoch:67 | LR: 0.0000499 | Loss : 0.0088 | Val loss: 0.0088
2026-01-10 16:17:59.476325 | Epoch:68 | LR: 0.0000499 | Loss : 0.0088 | Val loss: 0.0088
2026-01-10 16:18:11.139603 | Epoch:69 | LR: 0.0000499 | Loss : 0.0089 | Val loss: 0.0087
2026-01-10 16:18:23.361331 | Epoch:70 | LR: 0.0000499 | Loss : 0.0088 | Val loss: 0.0087
2026-01-10 16:18:35.531733 | Epoch:71 | LR: 0.0000499 | Loss : 0.0087 | Val loss: 0.0090
2026-01-10 16:18:54.686745 | Epoch:72 | LR: 0.0000499 | Loss : 0.0087 | Val loss: 0.0087
2026-01-10 16:19:17.308726 | Epoch:73 | LR: 0.0000499 | Loss : 0.0088 | Val loss: 0.0087
2026-01-10 16:19:38.194207 | Epoch:74 | LR: 0.0000499 | Loss : 0.0087 | Val loss: 0.0087
2026-01-10 16:20:00.590869 | Epoch:75 | LR: 0.0000499 | Loss : 0.0087 | Val loss: 0.0087
2026-01-10 16:20:21.675293 | Epoch:76 | LR: 0.0000499 | Loss : 0.0086 | Val loss: 0.0088
2026-01-10 16:20:42.775031 | Epoch:77 | LR: 0.0000499 | Loss : 0.0087 | Val loss: 0.0087
2026-01-10 16:21:03.533265 | Epoch:78 | LR: 0.0000499 | Loss : 0.0086 | Val loss: 0.0086
2026-01-10 16:21:24.737143 | Epoch:79 | LR: 0.0000499 | Loss : 0.0087 | Val loss: 0.0086
2026-01-10 16:21:45.558398 | Epoch:80 | LR: 0.0000499 | Loss : 0.0086 | Val loss: 0.0087
2026-01-10 16:22:07.946230 | Epoch:81 | LR: 0.0000499 | Loss : 0.0086 | Val loss: 0.0087
2026-01-10 16:22:30.397324 | Epoch:82 | LR: 0.0000499 | Loss : 0.0086 | Val loss: 0.0087
2026-01-10 16:22:51.187039 | Epoch:83 | LR: 0.0000499 | Loss : 0.0086 | Val loss: 0.0086
2026-01-10 16:23:12.081843 | Epoch:84 | LR: 0.0000499 | Loss : 0.0087 | Val loss: 0.0087
2026-01-10 16:23:33.419702 | Epoch:85 | LR: 0.0000499 | Loss : 0.0086 | Val loss: 0.0086
2026-01-10 16:23:54.310536 | Epoch:86 | LR: 0.0000499 | Loss : 0.0086 | Val loss: 0.0085
2026-01-10 16:24:15.287007 | Epoch:87 | LR: 0.0000499 | Loss : 0.0086 | Val loss: 0.0087
2026-01-10 16:24:36.064754 | Epoch:88 | LR: 0.0000499 | Loss : 0.0085 | Val loss: 0.0087
2026-01-10 16:24:52.095170 | Epoch:89 | LR: 0.0000498 | Loss : 0.0086 | Val loss: 0.0087
2026-01-10 16:25:03.495416 | Epoch:90 | LR: 0.0000498 | Loss : 0.0085 | Val loss: 0.0087
2026-01-10 16:25:14.898993 | Epoch:91 | LR: 0.0000498 | Loss : 0.0085 | Val loss: 0.0085
2026-01-10 16:25:26.256063 | Epoch:92 | LR: 0.0000498 | Loss : 0.0086 | Val loss: 0.0088
2026-01-10 16:25:37.491468 | Epoch:93 | LR: 0.0000498 | Loss : 0.0086 | Val loss: 0.0087
2026-01-10 16:25:52.131786 | Epoch:94 | LR: 0.0000498 | Loss : 0.0085 | Val loss: 0.0085
2026-01-10 16:26:04.976690 | Epoch:95 | LR: 0.0000498 | Loss : 0.0086 | Val loss: 0.0085
2026-01-10 16:26:16.724430 | Epoch:96 | LR: 0.0000498 | Loss : 0.0084 | Val loss: 0.0086
2026-01-10 16:26:28.395660 | Epoch:97 | LR: 0.0000498 | Loss : 0.0085 | Val loss: 0.0087
2026-01-10 16:26:40.648164 | Epoch:98 | LR: 0.0000498 | Loss : 0.0085 | Val loss: 0.0085
2026-01-10 16:26:54.313256 | Epoch:99 | LR: 0.0000498 | Loss : 0.0084 | Val loss: 0.0085
2026-01-10 16:27:06.402544 | Epoch:100 | LR: 0.0000498 | Loss : 0.0085 | Val loss: 0.0086
2026-01-10 16:27:24.759221 | Epoch:101 | LR: 0.0000498 | Loss : 0.0086 | Val loss: 0.0085
2026-01-10 16:27:45.952151 | Epoch:102 | LR: 0.0000498 | Loss : 0.0085 | Val loss: 0.0086
2026-01-10 16:28:07.026655 | Epoch:103 | LR: 0.0000498 | Loss : 0.0085 | Val loss: 0.0086
2026-01-10 16:28:27.913893 | Epoch:104 | LR: 0.0000498 | Loss : 0.0085 | Val loss: 0.0085
2026-01-10 16:29:14.981431 | Epoch:105 | LR: 0.0000498 | Loss : 0.0085 | Val loss: 0.0085
2026-01-10 16:29:36.076066 | Epoch:106 | LR: 0.0000498 | Loss : 0.0084 | Val loss: 0.0084
2026-01-10 16:29:57.057081 | Epoch:107 | LR: 0.0000498 | Loss : 0.0085 | Val loss: 0.0085
2026-01-10 16:30:17.997834 | Epoch:108 | LR: 0.0000498 | Loss : 0.0084 | Val loss: 0.0087
2026-01-10 16:30:38.807139 | Epoch:109 | LR: 0.0000498 | Loss : 0.0084 | Val loss: 0.0086
2026-01-10 16:30:59.817836 | Epoch:110 | LR: 0.0000498 | Loss : 0.0084 | Val loss: 0.0085
2026-01-10 16:31:22.199455 | Epoch:111 | LR: 0.0000498 | Loss : 0.0084 | Val loss: 0.0085
2026-01-10 16:31:44.637279 | Epoch:112 | LR: 0.0000498 | Loss : 0.0084 | Val loss: 0.0085
2026-01-10 16:32:05.999153 | Epoch:113 | LR: 0.0000498 | Loss : 0.0084 | Val loss: 0.0086
2026-01-10 16:32:26.958328 | Epoch:114 | LR: 0.0000497 | Loss : 0.0084 | Val loss: 0.0084
2026-01-10 16:32:49.516960 | Epoch:115 | LR: 0.0000497 | Loss : 0.0085 | Val loss: 0.0085
2026-01-10 16:33:10.403672 | Epoch:116 | LR: 0.0000497 | Loss : 0.0084 | Val loss: 0.0085
2026-01-10 16:33:23.048514 | Epoch:117 | LR: 0.0000497 | Loss : 0.0084 | Val loss: 0.0084
2026-01-10 16:33:34.243040 | Epoch:118 | LR: 0.0000497 | Loss : 0.0083 | Val loss: 0.0085
2026-01-10 16:33:45.501785 | Epoch:119 | LR: 0.0000497 | Loss : 0.0084 | Val loss: 0.0084
2026-01-10 16:33:56.971218 | Epoch:120 | LR: 0.0000497 | Loss : 0.0085 | Val loss: 0.0085
2026-01-10 16:34:10.410086 | Epoch:121 | LR: 0.0000497 | Loss : 0.0083 | Val loss: 0.0084
2026-01-10 16:34:25.026066 | Epoch:122 | LR: 0.0000497 | Loss : 0.0084 | Val loss: 0.0085
2026-01-10 16:34:36.578255 | Epoch:123 | LR: 0.0000497 | Loss : 0.0083 | Val loss: 0.0084
2026-01-10 16:34:48.073669 | Epoch:124 | LR: 0.0000497 | Loss : 0.0084 | Val loss: 0.0084
2026-01-10 16:35:00.043242 | Epoch:125 | LR: 0.0000497 | Loss : 0.0084 | Val loss: 0.0084
2026-01-10 16:35:13.921987 | Epoch:126 | LR: 0.0000497 | Loss : 0.0083 | Val loss: 0.0084
2026-01-10 16:35:27.642266 | Epoch:127 | LR: 0.0000497 | Loss : 0.0083 | Val loss: 0.0084
2026-01-10 16:35:48.320234 | Epoch:128 | LR: 0.0000497 | Loss : 0.0084 | Val loss: 0.0085
2026-01-10 16:36:10.508086 | Epoch:129 | LR: 0.0000497 | Loss : 0.0084 | Val loss: 0.0084
2026-01-10 16:36:31.528097 | Epoch:130 | LR: 0.0000497 | Loss : 0.0083 | Val loss: 0.0084
2026-01-10 16:36:52.795959 | Epoch:131 | LR: 0.0000497 | Loss : 0.0083 | Val loss: 0.0082
2026-01-10 16:37:15.200756 | Epoch:132 | LR: 0.0000497 | Loss : 0.0083 | Val loss: 0.0084
2026-01-10 16:37:36.169972 | Epoch:133 | LR: 0.0000497 | Loss : 0.0082 | Val loss: 0.0084
2026-01-10 16:37:57.309108 | Epoch:134 | LR: 0.0000497 | Loss : 0.0083 | Val loss: 0.0083
2026-01-10 16:38:18.254863 | Epoch:135 | LR: 0.0000496 | Loss : 0.0082 | Val loss: 0.0082
2026-01-10 16:38:39.544620 | Epoch:136 | LR: 0.0000496 | Loss : 0.0083 | Val loss: 0.0084
2026-01-10 16:39:00.387607 | Epoch:137 | LR: 0.0000496 | Loss : 0.0082 | Val loss: 0.0082
2026-01-10 16:39:21.726036 | Epoch:138 | LR: 0.0000496 | Loss : 0.0083 | Val loss: 0.0083
2026-01-10 16:39:43.981559 | Epoch:139 | LR: 0.0000496 | Loss : 0.0082 | Val loss: 0.0083
2026-01-10 16:40:05.374094 | Epoch:140 | LR: 0.0000496 | Loss : 0.0081 | Val loss: 0.0082
2026-01-10 16:40:26.594102 | Epoch:141 | LR: 0.0000496 | Loss : 0.0082 | Val loss: 0.0083
2026-01-10 16:40:48.690879 | Epoch:142 | LR: 0.0000496 | Loss : 0.0083 | Val loss: 0.0083
2026-01-10 16:41:11.278913 | Epoch:143 | LR: 0.0000496 | Loss : 0.0082 | Val loss: 0.0083
2026-01-10 16:41:29.823481 | Epoch:144 | LR: 0.0000496 | Loss : 0.0083 | Val loss: 0.0083
2026-01-10 16:41:41.478778 | Epoch:145 | LR: 0.0000496 | Loss : 0.0081 | Val loss: 0.0084
2026-01-10 16:41:52.558718 | Epoch:146 | LR: 0.0000496 | Loss : 0.0082 | Val loss: 0.0082
2026-01-10 16:42:03.765581 | Epoch:147 | LR: 0.0000496 | Loss : 0.0082 | Val loss: 0.0083
2026-01-10 16:42:15.339205 | Epoch:148 | LR: 0.0000496 | Loss : 0.0083 | Val loss: 0.0082
2026-01-10 16:42:29.451982 | Epoch:149 | LR: 0.0000496 | Loss : 0.0083 | Val loss: 0.0083
2026-01-10 16:42:41.099552 | Epoch:150 | LR: 0.0000496 | Loss : 0.0082 | Val loss: 0.0084
2026-01-10 16:42:52.954735 | Epoch:151 | LR: 0.0000496 | Loss : 0.0082 | Val loss: 0.0083
2026-01-10 16:43:04.827865 | Epoch:152 | LR: 0.0000496 | Loss : 0.0082 | Val loss: 0.0081
2026-01-10 16:43:18.508526 | Epoch:153 | LR: 0.0000495 | Loss : 0.0082 | Val loss: 0.0082
2026-01-10 16:43:30.795997 | Epoch:154 | LR: 0.0000495 | Loss : 0.0081 | Val loss: 0.0081
2026-01-10 16:43:44.668229 | Epoch:155 | LR: 0.0000495 | Loss : 0.0081 | Val loss: 0.0081
2026-01-10 16:44:04.922446 | Epoch:156 | LR: 0.0000495 | Loss : 0.0081 | Val loss: 0.0080
2026-01-10 16:44:27.649941 | Epoch:157 | LR: 0.0000495 | Loss : 0.0082 | Val loss: 0.0081
2026-01-10 16:44:48.810128 | Epoch:158 | LR: 0.0000495 | Loss : 0.0080 | Val loss: 0.0082
2026-01-10 16:45:09.822855 | Epoch:159 | LR: 0.0000495 | Loss : 0.0081 | Val loss: 0.0082
2026-01-10 16:45:30.713692 | Epoch:160 | LR: 0.0000495 | Loss : 0.0082 | Val loss: 0.0084
2026-01-10 16:45:52.037643 | Epoch:161 | LR: 0.0000495 | Loss : 0.0081 | Val loss: 0.0082
2026-01-10 16:46:12.754795 | Epoch:162 | LR: 0.0000495 | Loss : 0.0082 | Val loss: 0.0081
2026-01-10 16:46:33.908028 | Epoch:163 | LR: 0.0000495 | Loss : 0.0081 | Val loss: 0.0082
2026-01-10 16:46:54.672901 | Epoch:164 | LR: 0.0000495 | Loss : 0.0081 | Val loss: 0.0082
2026-01-10 16:47:15.523781 | Epoch:165 | LR: 0.0000495 | Loss : 0.0081 | Val loss: 0.0082
2026-01-10 16:47:36.936169 | Epoch:166 | LR: 0.0000495 | Loss : 0.0081 | Val loss: 0.0081
2026-01-10 16:47:57.520753 | Epoch:167 | LR: 0.0000495 | Loss : 0.0080 | Val loss: 0.0082
2026-01-10 16:48:18.522798 | Epoch:168 | LR: 0.0000495 | Loss : 0.0081 | Val loss: 0.0082
2026-01-10 16:48:39.409498 | Epoch:169 | LR: 0.0000494 | Loss : 0.0081 | Val loss: 0.0081
2026-01-10 16:49:00.182564 | Epoch:170 | LR: 0.0000494 | Loss : 0.0081 | Val loss: 0.0082
2026-01-10 16:49:21.510065 | Epoch:171 | LR: 0.0000494 | Loss : 0.0081 | Val loss: 0.0082
2026-01-10 16:49:42.283253 | Epoch:172 | LR: 0.0000494 | Loss : 0.0082 | Val loss: 0.0081
2026-01-10 16:49:55.985629 | Epoch:173 | LR: 0.0000494 | Loss : 0.0081 | Val loss: 0.0081
2026-01-10 16:50:07.282312 | Epoch:174 | LR: 0.0000494 | Loss : 0.0081 | Val loss: 0.0081
2026-01-10 16:50:18.752436 | Epoch:175 | LR: 0.0000494 | Loss : 0.0081 | Val loss: 0.0082
2026-01-10 16:50:29.900343 | Epoch:176 | LR: 0.0000494 | Loss : 0.0081 | Val loss: 0.0082
2026-01-10 16:50:41.013783 | Epoch:177 | LR: 0.0000494 | Loss : 0.0081 | Val loss: 0.0081
2026-01-10 16:50:53.722448 | Epoch:178 | LR: 0.0000494 | Loss : 0.0080 | Val loss: 0.0083
2026-01-10 16:51:04.980693 | Epoch:179 | LR: 0.0000494 | Loss : 0.0081 | Val loss: 0.0080
2026-01-10 16:51:17.671167 | Epoch:180 | LR: 0.0000494 | Loss : 0.0080 | Val loss: 0.0080
2026-01-10 16:51:30.151764 | Epoch:181 | LR: 0.0000494 | Loss : 0.0080 | Val loss: 0.0082
2026-01-10 16:51:41.379566 | Epoch:182 | LR: 0.0000494 | Loss : 0.0081 | Val loss: 0.0080
2026-01-10 16:51:52.495949 | Epoch:183 | LR: 0.0000494 | Loss : 0.0081 | Val loss: 0.0082
2026-01-10 16:52:03.654398 | Epoch:184 | LR: 0.0000493 | Loss : 0.0080 | Val loss: 0.0080
2026-01-10 16:52:14.804234 | Epoch:185 | LR: 0.0000493 | Loss : 0.0079 | Val loss: 0.0084
2026-01-10 16:52:25.975312 | Epoch:186 | LR: 0.0000493 | Loss : 0.0080 | Val loss: 0.0081
2026-01-10 16:52:37.209511 | Epoch:187 | LR: 0.0000493 | Loss : 0.0080 | Val loss: 0.0081
2026-01-10 16:52:48.609211 | Epoch:188 | LR: 0.0000493 | Loss : 0.0081 | Val loss: 0.0082
2026-01-10 16:52:59.934921 | Epoch:189 | LR: 0.0000493 | Loss : 0.0080 | Val loss: 0.0080
2026-01-10 16:53:11.109199 | Epoch:190 | LR: 0.0000493 | Loss : 0.0080 | Val loss: 0.0082
2026-01-10 16:53:23.806305 | Epoch:191 | LR: 0.0000493 | Loss : 0.0080 | Val loss: 0.0080
2026-01-10 16:53:35.096483 | Epoch:192 | LR: 0.0000493 | Loss : 0.0080 | Val loss: 0.0081
2026-01-10 16:53:46.327965 | Epoch:193 | LR: 0.0000493 | Loss : 0.0081 | Val loss: 0.0082
2026-01-10 16:53:58.956310 | Epoch:194 | LR: 0.0000493 | Loss : 0.0080 | Val loss: 0.0081
2026-01-10 16:54:10.129945 | Epoch:195 | LR: 0.0000493 | Loss : 0.0080 | Val loss: 0.0081
2026-01-10 16:54:22.569920 | Epoch:196 | LR: 0.0000493 | Loss : 0.0080 | Val loss: 0.0079
2026-01-10 16:54:33.837121 | Epoch:197 | LR: 0.0000492 | Loss : 0.0081 | Val loss: 0.0082
2026-01-10 16:54:44.948609 | Epoch:198 | LR: 0.0000492 | Loss : 0.0080 | Val loss: 0.0082
2026-01-10 16:54:56.130076 | Epoch:199 | LR: 0.0000492 | Loss : 0.0079 | Val loss: 0.0081
2026-01-10 16:55:07.247131 | Epoch:200 | LR: 0.0000492 | Loss : 0.0079 | Val loss: 0.0081
2026-01-10 16:55:18.456808 | Epoch:201 | LR: 0.0000492 | Loss : 0.0080 | Val loss: 0.0082
2026-01-10 16:55:29.629046 | Epoch:202 | LR: 0.0000492 | Loss : 0.0080 | Val loss: 0.0079
2026-01-10 16:55:40.712130 | Epoch:203 | LR: 0.0000492 | Loss : 0.0079 | Val loss: 0.0081
2026-01-10 16:55:51.859598 | Epoch:204 | LR: 0.0000492 | Loss : 0.0081 | Val loss: 0.0080
2026-01-10 16:56:27.222649 | Epoch:205 | LR: 0.0000492 | Loss : 0.0080 | Val loss: 0.0082
2026-01-10 16:56:38.610850 | Epoch:206 | LR: 0.0000492 | Loss : 0.0079 | Val loss: 0.0081
2026-01-10 16:56:50.051840 | Epoch:207 | LR: 0.0000492 | Loss : 0.0080 | Val loss: 0.0081
2026-01-10 16:57:01.474632 | Epoch:208 | LR: 0.0000492 | Loss : 0.0082 | Val loss: 0.0084
2026-01-10 16:57:12.873092 | Epoch:209 | LR: 0.0000492 | Loss : 0.0081 | Val loss: 0.0082
2026-01-10 16:57:24.332246 | Epoch:210 | LR: 0.0000491 | Loss : 0.0080 | Val loss: 0.0080
2026-01-10 16:57:35.472218 | Epoch:211 | LR: 0.0000491 | Loss : 0.0080 | Val loss: 0.0081
2026-01-10 16:57:46.816915 | Epoch:212 | LR: 0.0000491 | Loss : 0.0079 | Val loss: 0.0081
2026-01-10 16:57:58.362482 | Epoch:213 | LR: 0.0000491 | Loss : 0.0080 | Val loss: 0.0079
2026-01-10 16:58:09.738431 | Epoch:214 | LR: 0.0000491 | Loss : 0.0080 | Val loss: 0.0081
2026-01-10 16:58:21.074027 | Epoch:215 | LR: 0.0000491 | Loss : 0.0079 | Val loss: 0.0081
2026-01-10 16:58:32.277710 | Epoch:216 | LR: 0.0000491 | Loss : 0.0079 | Val loss: 0.0081
2026-01-10 16:58:43.407122 | Epoch:217 | LR: 0.0000491 | Loss : 0.0079 | Val loss: 0.0081
2026-01-10 16:58:54.853430 | Epoch:218 | LR: 0.0000491 | Loss : 0.0080 | Val loss: 0.0080
2026-01-10 16:59:06.153168 | Epoch:219 | LR: 0.0000491 | Loss : 0.0080 | Val loss: 0.0081
2026-01-10 16:59:17.318063 | Epoch:220 | LR: 0.0000491 | Loss : 0.0080 | Val loss: 0.0082
2026-01-10 16:59:28.463795 | Epoch:221 | LR: 0.0000491 | Loss : 0.0079 | Val loss: 0.0081
2026-01-10 16:59:39.755248 | Epoch:222 | LR: 0.0000490 | Loss : 0.0080 | Val loss: 0.0081
2026-01-10 16:59:51.064481 | Epoch:223 | LR: 0.0000490 | Loss : 0.0079 | Val loss: 0.0080
2026-01-10 17:00:03.810578 | Epoch:224 | LR: 0.0000490 | Loss : 0.0079 | Val loss: 0.0081
2026-01-10 17:00:15.181354 | Epoch:225 | LR: 0.0000490 | Loss : 0.0080 | Val loss: 0.0081
2026-01-10 17:00:26.444743 | Epoch:226 | LR: 0.0000490 | Loss : 0.0079 | Val loss: 0.0081
2026-01-10 17:00:37.682819 | Epoch:227 | LR: 0.0000490 | Loss : 0.0079 | Val loss: 0.0080
2026-01-10 17:00:49.103602 | Epoch:228 | LR: 0.0000490 | Loss : 0.0079 | Val loss: 0.0078
2026-01-10 17:01:00.138022 | Epoch:229 | LR: 0.0000490 | Loss : 0.0080 | Val loss: 0.0082
2026-01-10 17:01:11.416716 | Epoch:230 | LR: 0.0000490 | Loss : 0.0079 | Val loss: 0.0081
2026-01-10 17:01:22.744280 | Epoch:231 | LR: 0.0000490 | Loss : 0.0079 | Val loss: 0.0081
2026-01-10 17:01:33.965009 | Epoch:232 | LR: 0.0000490 | Loss : 0.0079 | Val loss: 0.0080
2026-01-10 17:01:45.277000 | Epoch:233 | LR: 0.0000489 | Loss : 0.0079 | Val loss: 0.0081
2026-01-10 17:01:56.500617 | Epoch:234 | LR: 0.0000489 | Loss : 0.0079 | Val loss: 0.0078
2026-01-10 17:02:07.666864 | Epoch:235 | LR: 0.0000489 | Loss : 0.0081 | Val loss: 0.0082
2026-01-10 17:02:18.960930 | Epoch:236 | LR: 0.0000489 | Loss : 0.0079 | Val loss: 0.0079
2026-01-10 17:02:30.343358 | Epoch:237 | LR: 0.0000489 | Loss : 0.0081 | Val loss: 0.0082
2026-01-10 17:02:41.774089 | Epoch:238 | LR: 0.0000489 | Loss : 0.0079 | Val loss: 0.0081
2026-01-10 17:02:53.115421 | Epoch:239 | LR: 0.0000489 | Loss : 0.0080 | Val loss: 0.0080
2026-01-10 17:03:04.251575 | Epoch:240 | LR: 0.0000489 | Loss : 0.0081 | Val loss: 0.0085
2026-01-10 17:03:15.759100 | Epoch:241 | LR: 0.0000489 | Loss : 0.0082 | Val loss: 0.0082
2026-01-10 17:03:27.218158 | Epoch:242 | LR: 0.0000489 | Loss : 0.0080 | Val loss: 0.0081
2026-01-10 17:03:38.597285 | Epoch:243 | LR: 0.0000489 | Loss : 0.0078 | Val loss: 0.0079
2026-01-10 17:03:49.824335 | Epoch:244 | LR: 0.0000488 | Loss : 0.0079 | Val loss: 0.0080
2026-01-10 17:04:01.198951 | Epoch:245 | LR: 0.0000488 | Loss : 0.0079 | Val loss: 0.0080
2026-01-10 17:04:12.373931 | Epoch:246 | LR: 0.0000488 | Loss : 0.0079 | Val loss: 0.0081
2026-01-10 17:04:23.661567 | Epoch:247 | LR: 0.0000488 | Loss : 0.0079 | Val loss: 0.0079
2026-01-10 17:04:34.960013 | Epoch:248 | LR: 0.0000488 | Loss : 0.0078 | Val loss: 0.0079
2026-01-10 17:04:46.392345 | Epoch:249 | LR: 0.0000488 | Loss : 0.0079 | Val loss: 0.0080
2026-01-10 17:04:57.592319 | Epoch:250 | LR: 0.0000488 | Loss : 0.0078 | Val loss: 0.0080
2026-01-10 17:05:08.928120 | Epoch:251 | LR: 0.0000488 | Loss : 0.0079 | Val loss: 0.0081
2026-01-10 17:05:20.453759 | Epoch:252 | LR: 0.0000488 | Loss : 0.0079 | Val loss: 0.0081
2026-01-10 17:05:31.812889 | Epoch:253 | LR: 0.0000488 | Loss : 0.0079 | Val loss: 0.0080
2026-01-10 17:05:43.074635 | Epoch:254 | LR: 0.0000487 | Loss : 0.0079 | Val loss: 0.0082
2026-01-10 17:05:54.471478 | Epoch:255 | LR: 0.0000487 | Loss : 0.0079 | Val loss: 0.0080
2026-01-10 17:06:05.691803 | Epoch:256 | LR: 0.0000487 | Loss : 0.0079 | Val loss: 0.0081
2026-01-10 17:06:18.396958 | Epoch:257 | LR: 0.0000487 | Loss : 0.0080 | Val loss: 0.0081
2026-01-10 17:06:29.771151 | Epoch:258 | LR: 0.0000487 | Loss : 0.0079 | Val loss: 0.0081
2026-01-10 17:06:41.095663 | Epoch:259 | LR: 0.0000487 | Loss : 0.0080 | Val loss: 0.0081
2026-01-10 17:06:52.393581 | Epoch:260 | LR: 0.0000487 | Loss : 0.0079 | Val loss: 0.0080
2026-01-10 17:07:03.801578 | Epoch:261 | LR: 0.0000487 | Loss : 0.0078 | Val loss: 0.0081
2026-01-10 17:07:14.996503 | Epoch:262 | LR: 0.0000487 | Loss : 0.0079 | Val loss: 0.0081
2026-01-10 17:07:26.300841 | Epoch:263 | LR: 0.0000487 | Loss : 0.0079 | Val loss: 0.0082
2026-01-10 17:07:37.482172 | Epoch:264 | LR: 0.0000486 | Loss : 0.0078 | Val loss: 0.0083
2026-01-10 17:07:48.714842 | Epoch:265 | LR: 0.0000486 | Loss : 0.0079 | Val loss: 0.0081
2026-01-10 17:07:59.950383 | Epoch:266 | LR: 0.0000486 | Loss : 0.0079 | Val loss: 0.0079
2026-01-10 17:08:11.339348 | Epoch:267 | LR: 0.0000486 | Loss : 0.0080 | Val loss: 0.0081
2026-01-10 17:08:22.445806 | Epoch:268 | LR: 0.0000486 | Loss : 0.0079 | Val loss: 0.0081
2026-01-10 17:08:33.994726 | Epoch:269 | LR: 0.0000486 | Loss : 0.0079 | Val loss: 0.0081
2026-01-10 17:08:45.417315 | Epoch:270 | LR: 0.0000486 | Loss : 0.0078 | Val loss: 0.0078
2026-01-10 17:08:56.626583 | Epoch:271 | LR: 0.0000486 | Loss : 0.0079 | Val loss: 0.0079
2026-01-10 17:09:07.870239 | Epoch:272 | LR: 0.0000486 | Loss : 0.0681 | Val loss: 0.0193
2026-01-10 17:09:19.016754 | Epoch:273 | LR: 0.0000486 | Loss : 0.0171 | Val loss: 0.0162
2026-01-10 17:09:30.007070 | Epoch:274 | LR: 0.0000485 | Loss : 0.0159 | Val loss: 0.0155
2026-01-10 17:09:41.032411 | Epoch:275 | LR: 0.0000485 | Loss : 0.0151 | Val loss: 0.0148
2026-01-10 17:09:52.168047 | Epoch:276 | LR: 0.0000485 | Loss : 0.0143 | Val loss: 0.0138
2026-01-10 17:10:03.177417 | Epoch:277 | LR: 0.0000485 | Loss : 0.0135 | Val loss: 0.0131
2026-01-10 17:10:14.063541 | Epoch:278 | LR: 0.0000485 | Loss : 0.0129 | Val loss: 0.0126
2026-01-10 17:10:25.210157 | Epoch:279 | LR: 0.0000485 | Loss : 0.0122 | Val loss: 0.0122
2026-01-10 17:10:36.312340 | Epoch:280 | LR: 0.0000485 | Loss : 0.0118 | Val loss: 0.0114
2026-01-10 17:10:47.311519 | Epoch:281 | LR: 0.0000485 | Loss : 0.0112 | Val loss: 0.0111
2026-01-10 17:10:58.475859 | Epoch:282 | LR: 0.0000485 | Loss : 0.0107 | Val loss: 0.0106
2026-01-10 17:11:09.569300 | Epoch:283 | LR: 0.0000484 | Loss : 0.0104 | Val loss: 0.0102
2026-01-10 17:11:20.531779 | Epoch:284 | LR: 0.0000484 | Loss : 0.0101 | Val loss: 0.0099
2026-01-10 17:11:31.670373 | Epoch:285 | LR: 0.0000484 | Loss : 0.0098 | Val loss: 0.0095
2026-01-10 17:11:42.730276 | Epoch:286 | LR: 0.0000484 | Loss : 0.0096 | Val loss: 0.0093
2026-01-10 17:11:53.787865 | Epoch:287 | LR: 0.0000484 | Loss : 0.0094 | Val loss: 0.0093
2026-01-10 17:12:04.883432 | Epoch:288 | LR: 0.0000484 | Loss : 0.0092 | Val loss: 0.0093
2026-01-10 17:12:15.961093 | Epoch:289 | LR: 0.0000484 | Loss : 0.0091 | Val loss: 0.0092
2026-01-10 17:12:26.921216 | Epoch:290 | LR: 0.0000484 | Loss : 0.0091 | Val loss: 0.0090
2026-01-10 17:12:37.985072 | Epoch:291 | LR: 0.0000484 | Loss : 0.0090 | Val loss: 0.0089
2026-01-10 17:12:49.088988 | Epoch:292 | LR: 0.0000483 | Loss : 0.0090 | Val loss: 0.0089
2026-01-10 17:13:00.176839 | Epoch:293 | LR: 0.0000483 | Loss : 0.0090 | Val loss: 0.0090
2026-01-10 17:13:11.193812 | Epoch:294 | LR: 0.0000483 | Loss : 0.0087 | Val loss: 0.0087
2026-01-10 17:13:22.470791 | Epoch:295 | LR: 0.0000483 | Loss : 0.0087 | Val loss: 0.0089
2026-01-10 17:13:33.402324 | Epoch:296 | LR: 0.0000483 | Loss : 0.0087 | Val loss: 0.0088
2026-01-10 17:13:44.542551 | Epoch:297 | LR: 0.0000483 | Loss : 0.0086 | Val loss: 0.0086
2026-01-10 17:13:55.739170 | Epoch:298 | LR: 0.0000483 | Loss : 0.0087 | Val loss: 0.0087
2026-01-10 17:14:06.953215 | Epoch:299 | LR: 0.0000483 | Loss : 0.0086 | Val loss: 0.0085
2026-01-10 17:14:17.989370 | Epoch:300 | LR: 0.0000483 | Loss : 0.0085 | Val loss: 0.0085
2026-01-10 17:14:29.180776 | Epoch:301 | LR: 0.0000482 | Loss : 0.0085 | Val loss: 0.0086
2026-01-10 17:14:40.201604 | Epoch:302 | LR: 0.0000482 | Loss : 0.0085 | Val loss: 0.0085
2026-01-10 17:14:51.126656 | Epoch:303 | LR: 0.0000482 | Loss : 0.0085 | Val loss: 0.0083
2026-01-10 17:15:02.267927 | Epoch:304 | LR: 0.0000482 | Loss : 0.0084 | Val loss: 0.0084
2026-01-10 17:15:13.347326 | Epoch:305 | LR: 0.0000482 | Loss : 0.0084 | Val loss: 0.0082
2026-01-10 17:15:24.302265 | Epoch:306 | LR: 0.0000482 | Loss : 0.0084 | Val loss: 0.0085
2026-01-10 17:15:35.485357 | Epoch:307 | LR: 0.0000482 | Loss : 0.0083 | Val loss: 0.0083
2026-01-10 17:15:46.591696 | Epoch:308 | LR: 0.0000482 | Loss : 0.0083 | Val loss: 0.0084
2026-01-10 17:15:57.524759 | Epoch:309 | LR: 0.0000482 | Loss : 0.0084 | Val loss: 0.0083
2026-01-10 17:16:08.644144 | Epoch:310 | LR: 0.0000481 | Loss : 0.0083 | Val loss: 0.0083
2026-01-10 17:16:19.719147 | Epoch:311 | LR: 0.0000481 | Loss : 0.0083 | Val loss: 0.0084
2026-01-10 17:16:30.710792 | Epoch:312 | LR: 0.0000481 | Loss : 0.0084 | Val loss: 0.0084
2026-01-10 17:16:41.766639 | Epoch:313 | LR: 0.0000481 | Loss : 0.0083 | Val loss: 0.0082
2026-01-10 17:16:53.021684 | Epoch:314 | LR: 0.0000481 | Loss : 0.0084 | Val loss: 0.0084
2026-01-10 17:17:03.943717 | Epoch:315 | LR: 0.0000481 | Loss : 0.0083 | Val loss: 0.0083
2026-01-10 17:17:15.079738 | Epoch:316 | LR: 0.0000481 | Loss : 0.0082 | Val loss: 0.0084
2026-01-10 17:17:26.168653 | Epoch:317 | LR: 0.0000481 | Loss : 0.0084 | Val loss: 0.0086
2026-01-10 17:17:37.311071 | Epoch:318 | LR: 0.0000480 | Loss : 0.0082 | Val loss: 0.0083
2026-01-10 17:17:48.284839 | Epoch:319 | LR: 0.0000480 | Loss : 0.0083 | Val loss: 0.0082
2026-01-10 17:17:59.595274 | Epoch:320 | LR: 0.0000480 | Loss : 0.0083 | Val loss: 0.0083
2026-01-10 17:18:10.528062 | Epoch:321 | LR: 0.0000480 | Loss : 0.0083 | Val loss: 0.0083
2026-01-10 17:18:21.526990 | Epoch:322 | LR: 0.0000480 | Loss : 0.0083 | Val loss: 0.0085
2026-01-10 17:18:32.677874 | Epoch:323 | LR: 0.0000480 | Loss : 0.0082 | Val loss: 0.0083
2026-01-10 17:18:43.691487 | Epoch:324 | LR: 0.0000480 | Loss : 0.0082 | Val loss: 0.0082
2026-01-10 17:18:54.621473 | Epoch:325 | LR: 0.0000480 | Loss : 0.0082 | Val loss: 0.0083
2026-01-10 17:19:06.273266 | Epoch:326 | LR: 0.0000479 | Loss : 0.0082 | Val loss: 0.0085
2026-01-10 17:19:17.388029 | Epoch:327 | LR: 0.0000479 | Loss : 0.0080 | Val loss: 0.0082
2026-01-10 17:19:28.364498 | Epoch:328 | LR: 0.0000479 | Loss : 0.0083 | Val loss: 0.0083
2026-01-10 17:19:39.480721 | Epoch:329 | LR: 0.0000479 | Loss : 0.0082 | Val loss: 0.0082
2026-01-10 17:19:50.519805 | Epoch:330 | LR: 0.0000479 | Loss : 0.0081 | Val loss: 0.0082
2026-01-10 17:20:01.505383 | Epoch:331 | LR: 0.0000479 | Loss : 0.0083 | Val loss: 0.0082
2026-01-10 17:20:12.791673 | Epoch:332 | LR: 0.0000479 | Loss : 0.0083 | Val loss: 0.0081
2026-01-10 17:20:23.829272 | Epoch:333 | LR: 0.0000479 | Loss : 0.0082 | Val loss: 0.0082
2026-01-10 17:20:34.731045 | Epoch:334 | LR: 0.0000478 | Loss : 0.0082 | Val loss: 0.0083
2026-01-10 17:20:45.882361 | Epoch:335 | LR: 0.0000478 | Loss : 0.0081 | Val loss: 0.0081
2026-01-10 17:20:56.929649 | Epoch:336 | LR: 0.0000478 | Loss : 0.0081 | Val loss: 0.0082
2026-01-10 17:21:07.973430 | Epoch:337 | LR: 0.0000478 | Loss : 0.0082 | Val loss: 0.0083
2026-01-10 17:21:19.137427 | Epoch:338 | LR: 0.0000478 | Loss : 0.0082 | Val loss: 0.0080
2026-01-10 17:21:30.325763 | Epoch:339 | LR: 0.0000478 | Loss : 0.0082 | Val loss: 0.0083
2026-01-10 17:21:41.320468 | Epoch:340 | LR: 0.0000478 | Loss : 0.0081 | Val loss: 0.0082
2026-01-10 17:21:52.453981 | Epoch:341 | LR: 0.0000478 | Loss : 0.0080 | Val loss: 0.0081
2026-01-10 17:22:03.599414 | Epoch:342 | LR: 0.0000477 | Loss : 0.0081 | Val loss: 0.0082
2026-01-10 17:22:14.649327 | Epoch:343 | LR: 0.0000477 | Loss : 0.0081 | Val loss: 0.0080
2026-01-10 17:22:25.786174 | Epoch:344 | LR: 0.0000477 | Loss : 0.0081 | Val loss: 0.0083
2026-01-10 17:22:37.018653 | Epoch:345 | LR: 0.0000477 | Loss : 0.0081 | Val loss: 0.0083
2026-01-10 17:22:47.958566 | Epoch:346 | LR: 0.0000477 | Loss : 0.0081 | Val loss: 0.0082
2026-01-10 17:22:59.140170 | Epoch:347 | LR: 0.0000477 | Loss : 0.0081 | Val loss: 0.0083
2026-01-10 17:23:10.300792 | Epoch:348 | LR: 0.0000477 | Loss : 0.0082 | Val loss: 0.0081
2026-01-10 17:23:21.325018 | Epoch:349 | LR: 0.0000476 | Loss : 0.0080 | Val loss: 0.0084
2026-01-10 17:23:32.703080 | Epoch:350 | LR: 0.0000476 | Loss : 0.0082 | Val loss: 0.0082
2026-01-10 17:23:44.200655 | Epoch:351 | LR: 0.0000476 | Loss : 0.0080 | Val loss: 0.0080
2026-01-10 17:23:55.151844 | Epoch:352 | LR: 0.0000476 | Loss : 0.0080 | Val loss: 0.0081
2026-01-10 17:24:06.291230 | Epoch:353 | LR: 0.0000476 | Loss : 0.0080 | Val loss: 0.0082
2026-01-10 17:24:17.570016 | Epoch:354 | LR: 0.0000476 | Loss : 0.0081 | Val loss: 0.0081
2026-01-10 17:24:28.684868 | Epoch:355 | LR: 0.0000476 | Loss : 0.0081 | Val loss: 0.0079
2026-01-10 17:24:40.100656 | Epoch:356 | LR: 0.0000476 | Loss : 0.0080 | Val loss: 0.0081
2026-01-10 17:24:51.466092 | Epoch:357 | LR: 0.0000475 | Loss : 0.0081 | Val loss: 0.0083
2026-01-10 17:25:02.495167 | Epoch:358 | LR: 0.0000475 | Loss : 0.0080 | Val loss: 0.0080
2026-01-10 17:25:13.705409 | Epoch:359 | LR: 0.0000475 | Loss : 0.0081 | Val loss: 0.0081
2026-01-10 17:25:24.935905 | Epoch:360 | LR: 0.0000475 | Loss : 0.0080 | Val loss: 0.0082
2026-01-10 17:25:35.988784 | Epoch:361 | LR: 0.0000475 | Loss : 0.0080 | Val loss: 0.0080
2026-01-10 17:25:47.064073 | Epoch:362 | LR: 0.0000475 | Loss : 0.0080 | Val loss: 0.0082
2026-01-10 17:25:58.603781 | Epoch:363 | LR: 0.0000475 | Loss : 0.0080 | Val loss: 0.0081
2026-01-10 17:26:09.899742 | Epoch:364 | LR: 0.0000474 | Loss : 0.0081 | Val loss: 0.0082
2026-01-10 17:26:20.952920 | Epoch:365 | LR: 0.0000474 | Loss : 0.0080 | Val loss: 0.0080
2026-01-10 17:26:32.165442 | Epoch:366 | LR: 0.0000474 | Loss : 0.0081 | Val loss: 0.0082
2026-01-10 17:26:43.239048 | Epoch:367 | LR: 0.0000474 | Loss : 0.0079 | Val loss: 0.0080
2026-01-10 17:26:54.327073 | Epoch:368 | LR: 0.0000474 | Loss : 0.0080 | Val loss: 0.0080
2026-01-10 17:27:05.569622 | Epoch:369 | LR: 0.0000474 | Loss : 0.0080 | Val loss: 0.0082
2026-01-10 17:27:16.737423 | Epoch:370 | LR: 0.0000474 | Loss : 0.0079 | Val loss: 0.0080
2026-01-10 17:27:27.677251 | Epoch:371 | LR: 0.0000473 | Loss : 0.0079 | Val loss: 0.0079
2026-01-10 17:27:38.882703 | Epoch:372 | LR: 0.0000473 | Loss : 0.0080 | Val loss: 0.0079
2026-01-10 17:27:49.910332 | Epoch:373 | LR: 0.0000473 | Loss : 0.0080 | Val loss: 0.0079
2026-01-10 17:28:01.062896 | Epoch:374 | LR: 0.0000473 | Loss : 0.0080 | Val loss: 0.0082
2026-01-10 17:28:12.205131 | Epoch:375 | LR: 0.0000473 | Loss : 0.0080 | Val loss: 0.0080
2026-01-10 17:28:23.493513 | Epoch:376 | LR: 0.0000473 | Loss : 0.0080 | Val loss: 0.0082
2026-01-10 17:28:34.539727 | Epoch:377 | LR: 0.0000473 | Loss : 0.0080 | Val loss: 0.0081
2026-01-10 17:28:45.753684 | Epoch:378 | LR: 0.0000472 | Loss : 0.0080 | Val loss: 0.0082
2026-01-10 17:28:56.814147 | Epoch:379 | LR: 0.0000472 | Loss : 0.0080 | Val loss: 0.0079
2026-01-10 17:29:07.880341 | Epoch:380 | LR: 0.0000472 | Loss : 0.0079 | Val loss: 0.0080
2026-01-10 17:29:19.058830 | Epoch:381 | LR: 0.0000472 | Loss : 0.0080 | Val loss: 0.0081
2026-01-10 17:29:30.339934 | Epoch:382 | LR: 0.0000472 | Loss : 0.0080 | Val loss: 0.0083
2026-01-10 17:29:41.586814 | Epoch:383 | LR: 0.0000472 | Loss : 0.0080 | Val loss: 0.0080
2026-01-10 17:29:52.905073 | Epoch:384 | LR: 0.0000472 | Loss : 0.0079 | Val loss: 0.0083
2026-01-10 17:30:04.006677 | Epoch:385 | LR: 0.0000471 | Loss : 0.0080 | Val loss: 0.0082
2026-01-10 17:30:15.119988 | Epoch:386 | LR: 0.0000471 | Loss : 0.0080 | Val loss: 0.0080
2026-01-10 17:30:26.360801 | Epoch:387 | LR: 0.0000471 | Loss : 0.0079 | Val loss: 0.0081
2026-01-10 17:30:37.586721 | Epoch:388 | LR: 0.0000471 | Loss : 0.0079 | Val loss: 0.0081
2026-01-10 17:30:48.727297 | Epoch:389 | LR: 0.0000471 | Loss : 0.0081 | Val loss: 0.0080
2026-01-10 17:30:59.847133 | Epoch:390 | LR: 0.0000471 | Loss : 0.0080 | Val loss: 0.0080
2026-01-10 17:31:10.974044 | Epoch:391 | LR: 0.0000471 | Loss : 0.0079 | Val loss: 0.0082
2026-01-10 17:31:22.024323 | Epoch:392 | LR: 0.0000470 | Loss : 0.0078 | Val loss: 0.0081
2026-01-10 17:31:33.277624 | Epoch:393 | LR: 0.0000470 | Loss : 0.0079 | Val loss: 0.0080
2026-01-10 17:31:44.449239 | Epoch:394 | LR: 0.0000470 | Loss : 0.0079 | Val loss: 0.0080
2026-01-10 17:31:55.589553 | Epoch:395 | LR: 0.0000470 | Loss : 0.0079 | Val loss: 0.0081
2026-01-10 17:32:06.615240 | Epoch:396 | LR: 0.0000470 | Loss : 0.0079 | Val loss: 0.0079
2026-01-10 17:32:17.732232 | Epoch:397 | LR: 0.0000470 | Loss : 0.0079 | Val loss: 0.0079
2026-01-10 17:32:28.772615 | Epoch:398 | LR: 0.0000470 | Loss : 0.0080 | Val loss: 0.0080
2026-01-10 17:32:39.997158 | Epoch:399 | LR: 0.0000469 | Loss : 0.0079 | Val loss: 0.0082
2026-01-10 17:32:51.130223 | Epoch:400 | LR: 0.0000469 | Loss : 0.0080 | Val loss: 0.0080
2026-01-10 17:33:02.316077 | Epoch:401 | LR: 0.0000469 | Loss : 0.0079 | Val loss: 0.0080
2026-01-10 17:33:13.340486 | Epoch:402 | LR: 0.0000469 | Loss : 0.0079 | Val loss: 0.0082
2026-01-10 17:33:24.559735 | Epoch:403 | LR: 0.0000469 | Loss : 0.0079 | Val loss: 0.0080
2026-01-10 17:33:35.573469 | Epoch:404 | LR: 0.0000469 | Loss : 0.0080 | Val loss: 0.0082
2026-01-10 17:33:46.790815 | Epoch:405 | LR: 0.0000468 | Loss : 0.0080 | Val loss: 0.0083
2026-01-10 17:33:57.912208 | Epoch:406 | LR: 0.0000468 | Loss : 0.0080 | Val loss: 0.0081
2026-01-10 17:34:09.079267 | Epoch:407 | LR: 0.0000468 | Loss : 0.0080 | Val loss: 0.0080
2026-01-10 17:34:20.112044 | Epoch:408 | LR: 0.0000468 | Loss : 0.0081 | Val loss: 0.0081
2026-01-10 17:34:31.242346 | Epoch:409 | LR: 0.0000468 | Loss : 0.0546 | Val loss: 0.0146
2026-01-10 17:34:42.111874 | Epoch:410 | LR: 0.0000468 | Loss : 0.0142 | Val loss: 0.0136
2026-01-10 17:34:53.152137 | Epoch:411 | LR: 0.0000468 | Loss : 0.0131 | Val loss: 0.0122
2026-01-10 17:35:04.239533 | Epoch:412 | LR: 0.0000467 | Loss : 0.0113 | Val loss: 0.0105
2026-01-10 17:35:15.516058 | Epoch:413 | LR: 0.0000467 | Loss : 0.0100 | Val loss: 0.0093
2026-01-10 17:35:26.468815 | Epoch:414 | LR: 0.0000467 | Loss : 0.0090 | Val loss: 0.0089
2026-01-10 17:35:37.428013 | Epoch:415 | LR: 0.0000467 | Loss : 0.0088 | Val loss: 0.0086
2026-01-10 17:35:48.292207 | Epoch:416 | LR: 0.0000467 | Loss : 0.0086 | Val loss: 0.0084
2026-01-10 17:35:59.257886 | Epoch:417 | LR: 0.0000467 | Loss : 0.0085 | Val loss: 0.0085
2026-01-10 17:36:10.325137 | Epoch:418 | LR: 0.0000466 | Loss : 0.0084 | Val loss: 0.0084
2026-01-10 17:36:21.338527 | Epoch:419 | LR: 0.0000466 | Loss : 0.0085 | Val loss: 0.0084
2026-01-10 17:36:32.528676 | Epoch:420 | LR: 0.0000466 | Loss : 0.0084 | Val loss: 0.0084
2026-01-10 17:36:43.450103 | Epoch:421 | LR: 0.0000466 | Loss : 0.0084 | Val loss: 0.0083
2026-01-10 17:36:54.390736 | Epoch:422 | LR: 0.0000466 | Loss : 0.0083 | Val loss: 0.0083
2026-01-10 17:37:05.345079 | Epoch:423 | LR: 0.0000466 | Loss : 0.0083 | Val loss: 0.0083
2026-01-10 17:37:16.399107 | Epoch:424 | LR: 0.0000466 | Loss : 0.0082 | Val loss: 0.0084
2026-01-10 17:37:27.450427 | Epoch:425 | LR: 0.0000465 | Loss : 0.0082 | Val loss: 0.0082
2026-01-10 17:37:38.516052 | Epoch:426 | LR: 0.0000465 | Loss : 0.0081 | Val loss: 0.0083
2026-01-10 17:37:49.512058 | Epoch:427 | LR: 0.0000465 | Loss : 0.0082 | Val loss: 0.0084
2026-01-10 17:38:00.398256 | Epoch:428 | LR: 0.0000465 | Loss : 0.0083 | Val loss: 0.0083
2026-01-10 17:38:11.298643 | Epoch:429 | LR: 0.0000465 | Loss : 0.0082 | Val loss: 0.0084
2026-01-10 17:38:22.378324 | Epoch:430 | LR: 0.0000465 | Loss : 0.0083 | Val loss: 0.0083
2026-01-10 17:38:33.361025 | Epoch:431 | LR: 0.0000464 | Loss : 0.0082 | Val loss: 0.0081
2026-01-10 17:38:44.401105 | Epoch:432 | LR: 0.0000464 | Loss : 0.0082 | Val loss: 0.0084
2026-01-10 17:38:55.409620 | Epoch:433 | LR: 0.0000464 | Loss : 0.0082 | Val loss: 0.0080
2026-01-10 17:39:06.293524 | Epoch:434 | LR: 0.0000464 | Loss : 0.0081 | Val loss: 0.0081
2026-01-10 17:39:17.212019 | Epoch:435 | LR: 0.0000464 | Loss : 0.0082 | Val loss: 0.0082
2026-01-10 17:39:28.336220 | Epoch:436 | LR: 0.0000464 | Loss : 0.0082 | Val loss: 0.0081
2026-01-10 17:39:39.316079 | Epoch:437 | LR: 0.0000463 | Loss : 0.0082 | Val loss: 0.0081
2026-01-10 17:39:50.319141 | Epoch:438 | LR: 0.0000463 | Loss : 0.0082 | Val loss: 0.0082
2026-01-10 17:40:01.369822 | Epoch:439 | LR: 0.0000463 | Loss : 0.0082 | Val loss: 0.0083
2026-01-10 17:40:12.488609 | Epoch:440 | LR: 0.0000463 | Loss : 0.0082 | Val loss: 0.0080
2026-01-10 17:40:23.459339 | Epoch:441 | LR: 0.0000463 | Loss : 0.0082 | Val loss: 0.0083
2026-01-10 17:40:34.498502 | Epoch:442 | LR: 0.0000463 | Loss : 0.0081 | Val loss: 0.0082
2026-01-10 17:40:45.476968 | Epoch:443 | LR: 0.0000462 | Loss : 0.0083 | Val loss: 0.0082
2026-01-10 17:40:56.444919 | Epoch:444 | LR: 0.0000462 | Loss : 0.0082 | Val loss: 0.0083
2026-01-10 17:41:07.512360 | Epoch:445 | LR: 0.0000462 | Loss : 0.0082 | Val loss: 0.0080
2026-01-10 17:41:18.464349 | Epoch:446 | LR: 0.0000462 | Loss : 0.0081 | Val loss: 0.0081
2026-01-10 17:41:29.277866 | Epoch:447 | LR: 0.0000462 | Loss : 0.0080 | Val loss: 0.0083
2026-01-10 17:41:40.271822 | Epoch:448 | LR: 0.0000462 | Loss : 0.0081 | Val loss: 0.0082
2026-01-10 17:41:51.273825 | Epoch:449 | LR: 0.0000461 | Loss : 0.0081 | Val loss: 0.0083
2026-01-10 17:42:02.279793 | Epoch:450 | LR: 0.0000461 | Loss : 0.0081 | Val loss: 0.0081
2026-01-10 17:42:13.198341 | Epoch:451 | LR: 0.0000461 | Loss : 0.0080 | Val loss: 0.0081
2026-01-10 17:42:24.288098 | Epoch:452 | LR: 0.0000461 | Loss : 0.0081 | Val loss: 0.0084
2026-01-10 17:42:35.120736 | Epoch:453 | LR: 0.0000461 | Loss : 0.0080 | Val loss: 0.0084
2026-01-10 17:42:46.119456 | Epoch:454 | LR: 0.0000461 | Loss : 0.0081 | Val loss: 0.0083
2026-01-10 17:42:57.113722 | Epoch:455 | LR: 0.0000460 | Loss : 0.0081 | Val loss: 0.0081
2026-01-10 17:43:08.053674 | Epoch:456 | LR: 0.0000460 | Loss : 0.0082 | Val loss: 0.0081
2026-01-10 17:43:19.110626 | Epoch:457 | LR: 0.0000460 | Loss : 0.0081 | Val loss: 0.0081
2026-01-10 17:43:30.255785 | Epoch:458 | LR: 0.0000460 | Loss : 0.0082 | Val loss: 0.0082
2026-01-10 17:43:41.142433 | Epoch:459 | LR: 0.0000460 | Loss : 0.0081 | Val loss: 0.0083
2026-01-10 17:43:52.066068 | Epoch:460 | LR: 0.0000460 | Loss : 0.0081 | Val loss: 0.0081
2026-01-10 17:44:03.079114 | Epoch:461 | LR: 0.0000459 | Loss : 0.0080 | Val loss: 0.0082
2026-01-10 17:44:14.311246 | Epoch:462 | LR: 0.0000459 | Loss : 0.0080 | Val loss: 0.0081
2026-01-10 17:44:25.402038 | Epoch:463 | LR: 0.0000459 | Loss : 0.0081 | Val loss: 0.0081
2026-01-10 17:44:36.459726 | Epoch:464 | LR: 0.0000459 | Loss : 0.0082 | Val loss: 0.0080
2026-01-10 17:44:47.367679 | Epoch:465 | LR: 0.0000459 | Loss : 0.0081 | Val loss: 0.0082
2026-01-10 17:44:58.205237 | Epoch:466 | LR: 0.0000459 | Loss : 0.0081 | Val loss: 0.0081
2026-01-10 17:45:09.223487 | Epoch:467 | LR: 0.0000458 | Loss : 0.0080 | Val loss: 0.0081
2026-01-10 17:45:20.141046 | Epoch:468 | LR: 0.0000458 | Loss : 0.0080 | Val loss: 0.0081
2026-01-10 17:45:31.447624 | Epoch:469 | LR: 0.0000458 | Loss : 0.0081 | Val loss: 0.0081
2026-01-10 17:45:42.573989 | Epoch:470 | LR: 0.0000458 | Loss : 0.0081 | Val loss: 0.0081
2026-01-10 17:45:53.674823 | Epoch:471 | LR: 0.0000458 | Loss : 0.0080 | Val loss: 0.0083
2026-01-10 17:46:04.506451 | Epoch:472 | LR: 0.0000458 | Loss : 0.0080 | Val loss: 0.0081
2026-01-10 17:46:15.561924 | Epoch:473 | LR: 0.0000457 | Loss : 0.0081 | Val loss: 0.0081
2026-01-10 17:46:26.580111 | Epoch:474 | LR: 0.0000457 | Loss : 0.0080 | Val loss: 0.0079
2026-01-10 17:46:37.900927 | Epoch:475 | LR: 0.0000457 | Loss : 0.0082 | Val loss: 0.0081
2026-01-10 17:46:49.114203 | Epoch:476 | LR: 0.0000457 | Loss : 0.0081 | Val loss: 0.0080
2026-01-10 17:47:00.248095 | Epoch:477 | LR: 0.0000457 | Loss : 0.0081 | Val loss: 0.0081
2026-01-10 17:47:11.065265 | Epoch:478 | LR: 0.0000456 | Loss : 0.0081 | Val loss: 0.0080
2026-01-10 17:47:22.082357 | Epoch:479 | LR: 0.0000456 | Loss : 0.0080 | Val loss: 0.0082
2026-01-10 17:47:33.041446 | Epoch:480 | LR: 0.0000456 | Loss : 0.0081 | Val loss: 0.0082
2026-01-10 17:47:44.079593 | Epoch:481 | LR: 0.0000456 | Loss : 0.0080 | Val loss: 0.0083
2026-01-10 17:47:55.114085 | Epoch:482 | LR: 0.0000456 | Loss : 0.0080 | Val loss: 0.0081
2026-01-10 17:48:06.237700 | Epoch:483 | LR: 0.0000456 | Loss : 0.0081 | Val loss: 0.0081
2026-01-10 17:48:17.060126 | Epoch:484 | LR: 0.0000455 | Loss : 0.0081 | Val loss: 0.0083
2026-01-10 17:48:28.070327 | Epoch:485 | LR: 0.0000455 | Loss : 0.0080 | Val loss: 0.0078
2026-01-10 17:48:39.040995 | Epoch:486 | LR: 0.0000455 | Loss : 0.0079 | Val loss: 0.0080
2026-01-10 17:48:49.954167 | Epoch:487 | LR: 0.0000455 | Loss : 0.0080 | Val loss: 0.0081
2026-01-10 17:49:01.101312 | Epoch:488 | LR: 0.0000455 | Loss : 0.0080 | Val loss: 0.0081
2026-01-10 17:49:12.044155 | Epoch:489 | LR: 0.0000454 | Loss : 0.0081 | Val loss: 0.0080
2026-01-10 17:49:23.095207 | Epoch:490 | LR: 0.0000454 | Loss : 0.0081 | Val loss: 0.0080
2026-01-10 17:49:33.976513 | Epoch:491 | LR: 0.0000454 | Loss : 0.0080 | Val loss: 0.0081
2026-01-10 17:49:44.985573 | Epoch:492 | LR: 0.0000454 | Loss : 0.0080 | Val loss: 0.0084
2026-01-10 17:49:55.918999 | Epoch:493 | LR: 0.0000454 | Loss : 0.0080 | Val loss: 0.0080
2026-01-10 17:50:06.975094 | Epoch:494 | LR: 0.0000454 | Loss : 0.0081 | Val loss: 0.0079
2026-01-10 17:50:17.957921 | Epoch:495 | LR: 0.0000453 | Loss : 0.0081 | Val loss: 0.0081
2026-01-10 17:50:29.063495 | Epoch:496 | LR: 0.0000453 | Loss : 0.0080 | Val loss: 0.0081
2026-01-10 17:50:40.046080 | Epoch:497 | LR: 0.0000453 | Loss : 0.0080 | Val loss: 0.0080
2026-01-10 17:50:51.085539 | Epoch:498 | LR: 0.0000453 | Loss : 0.0080 | Val loss: 0.0081
2026-01-10 17:51:02.246076 | Epoch:499 | LR: 0.0000453 | Loss : 0.0080 | Val loss: 0.0081
2026-01-10 17:51:13.297070 | Epoch:500 | LR: 0.0000452 | Loss : 0.0080 | Val loss: 0.0080
2026-01-10 17:51:24.298421 | Epoch:501 | LR: 0.0000452 | Loss : 0.0079 | Val loss: 0.0080
2026-01-10 17:51:35.350046 | Epoch:502 | LR: 0.0000452 | Loss : 0.0079 | Val loss: 0.0080
2026-01-10 17:51:46.270667 | Epoch:503 | LR: 0.0000452 | Loss : 0.0079 | Val loss: 0.0081
2026-01-10 17:51:57.259001 | Epoch:504 | LR: 0.0000452 | Loss : 0.0080 | Val loss: 0.0080
2026-01-10 17:52:08.204508 | Epoch:505 | LR: 0.0000452 | Loss : 0.0079 | Val loss: 0.0080
2026-01-10 17:52:19.252390 | Epoch:506 | LR: 0.0000451 | Loss : 0.0080 | Val loss: 0.0078
2026-01-10 17:52:30.253033 | Epoch:507 | LR: 0.0000451 | Loss : 0.0080 | Val loss: 0.0080
2026-01-10 17:52:41.245984 | Epoch:508 | LR: 0.0000451 | Loss : 0.0079 | Val loss: 0.0082
2026-01-10 17:52:52.298083 | Epoch:509 | LR: 0.0000451 | Loss : 0.0079 | Val loss: 0.0080
2026-01-10 17:53:03.271305 | Epoch:510 | LR: 0.0000451 | Loss : 0.0080 | Val loss: 0.0081
2026-01-10 17:53:14.207670 | Epoch:511 | LR: 0.0000450 | Loss : 0.0079 | Val loss: 0.0079
2026-01-10 17:53:25.179377 | Epoch:512 | LR: 0.0000450 | Loss : 0.0079 | Val loss: 0.0080
2026-01-10 17:53:36.257500 | Epoch:513 | LR: 0.0000450 | Loss : 0.0080 | Val loss: 0.0080
2026-01-10 17:53:47.137554 | Epoch:514 | LR: 0.0000450 | Loss : 0.0080 | Val loss: 0.0079
2026-01-10 17:53:58.246381 | Epoch:515 | LR: 0.0000450 | Loss : 0.0079 | Val loss: 0.0081
2026-01-10 17:54:09.096928 | Epoch:516 | LR: 0.0000449 | Loss : 0.0079 | Val loss: 0.0081
2026-01-10 17:54:20.037885 | Epoch:517 | LR: 0.0000449 | Loss : 0.0080 | Val loss: 0.0079
2026-01-10 17:54:30.945720 | Epoch:518 | LR: 0.0000449 | Loss : 0.0080 | Val loss: 0.0081
2026-01-10 17:54:42.074170 | Epoch:519 | LR: 0.0000449 | Loss : 0.0081 | Val loss: 0.0080
2026-01-10 17:54:53.120097 | Epoch:520 | LR: 0.0000449 | Loss : 0.0080 | Val loss: 0.0080
2026-01-10 17:55:04.304570 | Epoch:521 | LR: 0.0000449 | Loss : 0.0080 | Val loss: 0.0081
2026-01-10 17:55:15.276598 | Epoch:522 | LR: 0.0000448 | Loss : 0.0079 | Val loss: 0.0078
2026-01-10 17:55:26.221407 | Epoch:523 | LR: 0.0000448 | Loss : 0.0080 | Val loss: 0.0078
2026-01-10 17:55:37.308937 | Epoch:524 | LR: 0.0000448 | Loss : 0.0079 | Val loss: 0.0079
2026-01-10 17:55:48.331215 | Epoch:525 | LR: 0.0000448 | Loss : 0.0079 | Val loss: 0.0080
2026-01-10 17:55:59.749332 | Epoch:526 | LR: 0.0000448 | Loss : 0.0081 | Val loss: 0.0082
2026-01-10 17:56:10.958415 | Epoch:527 | LR: 0.0000447 | Loss : 0.0079 | Val loss: 0.0079
2026-01-10 17:56:21.953025 | Epoch:528 | LR: 0.0000447 | Loss : 0.0079 | Val loss: 0.0080
2026-01-10 17:56:32.865178 | Epoch:529 | LR: 0.0000447 | Loss : 0.0080 | Val loss: 0.0080
2026-01-10 17:56:43.803120 | Epoch:530 | LR: 0.0000447 | Loss : 0.0079 | Val loss: 0.0080
2026-01-10 17:56:54.884715 | Epoch:531 | LR: 0.0000447 | Loss : 0.0079 | Val loss: 0.0080
2026-01-10 17:57:06.017274 | Epoch:532 | LR: 0.0000446 | Loss : 0.0080 | Val loss: 0.0080
2026-01-10 17:57:16.965233 | Epoch:533 | LR: 0.0000446 | Loss : 0.0079 | Val loss: 0.0079
2026-01-10 17:57:28.176691 | Epoch:534 | LR: 0.0000446 | Loss : 0.0079 | Val loss: 0.0080
2026-01-10 17:57:39.083739 | Epoch:535 | LR: 0.0000446 | Loss : 0.0079 | Val loss: 0.0079
2026-01-10 17:57:50.026222 | Epoch:536 | LR: 0.0000446 | Loss : 0.0079 | Val loss: 0.0079
2026-01-10 17:58:01.042216 | Epoch:537 | LR: 0.0000445 | Loss : 0.0079 | Val loss: 0.0078
2026-01-10 17:58:34.346494 | Epoch:538 | LR: 0.0000445 | Loss : 0.0079 | Val loss: 0.0079
2026-01-10 17:58:45.559892 | Epoch:539 | LR: 0.0000445 | Loss : 0.0080 | Val loss: 0.0079
2026-01-10 17:58:56.591687 | Epoch:540 | LR: 0.0000445 | Loss : 0.0079 | Val loss: 0.0079
2026-01-10 17:59:07.815726 | Epoch:541 | LR: 0.0000445 | Loss : 0.0080 | Val loss: 0.0080
2026-01-10 17:59:18.779056 | Epoch:542 | LR: 0.0000444 | Loss : 0.0078 | Val loss: 0.0082
2026-01-10 17:59:29.887653 | Epoch:543 | LR: 0.0000444 | Loss : 0.0079 | Val loss: 0.0079
2026-01-10 17:59:41.091860 | Epoch:544 | LR: 0.0000444 | Loss : 0.0078 | Val loss: 0.0077
2026-01-10 17:59:53.448940 | Epoch:545 | LR: 0.0000444 | Loss : 0.0078 | Val loss: 0.0079
2026-01-10 18:00:04.573691 | Epoch:546 | LR: 0.0000444 | Loss : 0.0079 | Val loss: 0.0077
2026-01-10 18:00:15.844100 | Epoch:547 | LR: 0.0000443 | Loss : 0.0079 | Val loss: 0.0080
2026-01-10 18:00:26.814080 | Epoch:548 | LR: 0.0000443 | Loss : 0.0079 | Val loss: 0.0080
2026-01-10 18:00:37.987736 | Epoch:549 | LR: 0.0000443 | Loss : 0.0078 | Val loss: 0.0080
2026-01-10 18:00:49.139129 | Epoch:550 | LR: 0.0000443 | Loss : 0.0078 | Val loss: 0.0079
2026-01-10 18:01:00.080828 | Epoch:551 | LR: 0.0000443 | Loss : 0.0079 | Val loss: 0.0081
2026-01-10 18:01:11.228593 | Epoch:552 | LR: 0.0000442 | Loss : 0.0079 | Val loss: 0.0082
2026-01-10 18:01:22.537512 | Epoch:553 | LR: 0.0000442 | Loss : 0.0078 | Val loss: 0.0080
2026-01-10 18:01:33.704493 | Epoch:554 | LR: 0.0000442 | Loss : 0.0078 | Val loss: 0.0079
2026-01-10 18:01:44.768453 | Epoch:555 | LR: 0.0000442 | Loss : 0.0079 | Val loss: 0.0080
2026-01-10 18:01:55.936697 | Epoch:556 | LR: 0.0000442 | Loss : 0.0078 | Val loss: 0.0080
2026-01-10 18:02:07.043377 | Epoch:557 | LR: 0.0000441 | Loss : 0.0079 | Val loss: 0.0081
2026-01-10 18:02:18.049616 | Epoch:558 | LR: 0.0000441 | Loss : 0.0078 | Val loss: 0.0079
2026-01-10 18:02:29.302325 | Epoch:559 | LR: 0.0000441 | Loss : 0.0077 | Val loss: 0.0079
2026-01-10 18:02:40.342362 | Epoch:560 | LR: 0.0000441 | Loss : 0.0079 | Val loss: 0.0079
2026-01-10 18:02:51.349173 | Epoch:561 | LR: 0.0000441 | Loss : 0.0078 | Val loss: 0.0079
2026-01-10 18:03:02.483511 | Epoch:562 | LR: 0.0000440 | Loss : 0.0078 | Val loss: 0.0079
2026-01-10 18:03:13.554945 | Epoch:563 | LR: 0.0000440 | Loss : 0.0079 | Val loss: 0.0080
2026-01-10 18:03:24.516159 | Epoch:564 | LR: 0.0000440 | Loss : 0.0078 | Val loss: 0.0080
2026-01-10 18:03:35.601904 | Epoch:565 | LR: 0.0000440 | Loss : 0.0079 | Val loss: 0.0078
2026-01-10 18:03:46.843323 | Epoch:566 | LR: 0.0000440 | Loss : 0.0079 | Val loss: 0.0080
2026-01-10 18:03:57.706828 | Epoch:567 | LR: 0.0000439 | Loss : 0.0078 | Val loss: 0.0078
2026-01-10 18:04:08.807159 | Epoch:568 | LR: 0.0000439 | Loss : 0.0079 | Val loss: 0.0079
2026-01-10 18:04:19.888646 | Epoch:569 | LR: 0.0000439 | Loss : 0.0078 | Val loss: 0.0079
2026-01-10 18:04:30.927471 | Epoch:570 | LR: 0.0000439 | Loss : 0.0077 | Val loss: 0.0078
2026-01-10 18:04:41.967256 | Epoch:571 | LR: 0.0000439 | Loss : 0.0079 | Val loss: 0.0081
2026-01-10 18:04:53.219169 | Epoch:572 | LR: 0.0000438 | Loss : 0.0078 | Val loss: 0.0079
2026-01-10 18:05:04.489925 | Epoch:573 | LR: 0.0000438 | Loss : 0.0079 | Val loss: 0.0078
2026-01-10 18:05:15.536149 | Epoch:574 | LR: 0.0000438 | Loss : 0.0078 | Val loss: 0.0080
2026-01-10 18:05:26.586659 | Epoch:575 | LR: 0.0000438 | Loss : 0.0077 | Val loss: 0.0080
2026-01-10 18:05:37.616306 | Epoch:576 | LR: 0.0000438 | Loss : 0.0079 | Val loss: 0.0081
2026-01-10 18:05:48.610738 | Epoch:577 | LR: 0.0000437 | Loss : 0.0079 | Val loss: 0.0079
2026-01-10 18:05:59.977889 | Epoch:578 | LR: 0.0000437 | Loss : 0.0079 | Val loss: 0.0080
2026-01-10 18:06:10.893672 | Epoch:579 | LR: 0.0000437 | Loss : 0.0078 | Val loss: 0.0081
2026-01-10 18:06:21.852248 | Epoch:580 | LR: 0.0000437 | Loss : 0.0078 | Val loss: 0.0081
2026-01-10 18:06:33.270181 | Epoch:581 | LR: 0.0000437 | Loss : 0.0079 | Val loss: 0.0080
2026-01-10 18:06:44.414549 | Epoch:582 | LR: 0.0000436 | Loss : 0.0078 | Val loss: 0.0079
2026-01-10 18:06:55.450559 | Epoch:583 | LR: 0.0000436 | Loss : 0.0078 | Val loss: 0.0080
2026-01-10 18:07:06.718035 | Epoch:584 | LR: 0.0000436 | Loss : 0.0078 | Val loss: 0.0081
2026-01-10 18:07:17.715459 | Epoch:585 | LR: 0.0000436 | Loss : 0.0079 | Val loss: 0.0078
2026-01-10 18:07:30.328079 | Epoch:586 | LR: 0.0000435 | Loss : 0.0078 | Val loss: 0.0079
2026-01-10 18:07:41.849827 | Epoch:587 | LR: 0.0000435 | Loss : 0.0080 | Val loss: 0.0081
2026-01-10 18:07:52.886078 | Epoch:588 | LR: 0.0000435 | Loss : 0.0078 | Val loss: 0.0079
2026-01-10 18:08:04.256250 | Epoch:589 | LR: 0.0000435 | Loss : 0.0078 | Val loss: 0.0079
2026-01-10 18:08:15.428115 | Epoch:590 | LR: 0.0000435 | Loss : 0.0079 | Val loss: 0.0080
2026-01-10 18:08:26.647137 | Epoch:591 | LR: 0.0000434 | Loss : 0.0078 | Val loss: 0.0078
2026-01-10 18:08:37.556360 | Epoch:592 | LR: 0.0000434 | Loss : 0.0078 | Val loss: 0.0078
2026-01-10 18:08:48.697855 | Epoch:593 | LR: 0.0000434 | Loss : 0.0077 | Val loss: 0.0078
2026-01-10 18:08:59.711541 | Epoch:594 | LR: 0.0000434 | Loss : 0.0078 | Val loss: 0.0079
2026-01-10 18:09:10.799575 | Epoch:595 | LR: 0.0000434 | Loss : 0.0077 | Val loss: 0.0080
2026-01-10 18:09:21.935260 | Epoch:596 | LR: 0.0000433 | Loss : 0.0078 | Val loss: 0.0078
2026-01-10 18:09:33.172203 | Epoch:597 | LR: 0.0000433 | Loss : 0.0078 | Val loss: 0.0078
2026-01-10 18:09:44.088630 | Epoch:598 | LR: 0.0000433 | Loss : 0.0078 | Val loss: 0.0079
2026-01-10 18:09:55.307337 | Epoch:599 | LR: 0.0000433 | Loss : 0.0078 | Val loss: 0.0078
2026-01-10 18:10:06.262506 | Epoch:600 | LR: 0.0000432 | Loss : 0.0078 | Val loss: 0.0080
2026-01-10 18:10:17.348624 | Epoch:601 | LR: 0.0000432 | Loss : 0.0077 | Val loss: 0.0080
2026-01-10 18:10:28.394665 | Epoch:602 | LR: 0.0000432 | Loss : 0.0078 | Val loss: 0.0080
2026-01-10 18:10:39.745563 | Epoch:603 | LR: 0.0000432 | Loss : 0.0078 | Val loss: 0.0080
2026-01-10 18:10:50.635412 | Epoch:604 | LR: 0.0000432 | Loss : 0.0077 | Val loss: 0.0079
2026-01-10 18:11:01.753176 | Epoch:605 | LR: 0.0000431 | Loss : 0.0078 | Val loss: 0.0079
2026-01-10 18:11:12.717926 | Epoch:606 | LR: 0.0000431 | Loss : 0.0078 | Val loss: 0.0080
2026-01-10 18:11:23.775079 | Epoch:607 | LR: 0.0000431 | Loss : 0.0078 | Val loss: 0.0080
2026-01-10 18:11:34.772527 | Epoch:608 | LR: 0.0000431 | Loss : 0.0078 | Val loss: 0.0079
2026-01-10 18:11:46.255923 | Epoch:609 | LR: 0.0000431 | Loss : 0.0078 | Val loss: 0.0079
2026-01-10 18:11:57.211976 | Epoch:610 | LR: 0.0000430 | Loss : 0.0079 | Val loss: 0.0081
2026-01-10 18:12:08.500063 | Epoch:611 | LR: 0.0000430 | Loss : 0.0078 | Val loss: 0.0080
2026-01-10 18:12:19.555624 | Epoch:612 | LR: 0.0000430 | Loss : 0.0078 | Val loss: 0.0079
2026-01-10 18:12:30.677799 | Epoch:613 | LR: 0.0000430 | Loss : 0.0079 | Val loss: 0.0080
2026-01-10 18:12:41.751006 | Epoch:614 | LR: 0.0000429 | Loss : 0.0077 | Val loss: 0.0080
2026-01-10 18:12:52.960133 | Epoch:615 | LR: 0.0000429 | Loss : 0.0078 | Val loss: 0.0079
2026-01-10 18:13:03.961485 | Epoch:616 | LR: 0.0000429 | Loss : 0.0077 | Val loss: 0.0079
2026-01-10 18:13:15.097982 | Epoch:617 | LR: 0.0000429 | Loss : 0.0078 | Val loss: 0.0079
2026-01-10 18:13:26.228317 | Epoch:618 | LR: 0.0000429 | Loss : 0.0078 | Val loss: 0.0082
2026-01-10 18:13:37.254527 | Epoch:619 | LR: 0.0000428 | Loss : 0.0077 | Val loss: 0.0080
2026-01-10 18:13:48.299102 | Epoch:620 | LR: 0.0000428 | Loss : 0.0077 | Val loss: 0.0079
2026-01-10 18:13:59.559851 | Epoch:621 | LR: 0.0000428 | Loss : 0.0078 | Val loss: 0.0078
2026-01-10 18:14:10.496868 | Epoch:622 | LR: 0.0000428 | Loss : 0.0077 | Val loss: 0.0080
2026-01-10 18:14:21.664281 | Epoch:623 | LR: 0.0000427 | Loss : 0.0078 | Val loss: 0.0082
2026-01-10 18:14:32.855611 | Epoch:624 | LR: 0.0000427 | Loss : 0.0078 | Val loss: 0.0079
2026-01-10 18:14:43.930467 | Epoch:625 | LR: 0.0000427 | Loss : 0.0078 | Val loss: 0.0081
2026-01-10 18:14:54.968085 | Epoch:626 | LR: 0.0000427 | Loss : 0.0077 | Val loss: 0.0079
2026-01-10 18:15:06.176185 | Epoch:627 | LR: 0.0000427 | Loss : 0.0077 | Val loss: 0.0079
2026-01-10 18:15:17.129945 | Epoch:628 | LR: 0.0000426 | Loss : 0.0077 | Val loss: 0.0079
2026-01-10 18:15:28.255140 | Epoch:629 | LR: 0.0000426 | Loss : 0.0078 | Val loss: 0.0078
2026-01-10 18:15:40.922979 | Epoch:630 | LR: 0.0000426 | Loss : 0.0078 | Val loss: 0.0082
2026-01-10 18:15:51.943908 | Epoch:631 | LR: 0.0000426 | Loss : 0.0077 | Val loss: 0.0080
2026-01-10 18:16:03.095583 | Epoch:632 | LR: 0.0000425 | Loss : 0.0077 | Val loss: 0.0081
2026-01-10 18:16:14.435495 | Epoch:633 | LR: 0.0000425 | Loss : 0.0077 | Val loss: 0.0078
2026-01-10 18:16:25.475700 | Epoch:634 | LR: 0.0000425 | Loss : 0.0077 | Val loss: 0.0081
2026-01-10 18:16:36.598600 | Epoch:635 | LR: 0.0000425 | Loss : 0.0077 | Val loss: 0.0078
2026-01-10 18:16:47.755715 | Epoch:636 | LR: 0.0000425 | Loss : 0.0077 | Val loss: 0.0077
2026-01-10 18:16:58.914868 | Epoch:637 | LR: 0.0000424 | Loss : 0.0078 | Val loss: 0.0079
2026-01-10 18:17:10.095228 | Epoch:638 | LR: 0.0000424 | Loss : 0.0077 | Val loss: 0.0081
2026-01-10 18:17:21.426507 | Epoch:639 | LR: 0.0000424 | Loss : 0.0078 | Val loss: 0.0080
2026-01-10 18:17:32.662680 | Epoch:640 | LR: 0.0000424 | Loss : 0.0077 | Val loss: 0.0081
2026-01-10 18:17:43.673749 | Epoch:641 | LR: 0.0000423 | Loss : 0.0077 | Val loss: 0.0079
2026-01-10 18:17:54.843785 | Epoch:642 | LR: 0.0000423 | Loss : 0.0078 | Val loss: 0.0080
2026-01-10 18:18:05.873592 | Epoch:643 | LR: 0.0000423 | Loss : 0.0077 | Val loss: 0.0080
2026-01-10 18:18:16.959716 | Epoch:644 | LR: 0.0000423 | Loss : 0.0077 | Val loss: 0.0079
2026-01-10 18:18:28.158920 | Epoch:645 | LR: 0.0000423 | Loss : 0.0077 | Val loss: 0.0080
2026-01-10 18:18:39.366813 | Epoch:646 | LR: 0.0000422 | Loss : 0.0078 | Val loss: 0.0081
2026-01-10 18:18:50.389474 | Epoch:647 | LR: 0.0000422 | Loss : 0.0078 | Val loss: 0.0080
2026-01-10 18:19:01.502662 | Epoch:648 | LR: 0.0000422 | Loss : 0.0077 | Val loss: 0.0081
2026-01-10 18:19:12.574915 | Epoch:649 | LR: 0.0000422 | Loss : 0.0078 | Val loss: 0.0080
2026-01-10 18:19:23.696757 | Epoch:650 | LR: 0.0000421 | Loss : 0.0078 | Val loss: 0.0079
2026-01-10 18:19:34.823323 | Epoch:651 | LR: 0.0000421 | Loss : 0.0078 | Val loss: 0.0081
2026-01-10 18:19:46.096474 | Epoch:652 | LR: 0.0000421 | Loss : 0.0077 | Val loss: 0.0080
2026-01-10 18:19:57.045364 | Epoch:653 | LR: 0.0000421 | Loss : 0.0077 | Val loss: 0.0078
2026-01-10 18:20:08.134211 | Epoch:654 | LR: 0.0000420 | Loss : 0.0077 | Val loss: 0.0080
2026-01-10 18:20:19.362249 | Epoch:655 | LR: 0.0000420 | Loss : 0.0077 | Val loss: 0.0078
2026-01-10 18:20:30.415986 | Epoch:656 | LR: 0.0000420 | Loss : 0.0077 | Val loss: 0.0082
2026-01-10 18:20:41.549468 | Epoch:657 | LR: 0.0000420 | Loss : 0.0077 | Val loss: 0.0078
2026-01-10 18:20:52.976378 | Epoch:658 | LR: 0.0000420 | Loss : 0.0077 | Val loss: 0.0080
2026-01-10 18:21:03.978992 | Epoch:659 | LR: 0.0000419 | Loss : 0.0078 | Val loss: 0.0080
2026-01-10 18:21:15.072719 | Epoch:660 | LR: 0.0000419 | Loss : 0.0077 | Val loss: 0.0078
2026-01-10 18:21:26.245474 | Epoch:661 | LR: 0.0000419 | Loss : 0.0077 | Val loss: 0.0079
2026-01-10 18:21:37.311704 | Epoch:662 | LR: 0.0000419 | Loss : 0.0078 | Val loss: 0.0080
2026-01-10 18:21:48.420042 | Epoch:663 | LR: 0.0000418 | Loss : 0.0077 | Val loss: 0.0078
2026-01-10 18:21:59.660103 | Epoch:664 | LR: 0.0000418 | Loss : 0.0077 | Val loss: 0.0079
2026-01-10 18:22:10.665949 | Epoch:665 | LR: 0.0000418 | Loss : 0.0077 | Val loss: 0.0078
2026-01-10 18:22:21.894722 | Epoch:666 | LR: 0.0000418 | Loss : 0.0078 | Val loss: 0.0081
2026-01-10 18:22:33.214870 | Epoch:667 | LR: 0.0000417 | Loss : 0.0078 | Val loss: 0.0081
2026-01-10 18:22:44.272061 | Epoch:668 | LR: 0.0000417 | Loss : 0.0077 | Val loss: 0.0081
2026-01-10 18:22:55.383242 | Epoch:669 | LR: 0.0000417 | Loss : 0.0077 | Val loss: 0.0079
2026-01-10 18:23:06.565400 | Epoch:670 | LR: 0.0000417 | Loss : 0.0078 | Val loss: 0.0080
2026-01-10 18:23:17.797752 | Epoch:671 | LR: 0.0000417 | Loss : 0.0077 | Val loss: 0.0080
2026-01-10 18:23:28.783636 | Epoch:672 | LR: 0.0000416 | Loss : 0.0077 | Val loss: 0.0079
2026-01-10 18:23:39.939150 | Epoch:673 | LR: 0.0000416 | Loss : 0.0078 | Val loss: 0.0078
2026-01-10 18:23:51.006875 | Epoch:674 | LR: 0.0000416 | Loss : 0.0077 | Val loss: 0.0079
2026-01-10 18:24:02.123549 | Epoch:675 | LR: 0.0000416 | Loss : 0.0077 | Val loss: 0.0082
2026-01-10 18:24:13.249657 | Epoch:676 | LR: 0.0000415 | Loss : 0.0077 | Val loss: 0.0079
2026-01-10 18:24:24.504738 | Epoch:677 | LR: 0.0000415 | Loss : 0.0078 | Val loss: 0.0080
2026-01-10 18:24:35.413520 | Epoch:678 | LR: 0.0000415 | Loss : 0.0077 | Val loss: 0.0079
2026-01-10 18:24:46.677401 | Epoch:679 | LR: 0.0000415 | Loss : 0.0077 | Val loss: 0.0078
2026-01-10 18:24:57.712122 | Epoch:680 | LR: 0.0000414 | Loss : 0.0077 | Val loss: 0.0081
2026-01-10 18:25:08.808145 | Epoch:681 | LR: 0.0000414 | Loss : 0.0078 | Val loss: 0.0082
2026-01-10 18:25:19.970221 | Epoch:682 | LR: 0.0000414 | Loss : 0.0077 | Val loss: 0.0078
2026-01-10 18:25:31.244285 | Epoch:683 | LR: 0.0000414 | Loss : 0.0077 | Val loss: 0.0081
2026-01-10 18:25:42.195644 | Epoch:684 | LR: 0.0000413 | Loss : 0.0077 | Val loss: 0.0079
2026-01-10 18:25:53.480814 | Epoch:685 | LR: 0.0000413 | Loss : 0.0077 | Val loss: 0.0080
2026-01-10 18:26:04.551013 | Epoch:686 | LR: 0.0000413 | Loss : 0.0078 | Val loss: 0.0082
2026-01-10 18:26:15.588887 | Epoch:687 | LR: 0.0000413 | Loss : 0.0077 | Val loss: 0.0080
2026-01-10 18:26:26.835060 | Epoch:688 | LR: 0.0000413 | Loss : 0.0077 | Val loss: 0.0081
2026-01-10 18:26:38.079523 | Epoch:689 | LR: 0.0000412 | Loss : 0.0077 | Val loss: 0.0081
2026-01-10 18:26:49.202440 | Epoch:690 | LR: 0.0000412 | Loss : 0.0077 | Val loss: 0.0079
2026-01-10 18:27:00.188618 | Epoch:691 | LR: 0.0000412 | Loss : 0.0077 | Val loss: 0.0080
2026-01-10 18:27:11.321041 | Epoch:692 | LR: 0.0000412 | Loss : 0.0078 | Val loss: 0.0080
2026-01-10 18:27:22.321285 | Epoch:693 | LR: 0.0000411 | Loss : 0.0077 | Val loss: 0.0080
2026-01-10 18:27:33.607886 | Epoch:694 | LR: 0.0000411 | Loss : 0.0077 | Val loss: 0.0080
2026-01-10 18:27:44.940811 | Epoch:695 | LR: 0.0000411 | Loss : 0.0077 | Val loss: 0.0080
2026-01-10 18:27:56.251514 | Epoch:696 | LR: 0.0000411 | Loss : 0.0077 | Val loss: 0.0080
2026-01-10 18:28:07.201913 | Epoch:697 | LR: 0.0000410 | Loss : 0.0076 | Val loss: 0.0078
2026-01-10 18:28:18.606607 | Epoch:698 | LR: 0.0000410 | Loss : 0.0075 | Val loss: 0.0081
2026-01-10 18:28:29.689924 | Epoch:699 | LR: 0.0000410 | Loss : 0.0076 | Val loss: 0.0080
2026-01-10 18:28:40.820037 | Epoch:700 | LR: 0.0000410 | Loss : 0.0076 | Val loss: 0.0080
2026-01-10 18:28:52.259230 | Epoch:701 | LR: 0.0000409 | Loss : 0.0076 | Val loss: 0.0080
2026-01-10 18:29:03.636842 | Epoch:702 | LR: 0.0000409 | Loss : 0.0077 | Val loss: 0.0078
2026-01-10 18:29:14.599341 | Epoch:703 | LR: 0.0000409 | Loss : 0.0076 | Val loss: 0.0079
2026-01-10 18:29:25.783324 | Epoch:704 | LR: 0.0000409 | Loss : 0.0077 | Val loss: 0.0079
2026-01-10 18:29:36.826187 | Epoch:705 | LR: 0.0000408 | Loss : 0.0077 | Val loss: 0.0079
2026-01-10 18:29:47.931428 | Epoch:706 | LR: 0.0000408 | Loss : 0.0077 | Val loss: 0.0079
2026-01-10 18:29:59.035756 | Epoch:707 | LR: 0.0000408 | Loss : 0.0077 | Val loss: 0.0078
2026-01-10 18:30:10.328661 | Epoch:708 | LR: 0.0000408 | Loss : 0.0076 | Val loss: 0.0080
2026-01-10 18:30:21.279972 | Epoch:709 | LR: 0.0000407 | Loss : 0.0077 | Val loss: 0.0080
2026-01-10 18:30:32.467951 | Epoch:710 | LR: 0.0000407 | Loss : 0.0076 | Val loss: 0.0080
2026-01-10 18:30:43.531625 | Epoch:711 | LR: 0.0000407 | Loss : 0.0077 | Val loss: 0.0081
2026-01-10 18:30:54.712891 | Epoch:712 | LR: 0.0000407 | Loss : 0.0077 | Val loss: 0.0079
2026-01-10 18:31:05.856731 | Epoch:713 | LR: 0.0000406 | Loss : 0.0076 | Val loss: 0.0080
2026-01-10 18:31:17.069915 | Epoch:714 | LR: 0.0000406 | Loss : 0.0077 | Val loss: 0.0080
2026-01-10 18:31:28.206355 | Epoch:715 | LR: 0.0000406 | Loss : 0.0076 | Val loss: 0.0079
2026-01-10 18:31:39.274547 | Epoch:716 | LR: 0.0000406 | Loss : 0.0076 | Val loss: 0.0081
2026-01-10 18:31:50.316981 | Epoch:717 | LR: 0.0000405 | Loss : 0.0076 | Val loss: 0.0080
2026-01-10 18:32:01.435083 | Epoch:718 | LR: 0.0000405 | Loss : 0.0077 | Val loss: 0.0079
2026-01-10 18:32:12.595648 | Epoch:719 | LR: 0.0000405 | Loss : 0.0076 | Val loss: 0.0079
2026-01-10 18:32:23.678941 | Epoch:720 | LR: 0.0000405 | Loss : 0.0076 | Val loss: 0.0081
2026-01-10 18:32:35.001335 | Epoch:721 | LR: 0.0000404 | Loss : 0.0077 | Val loss: 0.0081
2026-01-10 18:32:45.994177 | Epoch:722 | LR: 0.0000404 | Loss : 0.0077 | Val loss: 0.0080
2026-01-10 18:32:57.347082 | Epoch:723 | LR: 0.0000404 | Loss : 0.0076 | Val loss: 0.0081
2026-01-10 18:33:08.585068 | Epoch:724 | LR: 0.0000404 | Loss : 0.0077 | Val loss: 0.0081
2026-01-10 18:33:19.734013 | Epoch:725 | LR: 0.0000403 | Loss : 0.0076 | Val loss: 0.0078
2026-01-10 18:33:30.936521 | Epoch:726 | LR: 0.0000403 | Loss : 0.0077 | Val loss: 0.0080
2026-01-10 18:33:42.338635 | Epoch:727 | LR: 0.0000403 | Loss : 0.0076 | Val loss: 0.0078
2026-01-10 18:33:53.327929 | Epoch:728 | LR: 0.0000403 | Loss : 0.0077 | Val loss: 0.0079
2026-01-10 18:34:04.513097 | Epoch:729 | LR: 0.0000403 | Loss : 0.0077 | Val loss: 0.0079
2026-01-10 18:34:15.638955 | Epoch:730 | LR: 0.0000402 | Loss : 0.0077 | Val loss: 0.0080
2026-01-10 18:34:26.730247 | Epoch:731 | LR: 0.0000402 | Loss : 0.0076 | Val loss: 0.0080
2026-01-10 18:34:37.952054 | Epoch:732 | LR: 0.0000402 | Loss : 0.0076 | Val loss: 0.0079
2026-01-10 18:34:49.372904 | Epoch:733 | LR: 0.0000402 | Loss : 0.0077 | Val loss: 0.0079
2026-01-10 18:35:00.407559 | Epoch:734 | LR: 0.0000401 | Loss : 0.0077 | Val loss: 0.0081
2026-01-10 18:35:11.570371 | Epoch:735 | LR: 0.0000401 | Loss : 0.0076 | Val loss: 0.0079
2026-01-10 18:35:22.674228 | Epoch:736 | LR: 0.0000401 | Loss : 0.0076 | Val loss: 0.0079
2026-01-10 18:35:33.798228 | Epoch:737 | LR: 0.0000401 | Loss : 0.0077 | Val loss: 0.0080
2026-01-10 18:35:44.978456 | Epoch:738 | LR: 0.0000400 | Loss : 0.0076 | Val loss: 0.0080
2026-01-10 18:35:56.263521 | Epoch:739 | LR: 0.0000400 | Loss : 0.0075 | Val loss: 0.0079
2026-01-10 18:36:07.445758 | Epoch:740 | LR: 0.0000400 | Loss : 0.0075 | Val loss: 0.0079
2026-01-10 18:36:18.536532 | Epoch:741 | LR: 0.0000399 | Loss : 0.0077 | Val loss: 0.0079
2026-01-10 18:36:29.586112 | Epoch:742 | LR: 0.0000399 | Loss : 0.0076 | Val loss: 0.0080
2026-01-10 18:36:40.773194 | Epoch:743 | LR: 0.0000399 | Loss : 0.0076 | Val loss: 0.0079
2026-01-10 18:36:52.003240 | Epoch:744 | LR: 0.0000399 | Loss : 0.0077 | Val loss: 0.0080
2026-01-10 18:37:03.465434 | Epoch:745 | LR: 0.0000398 | Loss : 0.0076 | Val loss: 0.0078
2026-01-10 18:37:14.752230 | Epoch:746 | LR: 0.0000398 | Loss : 0.0076 | Val loss: 0.0080
2026-01-10 18:37:25.863817 | Epoch:747 | LR: 0.0000398 | Loss : 0.0076 | Val loss: 0.0081
2026-01-10 18:37:37.001027 | Epoch:748 | LR: 0.0000398 | Loss : 0.0077 | Val loss: 0.0079
2026-01-10 18:37:48.165350 | Epoch:749 | LR: 0.0000397 | Loss : 0.0076 | Val loss: 0.0080
2026-01-10 18:37:59.317682 | Epoch:750 | LR: 0.0000397 | Loss : 0.0076 | Val loss: 0.0078
2026-01-10 18:38:10.919061 | Epoch:751 | LR: 0.0000397 | Loss : 0.0077 | Val loss: 0.0080
2026-01-10 18:38:22.393348 | Epoch:752 | LR: 0.0000397 | Loss : 0.0076 | Val loss: 0.0080
2026-01-10 18:38:33.458991 | Epoch:753 | LR: 0.0000396 | Loss : 0.0076 | Val loss: 0.0082
2026-01-10 18:38:44.566016 | Epoch:754 | LR: 0.0000396 | Loss : 0.0075 | Val loss: 0.0079
2026-01-10 18:38:55.707299 | Epoch:755 | LR: 0.0000396 | Loss : 0.0077 | Val loss: 0.0081
2026-01-10 18:39:06.876702 | Epoch:756 | LR: 0.0000396 | Loss : 0.0076 | Val loss: 0.0081
2026-01-10 18:39:18.232142 | Epoch:757 | LR: 0.0000395 | Loss : 0.0076 | Val loss: 0.0080
2026-01-10 18:39:29.553442 | Epoch:758 | LR: 0.0000395 | Loss : 0.0076 | Val loss: 0.0079
2026-01-10 18:39:40.598437 | Epoch:759 | LR: 0.0000395 | Loss : 0.0075 | Val loss: 0.0080
2026-01-10 18:39:51.712204 | Epoch:760 | LR: 0.0000395 | Loss : 0.0076 | Val loss: 0.0081
2026-01-10 18:40:02.892282 | Epoch:761 | LR: 0.0000394 | Loss : 0.0076 | Val loss: 0.0080
2026-01-10 18:40:14.085610 | Epoch:762 | LR: 0.0000394 | Loss : 0.0075 | Val loss: 0.0082
2026-01-10 18:40:25.347099 | Epoch:763 | LR: 0.0000394 | Loss : 0.0076 | Val loss: 0.0080
2026-01-10 18:40:36.517170 | Epoch:764 | LR: 0.0000394 | Loss : 0.0076 | Val loss: 0.0079
2026-01-10 18:40:47.758707 | Epoch:765 | LR: 0.0000393 | Loss : 0.0076 | Val loss: 0.0080
2026-01-10 18:40:58.835278 | Epoch:766 | LR: 0.0000393 | Loss : 0.0075 | Val loss: 0.0080
2026-01-10 18:41:10.014844 | Epoch:767 | LR: 0.0000393 | Loss : 0.0076 | Val loss: 0.0080
2026-01-10 18:41:21.161403 | Epoch:768 | LR: 0.0000393 | Loss : 0.0076 | Val loss: 0.0077
2026-01-10 18:41:32.632965 | Epoch:769 | LR: 0.0000392 | Loss : 0.0076 | Val loss: 0.0079
2026-01-10 18:41:43.782005 | Epoch:770 | LR: 0.0000392 | Loss : 0.0076 | Val loss: 0.0080
2026-01-10 18:41:55.065463 | Epoch:771 | LR: 0.0000392 | Loss : 0.0076 | Val loss: 0.0082
2026-01-10 18:42:06.133744 | Epoch:772 | LR: 0.0000392 | Loss : 0.0077 | Val loss: 0.0080
2026-01-10 18:42:17.288161 | Epoch:773 | LR: 0.0000391 | Loss : 0.0076 | Val loss: 0.0082
2026-01-10 18:42:28.430781 | Epoch:774 | LR: 0.0000391 | Loss : 0.0075 | Val loss: 0.0080
2026-01-10 18:42:39.845594 | Epoch:775 | LR: 0.0000391 | Loss : 0.0076 | Val loss: 0.0079
2026-01-10 18:42:50.996752 | Epoch:776 | LR: 0.0000391 | Loss : 0.0076 | Val loss: 0.0078
2026-01-10 18:43:02.393551 | Epoch:777 | LR: 0.0000390 | Loss : 0.0075 | Val loss: 0.0082
2026-01-10 18:43:13.435099 | Epoch:778 | LR: 0.0000390 | Loss : 0.0077 | Val loss: 0.0079
2026-01-10 18:43:24.770602 | Epoch:779 | LR: 0.0000390 | Loss : 0.0076 | Val loss: 0.0081
2026-01-10 18:43:36.048083 | Epoch:780 | LR: 0.0000389 | Loss : 0.0076 | Val loss: 0.0079
2026-01-10 18:43:47.442389 | Epoch:781 | LR: 0.0000389 | Loss : 0.0076 | Val loss: 0.0078
2026-01-10 18:43:58.628348 | Epoch:782 | LR: 0.0000389 | Loss : 0.0076 | Val loss: 0.0080
2026-01-10 18:44:10.065735 | Epoch:783 | LR: 0.0000389 | Loss : 0.0075 | Val loss: 0.0080
2026-01-10 18:44:21.145199 | Epoch:784 | LR: 0.0000388 | Loss : 0.0076 | Val loss: 0.0081
2026-01-10 18:44:32.371494 | Epoch:785 | LR: 0.0000388 | Loss : 0.0076 | Val loss: 0.0080
2026-01-10 18:44:43.478999 | Epoch:786 | LR: 0.0000388 | Loss : 0.0076 | Val loss: 0.0079
2026-01-10 18:44:54.766714 | Epoch:787 | LR: 0.0000388 | Loss : 0.0075 | Val loss: 0.0079
2026-01-10 18:45:06.034877 | Epoch:788 | LR: 0.0000387 | Loss : 0.0075 | Val loss: 0.0080
2026-01-10 18:45:17.393875 | Epoch:789 | LR: 0.0000387 | Loss : 0.0076 | Val loss: 0.0080
2026-01-10 18:45:28.548642 | Epoch:790 | LR: 0.0000387 | Loss : 0.0076 | Val loss: 0.0080
2026-01-10 18:45:39.743307 | Epoch:791 | LR: 0.0000387 | Loss : 0.0075 | Val loss: 0.0081
2026-01-10 18:45:50.855014 | Epoch:792 | LR: 0.0000386 | Loss : 0.0075 | Val loss: 0.0080
2026-01-10 18:46:02.143435 | Epoch:793 | LR: 0.0000386 | Loss : 0.0076 | Val loss: 0.0082
2026-01-10 18:46:13.409947 | Epoch:794 | LR: 0.0000386 | Loss : 0.0075 | Val loss: 0.0080
2026-01-10 18:46:24.673091 | Epoch:795 | LR: 0.0000386 | Loss : 0.0075 | Val loss: 0.0080
2026-01-10 18:46:36.011875 | Epoch:796 | LR: 0.0000385 | Loss : 0.0074 | Val loss: 0.0082
2026-01-10 18:46:47.418296 | Epoch:797 | LR: 0.0000385 | Loss : 0.0077 | Val loss: 0.0080
2026-01-10 18:46:58.512071 | Epoch:798 | LR: 0.0000385 | Loss : 0.0076 | Val loss: 0.0080
2026-01-10 18:47:09.911747 | Epoch:799 | LR: 0.0000385 | Loss : 0.0075 | Val loss: 0.0080
2026-01-10 18:47:21.230552 | Epoch:800 | LR: 0.0000384 | Loss : 0.0076 | Val loss: 0.0083
2026-01-10 18:47:32.492050 | Epoch:801 | LR: 0.0000384 | Loss : 0.0075 | Val loss: 0.0079
2026-01-10 18:47:43.908269 | Epoch:802 | LR: 0.0000384 | Loss : 0.0075 | Val loss: 0.0082
2026-01-10 18:47:55.041186 | Epoch:803 | LR: 0.0000383 | Loss : 0.0075 | Val loss: 0.0079
2026-01-10 18:48:06.150244 | Epoch:804 | LR: 0.0000383 | Loss : 0.0076 | Val loss: 0.0079
2026-01-10 18:48:17.444312 | Epoch:805 | LR: 0.0000383 | Loss : 0.0075 | Val loss: 0.0079
2026-01-10 18:48:28.785288 | Epoch:806 | LR: 0.0000383 | Loss : 0.0076 | Val loss: 0.0080
2026-01-10 18:48:40.026531 | Epoch:807 | LR: 0.0000382 | Loss : 0.0075 | Val loss: 0.0082
2026-01-10 18:48:51.528129 | Epoch:808 | LR: 0.0000382 | Loss : 0.0076 | Val loss: 0.0080
2026-01-10 18:49:02.739070 | Epoch:809 | LR: 0.0000382 | Loss : 0.0074 | Val loss: 0.0081
2026-01-10 18:49:14.088542 | Epoch:810 | LR: 0.0000382 | Loss : 0.0075 | Val loss: 0.0078
2026-01-10 18:49:25.360608 | Epoch:811 | LR: 0.0000381 | Loss : 0.0076 | Val loss: 0.0079
2026-01-10 18:49:36.652896 | Epoch:812 | LR: 0.0000381 | Loss : 0.0076 | Val loss: 0.0078
2026-01-10 18:49:48.169248 | Epoch:813 | LR: 0.0000381 | Loss : 0.0075 | Val loss: 0.0081
2026-01-10 18:49:59.569342 | Epoch:814 | LR: 0.0000381 | Loss : 0.0075 | Val loss: 0.0079
2026-01-10 18:50:10.686087 | Epoch:815 | LR: 0.0000380 | Loss : 0.0075 | Val loss: 0.0079
2026-01-10 18:50:21.791561 | Epoch:816 | LR: 0.0000380 | Loss : 0.0075 | Val loss: 0.0081
2026-01-10 18:50:33.010990 | Epoch:817 | LR: 0.0000380 | Loss : 0.0075 | Val loss: 0.0080
2026-01-10 18:50:44.369634 | Epoch:818 | LR: 0.0000379 | Loss : 0.0075 | Val loss: 0.0081
2026-01-10 18:50:55.561464 | Epoch:819 | LR: 0.0000379 | Loss : 0.0075 | Val loss: 0.0080
2026-01-10 18:51:06.818377 | Epoch:820 | LR: 0.0000379 | Loss : 0.0075 | Val loss: 0.0080
2026-01-10 18:51:18.032860 | Epoch:821 | LR: 0.0000379 | Loss : 0.0075 | Val loss: 0.0080
2026-01-10 18:51:29.098688 | Epoch:822 | LR: 0.0000378 | Loss : 0.0076 | Val loss: 0.0080
2026-01-10 18:51:40.354804 | Epoch:823 | LR: 0.0000378 | Loss : 0.0076 | Val loss: 0.0082
2026-01-10 18:51:51.648888 | Epoch:824 | LR: 0.0000378 | Loss : 0.0075 | Val loss: 0.0082
2026-01-10 18:52:02.855350 | Epoch:825 | LR: 0.0000378 | Loss : 0.0074 | Val loss: 0.0079
2026-01-10 18:52:14.079110 | Epoch:826 | LR: 0.0000377 | Loss : 0.0076 | Val loss: 0.0080
2026-01-10 18:52:25.476168 | Epoch:827 | LR: 0.0000377 | Loss : 0.0077 | Val loss: 0.0081
2026-01-10 18:52:36.568747 | Epoch:828 | LR: 0.0000377 | Loss : 0.0076 | Val loss: 0.0080
2026-01-10 18:52:47.788839 | Epoch:829 | LR: 0.0000376 | Loss : 0.0075 | Val loss: 0.0082
2026-01-10 18:52:59.108556 | Epoch:830 | LR: 0.0000376 | Loss : 0.0074 | Val loss: 0.0080
2026-01-10 18:53:10.381099 | Epoch:831 | LR: 0.0000376 | Loss : 0.0075 | Val loss: 0.0080
2026-01-10 18:53:21.511507 | Epoch:832 | LR: 0.0000376 | Loss : 0.0076 | Val loss: 0.0083
2026-01-10 18:53:32.947961 | Epoch:833 | LR: 0.0000375 | Loss : 0.0075 | Val loss: 0.0079
2026-01-10 18:53:43.975797 | Epoch:834 | LR: 0.0000375 | Loss : 0.0075 | Val loss: 0.0082
2026-01-10 18:53:55.364836 | Epoch:835 | LR: 0.0000375 | Loss : 0.0074 | Val loss: 0.0080
2026-01-10 18:54:06.738377 | Epoch:836 | LR: 0.0000375 | Loss : 0.0075 | Val loss: 0.0081
2026-01-10 18:54:18.234333 | Epoch:837 | LR: 0.0000374 | Loss : 0.0075 | Val loss: 0.0080
2026-01-10 18:54:29.530940 | Epoch:838 | LR: 0.0000374 | Loss : 0.0075 | Val loss: 0.0081
2026-01-10 18:54:41.042163 | Epoch:839 | LR: 0.0000374 | Loss : 0.0074 | Val loss: 0.0081
2026-01-10 18:54:52.142010 | Epoch:840 | LR: 0.0000373 | Loss : 0.0075 | Val loss: 0.0083
2026-01-10 18:55:03.371592 | Epoch:841 | LR: 0.0000373 | Loss : 0.0074 | Val loss: 0.0083
2026-01-10 18:55:14.648296 | Epoch:842 | LR: 0.0000373 | Loss : 0.0075 | Val loss: 0.0081
2026-01-10 18:55:25.859095 | Epoch:843 | LR: 0.0000373 | Loss : 0.0075 | Val loss: 0.0081
2026-01-10 18:55:37.117990 | Epoch:844 | LR: 0.0000372 | Loss : 0.0076 | Val loss: 0.0081
2026-01-10 18:55:48.683693 | Epoch:845 | LR: 0.0000372 | Loss : 0.0074 | Val loss: 0.0080
2026-01-10 18:55:59.784592 | Epoch:846 | LR: 0.0000372 | Loss : 0.0074 | Val loss: 0.0080
2026-01-10 18:56:10.969910 | Epoch:847 | LR: 0.0000372 | Loss : 0.0074 | Val loss: 0.0080
2026-01-10 18:56:22.331912 | Epoch:848 | LR: 0.0000371 | Loss : 0.0075 | Val loss: 0.0079
2026-01-10 18:56:33.524920 | Epoch:849 | LR: 0.0000371 | Loss : 0.0075 | Val loss: 0.0080
2026-01-10 18:56:44.806033 | Epoch:850 | LR: 0.0000371 | Loss : 0.0075 | Val loss: 0.0080
2026-01-10 18:56:56.262088 | Epoch:851 | LR: 0.0000370 | Loss : 0.0076 | Val loss: 0.0082
2026-01-10 18:57:07.376022 | Epoch:852 | LR: 0.0000370 | Loss : 0.0075 | Val loss: 0.0081
2026-01-10 18:57:18.504293 | Epoch:853 | LR: 0.0000370 | Loss : 0.0074 | Val loss: 0.0081
2026-01-10 18:57:29.882351 | Epoch:854 | LR: 0.0000370 | Loss : 0.0076 | Val loss: 0.0082
2026-01-10 18:57:41.170403 | Epoch:855 | LR: 0.0000369 | Loss : 0.0076 | Val loss: 0.0083
2026-01-10 18:57:52.533905 | Epoch:856 | LR: 0.0000369 | Loss : 0.0074 | Val loss: 0.0078
2026-01-10 18:58:03.974198 | Epoch:857 | LR: 0.0000369 | Loss : 0.0074 | Val loss: 0.0081
2026-01-10 18:58:15.219193 | Epoch:858 | LR: 0.0000369 | Loss : 0.0074 | Val loss: 0.0080
2026-01-10 18:58:26.374638 | Epoch:859 | LR: 0.0000368 | Loss : 0.0075 | Val loss: 0.0080
2026-01-10 18:58:37.710306 | Epoch:860 | LR: 0.0000368 | Loss : 0.0075 | Val loss: 0.0079
2026-01-10 18:58:48.954393 | Epoch:861 | LR: 0.0000368 | Loss : 0.0074 | Val loss: 0.0079
2026-01-10 18:59:00.337950 | Epoch:862 | LR: 0.0000367 | Loss : 0.0074 | Val loss: 0.0081
2026-01-10 18:59:11.847836 | Epoch:863 | LR: 0.0000367 | Loss : 0.0075 | Val loss: 0.0081
2026-01-10 18:59:23.213132 | Epoch:864 | LR: 0.0000367 | Loss : 0.0074 | Val loss: 0.0082
2026-01-10 18:59:34.469798 | Epoch:865 | LR: 0.0000367 | Loss : 0.0075 | Val loss: 0.0080
2026-01-10 18:59:45.947182 | Epoch:866 | LR: 0.0000366 | Loss : 0.0076 | Val loss: 0.0081
2026-01-10 18:59:57.246329 | Epoch:867 | LR: 0.0000366 | Loss : 0.0074 | Val loss: 0.0079
2026-01-10 19:00:08.564687 | Epoch:868 | LR: 0.0000366 | Loss : 0.0075 | Val loss: 0.0082
2026-01-10 19:00:19.759114 | Epoch:869 | LR: 0.0000365 | Loss : 0.0074 | Val loss: 0.0081
2026-01-10 19:00:31.136704 | Epoch:870 | LR: 0.0000365 | Loss : 0.0074 | Val loss: 0.0083
2026-01-10 19:00:42.379219 | Epoch:871 | LR: 0.0000365 | Loss : 0.0074 | Val loss: 0.0079
2026-01-10 19:00:53.743809 | Epoch:872 | LR: 0.0000365 | Loss : 0.0076 | Val loss: 0.0080
2026-01-10 19:01:05.043180 | Epoch:873 | LR: 0.0000364 | Loss : 0.0073 | Val loss: 0.0083
2026-01-10 19:01:16.347544 | Epoch:874 | LR: 0.0000364 | Loss : 0.0074 | Val loss: 0.0082
2026-01-10 19:01:27.648465 | Epoch:875 | LR: 0.0000364 | Loss : 0.0074 | Val loss: 0.0082
2026-01-10 19:01:39.064124 | Epoch:876 | LR: 0.0000364 | Loss : 0.0074 | Val loss: 0.0082
2026-01-10 19:01:50.191676 | Epoch:877 | LR: 0.0000363 | Loss : 0.0075 | Val loss: 0.0080
2026-01-10 19:02:01.576328 | Epoch:878 | LR: 0.0000363 | Loss : 0.0074 | Val loss: 0.0080
2026-01-10 19:02:12.780220 | Epoch:879 | LR: 0.0000363 | Loss : 0.0074 | Val loss: 0.0079
2026-01-10 19:02:24.066686 | Epoch:880 | LR: 0.0000362 | Loss : 0.0074 | Val loss: 0.0081
2026-01-10 19:02:35.407869 | Epoch:881 | LR: 0.0000362 | Loss : 0.0074 | Val loss: 0.0079
2026-01-10 19:02:46.780853 | Epoch:882 | LR: 0.0000362 | Loss : 0.0074 | Val loss: 0.0079
2026-01-10 19:02:57.966614 | Epoch:883 | LR: 0.0000362 | Loss : 0.0075 | Val loss: 0.0078
2026-01-10 19:03:09.305554 | Epoch:884 | LR: 0.0000361 | Loss : 0.0075 | Val loss: 0.0081
2026-01-10 19:03:20.486386 | Epoch:885 | LR: 0.0000361 | Loss : 0.0074 | Val loss: 0.0079
2026-01-10 19:03:31.781214 | Epoch:886 | LR: 0.0000361 | Loss : 0.0075 | Val loss: 0.0080
2026-01-10 19:03:43.168351 | Epoch:887 | LR: 0.0000360 | Loss : 0.0074 | Val loss: 0.0082
2026-01-10 19:03:54.565248 | Epoch:888 | LR: 0.0000360 | Loss : 0.0074 | Val loss: 0.0081
2026-01-10 19:04:05.840895 | Epoch:889 | LR: 0.0000360 | Loss : 0.0076 | Val loss: 0.0082
2026-01-10 19:04:17.117904 | Epoch:890 | LR: 0.0000360 | Loss : 0.0074 | Val loss: 0.0081
2026-01-10 19:04:28.510553 | Epoch:891 | LR: 0.0000359 | Loss : 0.0074 | Val loss: 0.0081
2026-01-10 19:04:40.013741 | Epoch:892 | LR: 0.0000359 | Loss : 0.0074 | Val loss: 0.0082
2026-01-10 19:04:51.430042 | Epoch:893 | LR: 0.0000359 | Loss : 0.0074 | Val loss: 0.0082
2026-01-10 19:05:02.749993 | Epoch:894 | LR: 0.0000358 | Loss : 0.0074 | Val loss: 0.0081
2026-01-10 19:05:14.038117 | Epoch:895 | LR: 0.0000358 | Loss : 0.0075 | Val loss: 0.0081
2026-01-10 19:05:25.281387 | Epoch:896 | LR: 0.0000358 | Loss : 0.0074 | Val loss: 0.0082
2026-01-10 19:05:36.514321 | Epoch:897 | LR: 0.0000358 | Loss : 0.0075 | Val loss: 0.0084
2026-01-10 19:05:47.809235 | Epoch:898 | LR: 0.0000357 | Loss : 0.0074 | Val loss: 0.0080
2026-01-10 19:05:59.271539 | Epoch:899 | LR: 0.0000357 | Loss : 0.0074 | Val loss: 0.0081
2026-01-10 19:06:10.539449 | Epoch:900 | LR: 0.0000357 | Loss : 0.0075 | Val loss: 0.0082
2026-01-10 19:06:21.854941 | Epoch:901 | LR: 0.0000356 | Loss : 0.0074 | Val loss: 0.0081
2026-01-10 19:06:33.026905 | Epoch:902 | LR: 0.0000356 | Loss : 0.0074 | Val loss: 0.0081
2026-01-10 19:06:44.319130 | Epoch:903 | LR: 0.0000356 | Loss : 0.0074 | Val loss: 0.0080
2026-01-10 19:06:55.579751 | Epoch:904 | LR: 0.0000356 | Loss : 0.0074 | Val loss: 0.0083
2026-01-10 19:07:07.038604 | Epoch:905 | LR: 0.0000355 | Loss : 0.0073 | Val loss: 0.0081
2026-01-10 19:07:18.451113 | Epoch:906 | LR: 0.0000355 | Loss : 0.0073 | Val loss: 0.0083
2026-01-10 19:07:29.783664 | Epoch:907 | LR: 0.0000355 | Loss : 0.0075 | Val loss: 0.0083
2026-01-10 19:07:40.964727 | Epoch:908 | LR: 0.0000354 | Loss : 0.0074 | Val loss: 0.0081
2026-01-10 19:07:52.480743 | Epoch:909 | LR: 0.0000354 | Loss : 0.0074 | Val loss: 0.0082
2026-01-10 19:08:03.759856 | Epoch:910 | LR: 0.0000354 | Loss : 0.0074 | Val loss: 0.0081
2026-01-10 19:08:15.156987 | Epoch:911 | LR: 0.0000354 | Loss : 0.0074 | Val loss: 0.0080
2026-01-10 19:08:26.462759 | Epoch:912 | LR: 0.0000353 | Loss : 0.0074 | Val loss: 0.0079
2026-01-10 19:08:37.794251 | Epoch:913 | LR: 0.0000353 | Loss : 0.0073 | Val loss: 0.0082
2026-01-10 19:08:49.005072 | Epoch:914 | LR: 0.0000353 | Loss : 0.0075 | Val loss: 0.0079
2026-01-10 19:09:00.267525 | Epoch:915 | LR: 0.0000352 | Loss : 0.0074 | Val loss: 0.0081
2026-01-10 19:09:11.550645 | Epoch:916 | LR: 0.0000352 | Loss : 0.0074 | Val loss: 0.0084
2026-01-10 19:09:23.045361 | Epoch:917 | LR: 0.0000352 | Loss : 0.0074 | Val loss: 0.0080
2026-01-10 19:09:34.237179 | Epoch:918 | LR: 0.0000352 | Loss : 0.0074 | Val loss: 0.0081
2026-01-10 19:09:45.757660 | Epoch:919 | LR: 0.0000351 | Loss : 0.0073 | Val loss: 0.0081
2026-01-10 19:09:57.273649 | Epoch:920 | LR: 0.0000351 | Loss : 0.0074 | Val loss: 0.0082
2026-01-10 19:10:08.894921 | Epoch:921 | LR: 0.0000351 | Loss : 0.0073 | Val loss: 0.0081
2026-01-10 19:10:20.181977 | Epoch:922 | LR: 0.0000350 | Loss : 0.0074 | Val loss: 0.0083
2026-01-10 19:10:31.533355 | Epoch:923 | LR: 0.0000350 | Loss : 0.0074 | Val loss: 0.0081
2026-01-10 19:10:42.823539 | Epoch:924 | LR: 0.0000350 | Loss : 0.0074 | Val loss: 0.0082
2026-01-10 19:10:54.142048 | Epoch:925 | LR: 0.0000350 | Loss : 0.0073 | Val loss: 0.0082
2026-01-10 19:11:05.713821 | Epoch:926 | LR: 0.0000349 | Loss : 0.0075 | Val loss: 0.0081
2026-01-10 19:11:16.923614 | Epoch:927 | LR: 0.0000349 | Loss : 0.0073 | Val loss: 0.0080
2026-01-10 19:11:28.218084 | Epoch:928 | LR: 0.0000349 | Loss : 0.0074 | Val loss: 0.0082
2026-01-10 19:11:39.565825 | Epoch:929 | LR: 0.0000348 | Loss : 0.0074 | Val loss: 0.0083
2026-01-10 19:11:50.804354 | Epoch:930 | LR: 0.0000348 | Loss : 0.0074 | Val loss: 0.0079
2026-01-10 19:12:02.125704 | Epoch:931 | LR: 0.0000348 | Loss : 0.0074 | Val loss: 0.0081
2026-01-10 19:12:13.573458 | Epoch:932 | LR: 0.0000348 | Loss : 0.0074 | Val loss: 0.0082
2026-01-10 19:12:24.821766 | Epoch:933 | LR: 0.0000347 | Loss : 0.0074 | Val loss: 0.0080
2026-01-10 19:12:36.101882 | Epoch:934 | LR: 0.0000347 | Loss : 0.0074 | Val loss: 0.0084
2026-01-10 19:12:47.442571 | Epoch:935 | LR: 0.0000347 | Loss : 0.0075 | Val loss: 0.0082
2026-01-10 19:12:58.716754 | Epoch:936 | LR: 0.0000346 | Loss : 0.0074 | Val loss: 0.0083
2026-01-10 19:13:09.936666 | Epoch:937 | LR: 0.0000346 | Loss : 0.0073 | Val loss: 0.0082
2026-01-10 19:13:21.418630 | Epoch:938 | LR: 0.0000346 | Loss : 0.0074 | Val loss: 0.0081
2026-01-10 19:13:32.653138 | Epoch:939 | LR: 0.0000346 | Loss : 0.0073 | Val loss: 0.0083
2026-01-10 19:13:43.904965 | Epoch:940 | LR: 0.0000345 | Loss : 0.0073 | Val loss: 0.0082
2026-01-10 19:13:55.311014 | Epoch:941 | LR: 0.0000345 | Loss : 0.0074 | Val loss: 0.0083
2026-01-10 19:14:06.686148 | Epoch:942 | LR: 0.0000345 | Loss : 0.0073 | Val loss: 0.0082
2026-01-10 19:14:18.008163 | Epoch:943 | LR: 0.0000344 | Loss : 0.0074 | Val loss: 0.0083
2026-01-10 19:14:29.489862 | Epoch:944 | LR: 0.0000344 | Loss : 0.0073 | Val loss: 0.0084
2026-01-10 19:14:40.707284 | Epoch:945 | LR: 0.0000344 | Loss : 0.0075 | Val loss: 0.0080
2026-01-10 19:14:51.934840 | Epoch:946 | LR: 0.0000343 | Loss : 0.0073 | Val loss: 0.0081
2026-01-10 19:15:03.548400 | Epoch:947 | LR: 0.0000343 | Loss : 0.0074 | Val loss: 0.0081
2026-01-10 19:15:15.000811 | Epoch:948 | LR: 0.0000343 | Loss : 0.0074 | Val loss: 0.0083
2026-01-10 19:15:26.338740 | Epoch:949 | LR: 0.0000343 | Loss : 0.0073 | Val loss: 0.0080
2026-01-10 19:15:37.744494 | Epoch:950 | LR: 0.0000342 | Loss : 0.0074 | Val loss: 0.0081
2026-01-10 19:15:49.068427 | Epoch:951 | LR: 0.0000342 | Loss : 0.0073 | Val loss: 0.0081
2026-01-10 19:16:00.291925 | Epoch:952 | LR: 0.0000342 | Loss : 0.0074 | Val loss: 0.0081
2026-01-10 19:16:11.650961 | Epoch:953 | LR: 0.0000341 | Loss : 0.0074 | Val loss: 0.0080
2026-01-10 19:16:22.965278 | Epoch:954 | LR: 0.0000341 | Loss : 0.0074 | Val loss: 0.0082
2026-01-10 19:16:34.402917 | Epoch:955 | LR: 0.0000341 | Loss : 0.0074 | Val loss: 0.0082
2026-01-10 19:16:45.779532 | Epoch:956 | LR: 0.0000341 | Loss : 0.0073 | Val loss: 0.0081
2026-01-10 19:16:57.180071 | Epoch:957 | LR: 0.0000340 | Loss : 0.0073 | Val loss: 0.0082
2026-01-10 19:17:08.421306 | Epoch:958 | LR: 0.0000340 | Loss : 0.0074 | Val loss: 0.0083
2026-01-10 19:17:19.803330 | Epoch:959 | LR: 0.0000340 | Loss : 0.0073 | Val loss: 0.0082
2026-01-10 19:17:31.091796 | Epoch:960 | LR: 0.0000339 | Loss : 0.0073 | Val loss: 0.0083
2026-01-10 19:17:42.466949 | Epoch:961 | LR: 0.0000339 | Loss : 0.0073 | Val loss: 0.0081
2026-01-10 19:17:53.926296 | Epoch:962 | LR: 0.0000339 | Loss : 0.0073 | Val loss: 0.0082
2026-01-10 19:18:05.293564 | Epoch:963 | LR: 0.0000339 | Loss : 0.0073 | Val loss: 0.0083
2026-01-10 19:18:16.536846 | Epoch:964 | LR: 0.0000338 | Loss : 0.0073 | Val loss: 0.0082
2026-01-10 19:18:27.931248 | Epoch:965 | LR: 0.0000338 | Loss : 0.0074 | Val loss: 0.0081
2026-01-10 19:18:39.349777 | Epoch:966 | LR: 0.0000338 | Loss : 0.0074 | Val loss: 0.0079
2026-01-10 19:18:50.708629 | Epoch:967 | LR: 0.0000337 | Loss : 0.0074 | Val loss: 0.0083
2026-01-10 19:19:02.115233 | Epoch:968 | LR: 0.0000337 | Loss : 0.0073 | Val loss: 0.0083
2026-01-10 19:19:13.519225 | Epoch:969 | LR: 0.0000337 | Loss : 0.0074 | Val loss: 0.0081
2026-01-10 19:19:24.800189 | Epoch:970 | LR: 0.0000336 | Loss : 0.0073 | Val loss: 0.0082
2026-01-10 19:19:36.193594 | Epoch:971 | LR: 0.0000336 | Loss : 0.0073 | Val loss: 0.0084
2026-01-10 19:19:47.590221 | Epoch:972 | LR: 0.0000336 | Loss : 0.0074 | Val loss: 0.0083
2026-01-10 19:19:58.964131 | Epoch:973 | LR: 0.0000336 | Loss : 0.0073 | Val loss: 0.0084
2026-01-10 19:20:10.199514 | Epoch:974 | LR: 0.0000335 | Loss : 0.0073 | Val loss: 0.0082
2026-01-10 19:20:21.833048 | Epoch:975 | LR: 0.0000335 | Loss : 0.0074 | Val loss: 0.0081
2026-01-10 19:20:33.314803 | Epoch:976 | LR: 0.0000335 | Loss : 0.0073 | Val loss: 0.0083
2026-01-10 19:20:44.675441 | Epoch:977 | LR: 0.0000334 | Loss : 0.0073 | Val loss: 0.0083
2026-01-10 19:20:56.188029 | Epoch:978 | LR: 0.0000334 | Loss : 0.0073 | Val loss: 0.0086
2026-01-10 19:21:07.422970 | Epoch:979 | LR: 0.0000334 | Loss : 0.0073 | Val loss: 0.0084
2026-01-10 19:21:18.863780 | Epoch:980 | LR: 0.0000333 | Loss : 0.0073 | Val loss: 0.0083
2026-01-10 19:21:30.272132 | Epoch:981 | LR: 0.0000333 | Loss : 0.0074 | Val loss: 0.0080
2026-01-10 19:21:41.541898 | Epoch:982 | LR: 0.0000333 | Loss : 0.0073 | Val loss: 0.0082
2026-01-10 19:21:52.832057 | Epoch:983 | LR: 0.0000333 | Loss : 0.0072 | Val loss: 0.0082
2026-01-10 19:22:04.324644 | Epoch:984 | LR: 0.0000332 | Loss : 0.0073 | Val loss: 0.0081
2026-01-10 19:22:15.570843 | Epoch:985 | LR: 0.0000332 | Loss : 0.0072 | Val loss: 0.0083
2026-01-10 19:22:26.994923 | Epoch:986 | LR: 0.0000332 | Loss : 0.0073 | Val loss: 0.0081
2026-01-10 19:22:38.322653 | Epoch:987 | LR: 0.0000331 | Loss : 0.0073 | Val loss: 0.0082
2026-01-10 19:22:49.736240 | Epoch:988 | LR: 0.0000331 | Loss : 0.0073 | Val loss: 0.0082
2026-01-10 19:23:01.064105 | Epoch:989 | LR: 0.0000331 | Loss : 0.0074 | Val loss: 0.0083
2026-01-10 19:23:12.497807 | Epoch:990 | LR: 0.0000331 | Loss : 0.0073 | Val loss: 0.0084
2026-01-10 19:23:23.716255 | Epoch:991 | LR: 0.0000330 | Loss : 0.0072 | Val loss: 0.0082
2026-01-10 19:23:35.116082 | Epoch:992 | LR: 0.0000330 | Loss : 0.0073 | Val loss: 0.0085
2026-01-10 19:23:46.435840 | Epoch:993 | LR: 0.0000330 | Loss : 0.0073 | Val loss: 0.0084
2026-01-10 19:23:57.871571 | Epoch:994 | LR: 0.0000329 | Loss : 0.0073 | Val loss: 0.0083
2026-01-10 19:24:09.144240 | Epoch:995 | LR: 0.0000329 | Loss : 0.0072 | Val loss: 0.0084
2026-01-10 19:24:20.679290 | Epoch:996 | LR: 0.0000329 | Loss : 0.0072 | Val loss: 0.0081
2026-01-10 19:24:31.909610 | Epoch:997 | LR: 0.0000328 | Loss : 0.0073 | Val loss: 0.0082
2026-01-10 19:24:43.316050 | Epoch:998 | LR: 0.0000328 | Loss : 0.0073 | Val loss: 0.0085
2026-01-10 19:24:54.730066 | Epoch:999 | LR: 0.0000328 | Loss : 0.0074 | Val loss: 0.0084
2026-01-10 19:25:06.141907 | Epoch:1000 | LR: 0.0000328 | Loss : 0.0073 | Val loss: 0.0081
2026-01-10 19:25:17.394378 | Epoch:1001 | LR: 0.0000327 | Loss : 0.0073 | Val loss: 0.0083
2026-01-10 19:25:28.831283 | Epoch:1002 | LR: 0.0000327 | Loss : 0.0073 | Val loss: 0.0081
2026-01-10 19:25:40.399285 | Epoch:1003 | LR: 0.0000327 | Loss : 0.0073 | Val loss: 0.0082
2026-01-10 19:25:51.984695 | Epoch:1004 | LR: 0.0000326 | Loss : 0.0073 | Val loss: 0.0083
2026-01-10 19:26:03.288297 | Epoch:1005 | LR: 0.0000326 | Loss : 0.0073 | Val loss: 0.0082
2026-01-10 19:26:14.817146 | Epoch:1006 | LR: 0.0000326 | Loss : 0.0073 | Val loss: 0.0081
2026-01-10 19:26:26.098934 | Epoch:1007 | LR: 0.0000325 | Loss : 0.0073 | Val loss: 0.0083
2026-01-10 19:26:37.653433 | Epoch:1008 | LR: 0.0000325 | Loss : 0.0072 | Val loss: 0.0083
2026-01-10 19:26:48.953418 | Epoch:1009 | LR: 0.0000325 | Loss : 0.0073 | Val loss: 0.0083
2026-01-10 19:27:00.419989 | Epoch:1010 | LR: 0.0000325 | Loss : 0.0073 | Val loss: 0.0083
2026-01-10 19:27:11.634062 | Epoch:1011 | LR: 0.0000324 | Loss : 0.0074 | Val loss: 0.0081
2026-01-10 19:27:23.157812 | Epoch:1012 | LR: 0.0000324 | Loss : 0.0074 | Val loss: 0.0086
2026-01-10 19:27:34.455332 | Epoch:1013 | LR: 0.0000324 | Loss : 0.0073 | Val loss: 0.0082
2026-01-10 19:27:45.910391 | Epoch:1014 | LR: 0.0000323 | Loss : 0.0072 | Val loss: 0.0084
2026-01-10 19:27:57.205515 | Epoch:1015 | LR: 0.0000323 | Loss : 0.0072 | Val loss: 0.0082
2026-01-10 19:28:08.648384 | Epoch:1016 | LR: 0.0000323 | Loss : 0.0073 | Val loss: 0.0082
2026-01-10 19:28:19.974214 | Epoch:1017 | LR: 0.0000322 | Loss : 0.0073 | Val loss: 0.0083
2026-01-10 19:28:31.422886 | Epoch:1018 | LR: 0.0000322 | Loss : 0.0073 | Val loss: 0.0082
2026-01-10 19:28:42.712873 | Epoch:1019 | LR: 0.0000322 | Loss : 0.0073 | Val loss: 0.0082
2026-01-10 19:28:54.169842 | Epoch:1020 | LR: 0.0000322 | Loss : 0.0074 | Val loss: 0.0082
2026-01-10 19:29:05.450564 | Epoch:1021 | LR: 0.0000321 | Loss : 0.0073 | Val loss: 0.0082
2026-01-10 19:29:17.094447 | Epoch:1022 | LR: 0.0000321 | Loss : 0.0074 | Val loss: 0.0085
2026-01-10 19:29:28.414074 | Epoch:1023 | LR: 0.0000321 | Loss : 0.0072 | Val loss: 0.0084
2026-01-10 19:29:39.901953 | Epoch:1024 | LR: 0.0000320 | Loss : 0.0073 | Val loss: 0.0082
2026-01-10 19:29:51.219236 | Epoch:1025 | LR: 0.0000320 | Loss : 0.0073 | Val loss: 0.0082
2026-01-10 19:30:02.681074 | Epoch:1026 | LR: 0.0000320 | Loss : 0.0072 | Val loss: 0.0083
2026-01-10 19:30:14.144266 | Epoch:1027 | LR: 0.0000319 | Loss : 0.0072 | Val loss: 0.0086
2026-01-10 19:30:25.515179 | Epoch:1028 | LR: 0.0000319 | Loss : 0.0073 | Val loss: 0.0083
2026-01-10 19:30:36.788431 | Epoch:1029 | LR: 0.0000319 | Loss : 0.0073 | Val loss: 0.0084
2026-01-10 19:30:48.258676 | Epoch:1030 | LR: 0.0000319 | Loss : 0.0072 | Val loss: 0.0084
2026-01-10 19:30:59.702134 | Epoch:1031 | LR: 0.0000318 | Loss : 0.0073 | Val loss: 0.0082
2026-01-10 19:31:11.201996 | Epoch:1032 | LR: 0.0000318 | Loss : 0.0072 | Val loss: 0.0082
2026-01-10 19:31:22.760238 | Epoch:1033 | LR: 0.0000318 | Loss : 0.0073 | Val loss: 0.0085
2026-01-10 19:31:34.188561 | Epoch:1034 | LR: 0.0000317 | Loss : 0.0073 | Val loss: 0.0083
2026-01-10 19:31:45.610040 | Epoch:1035 | LR: 0.0000317 | Loss : 0.0073 | Val loss: 0.0081
2026-01-10 19:31:56.986319 | Epoch:1036 | LR: 0.0000317 | Loss : 0.0072 | Val loss: 0.0084
2026-01-10 19:32:08.357083 | Epoch:1037 | LR: 0.0000316 | Loss : 0.0073 | Val loss: 0.0083
2026-01-10 19:32:19.889318 | Epoch:1038 | LR: 0.0000316 | Loss : 0.0073 | Val loss: 0.0083
2026-01-10 19:32:31.281633 | Epoch:1039 | LR: 0.0000316 | Loss : 0.0073 | Val loss: 0.0085
2026-01-10 19:32:42.629348 | Epoch:1040 | LR: 0.0000315 | Loss : 0.0073 | Val loss: 0.0083
2026-01-10 19:32:54.044046 | Epoch:1041 | LR: 0.0000315 | Loss : 0.0072 | Val loss: 0.0082
2026-01-10 19:33:05.394936 | Epoch:1042 | LR: 0.0000315 | Loss : 0.0071 | Val loss: 0.0081
2026-01-10 19:33:16.815958 | Epoch:1043 | LR: 0.0000315 | Loss : 0.0073 | Val loss: 0.0082
2026-01-10 19:33:28.245382 | Epoch:1044 | LR: 0.0000314 | Loss : 0.0072 | Val loss: 0.0081
2026-01-10 19:33:39.553443 | Epoch:1045 | LR: 0.0000314 | Loss : 0.0073 | Val loss: 0.0083
2026-01-10 19:33:50.936012 | Epoch:1046 | LR: 0.0000314 | Loss : 0.0074 | Val loss: 0.0083
2026-01-10 19:34:02.371796 | Epoch:1047 | LR: 0.0000313 | Loss : 0.0073 | Val loss: 0.0083
2026-01-10 19:34:13.678347 | Epoch:1048 | LR: 0.0000313 | Loss : 0.0073 | Val loss: 0.0084
2026-01-10 19:34:25.098325 | Epoch:1049 | LR: 0.0000313 | Loss : 0.0074 | Val loss: 0.0083
2026-01-10 19:34:36.394458 | Epoch:1050 | LR: 0.0000312 | Loss : 0.0073 | Val loss: 0.0086
2026-01-10 19:34:47.830678 | Epoch:1051 | LR: 0.0000312 | Loss : 0.0073 | Val loss: 0.0081
2026-01-10 19:34:59.174729 | Epoch:1052 | LR: 0.0000312 | Loss : 0.0072 | Val loss: 0.0084
2026-01-10 19:35:10.642979 | Epoch:1053 | LR: 0.0000312 | Loss : 0.0073 | Val loss: 0.0085
2026-01-10 19:35:21.931910 | Epoch:1054 | LR: 0.0000311 | Loss : 0.0072 | Val loss: 0.0086
2026-01-10 19:35:33.366200 | Epoch:1055 | LR: 0.0000311 | Loss : 0.0073 | Val loss: 0.0083
2026-01-10 19:35:44.645694 | Epoch:1056 | LR: 0.0000311 | Loss : 0.0072 | Val loss: 0.0083
2026-01-10 19:35:56.092877 | Epoch:1057 | LR: 0.0000310 | Loss : 0.0072 | Val loss: 0.0082
2026-01-10 19:36:07.585056 | Epoch:1058 | LR: 0.0000310 | Loss : 0.0073 | Val loss: 0.0084
2026-01-10 19:36:19.178851 | Epoch:1059 | LR: 0.0000310 | Loss : 0.0073 | Val loss: 0.0082
2026-01-10 19:36:30.512708 | Epoch:1060 | LR: 0.0000309 | Loss : 0.0072 | Val loss: 0.0082
2026-01-10 19:36:42.045420 | Epoch:1061 | LR: 0.0000309 | Loss : 0.0072 | Val loss: 0.0082
2026-01-10 19:36:53.355803 | Epoch:1062 | LR: 0.0000309 | Loss : 0.0072 | Val loss: 0.0085
2026-01-10 19:37:04.793354 | Epoch:1063 | LR: 0.0000308 | Loss : 0.0071 | Val loss: 0.0085
2026-01-10 19:37:16.197168 | Epoch:1064 | LR: 0.0000308 | Loss : 0.0072 | Val loss: 0.0081
2026-01-10 19:37:27.637105 | Epoch:1065 | LR: 0.0000308 | Loss : 0.0072 | Val loss: 0.0083
2026-01-10 19:37:38.938868 | Epoch:1066 | LR: 0.0000308 | Loss : 0.0073 | Val loss: 0.0081
2026-01-10 19:37:50.391195 | Epoch:1067 | LR: 0.0000307 | Loss : 0.0071 | Val loss: 0.0085
2026-01-10 19:38:01.767682 | Epoch:1068 | LR: 0.0000307 | Loss : 0.0073 | Val loss: 0.0080
2026-01-10 19:38:13.110690 | Epoch:1069 | LR: 0.0000307 | Loss : 0.0072 | Val loss: 0.0085
2026-01-10 19:38:24.519594 | Epoch:1070 | LR: 0.0000306 | Loss : 0.0073 | Val loss: 0.0083
2026-01-10 19:38:35.901827 | Epoch:1071 | LR: 0.0000306 | Loss : 0.0071 | Val loss: 0.0082
2026-01-10 19:38:47.252243 | Epoch:1072 | LR: 0.0000306 | Loss : 0.0072 | Val loss: 0.0087
2026-01-10 19:38:58.674449 | Epoch:1073 | LR: 0.0000305 | Loss : 0.0072 | Val loss: 0.0082
2026-01-10 19:39:10.085069 | Epoch:1074 | LR: 0.0000305 | Loss : 0.0073 | Val loss: 0.0083
2026-01-10 19:39:21.564475 | Epoch:1075 | LR: 0.0000305 | Loss : 0.0071 | Val loss: 0.0086
2026-01-10 19:39:32.934026 | Epoch:1076 | LR: 0.0000305 | Loss : 0.0072 | Val loss: 0.0083
2026-01-10 19:39:44.290535 | Epoch:1077 | LR: 0.0000304 | Loss : 0.0073 | Val loss: 0.0085
2026-01-10 19:39:55.673355 | Epoch:1078 | LR: 0.0000304 | Loss : 0.0073 | Val loss: 0.0082
2026-01-10 19:40:07.136785 | Epoch:1079 | LR: 0.0000304 | Loss : 0.0071 | Val loss: 0.0086
2026-01-10 19:40:18.595457 | Epoch:1080 | LR: 0.0000303 | Loss : 0.0072 | Val loss: 0.0084
2026-01-10 19:40:29.984432 | Epoch:1081 | LR: 0.0000303 | Loss : 0.0072 | Val loss: 0.0082
2026-01-10 19:40:41.400226 | Epoch:1082 | LR: 0.0000303 | Loss : 0.0072 | Val loss: 0.0080
2026-01-10 19:40:52.789584 | Epoch:1083 | LR: 0.0000302 | Loss : 0.0072 | Val loss: 0.0085
2026-01-10 19:41:04.200304 | Epoch:1084 | LR: 0.0000302 | Loss : 0.0072 | Val loss: 0.0084
2026-01-10 19:41:15.560436 | Epoch:1085 | LR: 0.0000302 | Loss : 0.0073 | Val loss: 0.0083
2026-01-10 19:41:27.318436 | Epoch:1086 | LR: 0.0000301 | Loss : 0.0072 | Val loss: 0.0082
2026-01-10 19:41:38.865477 | Epoch:1087 | LR: 0.0000301 | Loss : 0.0072 | Val loss: 0.0081
2026-01-10 19:41:50.297819 | Epoch:1088 | LR: 0.0000301 | Loss : 0.0072 | Val loss: 0.0083
2026-01-10 19:42:01.645082 | Epoch:1089 | LR: 0.0000301 | Loss : 0.0072 | Val loss: 0.0084
2026-01-10 19:42:13.091242 | Epoch:1090 | LR: 0.0000300 | Loss : 0.0072 | Val loss: 0.0082
2026-01-10 19:42:24.490488 | Epoch:1091 | LR: 0.0000300 | Loss : 0.0072 | Val loss: 0.0084
2026-01-10 19:42:36.003606 | Epoch:1092 | LR: 0.0000300 | Loss : 0.0074 | Val loss: 0.0080
2026-01-10 19:42:47.311642 | Epoch:1093 | LR: 0.0000299 | Loss : 0.0071 | Val loss: 0.0083
2026-01-10 19:42:58.723937 | Epoch:1094 | LR: 0.0000299 | Loss : 0.0071 | Val loss: 0.0084
2026-01-10 19:43:10.103244 | Epoch:1095 | LR: 0.0000299 | Loss : 0.0073 | Val loss: 0.0082
2026-01-10 19:43:21.537962 | Epoch:1096 | LR: 0.0000298 | Loss : 0.0073 | Val loss: 0.0084
2026-01-10 19:43:32.902718 | Epoch:1097 | LR: 0.0000298 | Loss : 0.0072 | Val loss: 0.0084
2026-01-10 19:43:44.467799 | Epoch:1098 | LR: 0.0000298 | Loss : 0.0071 | Val loss: 0.0085
2026-01-10 19:43:55.776059 | Epoch:1099 | LR: 0.0000297 | Loss : 0.0072 | Val loss: 0.0083
2026-01-10 19:44:07.142516 | Epoch:1100 | LR: 0.0000297 | Loss : 0.0072 | Val loss: 0.0085
2026-01-10 19:44:18.492738 | Epoch:1101 | LR: 0.0000297 | Loss : 0.0071 | Val loss: 0.0082
2026-01-10 19:44:29.976108 | Epoch:1102 | LR: 0.0000297 | Loss : 0.0072 | Val loss: 0.0086
2026-01-10 19:44:41.304241 | Epoch:1103 | LR: 0.0000296 | Loss : 0.0071 | Val loss: 0.0082
2026-01-10 19:44:52.940324 | Epoch:1104 | LR: 0.0000296 | Loss : 0.0072 | Val loss: 0.0085
2026-01-10 19:45:04.277352 | Epoch:1105 | LR: 0.0000296 | Loss : 0.0072 | Val loss: 0.0084
2026-01-10 19:45:15.666894 | Epoch:1106 | LR: 0.0000295 | Loss : 0.0071 | Val loss: 0.0084
2026-01-10 19:45:27.004246 | Epoch:1107 | LR: 0.0000295 | Loss : 0.0072 | Val loss: 0.0084
2026-01-10 19:45:38.497748 | Epoch:1108 | LR: 0.0000295 | Loss : 0.0071 | Val loss: 0.0085
2026-01-10 19:45:49.877529 | Epoch:1109 | LR: 0.0000294 | Loss : 0.0072 | Val loss: 0.0084
2026-01-10 19:46:01.472362 | Epoch:1110 | LR: 0.0000294 | Loss : 0.0072 | Val loss: 0.0085
2026-01-10 19:46:12.879440 | Epoch:1111 | LR: 0.0000294 | Loss : 0.0071 | Val loss: 0.0082
2026-01-10 19:46:24.192256 | Epoch:1112 | LR: 0.0000293 | Loss : 0.0072 | Val loss: 0.0086
2026-01-10 19:46:35.557775 | Epoch:1113 | LR: 0.0000293 | Loss : 0.0071 | Val loss: 0.0085
2026-01-10 19:46:47.138758 | Epoch:1114 | LR: 0.0000293 | Loss : 0.0072 | Val loss: 0.0084
2026-01-10 19:46:58.634172 | Epoch:1115 | LR: 0.0000292 | Loss : 0.0071 | Val loss: 0.0084
2026-01-10 19:47:10.069159 | Epoch:1116 | LR: 0.0000292 | Loss : 0.0072 | Val loss: 0.0086
2026-01-10 19:47:21.502963 | Epoch:1117 | LR: 0.0000292 | Loss : 0.0072 | Val loss: 0.0083
2026-01-10 19:47:32.864666 | Epoch:1118 | LR: 0.0000292 | Loss : 0.0072 | Val loss: 0.0083
2026-01-10 19:47:44.222817 | Epoch:1119 | LR: 0.0000291 | Loss : 0.0072 | Val loss: 0.0083
2026-01-10 19:47:55.715484 | Epoch:1120 | LR: 0.0000291 | Loss : 0.0072 | Val loss: 0.0083
2026-01-10 19:48:07.051140 | Epoch:1121 | LR: 0.0000291 | Loss : 0.0073 | Val loss: 0.0084
2026-01-10 19:48:18.522802 | Epoch:1122 | LR: 0.0000290 | Loss : 0.0072 | Val loss: 0.0084
2026-01-10 19:48:30.020792 | Epoch:1123 | LR: 0.0000290 | Loss : 0.0072 | Val loss: 0.0083
2026-01-10 19:48:41.392325 | Epoch:1124 | LR: 0.0000290 | Loss : 0.0072 | Val loss: 0.0083
2026-01-10 19:48:52.770843 | Epoch:1125 | LR: 0.0000289 | Loss : 0.0072 | Val loss: 0.0084
2026-01-10 19:49:04.220080 | Epoch:1126 | LR: 0.0000289 | Loss : 0.0072 | Val loss: 0.0082
2026-01-10 19:49:15.593775 | Epoch:1127 | LR: 0.0000289 | Loss : 0.0072 | Val loss: 0.0085
2026-01-10 19:49:26.950499 | Epoch:1128 | LR: 0.0000288 | Loss : 0.0072 | Val loss: 0.0082
2026-01-10 19:49:38.453165 | Epoch:1129 | LR: 0.0000288 | Loss : 0.0072 | Val loss: 0.0084
2026-01-10 19:49:49.787195 | Epoch:1130 | LR: 0.0000288 | Loss : 0.0072 | Val loss: 0.0086
2026-01-10 19:50:01.150211 | Epoch:1131 | LR: 0.0000288 | Loss : 0.0072 | Val loss: 0.0085
2026-01-10 19:50:12.531649 | Epoch:1132 | LR: 0.0000287 | Loss : 0.0072 | Val loss: 0.0084
2026-01-10 19:50:23.895275 | Epoch:1133 | LR: 0.0000287 | Loss : 0.0072 | Val loss: 0.0083
2026-01-10 19:50:35.564184 | Epoch:1134 | LR: 0.0000287 | Loss : 0.0072 | Val loss: 0.0083
2026-01-10 19:50:47.171512 | Epoch:1135 | LR: 0.0000286 | Loss : 0.0073 | Val loss: 0.0083
2026-01-10 19:50:58.501557 | Epoch:1136 | LR: 0.0000286 | Loss : 0.0072 | Val loss: 0.0083
2026-01-10 19:51:09.853263 | Epoch:1137 | LR: 0.0000286 | Loss : 0.0071 | Val loss: 0.0084
2026-01-10 19:51:21.207342 | Epoch:1138 | LR: 0.0000285 | Loss : 0.0071 | Val loss: 0.0084
2026-01-10 19:51:32.592411 | Epoch:1139 | LR: 0.0000285 | Loss : 0.0072 | Val loss: 0.0086
2026-01-10 19:51:43.974721 | Epoch:1140 | LR: 0.0000285 | Loss : 0.0071 | Val loss: 0.0081
2026-01-10 19:51:55.751210 | Epoch:1141 | LR: 0.0000284 | Loss : 0.0073 | Val loss: 0.0087
2026-01-10 19:52:07.209852 | Epoch:1142 | LR: 0.0000284 | Loss : 0.0072 | Val loss: 0.0084
2026-01-10 19:52:18.561172 | Epoch:1143 | LR: 0.0000284 | Loss : 0.0071 | Val loss: 0.0085
2026-01-10 19:52:29.922804 | Epoch:1144 | LR: 0.0000283 | Loss : 0.0071 | Val loss: 0.0084
2026-01-10 19:52:41.658385 | Epoch:1145 | LR: 0.0000283 | Loss : 0.0071 | Val loss: 0.0081
2026-01-10 19:52:53.077510 | Epoch:1146 | LR: 0.0000283 | Loss : 0.0072 | Val loss: 0.0085
2026-01-10 19:53:04.528442 | Epoch:1147 | LR: 0.0000283 | Loss : 0.0072 | Val loss: 0.0086
2026-01-10 19:53:15.959948 | Epoch:1148 | LR: 0.0000282 | Loss : 0.0073 | Val loss: 0.0085
2026-01-10 19:53:27.264672 | Epoch:1149 | LR: 0.0000282 | Loss : 0.0072 | Val loss: 0.0082
2026-01-10 19:53:38.799815 | Epoch:1150 | LR: 0.0000282 | Loss : 0.0072 | Val loss: 0.0083
2026-01-10 19:53:50.242553 | Epoch:1151 | LR: 0.0000281 | Loss : 0.0072 | Val loss: 0.0086
2026-01-10 19:54:01.676967 | Epoch:1152 | LR: 0.0000281 | Loss : 0.0072 | Val loss: 0.0086
2026-01-10 19:54:13.111594 | Epoch:1153 | LR: 0.0000281 | Loss : 0.0071 | Val loss: 0.0084
2026-01-10 19:54:24.614735 | Epoch:1154 | LR: 0.0000280 | Loss : 0.0072 | Val loss: 0.0085
2026-01-10 19:54:35.855352 | Epoch:1155 | LR: 0.0000280 | Loss : 0.0071 | Val loss: 0.0085
2026-01-10 19:54:47.095613 | Epoch:1156 | LR: 0.0000280 | Loss : 0.0072 | Val loss: 0.0085
2026-01-10 19:54:58.680785 | Epoch:1157 | LR: 0.0000279 | Loss : 0.0072 | Val loss: 0.0083
2026-01-10 19:55:10.152594 | Epoch:1158 | LR: 0.0000279 | Loss : 0.0072 | Val loss: 0.0085
2026-01-10 19:55:21.472426 | Epoch:1159 | LR: 0.0000279 | Loss : 0.0071 | Val loss: 0.0084
2026-01-10 19:55:33.009745 | Epoch:1160 | LR: 0.0000278 | Loss : 0.0072 | Val loss: 0.0086
2026-01-10 19:55:44.352682 | Epoch:1161 | LR: 0.0000278 | Loss : 0.0071 | Val loss: 0.0084
2026-01-10 19:55:55.622942 | Epoch:1162 | LR: 0.0000278 | Loss : 0.0071 | Val loss: 0.0084
2026-01-10 19:56:07.072415 | Epoch:1163 | LR: 0.0000278 | Loss : 0.0071 | Val loss: 0.0085
2026-01-10 19:56:18.528577 | Epoch:1164 | LR: 0.0000277 | Loss : 0.0071 | Val loss: 0.0083
2026-01-10 19:56:29.867446 | Epoch:1165 | LR: 0.0000277 | Loss : 0.0071 | Val loss: 0.0085
2026-01-10 19:56:41.444481 | Epoch:1166 | LR: 0.0000277 | Loss : 0.0072 | Val loss: 0.0085
2026-01-10 19:56:52.788772 | Epoch:1167 | LR: 0.0000276 | Loss : 0.0072 | Val loss: 0.0084
2026-01-10 19:57:04.036003 | Epoch:1168 | LR: 0.0000276 | Loss : 0.0072 | Val loss: 0.0086
2026-01-10 19:57:15.767415 | Epoch:1169 | LR: 0.0000276 | Loss : 0.0071 | Val loss: 0.0083
2026-01-10 19:57:27.285158 | Epoch:1170 | LR: 0.0000275 | Loss : 0.0071 | Val loss: 0.0086
2026-01-10 19:57:38.589391 | Epoch:1171 | LR: 0.0000275 | Loss : 0.0072 | Val loss: 0.0083
2026-01-10 19:57:50.262263 | Epoch:1172 | LR: 0.0000275 | Loss : 0.0071 | Val loss: 0.0085
2026-01-10 19:58:01.619814 | Epoch:1173 | LR: 0.0000274 | Loss : 0.0071 | Val loss: 0.0085
2026-01-10 19:58:12.929537 | Epoch:1174 | LR: 0.0000274 | Loss : 0.0071 | Val loss: 0.0084
2026-01-10 19:58:24.414830 | Epoch:1175 | LR: 0.0000274 | Loss : 0.0071 | Val loss: 0.0082
2026-01-10 19:58:35.817181 | Epoch:1176 | LR: 0.0000273 | Loss : 0.0072 | Val loss: 0.0084
2026-01-10 19:58:47.193186 | Epoch:1177 | LR: 0.0000273 | Loss : 0.0072 | Val loss: 0.0086
2026-01-10 19:58:58.845394 | Epoch:1178 | LR: 0.0000273 | Loss : 0.0071 | Val loss: 0.0084
2026-01-10 19:59:10.287596 | Epoch:1179 | LR: 0.0000273 | Loss : 0.0072 | Val loss: 0.0085
2026-01-10 19:59:21.553423 | Epoch:1180 | LR: 0.0000272 | Loss : 0.0072 | Val loss: 0.0084
2026-01-10 19:59:33.023024 | Epoch:1181 | LR: 0.0000272 | Loss : 0.0070 | Val loss: 0.0085
2026-01-10 19:59:44.433333 | Epoch:1182 | LR: 0.0000272 | Loss : 0.0071 | Val loss: 0.0083
2026-01-10 19:59:55.767705 | Epoch:1183 | LR: 0.0000271 | Loss : 0.0071 | Val loss: 0.0084
2026-01-10 20:00:07.386173 | Epoch:1184 | LR: 0.0000271 | Loss : 0.0072 | Val loss: 0.0085
2026-01-10 20:00:18.743114 | Epoch:1185 | LR: 0.0000271 | Loss : 0.0071 | Val loss: 0.0086
2026-01-10 20:00:30.076513 | Epoch:1186 | LR: 0.0000270 | Loss : 0.0072 | Val loss: 0.0083
2026-01-10 20:00:41.530921 | Epoch:1187 | LR: 0.0000270 | Loss : 0.0071 | Val loss: 0.0084
2026-01-10 20:00:53.011207 | Epoch:1188 | LR: 0.0000270 | Loss : 0.0071 | Val loss: 0.0083
2026-01-10 20:01:04.347436 | Epoch:1189 | LR: 0.0000269 | Loss : 0.0071 | Val loss: 0.0083
2026-01-10 20:01:15.944508 | Epoch:1190 | LR: 0.0000269 | Loss : 0.0072 | Val loss: 0.0086
2026-01-10 20:01:27.428081 | Epoch:1191 | LR: 0.0000269 | Loss : 0.0071 | Val loss: 0.0085
2026-01-10 20:01:38.745534 | Epoch:1192 | LR: 0.0000268 | Loss : 0.0071 | Val loss: 0.0085
2026-01-10 20:01:50.085518 | Epoch:1193 | LR: 0.0000268 | Loss : 0.0071 | Val loss: 0.0085
2026-01-10 20:02:01.594378 | Epoch:1194 | LR: 0.0000268 | Loss : 0.0072 | Val loss: 0.0085
2026-01-10 20:02:12.935326 | Epoch:1195 | LR: 0.0000268 | Loss : 0.0072 | Val loss: 0.0084
2026-01-10 20:02:24.641458 | Epoch:1196 | LR: 0.0000267 | Loss : 0.0071 | Val loss: 0.0082
2026-01-10 20:02:36.151421 | Epoch:1197 | LR: 0.0000267 | Loss : 0.0072 | Val loss: 0.0084
2026-01-10 20:02:47.537224 | Epoch:1198 | LR: 0.0000267 | Loss : 0.0071 | Val loss: 0.0084
2026-01-10 20:02:58.876905 | Epoch:1199 | LR: 0.0000266 | Loss : 0.0071 | Val loss: 0.0086
2026-01-10 20:03:10.507565 | Epoch:1200 | LR: 0.0000266 | Loss : 0.0071 | Val loss: 0.0084
2026-01-10 20:03:21.911777 | Epoch:1201 | LR: 0.0000266 | Loss : 0.0072 | Val loss: 0.0087
2026-01-10 20:03:33.446816 | Epoch:1202 | LR: 0.0000265 | Loss : 0.0072 | Val loss: 0.0084
2026-01-10 20:03:44.959376 | Epoch:1203 | LR: 0.0000265 | Loss : 0.0072 | Val loss: 0.0085
2026-01-10 20:03:56.258267 | Epoch:1204 | LR: 0.0000265 | Loss : 0.0072 | Val loss: 0.0086
2026-01-10 20:04:07.619705 | Epoch:1205 | LR: 0.0000264 | Loss : 0.0072 | Val loss: 0.0084
2026-01-10 20:04:19.141471 | Epoch:1206 | LR: 0.0000264 | Loss : 0.0071 | Val loss: 0.0087
2026-01-10 20:04:30.513369 | Epoch:1207 | LR: 0.0000264 | Loss : 0.0071 | Val loss: 0.0085
2026-01-10 20:04:41.926510 | Epoch:1208 | LR: 0.0000263 | Loss : 0.0071 | Val loss: 0.0085
2026-01-10 20:04:53.428616 | Epoch:1209 | LR: 0.0000263 | Loss : 0.0071 | Val loss: 0.0085
2026-01-10 20:05:04.761221 | Epoch:1210 | LR: 0.0000263 | Loss : 0.0071 | Val loss: 0.0084
2026-01-10 20:05:16.071517 | Epoch:1211 | LR: 0.0000263 | Loss : 0.0071 | Val loss: 0.0086
2026-01-10 20:05:27.666417 | Epoch:1212 | LR: 0.0000262 | Loss : 0.0072 | Val loss: 0.0086
2026-01-10 20:05:39.029624 | Epoch:1213 | LR: 0.0000262 | Loss : 0.0071 | Val loss: 0.0084
2026-01-10 20:05:50.515388 | Epoch:1214 | LR: 0.0000262 | Loss : 0.0071 | Val loss: 0.0084
2026-01-10 20:06:02.049103 | Epoch:1215 | LR: 0.0000261 | Loss : 0.0071 | Val loss: 0.0084
2026-01-10 20:06:13.407180 | Epoch:1216 | LR: 0.0000261 | Loss : 0.0072 | Val loss: 0.0088
2026-01-10 20:06:24.738251 | Epoch:1217 | LR: 0.0000261 | Loss : 0.0071 | Val loss: 0.0085
2026-01-10 20:06:36.350288 | Epoch:1218 | LR: 0.0000260 | Loss : 0.0071 | Val loss: 0.0086
2026-01-10 20:06:47.663126 | Epoch:1219 | LR: 0.0000260 | Loss : 0.0071 | Val loss: 0.0086
2026-01-10 20:06:59.112180 | Epoch:1220 | LR: 0.0000260 | Loss : 0.0071 | Val loss: 0.0083
2026-01-10 20:07:10.673602 | Epoch:1221 | LR: 0.0000259 | Loss : 0.0071 | Val loss: 0.0085
2026-01-10 20:07:22.047774 | Epoch:1222 | LR: 0.0000259 | Loss : 0.0071 | Val loss: 0.0086
2026-01-10 20:07:33.268716 | Epoch:1223 | LR: 0.0000259 | Loss : 0.0071 | Val loss: 0.0086
2026-01-10 20:07:45.129469 | Epoch:1224 | LR: 0.0000258 | Loss : 0.0071 | Val loss: 0.0086
2026-01-10 20:07:56.668714 | Epoch:1225 | LR: 0.0000258 | Loss : 0.0071 | Val loss: 0.0087
2026-01-10 20:08:08.110041 | Epoch:1226 | LR: 0.0000258 | Loss : 0.0071 | Val loss: 0.0084
2026-01-10 20:08:19.631934 | Epoch:1227 | LR: 0.0000257 | Loss : 0.0072 | Val loss: 0.0086
2026-01-10 20:08:31.112031 | Epoch:1228 | LR: 0.0000257 | Loss : 0.0071 | Val loss: 0.0085
2026-01-10 20:08:42.376453 | Epoch:1229 | LR: 0.0000257 | Loss : 0.0071 | Val loss: 0.0085
2026-01-10 20:08:54.009294 | Epoch:1230 | LR: 0.0000257 | Loss : 0.0072 | Val loss: 0.0089
2026-01-10 20:09:05.413186 | Epoch:1231 | LR: 0.0000256 | Loss : 0.0071 | Val loss: 0.0089
2026-01-10 20:09:16.832854 | Epoch:1232 | LR: 0.0000256 | Loss : 0.0070 | Val loss: 0.0086
2026-01-10 20:09:28.311084 | Epoch:1233 | LR: 0.0000256 | Loss : 0.0071 | Val loss: 0.0086
2026-01-10 20:09:39.850082 | Epoch:1234 | LR: 0.0000255 | Loss : 0.0071 | Val loss: 0.0089
2026-01-10 20:09:51.140404 | Epoch:1235 | LR: 0.0000255 | Loss : 0.0071 | Val loss: 0.0086
2026-01-10 20:10:02.748266 | Epoch:1236 | LR: 0.0000255 | Loss : 0.0070 | Val loss: 0.0083
2026-01-10 20:10:14.077150 | Epoch:1237 | LR: 0.0000254 | Loss : 0.0071 | Val loss: 0.0085
2026-01-10 20:10:25.512948 | Epoch:1238 | LR: 0.0000254 | Loss : 0.0070 | Val loss: 0.0086
2026-01-10 20:10:36.970216 | Epoch:1239 | LR: 0.0000254 | Loss : 0.0070 | Val loss: 0.0085
2026-01-10 20:10:48.476176 | Epoch:1240 | LR: 0.0000253 | Loss : 0.0071 | Val loss: 0.0085
2026-01-10 20:10:59.755642 | Epoch:1241 | LR: 0.0000253 | Loss : 0.0071 | Val loss: 0.0085
2026-01-10 20:11:11.234391 | Epoch:1242 | LR: 0.0000253 | Loss : 0.0071 | Val loss: 0.0087
2026-01-10 20:11:22.641798 | Epoch:1243 | LR: 0.0000252 | Loss : 0.0070 | Val loss: 0.0086
2026-01-10 20:11:34.100584 | Epoch:1244 | LR: 0.0000252 | Loss : 0.0071 | Val loss: 0.0082
2026-01-10 20:11:45.530028 | Epoch:1245 | LR: 0.0000252 | Loss : 0.0071 | Val loss: 0.0085
2026-01-10 20:11:57.319778 | Epoch:1246 | LR: 0.0000252 | Loss : 0.0071 | Val loss: 0.0087
2026-01-10 20:12:08.600875 | Epoch:1247 | LR: 0.0000251 | Loss : 0.0071 | Val loss: 0.0084
2026-01-10 20:12:20.052498 | Epoch:1248 | LR: 0.0000251 | Loss : 0.0071 | Val loss: 0.0086
2026-01-10 20:12:31.425290 | Epoch:1249 | LR: 0.0000251 | Loss : 0.0072 | Val loss: 0.0088
2026-01-10 20:12:42.955081 | Epoch:1250 | LR: 0.0000250 | Loss : 0.0070 | Val loss: 0.0083
2026-01-10 20:12:54.395000 | Epoch:1251 | LR: 0.0000250 | Loss : 0.0071 | Val loss: 0.0085
2026-01-10 20:13:06.103951 | Epoch:1252 | LR: 0.0000250 | Loss : 0.0070 | Val loss: 0.0085
2026-01-10 20:13:17.561800 | Epoch:1253 | LR: 0.0000249 | Loss : 0.0071 | Val loss: 0.0083
2026-01-10 20:13:29.019760 | Epoch:1254 | LR: 0.0000249 | Loss : 0.0071 | Val loss: 0.0086
2026-01-10 20:13:40.453986 | Epoch:1255 | LR: 0.0000249 | Loss : 0.0071 | Val loss: 0.0088
2026-01-10 20:13:52.151673 | Epoch:1256 | LR: 0.0000248 | Loss : 0.0070 | Val loss: 0.0086
2026-01-10 20:14:03.630501 | Epoch:1257 | LR: 0.0000248 | Loss : 0.0071 | Val loss: 0.0088
2026-01-10 20:14:15.218916 | Epoch:1258 | LR: 0.0000248 | Loss : 0.0071 | Val loss: 0.0087
2026-01-10 20:14:26.521704 | Epoch:1259 | LR: 0.0000247 | Loss : 0.0070 | Val loss: 0.0088
2026-01-10 20:14:37.930676 | Epoch:1260 | LR: 0.0000247 | Loss : 0.0071 | Val loss: 0.0087
2026-01-10 20:14:49.303365 | Epoch:1261 | LR: 0.0000247 | Loss : 0.0071 | Val loss: 0.0086
2026-01-10 20:15:00.970453 | Epoch:1262 | LR: 0.0000246 | Loss : 0.0070 | Val loss: 0.0087
2026-01-10 20:15:12.468215 | Epoch:1263 | LR: 0.0000246 | Loss : 0.0071 | Val loss: 0.0086
2026-01-10 20:15:24.027037 | Epoch:1264 | LR: 0.0000246 | Loss : 0.0071 | Val loss: 0.0086
2026-01-10 20:15:35.432801 | Epoch:1265 | LR: 0.0000246 | Loss : 0.0070 | Val loss: 0.0087
2026-01-10 20:15:46.855484 | Epoch:1266 | LR: 0.0000245 | Loss : 0.0071 | Val loss: 0.0085
2026-01-10 20:15:58.276481 | Epoch:1267 | LR: 0.0000245 | Loss : 0.0070 | Val loss: 0.0085
2026-01-10 20:16:09.742791 | Epoch:1268 | LR: 0.0000245 | Loss : 0.0071 | Val loss: 0.0085
2026-01-10 20:16:21.191057 | Epoch:1269 | LR: 0.0000244 | Loss : 0.0071 | Val loss: 0.0085
2026-01-10 20:16:32.618262 | Epoch:1270 | LR: 0.0000244 | Loss : 0.0070 | Val loss: 0.0087
2026-01-10 20:16:44.005722 | Epoch:1271 | LR: 0.0000244 | Loss : 0.0070 | Val loss: 0.0087
2026-01-10 20:16:55.379263 | Epoch:1272 | LR: 0.0000243 | Loss : 0.0071 | Val loss: 0.0085
2026-01-10 20:17:06.822364 | Epoch:1273 | LR: 0.0000243 | Loss : 0.0070 | Val loss: 0.0085
2026-01-10 20:17:18.266762 | Epoch:1274 | LR: 0.0000243 | Loss : 0.0071 | Val loss: 0.0085
2026-01-10 20:17:29.736093 | Epoch:1275 | LR: 0.0000242 | Loss : 0.0071 | Val loss: 0.0088
2026-01-10 20:17:41.120218 | Epoch:1276 | LR: 0.0000242 | Loss : 0.0070 | Val loss: 0.0085
2026-01-10 20:17:52.551796 | Epoch:1277 | LR: 0.0000242 | Loss : 0.0071 | Val loss: 0.0088
2026-01-10 20:18:03.828702 | Epoch:1278 | LR: 0.0000241 | Loss : 0.0070 | Val loss: 0.0088
2026-01-10 20:18:15.556285 | Epoch:1279 | LR: 0.0000241 | Loss : 0.0070 | Val loss: 0.0085
2026-01-10 20:18:27.132976 | Epoch:1280 | LR: 0.0000241 | Loss : 0.0070 | Val loss: 0.0085
2026-01-10 20:18:38.732499 | Epoch:1281 | LR: 0.0000241 | Loss : 0.0069 | Val loss: 0.0087
2026-01-10 20:18:50.187296 | Epoch:1282 | LR: 0.0000240 | Loss : 0.0070 | Val loss: 0.0087
2026-01-10 20:19:01.628560 | Epoch:1283 | LR: 0.0000240 | Loss : 0.0070 | Val loss: 0.0086
2026-01-10 20:19:12.938770 | Epoch:1284 | LR: 0.0000240 | Loss : 0.0071 | Val loss: 0.0087
2026-01-10 20:19:24.445914 | Epoch:1285 | LR: 0.0000239 | Loss : 0.0071 | Val loss: 0.0087
2026-01-10 20:19:35.877830 | Epoch:1286 | LR: 0.0000239 | Loss : 0.0070 | Val loss: 0.0085
2026-01-10 20:19:47.417627 | Epoch:1287 | LR: 0.0000239 | Loss : 0.0071 | Val loss: 0.0085
2026-01-10 20:19:58.780670 | Epoch:1288 | LR: 0.0000238 | Loss : 0.0070 | Val loss: 0.0087
2026-01-10 20:20:10.370363 | Epoch:1289 | LR: 0.0000238 | Loss : 0.0071 | Val loss: 0.0088
2026-01-10 20:20:21.637937 | Epoch:1290 | LR: 0.0000238 | Loss : 0.0072 | Val loss: 0.0089
2026-01-10 20:20:33.163557 | Epoch:1291 | LR: 0.0000237 | Loss : 0.0071 | Val loss: 0.0088
2026-01-10 20:20:44.616761 | Epoch:1292 | LR: 0.0000237 | Loss : 0.0070 | Val loss: 0.0086
2026-01-10 20:20:56.173207 | Epoch:1293 | LR: 0.0000237 | Loss : 0.0071 | Val loss: 0.0086
2026-01-10 20:21:07.501486 | Epoch:1294 | LR: 0.0000236 | Loss : 0.0070 | Val loss: 0.0088
2026-01-10 20:21:19.086566 | Epoch:1295 | LR: 0.0000236 | Loss : 0.0070 | Val loss: 0.0087
2026-01-10 20:21:30.431365 | Epoch:1296 | LR: 0.0000236 | Loss : 0.0070 | Val loss: 0.0088
2026-01-10 20:21:41.981517 | Epoch:1297 | LR: 0.0000235 | Loss : 0.0071 | Val loss: 0.0089
2026-01-10 20:21:53.436360 | Epoch:1298 | LR: 0.0000235 | Loss : 0.0071 | Val loss: 0.0084
2026-01-10 20:22:05.077341 | Epoch:1299 | LR: 0.0000235 | Loss : 0.0071 | Val loss: 0.0086
2026-01-10 20:22:16.542791 | Epoch:1300 | LR: 0.0000235 | Loss : 0.0070 | Val loss: 0.0086
2026-01-10 20:22:28.138994 | Epoch:1301 | LR: 0.0000234 | Loss : 0.0070 | Val loss: 0.0086
2026-01-10 20:22:39.449420 | Epoch:1302 | LR: 0.0000234 | Loss : 0.0072 | Val loss: 0.0088
2026-01-10 20:22:51.024217 | Epoch:1303 | LR: 0.0000234 | Loss : 0.0070 | Val loss: 0.0087
2026-01-10 20:23:02.481446 | Epoch:1304 | LR: 0.0000233 | Loss : 0.0071 | Val loss: 0.0087
2026-01-10 20:23:14.026706 | Epoch:1305 | LR: 0.0000233 | Loss : 0.0070 | Val loss: 0.0086
2026-01-10 20:23:25.439703 | Epoch:1306 | LR: 0.0000233 | Loss : 0.0071 | Val loss: 0.0087
2026-01-10 20:23:37.207084 | Epoch:1307 | LR: 0.0000232 | Loss : 0.0071 | Val loss: 0.0087
2026-01-10 20:23:48.630567 | Epoch:1308 | LR: 0.0000232 | Loss : 0.0070 | Val loss: 0.0087
2026-01-10 20:24:00.208674 | Epoch:1309 | LR: 0.0000232 | Loss : 0.0070 | Val loss: 0.0086
2026-01-10 20:24:11.738208 | Epoch:1310 | LR: 0.0000231 | Loss : 0.0071 | Val loss: 0.0087
2026-01-10 20:24:23.250590 | Epoch:1311 | LR: 0.0000231 | Loss : 0.0070 | Val loss: 0.0088
2026-01-10 20:24:34.597884 | Epoch:1312 | LR: 0.0000231 | Loss : 0.0071 | Val loss: 0.0086
2026-01-10 20:24:46.233056 | Epoch:1313 | LR: 0.0000230 | Loss : 0.0070 | Val loss: 0.0086
2026-01-10 20:24:57.558296 | Epoch:1314 | LR: 0.0000230 | Loss : 0.0070 | Val loss: 0.0088
2026-01-10 20:25:09.100409 | Epoch:1315 | LR: 0.0000230 | Loss : 0.0070 | Val loss: 0.0089
2026-01-10 20:25:20.596938 | Epoch:1316 | LR: 0.0000230 | Loss : 0.0070 | Val loss: 0.0088
2026-01-10 20:25:32.162392 | Epoch:1317 | LR: 0.0000229 | Loss : 0.0070 | Val loss: 0.0085
2026-01-10 20:25:43.527226 | Epoch:1318 | LR: 0.0000229 | Loss : 0.0070 | Val loss: 0.0086
2026-01-10 20:25:55.063491 | Epoch:1319 | LR: 0.0000229 | Loss : 0.0071 | Val loss: 0.0085
2026-01-10 20:26:06.432263 | Epoch:1320 | LR: 0.0000228 | Loss : 0.0071 | Val loss: 0.0087
2026-01-10 20:26:17.839307 | Epoch:1321 | LR: 0.0000228 | Loss : 0.0070 | Val loss: 0.0088
2026-01-10 20:26:29.321137 | Epoch:1322 | LR: 0.0000228 | Loss : 0.0070 | Val loss: 0.0086
2026-01-10 20:26:40.910003 | Epoch:1323 | LR: 0.0000227 | Loss : 0.0071 | Val loss: 0.0086
2026-01-10 20:26:52.300106 | Epoch:1324 | LR: 0.0000227 | Loss : 0.0070 | Val loss: 0.0087
2026-01-10 20:27:03.788936 | Epoch:1325 | LR: 0.0000227 | Loss : 0.0070 | Val loss: 0.0087
2026-01-10 20:27:15.270445 | Epoch:1326 | LR: 0.0000226 | Loss : 0.0070 | Val loss: 0.0091
2026-01-10 20:27:26.587268 | Epoch:1327 | LR: 0.0000226 | Loss : 0.0070 | Val loss: 0.0087
2026-01-10 20:27:38.102117 | Epoch:1328 | LR: 0.0000226 | Loss : 0.0070 | Val loss: 0.0085
2026-01-10 20:27:49.644038 | Epoch:1329 | LR: 0.0000225 | Loss : 0.0070 | Val loss: 0.0088
2026-01-10 20:28:01.046324 | Epoch:1330 | LR: 0.0000225 | Loss : 0.0071 | Val loss: 0.0087
2026-01-10 20:28:12.562085 | Epoch:1331 | LR: 0.0000225 | Loss : 0.0071 | Val loss: 0.0089
2026-01-10 20:28:23.987182 | Epoch:1332 | LR: 0.0000225 | Loss : 0.0071 | Val loss: 0.0088
2026-01-10 20:28:35.324752 | Epoch:1333 | LR: 0.0000224 | Loss : 0.0071 | Val loss: 0.0087
2026-01-10 20:28:47.044560 | Epoch:1334 | LR: 0.0000224 | Loss : 0.0070 | Val loss: 0.0086
2026-01-10 20:28:58.804049 | Epoch:1335 | LR: 0.0000224 | Loss : 0.0070 | Val loss: 0.0089
2026-01-10 20:29:10.251188 | Epoch:1336 | LR: 0.0000223 | Loss : 0.0070 | Val loss: 0.0087
2026-01-10 20:29:21.731155 | Epoch:1337 | LR: 0.0000223 | Loss : 0.0070 | Val loss: 0.0085
2026-01-10 20:29:33.213548 | Epoch:1338 | LR: 0.0000223 | Loss : 0.0071 | Val loss: 0.0084
2026-01-10 20:29:44.506037 | Epoch:1339 | LR: 0.0000222 | Loss : 0.0071 | Val loss: 0.0086
2026-01-10 20:29:56.005577 | Epoch:1340 | LR: 0.0000222 | Loss : 0.0070 | Val loss: 0.0086
2026-01-10 20:30:07.456457 | Epoch:1341 | LR: 0.0000222 | Loss : 0.0069 | Val loss: 0.0088
2026-01-10 20:30:18.933595 | Epoch:1342 | LR: 0.0000221 | Loss : 0.0071 | Val loss: 0.0087
2026-01-10 20:30:30.362292 | Epoch:1343 | LR: 0.0000221 | Loss : 0.0070 | Val loss: 0.0088
2026-01-10 20:30:42.015881 | Epoch:1344 | LR: 0.0000221 | Loss : 0.0070 | Val loss: 0.0087
2026-01-10 20:30:53.324938 | Epoch:1345 | LR: 0.0000220 | Loss : 0.0070 | Val loss: 0.0087
2026-01-10 20:31:04.785344 | Epoch:1346 | LR: 0.0000220 | Loss : 0.0070 | Val loss: 0.0087
2026-01-10 20:31:16.221604 | Epoch:1347 | LR: 0.0000220 | Loss : 0.0070 | Val loss: 0.0086
2026-01-10 20:31:27.633217 | Epoch:1348 | LR: 0.0000220 | Loss : 0.0070 | Val loss: 0.0089
2026-01-10 20:31:39.136003 | Epoch:1349 | LR: 0.0000219 | Loss : 0.0070 | Val loss: 0.0086
2026-01-10 20:31:50.721739 | Epoch:1350 | LR: 0.0000219 | Loss : 0.0069 | Val loss: 0.0089
2026-01-10 20:32:02.059292 | Epoch:1351 | LR: 0.0000219 | Loss : 0.0070 | Val loss: 0.0087
2026-01-10 20:32:13.502115 | Epoch:1352 | LR: 0.0000218 | Loss : 0.0070 | Val loss: 0.0089
2026-01-10 20:32:25.002854 | Epoch:1353 | LR: 0.0000218 | Loss : 0.0070 | Val loss: 0.0086
2026-01-10 20:32:36.401747 | Epoch:1354 | LR: 0.0000218 | Loss : 0.0070 | Val loss: 0.0085
2026-01-10 20:32:47.848698 | Epoch:1355 | LR: 0.0000217 | Loss : 0.0070 | Val loss: 0.0085
2026-01-10 20:32:59.419042 | Epoch:1356 | LR: 0.0000217 | Loss : 0.0070 | Val loss: 0.0088
2026-01-10 20:33:10.824345 | Epoch:1357 | LR: 0.0000217 | Loss : 0.0070 | Val loss: 0.0086
2026-01-10 20:33:22.293406 | Epoch:1358 | LR: 0.0000216 | Loss : 0.0071 | Val loss: 0.0086
2026-01-10 20:33:33.935753 | Epoch:1359 | LR: 0.0000216 | Loss : 0.0070 | Val loss: 0.0088
2026-01-10 20:33:45.385926 | Epoch:1360 | LR: 0.0000216 | Loss : 0.0070 | Val loss: 0.0089
2026-01-10 20:33:56.789759 | Epoch:1361 | LR: 0.0000215 | Loss : 0.0071 | Val loss: 0.0090
2026-01-10 20:34:08.443860 | Epoch:1362 | LR: 0.0000215 | Loss : 0.0070 | Val loss: 0.0086
2026-01-10 20:34:19.924727 | Epoch:1363 | LR: 0.0000215 | Loss : 0.0070 | Val loss: 0.0087
2026-01-10 20:34:31.313168 | Epoch:1364 | LR: 0.0000215 | Loss : 0.0070 | Val loss: 0.0086
2026-01-10 20:34:42.691596 | Epoch:1365 | LR: 0.0000214 | Loss : 0.0070 | Val loss: 0.0089
2026-01-10 20:34:54.205361 | Epoch:1366 | LR: 0.0000214 | Loss : 0.0070 | Val loss: 0.0087
2026-01-10 20:35:05.665561 | Epoch:1367 | LR: 0.0000214 | Loss : 0.0069 | Val loss: 0.0089
2026-01-10 20:35:17.357479 | Epoch:1368 | LR: 0.0000213 | Loss : 0.0070 | Val loss: 0.0089
2026-01-10 20:35:28.806184 | Epoch:1369 | LR: 0.0000213 | Loss : 0.0070 | Val loss: 0.0088
2026-01-10 20:35:40.221412 | Epoch:1370 | LR: 0.0000213 | Loss : 0.0070 | Val loss: 0.0089
2026-01-10 20:35:51.581796 | Epoch:1371 | LR: 0.0000212 | Loss : 0.0069 | Val loss: 0.0086
2026-01-10 20:36:03.029463 | Epoch:1372 | LR: 0.0000212 | Loss : 0.0070 | Val loss: 0.0092
2026-01-10 20:36:14.453034 | Epoch:1373 | LR: 0.0000212 | Loss : 0.0071 | Val loss: 0.0090
2026-01-10 20:36:26.022361 | Epoch:1374 | LR: 0.0000211 | Loss : 0.0070 | Val loss: 0.0087
2026-01-10 20:36:37.746642 | Epoch:1375 | LR: 0.0000211 | Loss : 0.0071 | Val loss: 0.0088
2026-01-10 20:36:49.061833 | Epoch:1376 | LR: 0.0000211 | Loss : 0.0070 | Val loss: 0.0088
2026-01-10 20:37:00.448337 | Epoch:1377 | LR: 0.0000210 | Loss : 0.0070 | Val loss: 0.0089
2026-01-10 20:37:11.903723 | Epoch:1378 | LR: 0.0000210 | Loss : 0.0071 | Val loss: 0.0088
2026-01-10 20:37:23.375948 | Epoch:1379 | LR: 0.0000210 | Loss : 0.0069 | Val loss: 0.0087
2026-01-10 20:37:34.793960 | Epoch:1380 | LR: 0.0000210 | Loss : 0.0071 | Val loss: 0.0087
2026-01-10 20:37:46.406959 | Epoch:1381 | LR: 0.0000209 | Loss : 0.0070 | Val loss: 0.0087
2026-01-10 20:37:57.692926 | Epoch:1382 | LR: 0.0000209 | Loss : 0.0070 | Val loss: 0.0085
2026-01-10 20:38:09.081011 | Epoch:1383 | LR: 0.0000209 | Loss : 0.0069 | Val loss: 0.0091
2026-01-10 20:38:20.623824 | Epoch:1384 | LR: 0.0000208 | Loss : 0.0070 | Val loss: 0.0089
2026-01-10 20:38:32.078772 | Epoch:1385 | LR: 0.0000208 | Loss : 0.0069 | Val loss: 0.0088
2026-01-10 20:38:43.534227 | Epoch:1386 | LR: 0.0000208 | Loss : 0.0070 | Val loss: 0.0088
2026-01-10 20:38:55.178800 | Epoch:1387 | LR: 0.0000207 | Loss : 0.0070 | Val loss: 0.0088
2026-01-10 20:39:06.384642 | Epoch:1388 | LR: 0.0000207 | Loss : 0.0069 | Val loss: 0.0088
2026-01-10 20:39:17.947993 | Epoch:1389 | LR: 0.0000207 | Loss : 0.0070 | Val loss: 0.0084
2026-01-10 20:39:29.565280 | Epoch:1390 | LR: 0.0000206 | Loss : 0.0069 | Val loss: 0.0087
2026-01-10 20:39:41.092408 | Epoch:1391 | LR: 0.0000206 | Loss : 0.0069 | Val loss: 0.0086
2026-01-10 20:39:52.583120 | Epoch:1392 | LR: 0.0000206 | Loss : 0.0070 | Val loss: 0.0087
2026-01-10 20:40:04.165229 | Epoch:1393 | LR: 0.0000206 | Loss : 0.0070 | Val loss: 0.0088
2026-01-10 20:40:15.454980 | Epoch:1394 | LR: 0.0000205 | Loss : 0.0070 | Val loss: 0.0087
2026-01-10 20:40:26.923666 | Epoch:1395 | LR: 0.0000205 | Loss : 0.0070 | Val loss: 0.0089
2026-01-10 20:40:38.463514 | Epoch:1396 | LR: 0.0000205 | Loss : 0.0069 | Val loss: 0.0090
2026-01-10 20:40:50.005033 | Epoch:1397 | LR: 0.0000204 | Loss : 0.0070 | Val loss: 0.0090
2026-01-10 20:41:01.464055 | Epoch:1398 | LR: 0.0000204 | Loss : 0.0070 | Val loss: 0.0088
2026-01-10 20:41:13.014720 | Epoch:1399 | LR: 0.0000204 | Loss : 0.0070 | Val loss: 0.0089
2026-01-10 20:41:24.350673 | Epoch:1400 | LR: 0.0000203 | Loss : 0.0070 | Val loss: 0.0088
2026-01-10 20:41:35.817102 | Epoch:1401 | LR: 0.0000203 | Loss : 0.0069 | Val loss: 0.0089
2026-01-10 20:41:47.331216 | Epoch:1402 | LR: 0.0000203 | Loss : 0.0070 | Val loss: 0.0088
2026-01-10 20:41:58.756857 | Epoch:1403 | LR: 0.0000202 | Loss : 0.0069 | Val loss: 0.0089
2026-01-10 20:42:10.133078 | Epoch:1404 | LR: 0.0000202 | Loss : 0.0070 | Val loss: 0.0086
2026-01-10 20:42:21.723359 | Epoch:1405 | LR: 0.0000202 | Loss : 0.0070 | Val loss: 0.0090
2026-01-10 20:42:33.136752 | Epoch:1406 | LR: 0.0000202 | Loss : 0.0070 | Val loss: 0.0091
2026-01-10 20:42:44.596099 | Epoch:1407 | LR: 0.0000201 | Loss : 0.0070 | Val loss: 0.0089
2026-01-10 20:42:56.107828 | Epoch:1408 | LR: 0.0000201 | Loss : 0.0070 | Val loss: 0.0090
2026-01-10 20:43:07.562575 | Epoch:1409 | LR: 0.0000201 | Loss : 0.0069 | Val loss: 0.0086
2026-01-10 20:43:19.055146 | Epoch:1410 | LR: 0.0000200 | Loss : 0.0070 | Val loss: 0.0089
2026-01-10 20:43:30.609372 | Epoch:1411 | LR: 0.0000200 | Loss : 0.0070 | Val loss: 0.0090
2026-01-10 20:43:42.065345 | Epoch:1412 | LR: 0.0000200 | Loss : 0.0069 | Val loss: 0.0088
2026-01-10 20:43:53.499687 | Epoch:1413 | LR: 0.0000199 | Loss : 0.0069 | Val loss: 0.0089
2026-01-10 20:44:05.041470 | Epoch:1414 | LR: 0.0000199 | Loss : 0.0070 | Val loss: 0.0088
2026-01-10 20:44:16.474140 | Epoch:1415 | LR: 0.0000199 | Loss : 0.0070 | Val loss: 0.0090
2026-01-10 20:44:27.809457 | Epoch:1416 | LR: 0.0000198 | Loss : 0.0070 | Val loss: 0.0088
2026-01-10 20:44:39.644630 | Epoch:1417 | LR: 0.0000198 | Loss : 0.0069 | Val loss: 0.0089
2026-01-10 20:44:51.216631 | Epoch:1418 | LR: 0.0000198 | Loss : 0.0070 | Val loss: 0.0089
2026-01-10 20:45:02.551612 | Epoch:1419 | LR: 0.0000198 | Loss : 0.0070 | Val loss: 0.0088
2026-01-10 20:45:14.073651 | Epoch:1420 | LR: 0.0000197 | Loss : 0.0069 | Val loss: 0.0089
2026-01-10 20:45:25.481510 | Epoch:1421 | LR: 0.0000197 | Loss : 0.0070 | Val loss: 0.0089
2026-01-10 20:45:36.899667 | Epoch:1422 | LR: 0.0000197 | Loss : 0.0070 | Val loss: 0.0090
2026-01-10 20:45:48.435731 | Epoch:1423 | LR: 0.0000196 | Loss : 0.0069 | Val loss: 0.0092
2026-01-10 20:46:00.009681 | Epoch:1424 | LR: 0.0000196 | Loss : 0.0070 | Val loss: 0.0085
2026-01-10 20:46:11.332286 | Epoch:1425 | LR: 0.0000196 | Loss : 0.0070 | Val loss: 0.0091
2026-01-10 20:46:22.835831 | Epoch:1426 | LR: 0.0000195 | Loss : 0.0070 | Val loss: 0.0088
2026-01-10 20:46:34.238191 | Epoch:1427 | LR: 0.0000195 | Loss : 0.0069 | Val loss: 0.0085
2026-01-10 20:46:45.693972 | Epoch:1428 | LR: 0.0000195 | Loss : 0.0069 | Val loss: 0.0088
2026-01-10 20:46:57.147039 | Epoch:1429 | LR: 0.0000194 | Loss : 0.0070 | Val loss: 0.0088
2026-01-10 20:47:08.751957 | Epoch:1430 | LR: 0.0000194 | Loss : 0.0069 | Val loss: 0.0091
2026-01-10 20:47:20.088450 | Epoch:1431 | LR: 0.0000194 | Loss : 0.0069 | Val loss: 0.0090
2026-01-10 20:47:31.596336 | Epoch:1432 | LR: 0.0000194 | Loss : 0.0070 | Val loss: 0.0089
2026-01-10 20:47:43.052076 | Epoch:1433 | LR: 0.0000193 | Loss : 0.0069 | Val loss: 0.0090
2026-01-10 20:47:54.468723 | Epoch:1434 | LR: 0.0000193 | Loss : 0.0069 | Val loss: 0.0088
2026-01-10 20:48:05.935996 | Epoch:1435 | LR: 0.0000193 | Loss : 0.0069 | Val loss: 0.0088
2026-01-10 20:48:17.581770 | Epoch:1436 | LR: 0.0000192 | Loss : 0.0070 | Val loss: 0.0088
2026-01-10 20:48:28.850831 | Epoch:1437 | LR: 0.0000192 | Loss : 0.0069 | Val loss: 0.0086
2026-01-10 20:48:40.351960 | Epoch:1438 | LR: 0.0000192 | Loss : 0.0069 | Val loss: 0.0089
2026-01-10 20:48:51.767705 | Epoch:1439 | LR: 0.0000191 | Loss : 0.0070 | Val loss: 0.0088
2026-01-10 20:49:03.221690 | Epoch:1440 | LR: 0.0000191 | Loss : 0.0069 | Val loss: 0.0090
2026-01-10 20:49:14.787873 | Epoch:1441 | LR: 0.0000191 | Loss : 0.0069 | Val loss: 0.0089
2026-01-10 20:49:26.497214 | Epoch:1442 | LR: 0.0000190 | Loss : 0.0069 | Val loss: 0.0088
2026-01-10 20:49:37.868685 | Epoch:1443 | LR: 0.0000190 | Loss : 0.0070 | Val loss: 0.0090
2026-01-10 20:49:49.534875 | Epoch:1444 | LR: 0.0000190 | Loss : 0.0070 | Val loss: 0.0089
2026-01-10 20:50:01.017478 | Epoch:1445 | LR: 0.0000190 | Loss : 0.0069 | Val loss: 0.0088
2026-01-10 20:50:12.519222 | Epoch:1446 | LR: 0.0000189 | Loss : 0.0070 | Val loss: 0.0092
2026-01-10 20:50:24.028614 | Epoch:1447 | LR: 0.0000189 | Loss : 0.0070 | Val loss: 0.0088
2026-01-10 20:50:35.644476 | Epoch:1448 | LR: 0.0000189 | Loss : 0.0069 | Val loss: 0.0088
2026-01-10 20:50:46.957137 | Epoch:1449 | LR: 0.0000188 | Loss : 0.0070 | Val loss: 0.0089
2026-01-10 20:50:58.499121 | Epoch:1450 | LR: 0.0000188 | Loss : 0.0070 | Val loss: 0.0088
2026-01-10 20:51:09.912781 | Epoch:1451 | LR: 0.0000188 | Loss : 0.0069 | Val loss: 0.0091
2026-01-10 20:51:21.312927 | Epoch:1452 | LR: 0.0000187 | Loss : 0.0070 | Val loss: 0.0087
2026-01-10 20:51:32.840293 | Epoch:1453 | LR: 0.0000187 | Loss : 0.0070 | Val loss: 0.0089
2026-01-10 20:51:44.416858 | Epoch:1454 | LR: 0.0000187 | Loss : 0.0070 | Val loss: 0.0086
2026-01-10 20:51:55.899996 | Epoch:1455 | LR: 0.0000187 | Loss : 0.0069 | Val loss: 0.0090
2026-01-10 20:52:07.310061 | Epoch:1456 | LR: 0.0000186 | Loss : 0.0068 | Val loss: 0.0088
2026-01-10 20:52:18.746935 | Epoch:1457 | LR: 0.0000186 | Loss : 0.0069 | Val loss: 0.0090
2026-01-10 20:52:30.141338 | Epoch:1458 | LR: 0.0000186 | Loss : 0.0069 | Val loss: 0.0090
2026-01-10 20:52:41.709854 | Epoch:1459 | LR: 0.0000185 | Loss : 0.0070 | Val loss: 0.0091
2026-01-10 20:52:53.357774 | Epoch:1460 | LR: 0.0000185 | Loss : 0.0070 | Val loss: 0.0091
2026-01-10 20:53:04.766320 | Epoch:1461 | LR: 0.0000185 | Loss : 0.0069 | Val loss: 0.0093
2026-01-10 20:53:16.190051 | Epoch:1462 | LR: 0.0000184 | Loss : 0.0070 | Val loss: 0.0092
2026-01-10 20:53:27.636608 | Epoch:1463 | LR: 0.0000184 | Loss : 0.0069 | Val loss: 0.0087
2026-01-10 20:53:39.045400 | Epoch:1464 | LR: 0.0000184 | Loss : 0.0069 | Val loss: 0.0089
2026-01-10 20:53:50.655568 | Epoch:1465 | LR: 0.0000183 | Loss : 0.0070 | Val loss: 0.0089
2026-01-10 20:54:02.216297 | Epoch:1466 | LR: 0.0000183 | Loss : 0.0070 | Val loss: 0.0090
2026-01-10 20:54:13.697699 | Epoch:1467 | LR: 0.0000183 | Loss : 0.0070 | Val loss: 0.0091
2026-01-10 20:54:25.040432 | Epoch:1468 | LR: 0.0000183 | Loss : 0.0069 | Val loss: 0.0089
2026-01-10 20:54:36.429426 | Epoch:1469 | LR: 0.0000182 | Loss : 0.0070 | Val loss: 0.0091
2026-01-10 20:54:47.860173 | Epoch:1470 | LR: 0.0000182 | Loss : 0.0069 | Val loss: 0.0090
2026-01-10 20:54:59.565694 | Epoch:1471 | LR: 0.0000182 | Loss : 0.0069 | Val loss: 0.0087
2026-01-10 20:55:11.311026 | Epoch:1472 | LR: 0.0000181 | Loss : 0.0069 | Val loss: 0.0090
2026-01-10 20:55:22.893298 | Epoch:1473 | LR: 0.0000181 | Loss : 0.0069 | Val loss: 0.0090
2026-01-10 20:55:34.249412 | Epoch:1474 | LR: 0.0000181 | Loss : 0.0069 | Val loss: 0.0088
2026-01-10 20:55:45.676184 | Epoch:1475 | LR: 0.0000180 | Loss : 0.0069 | Val loss: 0.0092
2026-01-10 20:55:57.063055 | Epoch:1476 | LR: 0.0000180 | Loss : 0.0070 | Val loss: 0.0090
2026-01-10 20:56:08.681988 | Epoch:1477 | LR: 0.0000180 | Loss : 0.0069 | Val loss: 0.0089
2026-01-10 20:56:20.103008 | Epoch:1478 | LR: 0.0000180 | Loss : 0.0070 | Val loss: 0.0089
2026-01-10 20:56:31.841646 | Epoch:1479 | LR: 0.0000179 | Loss : 0.0070 | Val loss: 0.0089
2026-01-10 20:56:43.189712 | Epoch:1480 | LR: 0.0000179 | Loss : 0.0070 | Val loss: 0.0089
2026-01-10 20:56:54.586746 | Epoch:1481 | LR: 0.0000179 | Loss : 0.0070 | Val loss: 0.0092
2026-01-10 20:57:05.965663 | Epoch:1482 | LR: 0.0000178 | Loss : 0.0069 | Val loss: 0.0092
2026-01-10 20:57:17.455808 | Epoch:1483 | LR: 0.0000178 | Loss : 0.0069 | Val loss: 0.0090
2026-01-10 20:57:28.971975 | Epoch:1484 | LR: 0.0000178 | Loss : 0.0070 | Val loss: 0.0090
2026-01-10 20:57:40.441369 | Epoch:1485 | LR: 0.0000177 | Loss : 0.0069 | Val loss: 0.0089
2026-01-10 20:57:51.744214 | Epoch:1486 | LR: 0.0000177 | Loss : 0.0068 | Val loss: 0.0091
2026-01-10 20:58:03.433055 | Epoch:1487 | LR: 0.0000177 | Loss : 0.0069 | Val loss: 0.0088
2026-01-10 20:58:14.832276 | Epoch:1488 | LR: 0.0000177 | Loss : 0.0068 | Val loss: 0.0091
2026-01-10 20:58:26.274920 | Epoch:1489 | LR: 0.0000176 | Loss : 0.0069 | Val loss: 0.0088
2026-01-10 20:58:37.903576 | Epoch:1490 | LR: 0.0000176 | Loss : 0.0069 | Val loss: 0.0088
2026-01-10 20:58:49.433126 | Epoch:1491 | LR: 0.0000176 | Loss : 0.0070 | Val loss: 0.0090
2026-01-10 20:59:00.778736 | Epoch:1492 | LR: 0.0000175 | Loss : 0.0068 | Val loss: 0.0091
2026-01-10 20:59:12.168637 | Epoch:1493 | LR: 0.0000175 | Loss : 0.0070 | Val loss: 0.0089
2026-01-10 20:59:23.545072 | Epoch:1494 | LR: 0.0000175 | Loss : 0.0070 | Val loss: 0.0088
2026-01-10 20:59:35.024245 | Epoch:1495 | LR: 0.0000174 | Loss : 0.0069 | Val loss: 0.0089
2026-01-10 20:59:46.576105 | Epoch:1496 | LR: 0.0000174 | Loss : 0.0070 | Val loss: 0.0086
2026-01-10 20:59:58.080678 | Epoch:1497 | LR: 0.0000174 | Loss : 0.0069 | Val loss: 0.0091
2026-01-10 21:00:09.568232 | Epoch:1498 | LR: 0.0000174 | Loss : 0.0070 | Val loss: 0.0089
2026-01-10 21:00:21.140853 | Epoch:1499 | LR: 0.0000173 | Loss : 0.0069 | Val loss: 0.0090
2026-01-10 21:00:32.561908 | Epoch:1500 | LR: 0.0000173 | Loss : 0.0070 | Val loss: 0.0092
2026-01-10 21:00:44.154057 | Epoch:1501 | LR: 0.0000173 | Loss : 0.0069 | Val loss: 0.0091
2026-01-10 21:00:55.753152 | Epoch:1502 | LR: 0.0000172 | Loss : 0.0069 | Val loss: 0.0090
2026-01-10 21:01:07.303207 | Epoch:1503 | LR: 0.0000172 | Loss : 0.0069 | Val loss: 0.0090
2026-01-10 21:01:18.787766 | Epoch:1504 | LR: 0.0000172 | Loss : 0.0070 | Val loss: 0.0089
2026-01-10 21:01:30.165597 | Epoch:1505 | LR: 0.0000171 | Loss : 0.0069 | Val loss: 0.0091
2026-01-10 21:01:41.566327 | Epoch:1506 | LR: 0.0000171 | Loss : 0.0070 | Val loss: 0.0091
2026-01-10 21:01:52.986901 | Epoch:1507 | LR: 0.0000171 | Loss : 0.0069 | Val loss: 0.0088
2026-01-10 21:02:04.693968 | Epoch:1508 | LR: 0.0000171 | Loss : 0.0069 | Val loss: 0.0089
2026-01-10 21:02:16.034727 | Epoch:1509 | LR: 0.0000170 | Loss : 0.0070 | Val loss: 0.0095
2026-01-10 21:02:27.601969 | Epoch:1510 | LR: 0.0000170 | Loss : 0.0069 | Val loss: 0.0091
2026-01-10 21:02:39.001703 | Epoch:1511 | LR: 0.0000170 | Loss : 0.0069 | Val loss: 0.0089
2026-01-10 21:02:50.372870 | Epoch:1512 | LR: 0.0000169 | Loss : 0.0070 | Val loss: 0.0089
2026-01-10 21:03:01.870467 | Epoch:1513 | LR: 0.0000169 | Loss : 0.0069 | Val loss: 0.0089
2026-01-10 21:03:13.508584 | Epoch:1514 | LR: 0.0000169 | Loss : 0.0069 | Val loss: 0.0090
2026-01-10 21:03:24.928134 | Epoch:1515 | LR: 0.0000168 | Loss : 0.0069 | Val loss: 0.0090
2026-01-10 21:03:36.534035 | Epoch:1516 | LR: 0.0000168 | Loss : 0.0069 | Val loss: 0.0089
2026-01-10 21:03:47.922715 | Epoch:1517 | LR: 0.0000168 | Loss : 0.0069 | Val loss: 0.0092
2026-01-10 21:03:59.252594 | Epoch:1518 | LR: 0.0000168 | Loss : 0.0070 | Val loss: 0.0090
2026-01-10 21:04:10.670260 | Epoch:1519 | LR: 0.0000167 | Loss : 0.0070 | Val loss: 0.0093
2026-01-10 21:04:22.303807 | Epoch:1520 | LR: 0.0000167 | Loss : 0.0069 | Val loss: 0.0089
2026-01-10 21:04:33.803556 | Epoch:1521 | LR: 0.0000167 | Loss : 0.0069 | Val loss: 0.0089
2026-01-10 21:04:45.353268 | Epoch:1522 | LR: 0.0000166 | Loss : 0.0068 | Val loss: 0.0090
2026-01-10 21:04:56.742206 | Epoch:1523 | LR: 0.0000166 | Loss : 0.0070 | Val loss: 0.0086
2026-01-10 21:05:08.160802 | Epoch:1524 | LR: 0.0000166 | Loss : 0.0069 | Val loss: 0.0092
2026-01-10 21:05:19.629241 | Epoch:1525 | LR: 0.0000166 | Loss : 0.0069 | Val loss: 0.0092
2026-01-10 21:05:31.154261 | Epoch:1526 | LR: 0.0000165 | Loss : 0.0068 | Val loss: 0.0087
2026-01-10 21:05:42.879864 | Epoch:1527 | LR: 0.0000165 | Loss : 0.0069 | Val loss: 0.0091
2026-01-10 21:05:54.481755 | Epoch:1528 | LR: 0.0000165 | Loss : 0.0069 | Val loss: 0.0089
2026-01-10 21:06:05.866628 | Epoch:1529 | LR: 0.0000164 | Loss : 0.0069 | Val loss: 0.0090
2026-01-10 21:06:17.212743 | Epoch:1530 | LR: 0.0000164 | Loss : 0.0068 | Val loss: 0.0089
2026-01-10 21:06:28.629215 | Epoch:1531 | LR: 0.0000164 | Loss : 0.0069 | Val loss: 0.0091
2026-01-10 21:06:40.267057 | Epoch:1532 | LR: 0.0000163 | Loss : 0.0069 | Val loss: 0.0088
2026-01-10 21:06:51.652779 | Epoch:1533 | LR: 0.0000163 | Loss : 0.0068 | Val loss: 0.0091
2026-01-10 21:07:03.157858 | Epoch:1534 | LR: 0.0000163 | Loss : 0.0069 | Val loss: 0.0089
2026-01-10 21:07:14.533295 | Epoch:1535 | LR: 0.0000163 | Loss : 0.0069 | Val loss: 0.0087
2026-01-10 21:07:25.940589 | Epoch:1536 | LR: 0.0000162 | Loss : 0.0069 | Val loss: 0.0087
2026-01-10 21:07:37.332896 | Epoch:1537 | LR: 0.0000162 | Loss : 0.0069 | Val loss: 0.0090
2026-01-10 21:07:48.827090 | Epoch:1538 | LR: 0.0000162 | Loss : 0.0069 | Val loss: 0.0092
2026-01-10 21:08:00.278909 | Epoch:1539 | LR: 0.0000161 | Loss : 0.0069 | Val loss: 0.0090
2026-01-10 21:08:11.745789 | Epoch:1540 | LR: 0.0000161 | Loss : 0.0070 | Val loss: 0.0088
2026-01-10 21:08:23.275426 | Epoch:1541 | LR: 0.0000161 | Loss : 0.0068 | Val loss: 0.0090
2026-01-10 21:08:34.643093 | Epoch:1542 | LR: 0.0000160 | Loss : 0.0068 | Val loss: 0.0091
2026-01-10 21:08:46.021378 | Epoch:1543 | LR: 0.0000160 | Loss : 0.0069 | Val loss: 0.0091
2026-01-10 21:08:57.605267 | Epoch:1544 | LR: 0.0000160 | Loss : 0.0070 | Val loss: 0.0091
2026-01-10 21:09:09.070637 | Epoch:1545 | LR: 0.0000160 | Loss : 0.0068 | Val loss: 0.0090
2026-01-10 21:09:20.429732 | Epoch:1546 | LR: 0.0000159 | Loss : 0.0069 | Val loss: 0.0091
2026-01-10 21:09:32.036104 | Epoch:1547 | LR: 0.0000159 | Loss : 0.0069 | Val loss: 0.0092
2026-01-10 21:09:43.331055 | Epoch:1548 | LR: 0.0000159 | Loss : 0.0069 | Val loss: 0.0089
2026-01-10 21:09:54.719213 | Epoch:1549 | LR: 0.0000158 | Loss : 0.0069 | Val loss: 0.0087
2026-01-10 21:10:06.181384 | Epoch:1550 | LR: 0.0000158 | Loss : 0.0069 | Val loss: 0.0092
2026-01-10 21:10:17.722776 | Epoch:1551 | LR: 0.0000158 | Loss : 0.0070 | Val loss: 0.0089
2026-01-10 21:10:29.092490 | Epoch:1552 | LR: 0.0000158 | Loss : 0.0069 | Val loss: 0.0090
2026-01-10 21:10:40.751546 | Epoch:1553 | LR: 0.0000157 | Loss : 0.0068 | Val loss: 0.0092
2026-01-10 21:10:52.173578 | Epoch:1554 | LR: 0.0000157 | Loss : 0.0069 | Val loss: 0.0091
2026-01-10 21:11:03.682906 | Epoch:1555 | LR: 0.0000157 | Loss : 0.0069 | Val loss: 0.0088
2026-01-10 21:11:15.266528 | Epoch:1556 | LR: 0.0000156 | Loss : 0.0069 | Val loss: 0.0089
2026-01-10 21:11:26.883798 | Epoch:1557 | LR: 0.0000156 | Loss : 0.0069 | Val loss: 0.0092
2026-01-10 21:11:38.212555 | Epoch:1558 | LR: 0.0000156 | Loss : 0.0068 | Val loss: 0.0089
2026-01-10 21:11:49.927534 | Epoch:1559 | LR: 0.0000156 | Loss : 0.0069 | Val loss: 0.0090
2026-01-10 21:12:01.294666 | Epoch:1560 | LR: 0.0000155 | Loss : 0.0069 | Val loss: 0.0091
2026-01-10 21:12:12.677020 | Epoch:1561 | LR: 0.0000155 | Loss : 0.0069 | Val loss: 0.0090
2026-01-10 21:12:24.150382 | Epoch:1562 | LR: 0.0000155 | Loss : 0.0069 | Val loss: 0.0092
2026-01-10 21:12:35.688497 | Epoch:1563 | LR: 0.0000154 | Loss : 0.0069 | Val loss: 0.0090
2026-01-10 21:12:47.078192 | Epoch:1564 | LR: 0.0000154 | Loss : 0.0069 | Val loss: 0.0089
2026-01-10 21:12:58.822745 | Epoch:1565 | LR: 0.0000154 | Loss : 0.0068 | Val loss: 0.0091
2026-01-10 21:13:10.126237 | Epoch:1566 | LR: 0.0000153 | Loss : 0.0069 | Val loss: 0.0091
2026-01-10 21:13:21.546211 | Epoch:1567 | LR: 0.0000153 | Loss : 0.0069 | Val loss: 0.0093
2026-01-10 21:13:33.020112 | Epoch:1568 | LR: 0.0000153 | Loss : 0.0069 | Val loss: 0.0090
2026-01-10 21:13:44.587425 | Epoch:1569 | LR: 0.0000153 | Loss : 0.0069 | Val loss: 0.0091
2026-01-10 21:13:56.004640 | Epoch:1570 | LR: 0.0000152 | Loss : 0.0069 | Val loss: 0.0090
2026-01-10 21:14:07.751152 | Epoch:1571 | LR: 0.0000152 | Loss : 0.0069 | Val loss: 0.0089
2026-01-10 21:14:19.050844 | Epoch:1572 | LR: 0.0000152 | Loss : 0.0068 | Val loss: 0.0091
2026-01-10 21:14:30.464181 | Epoch:1573 | LR: 0.0000151 | Loss : 0.0069 | Val loss: 0.0090
2026-01-10 21:14:41.926274 | Epoch:1574 | LR: 0.0000151 | Loss : 0.0068 | Val loss: 0.0091
2026-01-10 21:14:53.475209 | Epoch:1575 | LR: 0.0000151 | Loss : 0.0069 | Val loss: 0.0089
2026-01-10 21:15:04.832252 | Epoch:1576 | LR: 0.0000151 | Loss : 0.0069 | Val loss: 0.0089
2026-01-10 21:15:16.512780 | Epoch:1577 | LR: 0.0000150 | Loss : 0.0068 | Val loss: 0.0090
2026-01-10 21:15:27.886314 | Epoch:1578 | LR: 0.0000150 | Loss : 0.0069 | Val loss: 0.0089
2026-01-10 21:15:39.282784 | Epoch:1579 | LR: 0.0000150 | Loss : 0.0069 | Val loss: 0.0091
2026-01-10 21:15:50.786710 | Epoch:1580 | LR: 0.0000149 | Loss : 0.0069 | Val loss: 0.0088
2026-01-10 21:16:02.211246 | Epoch:1581 | LR: 0.0000149 | Loss : 0.0068 | Val loss: 0.0090
2026-01-10 21:16:13.792628 | Epoch:1582 | LR: 0.0000149 | Loss : 0.0069 | Val loss: 0.0089
2026-01-10 21:16:25.879585 | Epoch:1583 | LR: 0.0000149 | Loss : 0.0068 | Val loss: 0.0089
2026-01-10 21:16:37.332517 | Epoch:1584 | LR: 0.0000148 | Loss : 0.0068 | Val loss: 0.0090
2026-01-10 21:16:48.741013 | Epoch:1585 | LR: 0.0000148 | Loss : 0.0070 | Val loss: 0.0091
2026-01-10 21:17:00.194232 | Epoch:1586 | LR: 0.0000148 | Loss : 0.0069 | Val loss: 0.0090
2026-01-10 21:17:11.692115 | Epoch:1587 | LR: 0.0000147 | Loss : 0.0069 | Val loss: 0.0093
2026-01-10 21:17:23.077083 | Epoch:1588 | LR: 0.0000147 | Loss : 0.0069 | Val loss: 0.0088
2026-01-10 21:17:34.741824 | Epoch:1589 | LR: 0.0000147 | Loss : 0.0068 | Val loss: 0.0091
2026-01-10 21:17:46.204858 | Epoch:1590 | LR: 0.0000147 | Loss : 0.0069 | Val loss: 0.0089
2026-01-10 21:17:57.776519 | Epoch:1591 | LR: 0.0000146 | Loss : 0.0069 | Val loss: 0.0091
2026-01-10 21:18:09.192162 | Epoch:1592 | LR: 0.0000146 | Loss : 0.0069 | Val loss: 0.0092
2026-01-10 21:18:20.642425 | Epoch:1593 | LR: 0.0000146 | Loss : 0.0068 | Val loss: 0.0092
2026-01-10 21:18:32.234972 | Epoch:1594 | LR: 0.0000145 | Loss : 0.0069 | Val loss: 0.0092
2026-01-10 21:18:43.842014 | Epoch:1595 | LR: 0.0000145 | Loss : 0.0069 | Val loss: 0.0090
2026-01-10 21:18:55.380966 | Epoch:1596 | LR: 0.0000145 | Loss : 0.0069 | Val loss: 0.0093
2026-01-10 21:19:06.705256 | Epoch:1597 | LR: 0.0000145 | Loss : 0.0068 | Val loss: 0.0095
2026-01-10 21:19:18.145567 | Epoch:1598 | LR: 0.0000144 | Loss : 0.0069 | Val loss: 0.0092
2026-01-10 21:19:29.765354 | Epoch:1599 | LR: 0.0000144 | Loss : 0.0069 | Val loss: 0.0094
2026-01-10 21:19:41.306362 | Epoch:1600 | LR: 0.0000144 | Loss : 0.0068 | Val loss: 0.0092
2026-01-10 21:19:52.818898 | Epoch:1601 | LR: 0.0000143 | Loss : 0.0069 | Val loss: 0.0091
2026-01-10 21:20:04.414239 | Epoch:1602 | LR: 0.0000143 | Loss : 0.0069 | Val loss: 0.0090
2026-01-10 21:20:15.712480 | Epoch:1603 | LR: 0.0000143 | Loss : 0.0068 | Val loss: 0.0089
2026-01-10 21:20:27.155433 | Epoch:1604 | LR: 0.0000143 | Loss : 0.0068 | Val loss: 0.0096
2026-01-10 21:20:38.558034 | Epoch:1605 | LR: 0.0000142 | Loss : 0.0069 | Val loss: 0.0093
2026-01-10 21:20:50.051124 | Epoch:1606 | LR: 0.0000142 | Loss : 0.0069 | Val loss: 0.0091
2026-01-10 21:21:01.530309 | Epoch:1607 | LR: 0.0000142 | Loss : 0.0068 | Val loss: 0.0089
2026-01-10 21:21:13.195102 | Epoch:1608 | LR: 0.0000141 | Loss : 0.0069 | Val loss: 0.0089
2026-01-10 21:21:24.633964 | Epoch:1609 | LR: 0.0000141 | Loss : 0.0069 | Val loss: 0.0088
2026-01-10 21:21:36.135792 | Epoch:1610 | LR: 0.0000141 | Loss : 0.0069 | Val loss: 0.0090
2026-01-10 21:21:47.750689 | Epoch:1611 | LR: 0.0000141 | Loss : 0.0068 | Val loss: 0.0090
2026-01-10 21:21:59.184302 | Epoch:1612 | LR: 0.0000140 | Loss : 0.0069 | Val loss: 0.0090
2026-01-10 21:22:10.772672 | Epoch:1613 | LR: 0.0000140 | Loss : 0.0068 | Val loss: 0.0092
2026-01-10 21:22:22.423832 | Epoch:1614 | LR: 0.0000140 | Loss : 0.0068 | Val loss: 0.0093
2026-01-10 21:22:33.890775 | Epoch:1615 | LR: 0.0000139 | Loss : 0.0068 | Val loss: 0.0092
2026-01-10 21:22:45.371818 | Epoch:1616 | LR: 0.0000139 | Loss : 0.0069 | Val loss: 0.0090
2026-01-10 21:22:56.889045 | Epoch:1617 | LR: 0.0000139 | Loss : 0.0068 | Val loss: 0.0092
2026-01-10 21:23:08.353053 | Epoch:1618 | LR: 0.0000139 | Loss : 0.0069 | Val loss: 0.0093
2026-01-10 21:23:20.018925 | Epoch:1619 | LR: 0.0000138 | Loss : 0.0069 | Val loss: 0.0090
2026-01-10 21:23:31.660871 | Epoch:1620 | LR: 0.0000138 | Loss : 0.0069 | Val loss: 0.0093
2026-01-10 21:23:42.968740 | Epoch:1621 | LR: 0.0000138 | Loss : 0.0068 | Val loss: 0.0091
2026-01-10 21:23:54.373473 | Epoch:1622 | LR: 0.0000138 | Loss : 0.0069 | Val loss: 0.0093
2026-01-10 21:24:05.789332 | Epoch:1623 | LR: 0.0000137 | Loss : 0.0069 | Val loss: 0.0092
2026-01-10 21:24:17.238595 | Epoch:1624 | LR: 0.0000137 | Loss : 0.0069 | Val loss: 0.0092
2026-01-10 21:24:28.790838 | Epoch:1625 | LR: 0.0000137 | Loss : 0.0069 | Val loss: 0.0092
2026-01-10 21:24:40.402434 | Epoch:1626 | LR: 0.0000136 | Loss : 0.0069 | Val loss: 0.0089
2026-01-10 21:24:51.852696 | Epoch:1627 | LR: 0.0000136 | Loss : 0.0069 | Val loss: 0.0090
2026-01-10 21:25:03.179649 | Epoch:1628 | LR: 0.0000136 | Loss : 0.0069 | Val loss: 0.0093
2026-01-10 21:25:14.553958 | Epoch:1629 | LR: 0.0000136 | Loss : 0.0069 | Val loss: 0.0091
2026-01-10 21:25:26.071131 | Epoch:1630 | LR: 0.0000135 | Loss : 0.0068 | Val loss: 0.0091
2026-01-10 21:25:37.669748 | Epoch:1631 | LR: 0.0000135 | Loss : 0.0068 | Val loss: 0.0092
2026-01-10 21:25:49.150991 | Epoch:1632 | LR: 0.0000135 | Loss : 0.0068 | Val loss: 0.0093
2026-01-10 21:26:00.697470 | Epoch:1633 | LR: 0.0000134 | Loss : 0.0068 | Val loss: 0.0090
2026-01-10 21:26:11.990765 | Epoch:1634 | LR: 0.0000134 | Loss : 0.0069 | Val loss: 0.0091
2026-01-10 21:26:23.425548 | Epoch:1635 | LR: 0.0000134 | Loss : 0.0069 | Val loss: 0.0091
2026-01-10 21:26:34.861350 | Epoch:1636 | LR: 0.0000134 | Loss : 0.0068 | Val loss: 0.0091
2026-01-10 21:26:46.610418 | Epoch:1637 | LR: 0.0000133 | Loss : 0.0068 | Val loss: 0.0092
2026-01-10 21:26:58.115446 | Epoch:1638 | LR: 0.0000133 | Loss : 0.0068 | Val loss: 0.0093
2026-01-10 21:27:09.694897 | Epoch:1639 | LR: 0.0000133 | Loss : 0.0068 | Val loss: 0.0091
2026-01-10 21:27:21.052087 | Epoch:1640 | LR: 0.0000133 | Loss : 0.0067 | Val loss: 0.0092
2026-01-10 21:27:32.530742 | Epoch:1641 | LR: 0.0000132 | Loss : 0.0067 | Val loss: 0.0090
2026-01-10 21:27:43.983325 | Epoch:1642 | LR: 0.0000132 | Loss : 0.0069 | Val loss: 0.0095
2026-01-10 21:27:55.679310 | Epoch:1643 | LR: 0.0000132 | Loss : 0.0069 | Val loss: 0.0090
2026-01-10 21:28:07.029765 | Epoch:1644 | LR: 0.0000131 | Loss : 0.0068 | Val loss: 0.0092
2026-01-10 21:28:18.618221 | Epoch:1645 | LR: 0.0000131 | Loss : 0.0069 | Val loss: 0.0091
2026-01-10 21:28:29.924298 | Epoch:1646 | LR: 0.0000131 | Loss : 0.0069 | Val loss: 0.0092
2026-01-10 21:28:41.379533 | Epoch:1647 | LR: 0.0000131 | Loss : 0.0068 | Val loss: 0.0090
2026-01-10 21:28:52.720425 | Epoch:1648 | LR: 0.0000130 | Loss : 0.0067 | Val loss: 0.0089
2026-01-10 21:29:04.350764 | Epoch:1649 | LR: 0.0000130 | Loss : 0.0069 | Val loss: 0.0092
2026-01-10 21:29:15.682427 | Epoch:1650 | LR: 0.0000130 | Loss : 0.0069 | Val loss: 0.0094
2026-01-10 21:29:27.353225 | Epoch:1651 | LR: 0.0000129 | Loss : 0.0068 | Val loss: 0.0092
2026-01-10 21:29:38.691017 | Epoch:1652 | LR: 0.0000129 | Loss : 0.0068 | Val loss: 0.0091
2026-01-10 21:29:50.087851 | Epoch:1653 | LR: 0.0000129 | Loss : 0.0067 | Val loss: 0.0092
2026-01-10 21:30:01.464329 | Epoch:1654 | LR: 0.0000129 | Loss : 0.0069 | Val loss: 0.0090
2026-01-10 21:30:13.017573 | Epoch:1655 | LR: 0.0000128 | Loss : 0.0069 | Val loss: 0.0090
2026-01-10 21:30:24.483723 | Epoch:1656 | LR: 0.0000128 | Loss : 0.0069 | Val loss: 0.0093
2026-01-10 21:30:36.166423 | Epoch:1657 | LR: 0.0000128 | Loss : 0.0068 | Val loss: 0.0093
2026-01-10 21:30:47.479496 | Epoch:1658 | LR: 0.0000128 | Loss : 0.0068 | Val loss: 0.0089
2026-01-10 21:30:58.888201 | Epoch:1659 | LR: 0.0000127 | Loss : 0.0068 | Val loss: 0.0093
2026-01-10 21:31:10.250551 | Epoch:1660 | LR: 0.0000127 | Loss : 0.0068 | Val loss: 0.0093
2026-01-10 21:31:21.854375 | Epoch:1661 | LR: 0.0000127 | Loss : 0.0068 | Val loss: 0.0091
2026-01-10 21:31:33.268321 | Epoch:1662 | LR: 0.0000126 | Loss : 0.0068 | Val loss: 0.0093
2026-01-10 21:31:44.883138 | Epoch:1663 | LR: 0.0000126 | Loss : 0.0067 | Val loss: 0.0091
2026-01-10 21:31:56.392416 | Epoch:1664 | LR: 0.0000126 | Loss : 0.0068 | Val loss: 0.0092
2026-01-10 21:32:07.929766 | Epoch:1665 | LR: 0.0000126 | Loss : 0.0068 | Val loss: 0.0094
2026-01-10 21:32:19.425171 | Epoch:1666 | LR: 0.0000125 | Loss : 0.0069 | Val loss: 0.0093
2026-01-10 21:32:30.936119 | Epoch:1667 | LR: 0.0000125 | Loss : 0.0069 | Val loss: 0.0092
2026-01-10 21:32:42.380148 | Epoch:1668 | LR: 0.0000125 | Loss : 0.0068 | Val loss: 0.0090
2026-01-10 21:32:53.995494 | Epoch:1669 | LR: 0.0000125 | Loss : 0.0068 | Val loss: 0.0092
2026-01-10 21:33:05.381214 | Epoch:1670 | LR: 0.0000124 | Loss : 0.0069 | Val loss: 0.0091
2026-01-10 21:33:16.796381 | Epoch:1671 | LR: 0.0000124 | Loss : 0.0068 | Val loss: 0.0090
2026-01-10 21:33:28.216015 | Epoch:1672 | LR: 0.0000124 | Loss : 0.0069 | Val loss: 0.0095
2026-01-10 21:33:39.824132 | Epoch:1673 | LR: 0.0000123 | Loss : 0.0069 | Val loss: 0.0092
2026-01-10 21:33:51.267129 | Epoch:1674 | LR: 0.0000123 | Loss : 0.0069 | Val loss: 0.0093
2026-01-10 21:34:02.868161 | Epoch:1675 | LR: 0.0000123 | Loss : 0.0068 | Val loss: 0.0090
2026-01-10 21:34:14.299052 | Epoch:1676 | LR: 0.0000123 | Loss : 0.0068 | Val loss: 0.0095
2026-01-10 21:34:25.681907 | Epoch:1677 | LR: 0.0000122 | Loss : 0.0068 | Val loss: 0.0090
2026-01-10 21:34:37.066300 | Epoch:1678 | LR: 0.0000122 | Loss : 0.0068 | Val loss: 0.0095
2026-01-10 21:34:48.636109 | Epoch:1679 | LR: 0.0000122 | Loss : 0.0069 | Val loss: 0.0093
2026-01-10 21:35:00.148347 | Epoch:1680 | LR: 0.0000122 | Loss : 0.0068 | Val loss: 0.0092
2026-01-10 21:35:11.639052 | Epoch:1681 | LR: 0.0000121 | Loss : 0.0069 | Val loss: 0.0092
2026-01-10 21:35:23.088191 | Epoch:1682 | LR: 0.0000121 | Loss : 0.0069 | Val loss: 0.0088
2026-01-10 21:35:34.519493 | Epoch:1683 | LR: 0.0000121 | Loss : 0.0069 | Val loss: 0.0094
2026-01-10 21:35:45.903428 | Epoch:1684 | LR: 0.0000120 | Loss : 0.0069 | Val loss: 0.0091
2026-01-10 21:35:57.418388 | Epoch:1685 | LR: 0.0000120 | Loss : 0.0068 | Val loss: 0.0091
2026-01-10 21:36:08.965718 | Epoch:1686 | LR: 0.0000120 | Loss : 0.0068 | Val loss: 0.0090
2026-01-10 21:36:20.403651 | Epoch:1687 | LR: 0.0000120 | Loss : 0.0068 | Val loss: 0.0092
2026-01-10 21:36:31.970226 | Epoch:1688 | LR: 0.0000119 | Loss : 0.0068 | Val loss: 0.0091
2026-01-10 21:36:43.353463 | Epoch:1689 | LR: 0.0000119 | Loss : 0.0068 | Val loss: 0.0093
2026-01-10 21:36:54.838109 | Epoch:1690 | LR: 0.0000119 | Loss : 0.0068 | Val loss: 0.0093
2026-01-10 21:37:06.301204 | Epoch:1691 | LR: 0.0000119 | Loss : 0.0069 | Val loss: 0.0094
2026-01-10 21:37:17.999624 | Epoch:1692 | LR: 0.0000118 | Loss : 0.0068 | Val loss: 0.0092
2026-01-10 21:37:29.710192 | Epoch:1693 | LR: 0.0000118 | Loss : 0.0068 | Val loss: 0.0092
2026-01-10 21:37:41.338495 | Epoch:1694 | LR: 0.0000118 | Loss : 0.0068 | Val loss: 0.0092
2026-01-10 21:37:52.958636 | Epoch:1695 | LR: 0.0000118 | Loss : 0.0068 | Val loss: 0.0093
2026-01-10 21:38:04.409175 | Epoch:1696 | LR: 0.0000117 | Loss : 0.0068 | Val loss: 0.0091
2026-01-10 21:38:15.901808 | Epoch:1697 | LR: 0.0000117 | Loss : 0.0069 | Val loss: 0.0094
2026-01-10 21:38:27.363476 | Epoch:1698 | LR: 0.0000117 | Loss : 0.0068 | Val loss: 0.0092
2026-01-10 21:38:38.829382 | Epoch:1699 | LR: 0.0000116 | Loss : 0.0068 | Val loss: 0.0093
2026-01-10 21:38:50.558572 | Epoch:1700 | LR: 0.0000116 | Loss : 0.0068 | Val loss: 0.0094
2026-01-10 21:39:01.943236 | Epoch:1701 | LR: 0.0000116 | Loss : 0.0067 | Val loss: 0.0092
2026-01-10 21:39:13.613341 | Epoch:1702 | LR: 0.0000116 | Loss : 0.0068 | Val loss: 0.0093
2026-01-10 21:39:25.136501 | Epoch:1703 | LR: 0.0000115 | Loss : 0.0068 | Val loss: 0.0088
2026-01-10 21:39:36.602439 | Epoch:1704 | LR: 0.0000115 | Loss : 0.0069 | Val loss: 0.0092
2026-01-10 21:39:48.146784 | Epoch:1705 | LR: 0.0000115 | Loss : 0.0068 | Val loss: 0.0093
2026-01-10 21:39:59.763798 | Epoch:1706 | LR: 0.0000115 | Loss : 0.0067 | Val loss: 0.0091
2026-01-10 21:40:11.231399 | Epoch:1707 | LR: 0.0000114 | Loss : 0.0067 | Val loss: 0.0091
2026-01-10 21:40:22.659592 | Epoch:1708 | LR: 0.0000114 | Loss : 0.0068 | Val loss: 0.0090
2026-01-10 21:40:34.108926 | Epoch:1709 | LR: 0.0000114 | Loss : 0.0069 | Val loss: 0.0091
2026-01-10 21:40:45.668812 | Epoch:1710 | LR: 0.0000114 | Loss : 0.0068 | Val loss: 0.0096
2026-01-10 21:40:57.183694 | Epoch:1711 | LR: 0.0000113 | Loss : 0.0069 | Val loss: 0.0092
2026-01-10 21:41:08.997504 | Epoch:1712 | LR: 0.0000113 | Loss : 0.0069 | Val loss: 0.0092
2026-01-10 21:41:20.457321 | Epoch:1713 | LR: 0.0000113 | Loss : 0.0068 | Val loss: 0.0094
2026-01-10 21:41:31.812298 | Epoch:1714 | LR: 0.0000113 | Loss : 0.0068 | Val loss: 0.0093
2026-01-10 21:41:43.266530 | Epoch:1715 | LR: 0.0000112 | Loss : 0.0068 | Val loss: 0.0094
2026-01-10 21:41:54.743729 | Epoch:1716 | LR: 0.0000112 | Loss : 0.0067 | Val loss: 0.0091
2026-01-10 21:42:06.241562 | Epoch:1717 | LR: 0.0000112 | Loss : 0.0068 | Val loss: 0.0092
2026-01-10 21:42:17.809897 | Epoch:1718 | LR: 0.0000111 | Loss : 0.0069 | Val loss: 0.0092
2026-01-10 21:42:29.429081 | Epoch:1719 | LR: 0.0000111 | Loss : 0.0068 | Val loss: 0.0092
2026-01-10 21:42:40.871489 | Epoch:1720 | LR: 0.0000111 | Loss : 0.0069 | Val loss: 0.0094
2026-01-10 21:42:52.566236 | Epoch:1721 | LR: 0.0000111 | Loss : 0.0067 | Val loss: 0.0092
2026-01-10 21:43:04.119036 | Epoch:1722 | LR: 0.0000110 | Loss : 0.0068 | Val loss: 0.0089
2026-01-10 21:43:15.705950 | Epoch:1723 | LR: 0.0000110 | Loss : 0.0068 | Val loss: 0.0094
2026-01-10 21:43:27.305899 | Epoch:1724 | LR: 0.0000110 | Loss : 0.0068 | Val loss: 0.0093
2026-01-10 21:43:38.778311 | Epoch:1725 | LR: 0.0000110 | Loss : 0.0068 | Val loss: 0.0095
2026-01-10 21:43:50.172807 | Epoch:1726 | LR: 0.0000109 | Loss : 0.0068 | Val loss: 0.0093
2026-01-10 21:44:01.665794 | Epoch:1727 | LR: 0.0000109 | Loss : 0.0068 | Val loss: 0.0092
2026-01-10 21:44:13.228059 | Epoch:1728 | LR: 0.0000109 | Loss : 0.0068 | Val loss: 0.0089
2026-01-10 21:44:24.842304 | Epoch:1729 | LR: 0.0000109 | Loss : 0.0068 | Val loss: 0.0095
2026-01-10 21:44:36.407551 | Epoch:1730 | LR: 0.0000108 | Loss : 0.0069 | Val loss: 0.0093
2026-01-10 21:44:47.952464 | Epoch:1731 | LR: 0.0000108 | Loss : 0.0068 | Val loss: 0.0092
2026-01-10 21:44:59.359297 | Epoch:1732 | LR: 0.0000108 | Loss : 0.0068 | Val loss: 0.0093
2026-01-10 21:45:10.854900 | Epoch:1733 | LR: 0.0000108 | Loss : 0.0067 | Val loss: 0.0090
2026-01-10 21:45:22.352769 | Epoch:1734 | LR: 0.0000107 | Loss : 0.0068 | Val loss: 0.0091
2026-01-10 21:45:33.933791 | Epoch:1735 | LR: 0.0000107 | Loss : 0.0069 | Val loss: 0.0095
2026-01-10 21:45:45.330518 | Epoch:1736 | LR: 0.0000107 | Loss : 0.0068 | Val loss: 0.0092
2026-01-10 21:45:56.961138 | Epoch:1737 | LR: 0.0000107 | Loss : 0.0068 | Val loss: 0.0092
2026-01-10 21:46:08.330662 | Epoch:1738 | LR: 0.0000106 | Loss : 0.0068 | Val loss: 0.0092
2026-01-10 21:46:19.773962 | Epoch:1739 | LR: 0.0000106 | Loss : 0.0068 | Val loss: 0.0093
2026-01-10 21:46:31.374342 | Epoch:1740 | LR: 0.0000106 | Loss : 0.0069 | Val loss: 0.0092
2026-01-10 21:46:42.930258 | Epoch:1741 | LR: 0.0000106 | Loss : 0.0068 | Val loss: 0.0093
2026-01-10 21:46:54.369931 | Epoch:1742 | LR: 0.0000105 | Loss : 0.0067 | Val loss: 0.0090
2026-01-10 21:47:06.053374 | Epoch:1743 | LR: 0.0000105 | Loss : 0.0069 | Val loss: 0.0093
2026-01-10 21:47:17.381931 | Epoch:1744 | LR: 0.0000105 | Loss : 0.0068 | Val loss: 0.0093
2026-01-10 21:47:28.858427 | Epoch:1745 | LR: 0.0000104 | Loss : 0.0068 | Val loss: 0.0093
2026-01-10 21:47:40.334850 | Epoch:1746 | LR: 0.0000104 | Loss : 0.0068 | Val loss: 0.0095
2026-01-10 21:47:52.101948 | Epoch:1747 | LR: 0.0000104 | Loss : 0.0069 | Val loss: 0.0090
2026-01-10 21:48:03.599441 | Epoch:1748 | LR: 0.0000104 | Loss : 0.0069 | Val loss: 0.0094
2026-01-10 21:48:15.365609 | Epoch:1749 | LR: 0.0000103 | Loss : 0.0069 | Val loss: 0.0096
2026-01-10 21:48:26.779457 | Epoch:1750 | LR: 0.0000103 | Loss : 0.0067 | Val loss: 0.0094
2026-01-10 21:48:38.245847 | Epoch:1751 | LR: 0.0000103 | Loss : 0.0068 | Val loss: 0.0096
2026-01-10 21:48:49.770630 | Epoch:1752 | LR: 0.0000103 | Loss : 0.0069 | Val loss: 0.0095
2026-01-10 21:49:01.308252 | Epoch:1753 | LR: 0.0000102 | Loss : 0.0069 | Val loss: 0.0093
2026-01-10 21:49:12.682800 | Epoch:1754 | LR: 0.0000102 | Loss : 0.0068 | Val loss: 0.0094
2026-01-10 21:49:24.348573 | Epoch:1755 | LR: 0.0000102 | Loss : 0.0069 | Val loss: 0.0094
2026-01-10 21:49:35.717245 | Epoch:1756 | LR: 0.0000102 | Loss : 0.0069 | Val loss: 0.0092
2026-01-10 21:49:47.105828 | Epoch:1757 | LR: 0.0000101 | Loss : 0.0068 | Val loss: 0.0094
2026-01-10 21:49:58.577425 | Epoch:1758 | LR: 0.0000101 | Loss : 0.0068 | Val loss: 0.0094
2026-01-10 21:50:10.134249 | Epoch:1759 | LR: 0.0000101 | Loss : 0.0068 | Val loss: 0.0094
2026-01-10 21:50:21.484143 | Epoch:1760 | LR: 0.0000101 | Loss : 0.0068 | Val loss: 0.0095
2026-01-10 21:50:33.142499 | Epoch:1761 | LR: 0.0000100 | Loss : 0.0068 | Val loss: 0.0091
2026-01-10 21:50:44.585145 | Epoch:1762 | LR: 0.0000100 | Loss : 0.0067 | Val loss: 0.0093
2026-01-10 21:50:55.957545 | Epoch:1763 | LR: 0.0000100 | Loss : 0.0068 | Val loss: 0.0093
2026-01-10 21:51:07.441596 | Epoch:1764 | LR: 0.0000100 | Loss : 0.0067 | Val loss: 0.0094
2026-01-10 21:51:19.105260 | Epoch:1765 | LR: 0.0000099 | Loss : 0.0068 | Val loss: 0.0093
2026-01-10 21:51:30.426489 | Epoch:1766 | LR: 0.0000099 | Loss : 0.0069 | Val loss: 0.0095
2026-01-10 21:51:42.047343 | Epoch:1767 | LR: 0.0000099 | Loss : 0.0068 | Val loss: 0.0089
2026-01-10 21:51:53.477606 | Epoch:1768 | LR: 0.0000099 | Loss : 0.0068 | Val loss: 0.0090
2026-01-10 21:52:04.850427 | Epoch:1769 | LR: 0.0000098 | Loss : 0.0068 | Val loss: 0.0094
2026-01-10 21:52:16.386478 | Epoch:1770 | LR: 0.0000098 | Loss : 0.0068 | Val loss: 0.0090
2026-01-10 21:52:27.951331 | Epoch:1771 | LR: 0.0000098 | Loss : 0.0068 | Val loss: 0.0093
2026-01-10 21:52:39.345368 | Epoch:1772 | LR: 0.0000098 | Loss : 0.0068 | Val loss: 0.0093
2026-01-10 21:52:50.873621 | Epoch:1773 | LR: 0.0000097 | Loss : 0.0068 | Val loss: 0.0096
2026-01-10 21:53:02.509246 | Epoch:1774 | LR: 0.0000097 | Loss : 0.0067 | Val loss: 0.0091
2026-01-10 21:53:14.031118 | Epoch:1775 | LR: 0.0000097 | Loss : 0.0067 | Val loss: 0.0096
2026-01-10 21:53:25.695748 | Epoch:1776 | LR: 0.0000097 | Loss : 0.0068 | Val loss: 0.0092
2026-01-10 21:53:37.319907 | Epoch:1777 | LR: 0.0000096 | Loss : 0.0068 | Val loss: 0.0092
2026-01-10 21:53:48.744653 | Epoch:1778 | LR: 0.0000096 | Loss : 0.0068 | Val loss: 0.0094
2026-01-10 21:54:00.252051 | Epoch:1779 | LR: 0.0000096 | Loss : 0.0069 | Val loss: 0.0094
2026-01-10 21:54:11.764459 | Epoch:1780 | LR: 0.0000096 | Loss : 0.0068 | Val loss: 0.0091
2026-01-10 21:54:23.133307 | Epoch:1781 | LR: 0.0000095 | Loss : 0.0068 | Val loss: 0.0095
2026-01-10 21:54:34.668166 | Epoch:1782 | LR: 0.0000095 | Loss : 0.0068 | Val loss: 0.0093
2026-01-10 21:54:46.277646 | Epoch:1783 | LR: 0.0000095 | Loss : 0.0067 | Val loss: 0.0091
2026-01-10 21:54:57.752481 | Epoch:1784 | LR: 0.0000095 | Loss : 0.0068 | Val loss: 0.0092
2026-01-10 21:55:09.207362 | Epoch:1785 | LR: 0.0000094 | Loss : 0.0068 | Val loss: 0.0096
2026-01-10 21:55:20.851088 | Epoch:1786 | LR: 0.0000094 | Loss : 0.0067 | Val loss: 0.0095
2026-01-10 21:55:32.191962 | Epoch:1787 | LR: 0.0000094 | Loss : 0.0068 | Val loss: 0.0093
2026-01-10 21:55:43.687502 | Epoch:1788 | LR: 0.0000094 | Loss : 0.0068 | Val loss: 0.0095
2026-01-10 21:55:55.342323 | Epoch:1789 | LR: 0.0000093 | Loss : 0.0069 | Val loss: 0.0094
2026-01-10 21:56:06.707183 | Epoch:1790 | LR: 0.0000093 | Loss : 0.0067 | Val loss: 0.0095
2026-01-10 21:56:18.218823 | Epoch:1791 | LR: 0.0000093 | Loss : 0.0069 | Val loss: 0.0094
2026-01-10 21:56:29.828249 | Epoch:1792 | LR: 0.0000093 | Loss : 0.0067 | Val loss: 0.0094
2026-01-10 21:56:41.230166 | Epoch:1793 | LR: 0.0000093 | Loss : 0.0067 | Val loss: 0.0094
2026-01-10 21:56:52.754781 | Epoch:1794 | LR: 0.0000092 | Loss : 0.0068 | Val loss: 0.0092
2026-01-10 21:57:04.361353 | Epoch:1795 | LR: 0.0000092 | Loss : 0.0067 | Val loss: 0.0093
2026-01-10 21:57:15.752627 | Epoch:1796 | LR: 0.0000092 | Loss : 0.0068 | Val loss: 0.0097
2026-01-10 21:57:27.329670 | Epoch:1797 | LR: 0.0000092 | Loss : 0.0067 | Val loss: 0.0091
2026-01-10 21:57:38.919742 | Epoch:1798 | LR: 0.0000091 | Loss : 0.0068 | Val loss: 0.0093
2026-01-10 21:57:50.321192 | Epoch:1799 | LR: 0.0000091 | Loss : 0.0068 | Val loss: 0.0093
2026-01-10 21:58:01.843481 | Epoch:1800 | LR: 0.0000091 | Loss : 0.0068 | Val loss: 0.0094
2026-01-10 21:58:13.376442 | Epoch:1801 | LR: 0.0000091 | Loss : 0.0068 | Val loss: 0.0094
2026-01-10 21:58:24.918489 | Epoch:1802 | LR: 0.0000090 | Loss : 0.0068 | Val loss: 0.0092
2026-01-10 21:58:36.576392 | Epoch:1803 | LR: 0.0000090 | Loss : 0.0067 | Val loss: 0.0095
2026-01-10 21:58:48.246304 | Epoch:1804 | LR: 0.0000090 | Loss : 0.0067 | Val loss: 0.0095
2026-01-10 21:58:59.622024 | Epoch:1805 | LR: 0.0000090 | Loss : 0.0068 | Val loss: 0.0095
2026-01-10 21:59:11.140023 | Epoch:1806 | LR: 0.0000089 | Loss : 0.0068 | Val loss: 0.0097
2026-01-10 21:59:22.762709 | Epoch:1807 | LR: 0.0000089 | Loss : 0.0068 | Val loss: 0.0095
2026-01-10 21:59:34.373930 | Epoch:1808 | LR: 0.0000089 | Loss : 0.0068 | Val loss: 0.0095
2026-01-10 21:59:45.778655 | Epoch:1809 | LR: 0.0000089 | Loss : 0.0067 | Val loss: 0.0093
2026-01-10 21:59:57.417406 | Epoch:1810 | LR: 0.0000088 | Loss : 0.0067 | Val loss: 0.0095
2026-01-10 22:00:08.914480 | Epoch:1811 | LR: 0.0000088 | Loss : 0.0067 | Val loss: 0.0095
2026-01-10 22:00:20.347308 | Epoch:1812 | LR: 0.0000088 | Loss : 0.0067 | Val loss: 0.0094
2026-01-10 22:00:31.912798 | Epoch:1813 | LR: 0.0000088 | Loss : 0.0068 | Val loss: 0.0096
2026-01-10 22:00:43.496689 | Epoch:1814 | LR: 0.0000087 | Loss : 0.0068 | Val loss: 0.0098
2026-01-10 22:00:54.981273 | Epoch:1815 | LR: 0.0000087 | Loss : 0.0068 | Val loss: 0.0095
2026-01-10 22:01:06.611133 | Epoch:1816 | LR: 0.0000087 | Loss : 0.0068 | Val loss: 0.0095
2026-01-10 22:01:18.023955 | Epoch:1817 | LR: 0.0000087 | Loss : 0.0068 | Val loss: 0.0093
2026-01-10 22:01:29.478698 | Epoch:1818 | LR: 0.0000086 | Loss : 0.0067 | Val loss: 0.0095
2026-01-10 22:01:41.058217 | Epoch:1819 | LR: 0.0000086 | Loss : 0.0067 | Val loss: 0.0095
2026-01-10 22:01:52.482972 | Epoch:1820 | LR: 0.0000086 | Loss : 0.0068 | Val loss: 0.0092
2026-01-10 22:02:03.910615 | Epoch:1821 | LR: 0.0000086 | Loss : 0.0067 | Val loss: 0.0093
2026-01-10 22:02:15.486236 | Epoch:1822 | LR: 0.0000086 | Loss : 0.0068 | Val loss: 0.0092
2026-01-10 22:02:26.967443 | Epoch:1823 | LR: 0.0000085 | Loss : 0.0068 | Val loss: 0.0094
2026-01-10 22:02:38.562101 | Epoch:1824 | LR: 0.0000085 | Loss : 0.0068 | Val loss: 0.0096
2026-01-10 22:02:50.168686 | Epoch:1825 | LR: 0.0000085 | Loss : 0.0068 | Val loss: 0.0093
2026-01-10 22:03:01.604135 | Epoch:1826 | LR: 0.0000085 | Loss : 0.0068 | Val loss: 0.0093
2026-01-10 22:03:13.084122 | Epoch:1827 | LR: 0.0000084 | Loss : 0.0068 | Val loss: 0.0094
2026-01-10 22:03:24.652362 | Epoch:1828 | LR: 0.0000084 | Loss : 0.0068 | Val loss: 0.0093
2026-01-10 22:03:36.286626 | Epoch:1829 | LR: 0.0000084 | Loss : 0.0068 | Val loss: 0.0091
2026-01-10 22:03:47.851793 | Epoch:1830 | LR: 0.0000084 | Loss : 0.0067 | Val loss: 0.0090
2026-01-10 22:03:59.496503 | Epoch:1831 | LR: 0.0000083 | Loss : 0.0068 | Val loss: 0.0096
2026-01-10 22:04:11.016751 | Epoch:1832 | LR: 0.0000083 | Loss : 0.0068 | Val loss: 0.0092
2026-01-10 22:04:22.419375 | Epoch:1833 | LR: 0.0000083 | Loss : 0.0068 | Val loss: 0.0093
2026-01-10 22:04:34.005350 | Epoch:1834 | LR: 0.0000083 | Loss : 0.0068 | Val loss: 0.0097
2026-01-10 22:04:45.497756 | Epoch:1835 | LR: 0.0000082 | Loss : 0.0068 | Val loss: 0.0095
2026-01-10 22:04:56.876958 | Epoch:1836 | LR: 0.0000082 | Loss : 0.0066 | Val loss: 0.0092
2026-01-10 22:05:08.381546 | Epoch:1837 | LR: 0.0000082 | Loss : 0.0068 | Val loss: 0.0091
2026-01-10 22:05:19.925419 | Epoch:1838 | LR: 0.0000082 | Loss : 0.0068 | Val loss: 0.0096
2026-01-10 22:05:31.363035 | Epoch:1839 | LR: 0.0000082 | Loss : 0.0067 | Val loss: 0.0092
2026-01-10 22:05:43.009271 | Epoch:1840 | LR: 0.0000081 | Loss : 0.0067 | Val loss: 0.0093
2026-01-10 22:05:54.514624 | Epoch:1841 | LR: 0.0000081 | Loss : 0.0068 | Val loss: 0.0094
2026-01-10 22:06:05.854348 | Epoch:1842 | LR: 0.0000081 | Loss : 0.0067 | Val loss: 0.0092
2026-01-10 22:06:17.337572 | Epoch:1843 | LR: 0.0000081 | Loss : 0.0068 | Val loss: 0.0091
2026-01-10 22:06:28.842445 | Epoch:1844 | LR: 0.0000080 | Loss : 0.0067 | Val loss: 0.0096
2026-01-10 22:06:40.201832 | Epoch:1845 | LR: 0.0000080 | Loss : 0.0067 | Val loss: 0.0096
2026-01-10 22:06:51.897442 | Epoch:1846 | LR: 0.0000080 | Loss : 0.0068 | Val loss: 0.0091
2026-01-10 22:07:03.401718 | Epoch:1847 | LR: 0.0000080 | Loss : 0.0068 | Val loss: 0.0096
2026-01-10 22:07:14.734976 | Epoch:1848 | LR: 0.0000079 | Loss : 0.0068 | Val loss: 0.0095
2026-01-10 22:07:26.271269 | Epoch:1849 | LR: 0.0000079 | Loss : 0.0068 | Val loss: 0.0091
2026-01-10 22:07:37.691955 | Epoch:1850 | LR: 0.0000079 | Loss : 0.0068 | Val loss: 0.0094
2026-01-10 22:07:49.037649 | Epoch:1851 | LR: 0.0000079 | Loss : 0.0067 | Val loss: 0.0092
2026-01-10 22:08:00.741144 | Epoch:1852 | LR: 0.0000079 | Loss : 0.0067 | Val loss: 0.0093
2026-01-10 22:08:12.201787 | Epoch:1853 | LR: 0.0000078 | Loss : 0.0067 | Val loss: 0.0095
2026-01-10 22:08:23.661497 | Epoch:1854 | LR: 0.0000078 | Loss : 0.0067 | Val loss: 0.0094
2026-01-10 22:08:35.066222 | Epoch:1855 | LR: 0.0000078 | Loss : 0.0068 | Val loss: 0.0096
2026-01-10 22:08:46.435134 | Epoch:1856 | LR: 0.0000078 | Loss : 0.0068 | Val loss: 0.0095
2026-01-10 22:08:57.983286 | Epoch:1857 | LR: 0.0000077 | Loss : 0.0068 | Val loss: 0.0091
2026-01-10 22:09:09.727396 | Epoch:1858 | LR: 0.0000077 | Loss : 0.0067 | Val loss: 0.0092
2026-01-10 22:09:21.100673 | Epoch:1859 | LR: 0.0000077 | Loss : 0.0068 | Val loss: 0.0094
2026-01-10 22:09:32.621939 | Epoch:1860 | LR: 0.0000077 | Loss : 0.0068 | Val loss: 0.0093
2026-01-10 22:09:43.998915 | Epoch:1861 | LR: 0.0000077 | Loss : 0.0067 | Val loss: 0.0091
2026-01-10 22:09:55.411942 | Epoch:1862 | LR: 0.0000076 | Loss : 0.0068 | Val loss: 0.0095
2026-01-10 22:10:06.812675 | Epoch:1863 | LR: 0.0000076 | Loss : 0.0069 | Val loss: 0.0097
2026-01-10 22:10:18.499387 | Epoch:1864 | LR: 0.0000076 | Loss : 0.0068 | Val loss: 0.0094
2026-01-10 22:10:29.915542 | Epoch:1865 | LR: 0.0000076 | Loss : 0.0067 | Val loss: 0.0093
2026-01-10 22:10:41.486720 | Epoch:1866 | LR: 0.0000075 | Loss : 0.0068 | Val loss: 0.0094
2026-01-10 22:10:52.843902 | Epoch:1867 | LR: 0.0000075 | Loss : 0.0068 | Val loss: 0.0094
2026-01-10 22:11:04.259749 | Epoch:1868 | LR: 0.0000075 | Loss : 0.0068 | Val loss: 0.0094
2026-01-10 22:11:15.688019 | Epoch:1869 | LR: 0.0000075 | Loss : 0.0068 | Val loss: 0.0094
2026-01-10 22:11:27.339925 | Epoch:1870 | LR: 0.0000074 | Loss : 0.0068 | Val loss: 0.0093
2026-01-10 22:11:38.723734 | Epoch:1871 | LR: 0.0000074 | Loss : 0.0068 | Val loss: 0.0095
2026-01-10 22:11:50.332386 | Epoch:1872 | LR: 0.0000074 | Loss : 0.0068 | Val loss: 0.0092
2026-01-10 22:12:01.708460 | Epoch:1873 | LR: 0.0000074 | Loss : 0.0067 | Val loss: 0.0093
2026-01-10 22:12:13.168668 | Epoch:1874 | LR: 0.0000074 | Loss : 0.0067 | Val loss: 0.0093
2026-01-10 22:12:24.568055 | Epoch:1875 | LR: 0.0000073 | Loss : 0.0068 | Val loss: 0.0096
2026-01-10 22:12:36.111567 | Epoch:1876 | LR: 0.0000073 | Loss : 0.0068 | Val loss: 0.0093
2026-01-10 22:12:47.595650 | Epoch:1877 | LR: 0.0000073 | Loss : 0.0068 | Val loss: 0.0094
2026-01-10 22:12:59.205140 | Epoch:1878 | LR: 0.0000073 | Loss : 0.0068 | Val loss: 0.0091
2026-01-10 22:13:10.603278 | Epoch:1879 | LR: 0.0000072 | Loss : 0.0067 | Val loss: 0.0094
2026-01-10 22:13:22.048457 | Epoch:1880 | LR: 0.0000072 | Loss : 0.0068 | Val loss: 0.0098
2026-01-10 22:13:33.491072 | Epoch:1881 | LR: 0.0000072 | Loss : 0.0068 | Val loss: 0.0095
2026-01-10 22:13:44.985158 | Epoch:1882 | LR: 0.0000072 | Loss : 0.0067 | Val loss: 0.0095
2026-01-10 22:13:56.490257 | Epoch:1883 | LR: 0.0000072 | Loss : 0.0067 | Val loss: 0.0095
2026-01-10 22:14:08.192660 | Epoch:1884 | LR: 0.0000071 | Loss : 0.0067 | Val loss: 0.0095
2026-01-10 22:14:19.702121 | Epoch:1885 | LR: 0.0000071 | Loss : 0.0067 | Val loss: 0.0095
2026-01-10 22:14:31.266069 | Epoch:1886 | LR: 0.0000071 | Loss : 0.0067 | Val loss: 0.0091
2026-01-10 22:14:42.738439 | Epoch:1887 | LR: 0.0000071 | Loss : 0.0067 | Val loss: 0.0096
2026-01-10 22:14:54.243303 | Epoch:1888 | LR: 0.0000070 | Loss : 0.0067 | Val loss: 0.0093
2026-01-10 22:15:05.750037 | Epoch:1889 | LR: 0.0000070 | Loss : 0.0068 | Val loss: 0.0097
2026-01-10 22:15:17.311384 | Epoch:1890 | LR: 0.0000070 | Loss : 0.0067 | Val loss: 0.0096
2026-01-10 22:15:28.741538 | Epoch:1891 | LR: 0.0000070 | Loss : 0.0067 | Val loss: 0.0094
2026-01-10 22:15:40.099779 | Epoch:1892 | LR: 0.0000070 | Loss : 0.0067 | Val loss: 0.0095
2026-01-10 22:15:51.506664 | Epoch:1893 | LR: 0.0000069 | Loss : 0.0068 | Val loss: 0.0093
2026-01-10 22:16:02.963356 | Epoch:1894 | LR: 0.0000069 | Loss : 0.0068 | Val loss: 0.0093
2026-01-10 22:16:14.566764 | Epoch:1895 | LR: 0.0000069 | Loss : 0.0067 | Val loss: 0.0094
2026-01-10 22:16:26.078633 | Epoch:1896 | LR: 0.0000069 | Loss : 0.0068 | Val loss: 0.0095
2026-01-10 22:16:37.592415 | Epoch:1897 | LR: 0.0000069 | Loss : 0.0067 | Val loss: 0.0092
2026-01-10 22:16:48.954705 | Epoch:1898 | LR: 0.0000068 | Loss : 0.0068 | Val loss: 0.0093
2026-01-10 22:17:00.408872 | Epoch:1899 | LR: 0.0000068 | Loss : 0.0068 | Val loss: 0.0093
2026-01-10 22:17:11.893321 | Epoch:1900 | LR: 0.0000068 | Loss : 0.0068 | Val loss: 0.0095
2026-01-10 22:17:23.566045 | Epoch:1901 | LR: 0.0000068 | Loss : 0.0067 | Val loss: 0.0095
2026-01-10 22:17:35.086753 | Epoch:1902 | LR: 0.0000067 | Loss : 0.0068 | Val loss: 0.0095
2026-01-10 22:17:46.617858 | Epoch:1903 | LR: 0.0000067 | Loss : 0.0067 | Val loss: 0.0096
2026-01-10 22:17:58.019198 | Epoch:1904 | LR: 0.0000067 | Loss : 0.0067 | Val loss: 0.0094
2026-01-10 22:18:09.600087 | Epoch:1905 | LR: 0.0000067 | Loss : 0.0068 | Val loss: 0.0095
2026-01-10 22:18:21.047043 | Epoch:1906 | LR: 0.0000067 | Loss : 0.0067 | Val loss: 0.0095
2026-01-10 22:18:32.625143 | Epoch:1907 | LR: 0.0000066 | Loss : 0.0068 | Val loss: 0.0094
2026-01-10 22:18:44.070846 | Epoch:1908 | LR: 0.0000066 | Loss : 0.0067 | Val loss: 0.0099
2026-01-10 22:18:55.665252 | Epoch:1909 | LR: 0.0000066 | Loss : 0.0068 | Val loss: 0.0094
2026-01-10 22:19:07.052077 | Epoch:1910 | LR: 0.0000066 | Loss : 0.0066 | Val loss: 0.0097
2026-01-10 22:19:18.531251 | Epoch:1911 | LR: 0.0000066 | Loss : 0.0068 | Val loss: 0.0096
2026-01-10 22:19:30.190432 | Epoch:1912 | LR: 0.0000065 | Loss : 0.0067 | Val loss: 0.0095
2026-01-10 22:19:42.031578 | Epoch:1913 | LR: 0.0000065 | Loss : 0.0067 | Val loss: 0.0095
2026-01-10 22:19:53.446880 | Epoch:1914 | LR: 0.0000065 | Loss : 0.0067 | Val loss: 0.0094
2026-01-10 22:20:05.078283 | Epoch:1915 | LR: 0.0000065 | Loss : 0.0067 | Val loss: 0.0095
2026-01-10 22:20:16.505521 | Epoch:1916 | LR: 0.0000064 | Loss : 0.0067 | Val loss: 0.0094
2026-01-10 22:20:28.052243 | Epoch:1917 | LR: 0.0000064 | Loss : 0.0069 | Val loss: 0.0097
2026-01-10 22:20:39.504998 | Epoch:1918 | LR: 0.0000064 | Loss : 0.0068 | Val loss: 0.0092
2026-01-10 22:20:51.111353 | Epoch:1919 | LR: 0.0000064 | Loss : 0.0067 | Val loss: 0.0097
2026-01-10 22:21:02.860986 | Epoch:1920 | LR: 0.0000064 | Loss : 0.0067 | Val loss: 0.0097
2026-01-10 22:21:14.469071 | Epoch:1921 | LR: 0.0000063 | Loss : 0.0067 | Val loss: 0.0094
2026-01-10 22:21:25.867527 | Epoch:1922 | LR: 0.0000063 | Loss : 0.0067 | Val loss: 0.0093
2026-01-10 22:21:37.401798 | Epoch:1923 | LR: 0.0000063 | Loss : 0.0068 | Val loss: 0.0095
2026-01-10 22:21:48.893940 | Epoch:1924 | LR: 0.0000063 | Loss : 0.0068 | Val loss: 0.0095
2026-01-10 22:22:00.469893 | Epoch:1925 | LR: 0.0000063 | Loss : 0.0068 | Val loss: 0.0096
2026-01-10 22:22:12.156605 | Epoch:1926 | LR: 0.0000062 | Loss : 0.0067 | Val loss: 0.0095
2026-01-10 22:22:23.805514 | Epoch:1927 | LR: 0.0000062 | Loss : 0.0067 | Val loss: 0.0095
2026-01-10 22:22:35.183821 | Epoch:1928 | LR: 0.0000062 | Loss : 0.0069 | Val loss: 0.0092
2026-01-10 22:22:46.619156 | Epoch:1929 | LR: 0.0000062 | Loss : 0.0068 | Val loss: 0.0095
2026-01-10 22:22:58.030034 | Epoch:1930 | LR: 0.0000062 | Loss : 0.0067 | Val loss: 0.0098
2026-01-10 22:23:09.653846 | Epoch:1931 | LR: 0.0000061 | Loss : 0.0068 | Val loss: 0.0094
2026-01-10 22:23:21.086726 | Epoch:1932 | LR: 0.0000061 | Loss : 0.0067 | Val loss: 0.0094
2026-01-10 22:23:32.702461 | Epoch:1933 | LR: 0.0000061 | Loss : 0.0068 | Val loss: 0.0094
2026-01-10 22:23:44.100118 | Epoch:1934 | LR: 0.0000061 | Loss : 0.0067 | Val loss: 0.0093
2026-01-10 22:23:55.566455 | Epoch:1935 | LR: 0.0000061 | Loss : 0.0068 | Val loss: 0.0092
2026-01-10 22:24:07.261854 | Epoch:1936 | LR: 0.0000060 | Loss : 0.0067 | Val loss: 0.0094
2026-01-10 22:24:18.883230 | Epoch:1937 | LR: 0.0000060 | Loss : 0.0069 | Val loss: 0.0096
2026-01-10 22:24:30.355167 | Epoch:1938 | LR: 0.0000060 | Loss : 0.0067 | Val loss: 0.0094
2026-01-10 22:24:41.991357 | Epoch:1939 | LR: 0.0000060 | Loss : 0.0067 | Val loss: 0.0097
2026-01-10 22:24:53.521169 | Epoch:1940 | LR: 0.0000060 | Loss : 0.0068 | Val loss: 0.0092
2026-01-10 22:25:05.057801 | Epoch:1941 | LR: 0.0000059 | Loss : 0.0068 | Val loss: 0.0095
2026-01-10 22:25:16.607054 | Epoch:1942 | LR: 0.0000059 | Loss : 0.0067 | Val loss: 0.0094
2026-01-10 22:25:28.156281 | Epoch:1943 | LR: 0.0000059 | Loss : 0.0067 | Val loss: 0.0094
2026-01-10 22:25:39.638222 | Epoch:1944 | LR: 0.0000059 | Loss : 0.0068 | Val loss: 0.0096
2026-01-10 22:25:51.190609 | Epoch:1945 | LR: 0.0000058 | Loss : 0.0067 | Val loss: 0.0095
2026-01-10 22:26:02.705027 | Epoch:1946 | LR: 0.0000058 | Loss : 0.0067 | Val loss: 0.0092
2026-01-10 22:26:14.168053 | Epoch:1947 | LR: 0.0000058 | Loss : 0.0068 | Val loss: 0.0094
2026-01-10 22:26:25.694136 | Epoch:1948 | LR: 0.0000058 | Loss : 0.0068 | Val loss: 0.0093
2026-01-10 22:26:37.133426 | Epoch:1949 | LR: 0.0000058 | Loss : 0.0068 | Val loss: 0.0092
2026-01-10 22:26:48.683658 | Epoch:1950 | LR: 0.0000057 | Loss : 0.0068 | Val loss: 0.0095
2026-01-10 22:27:00.264977 | Epoch:1951 | LR: 0.0000057 | Loss : 0.0068 | Val loss: 0.0095
2026-01-10 22:27:11.788793 | Epoch:1952 | LR: 0.0000057 | Loss : 0.0067 | Val loss: 0.0094
2026-01-10 22:27:23.230962 | Epoch:1953 | LR: 0.0000057 | Loss : 0.0067 | Val loss: 0.0095
2026-01-10 22:27:34.665474 | Epoch:1954 | LR: 0.0000057 | Loss : 0.0067 | Val loss: 0.0093
2026-01-10 22:27:46.148925 | Epoch:1955 | LR: 0.0000056 | Loss : 0.0067 | Val loss: 0.0095
2026-01-10 22:27:57.692552 | Epoch:1956 | LR: 0.0000056 | Loss : 0.0066 | Val loss: 0.0096
2026-01-10 22:28:09.237568 | Epoch:1957 | LR: 0.0000056 | Loss : 0.0067 | Val loss: 0.0096
2026-01-10 22:28:20.755771 | Epoch:1958 | LR: 0.0000056 | Loss : 0.0067 | Val loss: 0.0095
2026-01-10 22:28:32.172285 | Epoch:1959 | LR: 0.0000056 | Loss : 0.0067 | Val loss: 0.0094
2026-01-10 22:28:43.626890 | Epoch:1960 | LR: 0.0000056 | Loss : 0.0066 | Val loss: 0.0095
2026-01-10 22:28:55.039908 | Epoch:1961 | LR: 0.0000055 | Loss : 0.0068 | Val loss: 0.0094
2026-01-10 22:29:06.621744 | Epoch:1962 | LR: 0.0000055 | Loss : 0.0067 | Val loss: 0.0095
2026-01-10 22:29:18.050544 | Epoch:1963 | LR: 0.0000055 | Loss : 0.0068 | Val loss: 0.0096
2026-01-10 22:29:29.603130 | Epoch:1964 | LR: 0.0000055 | Loss : 0.0067 | Val loss: 0.0094
2026-01-10 22:29:40.967495 | Epoch:1965 | LR: 0.0000055 | Loss : 0.0067 | Val loss: 0.0096
2026-01-10 22:29:52.451459 | Epoch:1966 | LR: 0.0000054 | Loss : 0.0068 | Val loss: 0.0095
2026-01-10 22:30:03.969671 | Epoch:1967 | LR: 0.0000054 | Loss : 0.0067 | Val loss: 0.0096
2026-01-10 22:30:15.781184 | Epoch:1968 | LR: 0.0000054 | Loss : 0.0068 | Val loss: 0.0095
2026-01-10 22:30:27.284984 | Epoch:1969 | LR: 0.0000054 | Loss : 0.0067 | Val loss: 0.0093
2026-01-10 22:30:38.901888 | Epoch:1970 | LR: 0.0000054 | Loss : 0.0067 | Val loss: 0.0092
2026-01-10 22:30:50.374777 | Epoch:1971 | LR: 0.0000053 | Loss : 0.0068 | Val loss: 0.0093
2026-01-10 22:31:01.895095 | Epoch:1972 | LR: 0.0000053 | Loss : 0.0068 | Val loss: 0.0096
2026-01-10 22:31:13.270714 | Epoch:1973 | LR: 0.0000053 | Loss : 0.0067 | Val loss: 0.0094
2026-01-10 22:31:24.877913 | Epoch:1974 | LR: 0.0000053 | Loss : 0.0067 | Val loss: 0.0096
2026-01-10 22:31:36.425364 | Epoch:1975 | LR: 0.0000053 | Loss : 0.0066 | Val loss: 0.0094
2026-01-10 22:31:47.984444 | Epoch:1976 | LR: 0.0000052 | Loss : 0.0067 | Val loss: 0.0095
2026-01-10 22:31:59.396131 | Epoch:1977 | LR: 0.0000052 | Loss : 0.0069 | Val loss: 0.0099
2026-01-10 22:32:10.927051 | Epoch:1978 | LR: 0.0000052 | Loss : 0.0068 | Val loss: 0.0096
2026-01-10 22:32:22.370001 | Epoch:1979 | LR: 0.0000052 | Loss : 0.0067 | Val loss: 0.0097
2026-01-10 22:32:33.916225 | Epoch:1980 | LR: 0.0000052 | Loss : 0.0067 | Val loss: 0.0094
2026-01-10 22:32:45.445739 | Epoch:1981 | LR: 0.0000051 | Loss : 0.0067 | Val loss: 0.0099
2026-01-10 22:32:56.988537 | Epoch:1982 | LR: 0.0000051 | Loss : 0.0067 | Val loss: 0.0094
2026-01-10 22:33:08.456298 | Epoch:1983 | LR: 0.0000051 | Loss : 0.0068 | Val loss: 0.0096
2026-01-10 22:33:19.897780 | Epoch:1984 | LR: 0.0000051 | Loss : 0.0067 | Val loss: 0.0093
2026-01-10 22:33:31.366993 | Epoch:1985 | LR: 0.0000051 | Loss : 0.0067 | Val loss: 0.0097
2026-01-10 22:33:42.921452 | Epoch:1986 | LR: 0.0000050 | Loss : 0.0067 | Val loss: 0.0095
2026-01-10 22:33:54.469173 | Epoch:1987 | LR: 0.0000050 | Loss : 0.0067 | Val loss: 0.0096
2026-01-10 22:34:05.948832 | Epoch:1988 | LR: 0.0000050 | Loss : 0.0067 | Val loss: 0.0095
2026-01-10 22:34:17.441279 | Epoch:1989 | LR: 0.0000050 | Loss : 0.0067 | Val loss: 0.0096
2026-01-10 22:34:28.974556 | Epoch:1990 | LR: 0.0000050 | Loss : 0.0067 | Val loss: 0.0098
2026-01-10 22:34:40.408470 | Epoch:1991 | LR: 0.0000050 | Loss : 0.0068 | Val loss: 0.0094
2026-01-10 22:34:51.921114 | Epoch:1992 | LR: 0.0000049 | Loss : 0.0068 | Val loss: 0.0091
2026-01-10 22:35:03.411280 | Epoch:1993 | LR: 0.0000049 | Loss : 0.0068 | Val loss: 0.0094
2026-01-10 22:35:14.997072 | Epoch:1994 | LR: 0.0000049 | Loss : 0.0067 | Val loss: 0.0094
2026-01-10 22:35:26.646524 | Epoch:1995 | LR: 0.0000049 | Loss : 0.0067 | Val loss: 0.0097
2026-01-10 22:35:38.162787 | Epoch:1996 | LR: 0.0000049 | Loss : 0.0068 | Val loss: 0.0095
2026-01-10 22:35:49.642814 | Epoch:1997 | LR: 0.0000048 | Loss : 0.0067 | Val loss: 0.0097
2026-01-10 22:36:01.233394 | Epoch:1998 | LR: 0.0000048 | Loss : 0.0067 | Val loss: 0.0096
2026-01-10 22:36:12.763584 | Epoch:1999 | LR: 0.0000048 | Loss : 0.0067 | Val loss: 0.0099
2026-01-10 22:36:24.193820 | Epoch:2000 | LR: 0.0000048 | Loss : 0.0067 | Val loss: 0.0096
2026-01-10 22:36:35.746985 | Epoch:2001 | LR: 0.0000048 | Loss : 0.0067 | Val loss: 0.0096
2026-01-10 22:36:47.160615 | Epoch:2002 | LR: 0.0000047 | Loss : 0.0067 | Val loss: 0.0094
2026-01-10 22:36:58.733627 | Epoch:2003 | LR: 0.0000047 | Loss : 0.0067 | Val loss: 0.0096
2026-01-10 22:37:10.240675 | Epoch:2004 | LR: 0.0000047 | Loss : 0.0067 | Val loss: 0.0096
2026-01-10 22:37:21.789053 | Epoch:2005 | LR: 0.0000047 | Loss : 0.0067 | Val loss: 0.0095
2026-01-10 22:37:33.168142 | Epoch:2006 | LR: 0.0000047 | Loss : 0.0068 | Val loss: 0.0098
2026-01-10 22:37:44.748284 | Epoch:2007 | LR: 0.0000047 | Loss : 0.0068 | Val loss: 0.0095
2026-01-10 22:37:56.155601 | Epoch:2008 | LR: 0.0000046 | Loss : 0.0067 | Val loss: 0.0096
2026-01-10 22:38:07.594059 | Epoch:2009 | LR: 0.0000046 | Loss : 0.0068 | Val loss: 0.0096
2026-01-10 22:38:19.065042 | Epoch:2010 | LR: 0.0000046 | Loss : 0.0068 | Val loss: 0.0095
2026-01-10 22:38:30.622457 | Epoch:2011 | LR: 0.0000046 | Loss : 0.0067 | Val loss: 0.0094
2026-01-10 22:38:41.959334 | Epoch:2012 | LR: 0.0000046 | Loss : 0.0067 | Val loss: 0.0096
2026-01-10 22:38:53.544340 | Epoch:2013 | LR: 0.0000045 | Loss : 0.0067 | Val loss: 0.0097
2026-01-10 22:39:04.943951 | Epoch:2014 | LR: 0.0000045 | Loss : 0.0068 | Val loss: 0.0099
2026-01-10 22:39:16.339085 | Epoch:2015 | LR: 0.0000045 | Loss : 0.0067 | Val loss: 0.0097
2026-01-10 22:39:27.771375 | Epoch:2016 | LR: 0.0000045 | Loss : 0.0067 | Val loss: 0.0095
2026-01-10 22:39:39.342331 | Epoch:2017 | LR: 0.0000045 | Loss : 0.0067 | Val loss: 0.0096
2026-01-10 22:39:50.712670 | Epoch:2018 | LR: 0.0000045 | Loss : 0.0067 | Val loss: 0.0098
2026-01-10 22:40:02.356610 | Epoch:2019 | LR: 0.0000044 | Loss : 0.0068 | Val loss: 0.0096
2026-01-10 22:40:13.712445 | Epoch:2020 | LR: 0.0000044 | Loss : 0.0067 | Val loss: 0.0098
2026-01-10 22:40:25.113836 | Epoch:2021 | LR: 0.0000044 | Loss : 0.0066 | Val loss: 0.0097
2026-01-10 22:40:36.758938 | Epoch:2022 | LR: 0.0000044 | Loss : 0.0067 | Val loss: 0.0098
2026-01-10 22:40:48.441748 | Epoch:2023 | LR: 0.0000044 | Loss : 0.0067 | Val loss: 0.0098
2026-01-10 22:40:59.820978 | Epoch:2024 | LR: 0.0000044 | Loss : 0.0068 | Val loss: 0.0096
2026-01-10 22:41:11.395806 | Epoch:2025 | LR: 0.0000043 | Loss : 0.0067 | Val loss: 0.0098
2026-01-10 22:41:22.861997 | Epoch:2026 | LR: 0.0000043 | Loss : 0.0067 | Val loss: 0.0097
2026-01-10 22:41:34.299622 | Epoch:2027 | LR: 0.0000043 | Loss : 0.0066 | Val loss: 0.0094
2026-01-10 22:41:45.781056 | Epoch:2028 | LR: 0.0000043 | Loss : 0.0067 | Val loss: 0.0096
2026-01-10 22:41:57.314278 | Epoch:2029 | LR: 0.0000043 | Loss : 0.0067 | Val loss: 0.0096
2026-01-10 22:42:08.701275 | Epoch:2030 | LR: 0.0000042 | Loss : 0.0068 | Val loss: 0.0095
2026-01-10 22:42:20.263600 | Epoch:2031 | LR: 0.0000042 | Loss : 0.0067 | Val loss: 0.0094
2026-01-10 22:42:31.917066 | Epoch:2032 | LR: 0.0000042 | Loss : 0.0066 | Val loss: 0.0098
2026-01-10 22:42:43.333443 | Epoch:2033 | LR: 0.0000042 | Loss : 0.0068 | Val loss: 0.0096
2026-01-10 22:42:54.802357 | Epoch:2034 | LR: 0.0000042 | Loss : 0.0067 | Val loss: 0.0098
2026-01-10 22:43:06.338909 | Epoch:2035 | LR: 0.0000042 | Loss : 0.0068 | Val loss: 0.0097
2026-01-10 22:43:17.711796 | Epoch:2036 | LR: 0.0000041 | Loss : 0.0067 | Val loss: 0.0097
2026-01-10 22:43:29.467029 | Epoch:2037 | LR: 0.0000041 | Loss : 0.0067 | Val loss: 0.0095
2026-01-10 22:43:40.918505 | Epoch:2038 | LR: 0.0000041 | Loss : 0.0067 | Val loss: 0.0098
2026-01-10 22:43:52.413427 | Epoch:2039 | LR: 0.0000041 | Loss : 0.0068 | Val loss: 0.0097
2026-01-10 22:44:03.859229 | Epoch:2040 | LR: 0.0000041 | Loss : 0.0067 | Val loss: 0.0097
2026-01-10 22:44:15.389114 | Epoch:2041 | LR: 0.0000041 | Loss : 0.0067 | Val loss: 0.0095
2026-01-10 22:44:26.771915 | Epoch:2042 | LR: 0.0000040 | Loss : 0.0067 | Val loss: 0.0097
2026-01-10 22:44:38.214106 | Epoch:2043 | LR: 0.0000040 | Loss : 0.0067 | Val loss: 0.0096
2026-01-10 22:44:49.730101 | Epoch:2044 | LR: 0.0000040 | Loss : 0.0067 | Val loss: 0.0097
2026-01-10 22:45:01.199742 | Epoch:2045 | LR: 0.0000040 | Loss : 0.0067 | Val loss: 0.0098
2026-01-10 22:45:12.674398 | Epoch:2046 | LR: 0.0000040 | Loss : 0.0067 | Val loss: 0.0098
2026-01-10 22:45:24.239795 | Epoch:2047 | LR: 0.0000040 | Loss : 0.0067 | Val loss: 0.0096
2026-01-10 22:45:35.638115 | Epoch:2048 | LR: 0.0000039 | Loss : 0.0067 | Val loss: 0.0097
2026-01-10 22:45:47.334755 | Epoch:2049 | LR: 0.0000039 | Loss : 0.0067 | Val loss: 0.0095
2026-01-10 22:45:58.962435 | Epoch:2050 | LR: 0.0000039 | Loss : 0.0067 | Val loss: 0.0096
2026-01-10 22:46:10.543821 | Epoch:2051 | LR: 0.0000039 | Loss : 0.0067 | Val loss: 0.0097
2026-01-10 22:46:22.039023 | Epoch:2052 | LR: 0.0000039 | Loss : 0.0068 | Val loss: 0.0096
2026-01-10 22:46:33.620703 | Epoch:2053 | LR: 0.0000039 | Loss : 0.0068 | Val loss: 0.0097
2026-01-10 22:46:45.151001 | Epoch:2054 | LR: 0.0000038 | Loss : 0.0068 | Val loss: 0.0093
2026-01-10 22:46:56.565192 | Epoch:2055 | LR: 0.0000038 | Loss : 0.0068 | Val loss: 0.0098
2026-01-10 22:47:08.092147 | Epoch:2056 | LR: 0.0000038 | Loss : 0.0067 | Val loss: 0.0095
2026-01-10 22:47:19.502086 | Epoch:2057 | LR: 0.0000038 | Loss : 0.0067 | Val loss: 0.0095
2026-01-10 22:47:31.007664 | Epoch:2058 | LR: 0.0000038 | Loss : 0.0067 | Val loss: 0.0097
2026-01-10 22:47:42.553287 | Epoch:2059 | LR: 0.0000038 | Loss : 0.0067 | Val loss: 0.0096
2026-01-10 22:47:53.964322 | Epoch:2060 | LR: 0.0000037 | Loss : 0.0067 | Val loss: 0.0101
2026-01-10 22:48:05.376966 | Epoch:2061 | LR: 0.0000037 | Loss : 0.0066 | Val loss: 0.0094
2026-01-10 22:48:16.901383 | Epoch:2062 | LR: 0.0000037 | Loss : 0.0067 | Val loss: 0.0094
2026-01-10 22:48:28.327452 | Epoch:2063 | LR: 0.0000037 | Loss : 0.0068 | Val loss: 0.0092
2026-01-10 22:48:39.859539 | Epoch:2064 | LR: 0.0000037 | Loss : 0.0068 | Val loss: 0.0096
2026-01-10 22:48:51.272196 | Epoch:2065 | LR: 0.0000037 | Loss : 0.0067 | Val loss: 0.0099
2026-01-10 22:49:02.726895 | Epoch:2066 | LR: 0.0000036 | Loss : 0.0067 | Val loss: 0.0097
2026-01-10 22:49:14.143961 | Epoch:2067 | LR: 0.0000036 | Loss : 0.0067 | Val loss: 0.0093
2026-01-10 22:49:25.732403 | Epoch:2068 | LR: 0.0000036 | Loss : 0.0068 | Val loss: 0.0095
2026-01-10 22:49:37.157724 | Epoch:2069 | LR: 0.0000036 | Loss : 0.0066 | Val loss: 0.0099
2026-01-10 22:49:48.590422 | Epoch:2070 | LR: 0.0000036 | Loss : 0.0067 | Val loss: 0.0095
2026-01-10 22:50:00.044537 | Epoch:2071 | LR: 0.0000036 | Loss : 0.0067 | Val loss: 0.0097
2026-01-10 22:50:11.548506 | Epoch:2072 | LR: 0.0000035 | Loss : 0.0067 | Val loss: 0.0098
2026-01-10 22:50:22.948270 | Epoch:2073 | LR: 0.0000035 | Loss : 0.0068 | Val loss: 0.0096
2026-01-10 22:50:34.474475 | Epoch:2074 | LR: 0.0000035 | Loss : 0.0066 | Val loss: 0.0097
2026-01-10 22:50:45.900710 | Epoch:2075 | LR: 0.0000035 | Loss : 0.0068 | Val loss: 0.0097
2026-01-10 22:50:57.337450 | Epoch:2076 | LR: 0.0000035 | Loss : 0.0068 | Val loss: 0.0101
2026-01-10 22:51:08.893170 | Epoch:2077 | LR: 0.0000035 | Loss : 0.0066 | Val loss: 0.0096
2026-01-10 22:51:20.546937 | Epoch:2078 | LR: 0.0000034 | Loss : 0.0066 | Val loss: 0.0096
2026-01-10 22:51:31.977503 | Epoch:2079 | LR: 0.0000034 | Loss : 0.0067 | Val loss: 0.0098
2026-01-10 22:51:43.482887 | Epoch:2080 | LR: 0.0000034 | Loss : 0.0067 | Val loss: 0.0097
2026-01-10 22:51:54.996086 | Epoch:2081 | LR: 0.0000034 | Loss : 0.0067 | Val loss: 0.0098
2026-01-10 22:52:06.329094 | Epoch:2082 | LR: 0.0000034 | Loss : 0.0067 | Val loss: 0.0098
2026-01-10 22:52:17.756450 | Epoch:2083 | LR: 0.0000034 | Loss : 0.0067 | Val loss: 0.0094
2026-01-10 22:52:29.286562 | Epoch:2084 | LR: 0.0000033 | Loss : 0.0067 | Val loss: 0.0096
2026-01-10 22:52:40.759684 | Epoch:2085 | LR: 0.0000033 | Loss : 0.0067 | Val loss: 0.0097
2026-01-10 22:52:52.183905 | Epoch:2086 | LR: 0.0000033 | Loss : 0.0067 | Val loss: 0.0096
2026-01-10 22:53:03.768105 | Epoch:2087 | LR: 0.0000033 | Loss : 0.0067 | Val loss: 0.0092
2026-01-10 22:53:15.168332 | Epoch:2088 | LR: 0.0000033 | Loss : 0.0067 | Val loss: 0.0097
2026-01-10 22:53:26.517498 | Epoch:2089 | LR: 0.0000033 | Loss : 0.0068 | Val loss: 0.0094
2026-01-10 22:53:38.061983 | Epoch:2090 | LR: 0.0000033 | Loss : 0.0067 | Val loss: 0.0095
2026-01-10 22:53:49.578549 | Epoch:2091 | LR: 0.0000032 | Loss : 0.0067 | Val loss: 0.0095
2026-01-10 22:54:00.928326 | Epoch:2092 | LR: 0.0000032 | Loss : 0.0068 | Val loss: 0.0096
2026-01-10 22:54:12.503217 | Epoch:2093 | LR: 0.0000032 | Loss : 0.0068 | Val loss: 0.0099
2026-01-10 22:54:23.924613 | Epoch:2094 | LR: 0.0000032 | Loss : 0.0067 | Val loss: 0.0097
2026-01-10 22:54:35.239770 | Epoch:2095 | LR: 0.0000032 | Loss : 0.0067 | Val loss: 0.0096
2026-01-10 22:54:46.739658 | Epoch:2096 | LR: 0.0000032 | Loss : 0.0067 | Val loss: 0.0097
2026-01-10 22:54:58.163579 | Epoch:2097 | LR: 0.0000031 | Loss : 0.0067 | Val loss: 0.0093
2026-01-10 22:55:09.697453 | Epoch:2098 | LR: 0.0000031 | Loss : 0.0068 | Val loss: 0.0095
2026-01-10 22:55:21.260680 | Epoch:2099 | LR: 0.0000031 | Loss : 0.0066 | Val loss: 0.0097
2026-01-10 22:55:32.749995 | Epoch:2100 | LR: 0.0000031 | Loss : 0.0067 | Val loss: 0.0097
2026-01-10 22:55:44.083444 | Epoch:2101 | LR: 0.0000031 | Loss : 0.0067 | Val loss: 0.0094
2026-01-10 22:55:55.601261 | Epoch:2102 | LR: 0.0000031 | Loss : 0.0067 | Val loss: 0.0096
2026-01-10 22:56:06.915993 | Epoch:2103 | LR: 0.0000031 | Loss : 0.0067 | Val loss: 0.0096
2026-01-10 22:56:18.442715 | Epoch:2104 | LR: 0.0000030 | Loss : 0.0068 | Val loss: 0.0093
2026-01-10 22:56:30.214993 | Epoch:2105 | LR: 0.0000030 | Loss : 0.0067 | Val loss: 0.0096
2026-01-10 22:56:41.697172 | Epoch:2106 | LR: 0.0000030 | Loss : 0.0068 | Val loss: 0.0094
2026-01-10 22:56:53.125542 | Epoch:2107 | LR: 0.0000030 | Loss : 0.0068 | Val loss: 0.0096
2026-01-10 22:57:04.633881 | Epoch:2108 | LR: 0.0000030 | Loss : 0.0067 | Val loss: 0.0099
2026-01-10 22:57:16.026496 | Epoch:2109 | LR: 0.0000030 | Loss : 0.0067 | Val loss: 0.0101
2026-01-10 22:57:27.532520 | Epoch:2110 | LR: 0.0000030 | Loss : 0.0066 | Val loss: 0.0099
2026-01-10 22:57:39.037542 | Epoch:2111 | LR: 0.0000029 | Loss : 0.0067 | Val loss: 0.0099
2026-01-10 22:57:50.596680 | Epoch:2112 | LR: 0.0000029 | Loss : 0.0066 | Val loss: 0.0092
2026-01-10 22:58:01.936491 | Epoch:2113 | LR: 0.0000029 | Loss : 0.0067 | Val loss: 0.0095
2026-01-10 22:58:13.415037 | Epoch:2114 | LR: 0.0000029 | Loss : 0.0067 | Val loss: 0.0096
2026-01-10 22:58:24.858246 | Epoch:2115 | LR: 0.0000029 | Loss : 0.0067 | Val loss: 0.0098
2026-01-10 22:58:36.278373 | Epoch:2116 | LR: 0.0000029 | Loss : 0.0068 | Val loss: 0.0097
2026-01-10 22:58:47.698258 | Epoch:2117 | LR: 0.0000028 | Loss : 0.0067 | Val loss: 0.0095
2026-01-10 22:58:59.401152 | Epoch:2118 | LR: 0.0000028 | Loss : 0.0067 | Val loss: 0.0093
2026-01-10 22:59:10.707214 | Epoch:2119 | LR: 0.0000028 | Loss : 0.0067 | Val loss: 0.0096
2026-01-10 22:59:22.339187 | Epoch:2120 | LR: 0.0000028 | Loss : 0.0067 | Val loss: 0.0095
2026-01-10 22:59:33.788635 | Epoch:2121 | LR: 0.0000028 | Loss : 0.0066 | Val loss: 0.0099
2026-01-10 22:59:45.214131 | Epoch:2122 | LR: 0.0000028 | Loss : 0.0067 | Val loss: 0.0100
2026-01-10 22:59:56.639991 | Epoch:2123 | LR: 0.0000028 | Loss : 0.0067 | Val loss: 0.0092
2026-01-10 23:00:08.250832 | Epoch:2124 | LR: 0.0000027 | Loss : 0.0067 | Val loss: 0.0096
2026-01-10 23:00:19.538868 | Epoch:2125 | LR: 0.0000027 | Loss : 0.0067 | Val loss: 0.0095
2026-01-10 23:00:31.070663 | Epoch:2126 | LR: 0.0000027 | Loss : 0.0067 | Val loss: 0.0098
2026-01-10 23:00:42.569022 | Epoch:2127 | LR: 0.0000027 | Loss : 0.0067 | Val loss: 0.0095
2026-01-10 23:00:54.043591 | Epoch:2128 | LR: 0.0000027 | Loss : 0.0066 | Val loss: 0.0097
2026-01-10 23:01:05.448202 | Epoch:2129 | LR: 0.0000027 | Loss : 0.0067 | Val loss: 0.0098
2026-01-10 23:01:17.086004 | Epoch:2130 | LR: 0.0000027 | Loss : 0.0066 | Val loss: 0.0097
2026-01-10 23:01:28.417402 | Epoch:2131 | LR: 0.0000026 | Loss : 0.0068 | Val loss: 0.0097
2026-01-10 23:01:40.038030 | Epoch:2132 | LR: 0.0000026 | Loss : 0.0067 | Val loss: 0.0095
2026-01-10 23:01:51.741416 | Epoch:2133 | LR: 0.0000026 | Loss : 0.0067 | Val loss: 0.0098
2026-01-10 23:02:03.199454 | Epoch:2134 | LR: 0.0000026 | Loss : 0.0067 | Val loss: 0.0096
2026-01-10 23:02:14.637988 | Epoch:2135 | LR: 0.0000026 | Loss : 0.0067 | Val loss: 0.0096
2026-01-10 23:02:26.372484 | Epoch:2136 | LR: 0.0000026 | Loss : 0.0067 | Val loss: 0.0096
2026-01-10 23:02:37.791379 | Epoch:2137 | LR: 0.0000026 | Loss : 0.0067 | Val loss: 0.0097
2026-01-10 23:02:49.349704 | Epoch:2138 | LR: 0.0000025 | Loss : 0.0068 | Val loss: 0.0095
2026-01-10 23:03:01.055231 | Epoch:2139 | LR: 0.0000025 | Loss : 0.0067 | Val loss: 0.0095
2026-01-10 23:03:12.456998 | Epoch:2140 | LR: 0.0000025 | Loss : 0.0066 | Val loss: 0.0095
2026-01-10 23:03:23.835864 | Epoch:2141 | LR: 0.0000025 | Loss : 0.0067 | Val loss: 0.0097
2026-01-10 23:03:35.528288 | Epoch:2142 | LR: 0.0000025 | Loss : 0.0067 | Val loss: 0.0095
2026-01-10 23:03:46.862357 | Epoch:2143 | LR: 0.0000025 | Loss : 0.0067 | Val loss: 0.0099
2026-01-10 23:03:58.450929 | Epoch:2144 | LR: 0.0000025 | Loss : 0.0068 | Val loss: 0.0097
2026-01-10 23:04:10.294632 | Epoch:2145 | LR: 0.0000025 | Loss : 0.0066 | Val loss: 0.0097
2026-01-10 23:04:21.635666 | Epoch:2146 | LR: 0.0000024 | Loss : 0.0066 | Val loss: 0.0098
2026-01-10 23:04:33.086531 | Epoch:2147 | LR: 0.0000024 | Loss : 0.0066 | Val loss: 0.0095
2026-01-10 23:04:44.806857 | Epoch:2148 | LR: 0.0000024 | Loss : 0.0067 | Val loss: 0.0095
2026-01-10 23:04:56.499707 | Epoch:2149 | LR: 0.0000024 | Loss : 0.0067 | Val loss: 0.0099
2026-01-10 23:05:07.954985 | Epoch:2150 | LR: 0.0000024 | Loss : 0.0067 | Val loss: 0.0098
2026-01-10 23:05:19.503611 | Epoch:2151 | LR: 0.0000024 | Loss : 0.0067 | Val loss: 0.0095
2026-01-10 23:05:30.905636 | Epoch:2152 | LR: 0.0000024 | Loss : 0.0066 | Val loss: 0.0097
2026-01-10 23:05:42.315180 | Epoch:2153 | LR: 0.0000023 | Loss : 0.0067 | Val loss: 0.0098
2026-01-10 23:05:54.123395 | Epoch:2154 | LR: 0.0000023 | Loss : 0.0067 | Val loss: 0.0096
2026-01-10 23:06:05.541703 | Epoch:2155 | LR: 0.0000023 | Loss : 0.0066 | Val loss: 0.0100
2026-01-10 23:06:17.019439 | Epoch:2156 | LR: 0.0000023 | Loss : 0.0066 | Val loss: 0.0092
2026-01-10 23:06:28.580273 | Epoch:2157 | LR: 0.0000023 | Loss : 0.0067 | Val loss: 0.0093
2026-01-10 23:06:39.930097 | Epoch:2158 | LR: 0.0000023 | Loss : 0.0067 | Val loss: 0.0095
2026-01-10 23:06:51.485711 | Epoch:2159 | LR: 0.0000023 | Loss : 0.0067 | Val loss: 0.0099
2026-01-10 23:07:03.363106 | Epoch:2160 | LR: 0.0000023 | Loss : 0.0067 | Val loss: 0.0096
2026-01-10 23:07:15.334452 | Epoch:2161 | LR: 0.0000022 | Loss : 0.0067 | Val loss: 0.0094
2026-01-10 23:07:26.784393 | Epoch:2162 | LR: 0.0000022 | Loss : 0.0066 | Val loss: 0.0096
2026-01-10 23:07:38.359225 | Epoch:2163 | LR: 0.0000022 | Loss : 0.0067 | Val loss: 0.0094
2026-01-10 23:07:49.679440 | Epoch:2164 | LR: 0.0000022 | Loss : 0.0065 | Val loss: 0.0094
2026-01-10 23:08:01.119843 | Epoch:2165 | LR: 0.0000022 | Loss : 0.0068 | Val loss: 0.0097
2026-01-10 23:08:12.764637 | Epoch:2166 | LR: 0.0000022 | Loss : 0.0067 | Val loss: 0.0097
2026-01-10 23:08:24.207103 | Epoch:2167 | LR: 0.0000022 | Loss : 0.0067 | Val loss: 0.0100
2026-01-10 23:08:35.612389 | Epoch:2168 | LR: 0.0000022 | Loss : 0.0067 | Val loss: 0.0096
2026-01-10 23:08:47.258363 | Epoch:2169 | LR: 0.0000021 | Loss : 0.0067 | Val loss: 0.0095
2026-01-10 23:08:58.579874 | Epoch:2170 | LR: 0.0000021 | Loss : 0.0068 | Val loss: 0.0097
2026-01-10 23:09:09.951888 | Epoch:2171 | LR: 0.0000021 | Loss : 0.0067 | Val loss: 0.0100
2026-01-10 23:09:21.612749 | Epoch:2172 | LR: 0.0000021 | Loss : 0.0067 | Val loss: 0.0097
2026-01-10 23:09:33.141452 | Epoch:2173 | LR: 0.0000021 | Loss : 0.0067 | Val loss: 0.0099
2026-01-10 23:09:44.561741 | Epoch:2174 | LR: 0.0000021 | Loss : 0.0066 | Val loss: 0.0094
2026-01-10 23:09:56.125712 | Epoch:2175 | LR: 0.0000021 | Loss : 0.0067 | Val loss: 0.0100
2026-01-10 23:10:07.475838 | Epoch:2176 | LR: 0.0000021 | Loss : 0.0067 | Val loss: 0.0099
2026-01-10 23:10:18.929923 | Epoch:2177 | LR: 0.0000020 | Loss : 0.0068 | Val loss: 0.0096
2026-01-10 23:10:30.516023 | Epoch:2178 | LR: 0.0000020 | Loss : 0.0068 | Val loss: 0.0098
2026-01-10 23:10:42.032573 | Epoch:2179 | LR: 0.0000020 | Loss : 0.0067 | Val loss: 0.0097
2026-01-10 23:10:53.446003 | Epoch:2180 | LR: 0.0000020 | Loss : 0.0066 | Val loss: 0.0095
2026-01-10 23:11:04.974267 | Epoch:2181 | LR: 0.0000020 | Loss : 0.0067 | Val loss: 0.0097
2026-01-10 23:11:16.342720 | Epoch:2182 | LR: 0.0000020 | Loss : 0.0067 | Val loss: 0.0096
2026-01-10 23:11:27.759249 | Epoch:2183 | LR: 0.0000020 | Loss : 0.0067 | Val loss: 0.0095
2026-01-10 23:11:39.320463 | Epoch:2184 | LR: 0.0000020 | Loss : 0.0067 | Val loss: 0.0097
2026-01-10 23:11:50.880642 | Epoch:2185 | LR: 0.0000019 | Loss : 0.0068 | Val loss: 0.0094
2026-01-10 23:12:02.253061 | Epoch:2186 | LR: 0.0000019 | Loss : 0.0067 | Val loss: 0.0099
2026-01-10 23:12:13.922293 | Epoch:2187 | LR: 0.0000019 | Loss : 0.0067 | Val loss: 0.0094
2026-01-10 23:12:25.511811 | Epoch:2188 | LR: 0.0000019 | Loss : 0.0067 | Val loss: 0.0099
2026-01-10 23:12:36.989809 | Epoch:2189 | LR: 0.0000019 | Loss : 0.0067 | Val loss: 0.0098
2026-01-10 23:12:48.522211 | Epoch:2190 | LR: 0.0000019 | Loss : 0.0067 | Val loss: 0.0096
2026-01-10 23:13:00.098849 | Epoch:2191 | LR: 0.0000019 | Loss : 0.0067 | Val loss: 0.0097
2026-01-10 23:13:11.447415 | Epoch:2192 | LR: 0.0000019 | Loss : 0.0067 | Val loss: 0.0097
2026-01-10 23:13:22.857752 | Epoch:2193 | LR: 0.0000018 | Loss : 0.0067 | Val loss: 0.0095
2026-01-10 23:13:34.309306 | Epoch:2194 | LR: 0.0000018 | Loss : 0.0066 | Val loss: 0.0098
2026-01-10 23:13:45.758030 | Epoch:2195 | LR: 0.0000018 | Loss : 0.0067 | Val loss: 0.0093
2026-01-10 23:13:57.266256 | Epoch:2196 | LR: 0.0000018 | Loss : 0.0066 | Val loss: 0.0094
2026-01-10 23:14:08.809023 | Epoch:2197 | LR: 0.0000018 | Loss : 0.0066 | Val loss: 0.0099
2026-01-10 23:14:20.145895 | Epoch:2198 | LR: 0.0000018 | Loss : 0.0068 | Val loss: 0.0096
2026-01-10 23:14:31.588879 | Epoch:2199 | LR: 0.0000018 | Loss : 0.0067 | Val loss: 0.0096
2026-01-10 23:14:43.094167 | Epoch:2200 | LR: 0.0000018 | Loss : 0.0067 | Val loss: 0.0097
2026-01-10 23:14:54.472414 | Epoch:2201 | LR: 0.0000018 | Loss : 0.0067 | Val loss: 0.0098
2026-01-10 23:15:06.118243 | Epoch:2202 | LR: 0.0000017 | Loss : 0.0066 | Val loss: 0.0097
2026-01-10 23:15:17.656086 | Epoch:2203 | LR: 0.0000017 | Loss : 0.0067 | Val loss: 0.0097
2026-01-10 23:15:29.132151 | Epoch:2204 | LR: 0.0000017 | Loss : 0.0067 | Val loss: 0.0095
2026-01-10 23:15:40.534141 | Epoch:2205 | LR: 0.0000017 | Loss : 0.0067 | Val loss: 0.0097
2026-01-10 23:15:52.011302 | Epoch:2206 | LR: 0.0000017 | Loss : 0.0067 | Val loss: 0.0096
2026-01-10 23:16:03.372214 | Epoch:2207 | LR: 0.0000017 | Loss : 0.0068 | Val loss: 0.0097
2026-01-10 23:16:14.939731 | Epoch:2208 | LR: 0.0000017 | Loss : 0.0067 | Val loss: 0.0096
2026-01-10 23:16:26.548957 | Epoch:2209 | LR: 0.0000017 | Loss : 0.0067 | Val loss: 0.0096
2026-01-10 23:16:37.952726 | Epoch:2210 | LR: 0.0000016 | Loss : 0.0067 | Val loss: 0.0097
2026-01-10 23:16:49.401327 | Epoch:2211 | LR: 0.0000016 | Loss : 0.0066 | Val loss: 0.0095
2026-01-10 23:17:00.949378 | Epoch:2212 | LR: 0.0000016 | Loss : 0.0067 | Val loss: 0.0097
2026-01-10 23:17:12.288345 | Epoch:2213 | LR: 0.0000016 | Loss : 0.0066 | Val loss: 0.0095
2026-01-10 23:17:23.977949 | Epoch:2214 | LR: 0.0000016 | Loss : 0.0066 | Val loss: 0.0098
2026-01-10 23:17:35.599487 | Epoch:2215 | LR: 0.0000016 | Loss : 0.0066 | Val loss: 0.0093
2026-01-10 23:17:47.298873 | Epoch:2216 | LR: 0.0000016 | Loss : 0.0066 | Val loss: 0.0097
2026-01-10 23:17:58.652681 | Epoch:2217 | LR: 0.0000016 | Loss : 0.0068 | Val loss: 0.0099
2026-01-10 23:18:10.174905 | Epoch:2218 | LR: 0.0000016 | Loss : 0.0067 | Val loss: 0.0098
2026-01-10 23:18:21.614756 | Epoch:2219 | LR: 0.0000015 | Loss : 0.0067 | Val loss: 0.0098
2026-01-10 23:18:33.140440 | Epoch:2220 | LR: 0.0000015 | Loss : 0.0066 | Val loss: 0.0096
2026-01-10 23:18:44.603463 | Epoch:2221 | LR: 0.0000015 | Loss : 0.0066 | Val loss: 0.0096
2026-01-10 23:18:56.276602 | Epoch:2222 | LR: 0.0000015 | Loss : 0.0067 | Val loss: 0.0096
2026-01-10 23:19:07.651793 | Epoch:2223 | LR: 0.0000015 | Loss : 0.0067 | Val loss: 0.0093
2026-01-10 23:19:19.142577 | Epoch:2224 | LR: 0.0000015 | Loss : 0.0067 | Val loss: 0.0095
2026-01-10 23:19:30.501431 | Epoch:2225 | LR: 0.0000015 | Loss : 0.0067 | Val loss: 0.0096
2026-01-10 23:19:42.027777 | Epoch:2226 | LR: 0.0000015 | Loss : 0.0067 | Val loss: 0.0095
2026-01-10 23:19:53.484116 | Epoch:2227 | LR: 0.0000015 | Loss : 0.0067 | Val loss: 0.0095
2026-01-10 23:20:05.088144 | Epoch:2228 | LR: 0.0000015 | Loss : 0.0067 | Val loss: 0.0097
2026-01-10 23:20:16.465784 | Epoch:2229 | LR: 0.0000014 | Loss : 0.0067 | Val loss: 0.0099
2026-01-10 23:20:27.941786 | Epoch:2230 | LR: 0.0000014 | Loss : 0.0067 | Val loss: 0.0099
2026-01-10 23:20:39.341869 | Epoch:2231 | LR: 0.0000014 | Loss : 0.0067 | Val loss: 0.0099
2026-01-10 23:20:50.891644 | Epoch:2232 | LR: 0.0000014 | Loss : 0.0067 | Val loss: 0.0097
2026-01-10 23:21:02.330092 | Epoch:2233 | LR: 0.0000014 | Loss : 0.0068 | Val loss: 0.0093
2026-01-10 23:21:13.930865 | Epoch:2234 | LR: 0.0000014 | Loss : 0.0067 | Val loss: 0.0098
2026-01-10 23:21:25.300495 | Epoch:2235 | LR: 0.0000014 | Loss : 0.0066 | Val loss: 0.0096
2026-01-10 23:21:36.727101 | Epoch:2236 | LR: 0.0000014 | Loss : 0.0067 | Val loss: 0.0097
2026-01-10 23:21:48.127498 | Epoch:2237 | LR: 0.0000014 | Loss : 0.0067 | Val loss: 0.0097
2026-01-10 23:21:59.665777 | Epoch:2238 | LR: 0.0000013 | Loss : 0.0066 | Val loss: 0.0094
2026-01-10 23:22:11.043782 | Epoch:2239 | LR: 0.0000013 | Loss : 0.0067 | Val loss: 0.0095
2026-01-10 23:22:22.723525 | Epoch:2240 | LR: 0.0000013 | Loss : 0.0067 | Val loss: 0.0095
2026-01-10 23:22:34.029422 | Epoch:2241 | LR: 0.0000013 | Loss : 0.0067 | Val loss: 0.0099
2026-01-10 23:22:45.635937 | Epoch:2242 | LR: 0.0000013 | Loss : 0.0067 | Val loss: 0.0094
2026-01-10 23:22:57.264419 | Epoch:2243 | LR: 0.0000013 | Loss : 0.0067 | Val loss: 0.0099
2026-01-10 23:23:08.813291 | Epoch:2244 | LR: 0.0000013 | Loss : 0.0067 | Val loss: 0.0097
2026-01-10 23:23:20.196472 | Epoch:2245 | LR: 0.0000013 | Loss : 0.0067 | Val loss: 0.0096
2026-01-10 23:23:31.919213 | Epoch:2246 | LR: 0.0000013 | Loss : 0.0067 | Val loss: 0.0098
2026-01-10 23:23:43.312542 | Epoch:2247 | LR: 0.0000013 | Loss : 0.0067 | Val loss: 0.0094
2026-01-10 23:23:54.660397 | Epoch:2248 | LR: 0.0000012 | Loss : 0.0067 | Val loss: 0.0099
2026-01-10 23:24:06.113532 | Epoch:2249 | LR: 0.0000012 | Loss : 0.0067 | Val loss: 0.0095
2026-01-10 23:24:17.706330 | Epoch:2250 | LR: 0.0000012 | Loss : 0.0067 | Val loss: 0.0097
2026-01-10 23:24:29.148181 | Epoch:2251 | LR: 0.0000012 | Loss : 0.0066 | Val loss: 0.0095
2026-01-10 23:24:40.865713 | Epoch:2252 | LR: 0.0000012 | Loss : 0.0067 | Val loss: 0.0099
2026-01-10 23:24:52.248869 | Epoch:2253 | LR: 0.0000012 | Loss : 0.0067 | Val loss: 0.0097
2026-01-10 23:25:03.632147 | Epoch:2254 | LR: 0.0000012 | Loss : 0.0068 | Val loss: 0.0096
2026-01-10 23:25:15.061761 | Epoch:2255 | LR: 0.0000012 | Loss : 0.0066 | Val loss: 0.0097
2026-01-10 23:25:26.548854 | Epoch:2256 | LR: 0.0000012 | Loss : 0.0067 | Val loss: 0.0093
2026-01-10 23:25:38.244570 | Epoch:2257 | LR: 0.0000012 | Loss : 0.0067 | Val loss: 0.0096
2026-01-10 23:25:49.960582 | Epoch:2258 | LR: 0.0000012 | Loss : 0.0067 | Val loss: 0.0096
2026-01-10 23:26:01.342518 | Epoch:2259 | LR: 0.0000011 | Loss : 0.0066 | Val loss: 0.0097
2026-01-10 23:26:12.902095 | Epoch:2260 | LR: 0.0000011 | Loss : 0.0067 | Val loss: 0.0096
2026-01-10 23:26:24.343000 | Epoch:2261 | LR: 0.0000011 | Loss : 0.0067 | Val loss: 0.0095
2026-01-10 23:26:35.863187 | Epoch:2262 | LR: 0.0000011 | Loss : 0.0066 | Val loss: 0.0098
2026-01-10 23:26:47.265877 | Epoch:2263 | LR: 0.0000011 | Loss : 0.0068 | Val loss: 0.0095
2026-01-10 23:26:58.854282 | Epoch:2264 | LR: 0.0000011 | Loss : 0.0066 | Val loss: 0.0097
2026-01-10 23:27:10.350089 | Epoch:2265 | LR: 0.0000011 | Loss : 0.0067 | Val loss: 0.0096
2026-01-10 23:27:21.638414 | Epoch:2266 | LR: 0.0000011 | Loss : 0.0066 | Val loss: 0.0097
2026-01-10 23:27:33.105214 | Epoch:2267 | LR: 0.0000011 | Loss : 0.0067 | Val loss: 0.0095
2026-01-10 23:27:44.593012 | Epoch:2268 | LR: 0.0000011 | Loss : 0.0066 | Val loss: 0.0097
2026-01-10 23:27:56.057900 | Epoch:2269 | LR: 0.0000011 | Loss : 0.0067 | Val loss: 0.0096
2026-01-10 23:28:07.752798 | Epoch:2270 | LR: 0.0000010 | Loss : 0.0067 | Val loss: 0.0095
2026-01-10 23:28:19.474841 | Epoch:2271 | LR: 0.0000010 | Loss : 0.0067 | Val loss: 0.0097
2026-01-10 23:28:30.759307 | Epoch:2272 | LR: 0.0000010 | Loss : 0.0066 | Val loss: 0.0098
2026-01-10 23:28:42.476845 | Epoch:2273 | LR: 0.0000010 | Loss : 0.0067 | Val loss: 0.0096
2026-01-10 23:28:53.962411 | Epoch:2274 | LR: 0.0000010 | Loss : 0.0067 | Val loss: 0.0097
2026-01-10 23:29:05.408722 | Epoch:2275 | LR: 0.0000010 | Loss : 0.0067 | Val loss: 0.0098
2026-01-10 23:29:16.931141 | Epoch:2276 | LR: 0.0000010 | Loss : 0.0067 | Val loss: 0.0095
2026-01-10 23:29:28.553127 | Epoch:2277 | LR: 0.0000010 | Loss : 0.0066 | Val loss: 0.0093
2026-01-10 23:29:39.926052 | Epoch:2278 | LR: 0.0000010 | Loss : 0.0067 | Val loss: 0.0096
2026-01-10 23:29:51.402156 | Epoch:2279 | LR: 0.0000010 | Loss : 0.0066 | Val loss: 0.0096
2026-01-10 23:30:02.876609 | Epoch:2280 | LR: 0.0000010 | Loss : 0.0067 | Val loss: 0.0096
2026-01-10 23:30:14.311357 | Epoch:2281 | LR: 0.0000009 | Loss : 0.0068 | Val loss: 0.0100
2026-01-10 23:30:25.785258 | Epoch:2282 | LR: 0.0000009 | Loss : 0.0067 | Val loss: 0.0096
2026-01-10 23:30:37.377254 | Epoch:2283 | LR: 0.0000009 | Loss : 0.0068 | Val loss: 0.0097
2026-01-10 23:30:48.680919 | Epoch:2284 | LR: 0.0000009 | Loss : 0.0067 | Val loss: 0.0095
2026-01-10 23:31:00.241396 | Epoch:2285 | LR: 0.0000009 | Loss : 0.0068 | Val loss: 0.0099
2026-01-10 23:31:11.730497 | Epoch:2286 | LR: 0.0000009 | Loss : 0.0067 | Val loss: 0.0100
2026-01-10 23:31:23.204671 | Epoch:2287 | LR: 0.0000009 | Loss : 0.0067 | Val loss: 0.0099
2026-01-10 23:31:34.657502 | Epoch:2288 | LR: 0.0000009 | Loss : 0.0067 | Val loss: 0.0097
2026-01-10 23:31:46.275119 | Epoch:2289 | LR: 0.0000009 | Loss : 0.0067 | Val loss: 0.0098
2026-01-10 23:31:57.638328 | Epoch:2290 | LR: 0.0000009 | Loss : 0.0067 | Val loss: 0.0097
2026-01-10 23:32:09.058765 | Epoch:2291 | LR: 0.0000009 | Loss : 0.0066 | Val loss: 0.0096
2026-01-10 23:32:20.519382 | Epoch:2292 | LR: 0.0000009 | Loss : 0.0067 | Val loss: 0.0098
2026-01-10 23:32:31.917715 | Epoch:2293 | LR: 0.0000008 | Loss : 0.0066 | Val loss: 0.0099
2026-01-10 23:32:43.344771 | Epoch:2294 | LR: 0.0000008 | Loss : 0.0068 | Val loss: 0.0097
2026-01-10 23:32:55.058412 | Epoch:2295 | LR: 0.0000008 | Loss : 0.0066 | Val loss: 0.0098
2026-01-10 23:33:06.278229 | Epoch:2296 | LR: 0.0000008 | Loss : 0.0068 | Val loss: 0.0095
2026-01-10 23:33:17.832148 | Epoch:2297 | LR: 0.0000008 | Loss : 0.0067 | Val loss: 0.0099
2026-01-10 23:33:29.466241 | Epoch:2298 | LR: 0.0000008 | Loss : 0.0067 | Val loss: 0.0095
2026-01-10 23:33:40.952132 | Epoch:2299 | LR: 0.0000008 | Loss : 0.0067 | Val loss: 0.0094
2026-01-10 23:33:52.391850 | Epoch:2300 | LR: 0.0000008 | Loss : 0.0066 | Val loss: 0.0095
2026-01-10 23:34:04.167840 | Epoch:2301 | LR: 0.0000008 | Loss : 0.0066 | Val loss: 0.0097
2026-01-10 23:34:15.461108 | Epoch:2302 | LR: 0.0000008 | Loss : 0.0067 | Val loss: 0.0096
2026-01-10 23:34:26.878857 | Epoch:2303 | LR: 0.0000008 | Loss : 0.0067 | Val loss: 0.0095
2026-01-10 23:34:38.279509 | Epoch:2304 | LR: 0.0000008 | Loss : 0.0067 | Val loss: 0.0096
2026-01-10 23:34:49.718815 | Epoch:2305 | LR: 0.0000008 | Loss : 0.0066 | Val loss: 0.0096
2026-01-10 23:35:01.136065 | Epoch:2306 | LR: 0.0000007 | Loss : 0.0067 | Val loss: 0.0097
2026-01-10 23:35:13.034549 | Epoch:2307 | LR: 0.0000007 | Loss : 0.0067 | Val loss: 0.0097
2026-01-10 23:35:24.336529 | Epoch:2308 | LR: 0.0000007 | Loss : 0.0067 | Val loss: 0.0095
2026-01-10 23:35:35.703108 | Epoch:2309 | LR: 0.0000007 | Loss : 0.0066 | Val loss: 0.0096
2026-01-10 23:35:47.116784 | Epoch:2310 | LR: 0.0000007 | Loss : 0.0066 | Val loss: 0.0096
2026-01-10 23:35:58.538846 | Epoch:2311 | LR: 0.0000007 | Loss : 0.0067 | Val loss: 0.0098
2026-01-10 23:36:09.933400 | Epoch:2312 | LR: 0.0000007 | Loss : 0.0067 | Val loss: 0.0094
2026-01-10 23:36:21.707458 | Epoch:2313 | LR: 0.0000007 | Loss : 0.0066 | Val loss: 0.0098
2026-01-10 23:36:33.049884 | Epoch:2314 | LR: 0.0000007 | Loss : 0.0067 | Val loss: 0.0098
2026-01-10 23:36:44.430162 | Epoch:2315 | LR: 0.0000007 | Loss : 0.0067 | Val loss: 0.0095
2026-01-10 23:36:55.881508 | Epoch:2316 | LR: 0.0000007 | Loss : 0.0065 | Val loss: 0.0098
2026-01-10 23:37:07.366161 | Epoch:2317 | LR: 0.0000007 | Loss : 0.0067 | Val loss: 0.0097
2026-01-10 23:37:18.764331 | Epoch:2318 | LR: 0.0000007 | Loss : 0.0067 | Val loss: 0.0098
2026-01-10 23:37:30.422546 | Epoch:2319 | LR: 0.0000006 | Loss : 0.0067 | Val loss: 0.0099
2026-01-10 23:37:41.810245 | Epoch:2320 | LR: 0.0000006 | Loss : 0.0067 | Val loss: 0.0098
2026-01-10 23:37:53.140612 | Epoch:2321 | LR: 0.0000006 | Loss : 0.0067 | Val loss: 0.0098
2026-01-10 23:38:04.614527 | Epoch:2322 | LR: 0.0000006 | Loss : 0.0067 | Val loss: 0.0095
2026-01-10 23:38:16.009187 | Epoch:2323 | LR: 0.0000006 | Loss : 0.0067 | Val loss: 0.0098
2026-01-10 23:38:27.439182 | Epoch:2324 | LR: 0.0000006 | Loss : 0.0066 | Val loss: 0.0099
2026-01-10 23:38:39.329742 | Epoch:2325 | LR: 0.0000006 | Loss : 0.0068 | Val loss: 0.0094
2026-01-10 23:38:50.912981 | Epoch:2326 | LR: 0.0000006 | Loss : 0.0066 | Val loss: 0.0098
2026-01-10 23:39:02.272153 | Epoch:2327 | LR: 0.0000006 | Loss : 0.0066 | Val loss: 0.0097
2026-01-10 23:39:13.908376 | Epoch:2328 | LR: 0.0000006 | Loss : 0.0067 | Val loss: 0.0098
2026-01-10 23:39:25.324054 | Epoch:2329 | LR: 0.0000006 | Loss : 0.0067 | Val loss: 0.0097
2026-01-10 23:39:36.777495 | Epoch:2330 | LR: 0.0000006 | Loss : 0.0066 | Val loss: 0.0094
2026-01-10 23:39:48.526261 | Epoch:2331 | LR: 0.0000006 | Loss : 0.0067 | Val loss: 0.0096
2026-01-10 23:40:00.050597 | Epoch:2332 | LR: 0.0000006 | Loss : 0.0067 | Val loss: 0.0095
2026-01-10 23:40:11.379196 | Epoch:2333 | LR: 0.0000006 | Loss : 0.0067 | Val loss: 0.0101
2026-01-10 23:40:22.870944 | Epoch:2334 | LR: 0.0000005 | Loss : 0.0067 | Val loss: 0.0100
2026-01-10 23:40:34.246891 | Epoch:2335 | LR: 0.0000005 | Loss : 0.0067 | Val loss: 0.0097
2026-01-10 23:40:45.699698 | Epoch:2336 | LR: 0.0000005 | Loss : 0.0067 | Val loss: 0.0096
2026-01-10 23:40:57.375631 | Epoch:2337 | LR: 0.0000005 | Loss : 0.0067 | Val loss: 0.0098
2026-01-10 23:41:08.910851 | Epoch:2338 | LR: 0.0000005 | Loss : 0.0067 | Val loss: 0.0096
2026-01-10 23:41:20.227478 | Epoch:2339 | LR: 0.0000005 | Loss : 0.0067 | Val loss: 0.0095
2026-01-10 23:41:31.718772 | Epoch:2340 | LR: 0.0000005 | Loss : 0.0067 | Val loss: 0.0097
2026-01-10 23:41:43.068016 | Epoch:2341 | LR: 0.0000005 | Loss : 0.0067 | Val loss: 0.0098
2026-01-10 23:41:54.674048 | Epoch:2342 | LR: 0.0000005 | Loss : 0.0066 | Val loss: 0.0095
2026-01-10 23:42:06.265441 | Epoch:2343 | LR: 0.0000005 | Loss : 0.0066 | Val loss: 0.0095
2026-01-10 23:42:17.824657 | Epoch:2344 | LR: 0.0000005 | Loss : 0.0068 | Val loss: 0.0096
2026-01-10 23:42:29.129572 | Epoch:2345 | LR: 0.0000005 | Loss : 0.0068 | Val loss: 0.0099
2026-01-10 23:42:40.692452 | Epoch:2346 | LR: 0.0000005 | Loss : 0.0067 | Val loss: 0.0097
2026-01-10 23:42:52.097709 | Epoch:2347 | LR: 0.0000005 | Loss : 0.0067 | Val loss: 0.0098
2026-01-10 23:43:03.454250 | Epoch:2348 | LR: 0.0000005 | Loss : 0.0067 | Val loss: 0.0096
2026-01-10 23:43:15.093909 | Epoch:2349 | LR: 0.0000005 | Loss : 0.0068 | Val loss: 0.0096
2026-01-10 23:43:26.704016 | Epoch:2350 | LR: 0.0000004 | Loss : 0.0067 | Val loss: 0.0095
2026-01-10 23:43:37.940374 | Epoch:2351 | LR: 0.0000004 | Loss : 0.0067 | Val loss: 0.0098
2026-01-10 23:43:49.564563 | Epoch:2352 | LR: 0.0000004 | Loss : 0.0066 | Val loss: 0.0098
2026-01-10 23:44:01.210865 | Epoch:2353 | LR: 0.0000004 | Loss : 0.0067 | Val loss: 0.0097
2026-01-10 23:44:12.629542 | Epoch:2354 | LR: 0.0000004 | Loss : 0.0067 | Val loss: 0.0097
2026-01-10 23:44:24.301242 | Epoch:2355 | LR: 0.0000004 | Loss : 0.0067 | Val loss: 0.0097
2026-01-10 23:44:35.922313 | Epoch:2356 | LR: 0.0000004 | Loss : 0.0067 | Val loss: 0.0097
2026-01-10 23:44:47.326298 | Epoch:2357 | LR: 0.0000004 | Loss : 0.0067 | Val loss: 0.0096
2026-01-10 23:44:58.742654 | Epoch:2358 | LR: 0.0000004 | Loss : 0.0067 | Val loss: 0.0094
2026-01-10 23:45:10.167562 | Epoch:2359 | LR: 0.0000004 | Loss : 0.0067 | Val loss: 0.0098
2026-01-10 23:45:21.537828 | Epoch:2360 | LR: 0.0000004 | Loss : 0.0067 | Val loss: 0.0095
2026-01-10 23:45:33.224235 | Epoch:2361 | LR: 0.0000004 | Loss : 0.0066 | Val loss: 0.0097
2026-01-10 23:45:44.818690 | Epoch:2362 | LR: 0.0000004 | Loss : 0.0067 | Val loss: 0.0095
2026-01-10 23:45:56.241698 | Epoch:2363 | LR: 0.0000004 | Loss : 0.0067 | Val loss: 0.0097
2026-01-10 23:46:07.571646 | Epoch:2364 | LR: 0.0000004 | Loss : 0.0066 | Val loss: 0.0095
2026-01-10 23:46:19.095073 | Epoch:2365 | LR: 0.0000004 | Loss : 0.0066 | Val loss: 0.0094
2026-01-10 23:46:30.466177 | Epoch:2366 | LR: 0.0000004 | Loss : 0.0067 | Val loss: 0.0095
2026-01-10 23:46:42.027890 | Epoch:2367 | LR: 0.0000004 | Loss : 0.0067 | Val loss: 0.0095
2026-01-10 23:46:53.560713 | Epoch:2368 | LR: 0.0000003 | Loss : 0.0067 | Val loss: 0.0099
2026-01-10 23:47:05.315756 | Epoch:2369 | LR: 0.0000003 | Loss : 0.0068 | Val loss: 0.0096
2026-01-10 23:47:16.623026 | Epoch:2370 | LR: 0.0000003 | Loss : 0.0067 | Val loss: 0.0096
2026-01-10 23:47:28.118534 | Epoch:2371 | LR: 0.0000003 | Loss : 0.0067 | Val loss: 0.0096
2026-01-10 23:47:39.751157 | Epoch:2372 | LR: 0.0000003 | Loss : 0.0066 | Val loss: 0.0100
2026-01-10 23:47:51.348477 | Epoch:2373 | LR: 0.0000003 | Loss : 0.0067 | Val loss: 0.0098
2026-01-10 23:48:02.866468 | Epoch:2374 | LR: 0.0000003 | Loss : 0.0067 | Val loss: 0.0098
2026-01-10 23:48:14.310759 | Epoch:2375 | LR: 0.0000003 | Loss : 0.0067 | Val loss: 0.0095
2026-01-10 23:48:25.597822 | Epoch:2376 | LR: 0.0000003 | Loss : 0.0068 | Val loss: 0.0095
2026-01-10 23:48:37.158689 | Epoch:2377 | LR: 0.0000003 | Loss : 0.0067 | Val loss: 0.0096
2026-01-10 23:48:48.503319 | Epoch:2378 | LR: 0.0000003 | Loss : 0.0067 | Val loss: 0.0099
2026-01-10 23:49:00.225890 | Epoch:2379 | LR: 0.0000003 | Loss : 0.0067 | Val loss: 0.0097
2026-01-10 23:49:11.789680 | Epoch:2380 | LR: 0.0000003 | Loss : 0.0067 | Val loss: 0.0099
2026-01-10 23:49:23.487459 | Epoch:2381 | LR: 0.0000003 | Loss : 0.0067 | Val loss: 0.0097
2026-01-10 23:49:34.777337 | Epoch:2382 | LR: 0.0000003 | Loss : 0.0066 | Val loss: 0.0098
2026-01-10 23:49:46.432397 | Epoch:2383 | LR: 0.0000003 | Loss : 0.0067 | Val loss: 0.0099
2026-01-10 23:49:57.840004 | Epoch:2384 | LR: 0.0000003 | Loss : 0.0067 | Val loss: 0.0098
2026-01-10 23:50:09.764287 | Epoch:2385 | LR: 0.0000003 | Loss : 0.0067 | Val loss: 0.0096
2026-01-10 23:50:21.247460 | Epoch:2386 | LR: 0.0000003 | Loss : 0.0066 | Val loss: 0.0098
2026-01-10 23:50:32.796663 | Epoch:2387 | LR: 0.0000003 | Loss : 0.0067 | Val loss: 0.0094
2026-01-10 23:50:44.096397 | Epoch:2388 | LR: 0.0000002 | Loss : 0.0067 | Val loss: 0.0098
2026-01-10 23:50:55.628090 | Epoch:2389 | LR: 0.0000002 | Loss : 0.0067 | Val loss: 0.0099
2026-01-10 23:51:07.017722 | Epoch:2390 | LR: 0.0000002 | Loss : 0.0066 | Val loss: 0.0093
2026-01-10 23:51:18.679536 | Epoch:2391 | LR: 0.0000002 | Loss : 0.0067 | Val loss: 0.0095
2026-01-10 23:51:30.088382 | Epoch:2392 | LR: 0.0000002 | Loss : 0.0067 | Val loss: 0.0097
2026-01-10 23:51:41.766270 | Epoch:2393 | LR: 0.0000002 | Loss : 0.0066 | Val loss: 0.0096
2026-01-10 23:51:53.053652 | Epoch:2394 | LR: 0.0000002 | Loss : 0.0067 | Val loss: 0.0097
2026-01-10 23:52:04.624859 | Epoch:2395 | LR: 0.0000002 | Loss : 0.0067 | Val loss: 0.0100
2026-01-10 23:52:16.119343 | Epoch:2396 | LR: 0.0000002 | Loss : 0.0067 | Val loss: 0.0096
2026-01-10 23:52:27.703647 | Epoch:2397 | LR: 0.0000002 | Loss : 0.0067 | Val loss: 0.0095
2026-01-10 23:52:39.107255 | Epoch:2398 | LR: 0.0000002 | Loss : 0.0066 | Val loss: 0.0097
2026-01-10 23:52:50.750937 | Epoch:2399 | LR: 0.0000002 | Loss : 0.0066 | Val loss: 0.0099
2026-01-10 23:53:02.048063 | Epoch:2400 | LR: 0.0000002 | Loss : 0.0067 | Val loss: 0.0097
2026-01-10 23:53:13.649794 | Epoch:2401 | LR: 0.0000002 | Loss : 0.0066 | Val loss: 0.0093
2026-01-10 23:53:24.996233 | Epoch:2402 | LR: 0.0000002 | Loss : 0.0066 | Val loss: 0.0095
2026-01-10 23:53:36.615144 | Epoch:2403 | LR: 0.0000002 | Loss : 0.0069 | Val loss: 0.0097
2026-01-10 23:53:48.023417 | Epoch:2404 | LR: 0.0000002 | Loss : 0.0067 | Val loss: 0.0098
2026-01-10 23:53:59.789757 | Epoch:2405 | LR: 0.0000002 | Loss : 0.0067 | Val loss: 0.0099
2026-01-10 23:54:11.040074 | Epoch:2406 | LR: 0.0000002 | Loss : 0.0066 | Val loss: 0.0096
2026-01-10 23:54:22.806608 | Epoch:2407 | LR: 0.0000002 | Loss : 0.0067 | Val loss: 0.0098
2026-01-10 23:54:34.311081 | Epoch:2408 | LR: 0.0000002 | Loss : 0.0067 | Val loss: 0.0095
2026-01-10 23:54:45.889645 | Epoch:2409 | LR: 0.0000002 | Loss : 0.0067 | Val loss: 0.0096
2026-01-10 23:54:57.316834 | Epoch:2410 | LR: 0.0000002 | Loss : 0.0067 | Val loss: 0.0098
2026-01-10 23:55:09.100643 | Epoch:2411 | LR: 0.0000002 | Loss : 0.0066 | Val loss: 0.0099
2026-01-10 23:55:20.418436 | Epoch:2412 | LR: 0.0000002 | Loss : 0.0066 | Val loss: 0.0095
2026-01-10 23:55:31.927419 | Epoch:2413 | LR: 0.0000002 | Loss : 0.0067 | Val loss: 0.0096
2026-01-10 23:55:43.280408 | Epoch:2414 | LR: 0.0000001 | Loss : 0.0066 | Val loss: 0.0101
2026-01-10 23:55:54.795032 | Epoch:2415 | LR: 0.0000001 | Loss : 0.0067 | Val loss: 0.0098
2026-01-10 23:56:06.267121 | Epoch:2416 | LR: 0.0000001 | Loss : 0.0066 | Val loss: 0.0098
2026-01-10 23:56:17.891414 | Epoch:2417 | LR: 0.0000001 | Loss : 0.0068 | Val loss: 0.0097
2026-01-10 23:56:29.279074 | Epoch:2418 | LR: 0.0000001 | Loss : 0.0066 | Val loss: 0.0097
2026-01-10 23:56:40.712137 | Epoch:2419 | LR: 0.0000001 | Loss : 0.0067 | Val loss: 0.0097
2026-01-10 23:56:52.240274 | Epoch:2420 | LR: 0.0000001 | Loss : 0.0066 | Val loss: 0.0095
2026-01-10 23:57:03.731795 | Epoch:2421 | LR: 0.0000001 | Loss : 0.0066 | Val loss: 0.0098
2026-01-10 23:57:15.258109 | Epoch:2422 | LR: 0.0000001 | Loss : 0.0067 | Val loss: 0.0095
2026-01-10 23:57:26.875753 | Epoch:2423 | LR: 0.0000001 | Loss : 0.0066 | Val loss: 0.0098
2026-01-10 23:57:38.281331 | Epoch:2424 | LR: 0.0000001 | Loss : 0.0067 | Val loss: 0.0098
2026-01-10 23:57:49.664135 | Epoch:2425 | LR: 0.0000001 | Loss : 0.0067 | Val loss: 0.0097
2026-01-10 23:58:01.039139 | Epoch:2426 | LR: 0.0000001 | Loss : 0.0068 | Val loss: 0.0097
2026-01-10 23:58:12.483546 | Epoch:2427 | LR: 0.0000001 | Loss : 0.0067 | Val loss: 0.0097
2026-01-10 23:58:24.019210 | Epoch:2428 | LR: 0.0000001 | Loss : 0.0066 | Val loss: 0.0100
2026-01-10 23:58:35.633834 | Epoch:2429 | LR: 0.0000001 | Loss : 0.0067 | Val loss: 0.0099
2026-01-10 23:58:47.139041 | Epoch:2430 | LR: 0.0000001 | Loss : 0.0067 | Val loss: 0.0098
2026-01-10 23:58:58.476336 | Epoch:2431 | LR: 0.0000001 | Loss : 0.0067 | Val loss: 0.0101
2026-01-10 23:59:09.880523 | Epoch:2432 | LR: 0.0000001 | Loss : 0.0067 | Val loss: 0.0101
2026-01-10 23:59:21.433189 | Epoch:2433 | LR: 0.0000001 | Loss : 0.0066 | Val loss: 0.0097
2026-01-10 23:59:33.011715 | Epoch:2434 | LR: 0.0000001 | Loss : 0.0067 | Val loss: 0.0097
2026-01-10 23:59:44.651512 | Epoch:2435 | LR: 0.0000001 | Loss : 0.0067 | Val loss: 0.0100
2026-01-10 23:59:56.332001 | Epoch:2436 | LR: 0.0000001 | Loss : 0.0066 | Val loss: 0.0097
2026-01-11 00:00:07.674030 | Epoch:2437 | LR: 0.0000001 | Loss : 0.0067 | Val loss: 0.0097
2026-01-11 00:00:19.098281 | Epoch:2438 | LR: 0.0000001 | Loss : 0.0067 | Val loss: 0.0099
2026-01-11 00:00:30.554900 | Epoch:2439 | LR: 0.0000001 | Loss : 0.0067 | Val loss: 0.0096
2026-01-11 00:00:42.031311 | Epoch:2440 | LR: 0.0000001 | Loss : 0.0068 | Val loss: 0.0094
2026-01-11 00:00:53.638312 | Epoch:2441 | LR: 0.0000001 | Loss : 0.0067 | Val loss: 0.0095
2026-01-11 00:01:05.257942 | Epoch:2442 | LR: 0.0000001 | Loss : 0.0066 | Val loss: 0.0097
2026-01-11 00:01:16.591278 | Epoch:2443 | LR: 0.0000001 | Loss : 0.0067 | Val loss: 0.0095
2026-01-11 00:01:28.052830 | Epoch:2444 | LR: 0.0000001 | Loss : 0.0068 | Val loss: 0.0094
2026-01-11 00:01:39.575413 | Epoch:2445 | LR: 0.0000001 | Loss : 0.0066 | Val loss: 0.0095
2026-01-11 00:01:51.052879 | Epoch:2446 | LR: 0.0000001 | Loss : 0.0066 | Val loss: 0.0097
2026-01-11 00:02:02.670892 | Epoch:2447 | LR: 0.0000001 | Loss : 0.0067 | Val loss: 0.0099
2026-01-11 00:02:14.359819 | Epoch:2448 | LR: 0.0000001 | Loss : 0.0067 | Val loss: 0.0098
2026-01-11 00:02:25.706948 | Epoch:2449 | LR: 0.0000001 | Loss : 0.0067 | Val loss: 0.0098
2026-01-11 00:02:37.243027 | Epoch:2450 | LR: 0.0000001 | Loss : 0.0067 | Val loss: 0.0094
2026-01-11 00:02:48.719833 | Epoch:2451 | LR: 0.0000000 | Loss : 0.0067 | Val loss: 0.0095
2026-01-11 00:03:00.209388 | Epoch:2452 | LR: 0.0000000 | Loss : 0.0066 | Val loss: 0.0096
2026-01-11 00:03:11.828908 | Epoch:2453 | LR: 0.0000000 | Loss : 0.0067 | Val loss: 0.0094
2026-01-11 00:03:23.405390 | Epoch:2454 | LR: 0.0000000 | Loss : 0.0066 | Val loss: 0.0097
2026-01-11 00:03:34.799657 | Epoch:2455 | LR: 0.0000000 | Loss : 0.0068 | Val loss: 0.0096
2026-01-11 00:03:46.396225 | Epoch:2456 | LR: 0.0000000 | Loss : 0.0067 | Val loss: 0.0096
2026-01-11 00:03:57.862270 | Epoch:2457 | LR: 0.0000000 | Loss : 0.0067 | Val loss: 0.0096
2026-01-11 00:04:09.456268 | Epoch:2458 | LR: 0.0000000 | Loss : 0.0067 | Val loss: 0.0099
2026-01-11 00:04:21.123203 | Epoch:2459 | LR: 0.0000000 | Loss : 0.0067 | Val loss: 0.0099
2026-01-11 00:04:32.642783 | Epoch:2460 | LR: 0.0000000 | Loss : 0.0067 | Val loss: 0.0096
2026-01-11 00:04:44.012906 | Epoch:2461 | LR: 0.0000000 | Loss : 0.0066 | Val loss: 0.0098
2026-01-11 00:04:55.667550 | Epoch:2462 | LR: 0.0000000 | Loss : 0.0066 | Val loss: 0.0094
2026-01-11 00:05:07.207708 | Epoch:2463 | LR: 0.0000000 | Loss : 0.0067 | Val loss: 0.0098
2026-01-11 00:05:18.703594 | Epoch:2464 | LR: 0.0000000 | Loss : 0.0067 | Val loss: 0.0095
2026-01-11 00:05:30.263294 | Epoch:2465 | LR: 0.0000000 | Loss : 0.0067 | Val loss: 0.0097
2026-01-11 00:05:41.787288 | Epoch:2466 | LR: 0.0000000 | Loss : 0.0067 | Val loss: 0.0098
2026-01-11 00:05:53.235189 | Epoch:2467 | LR: 0.0000000 | Loss : 0.0067 | Val loss: 0.0097
2026-01-11 00:06:04.617708 | Epoch:2468 | LR: 0.0000000 | Loss : 0.0067 | Val loss: 0.0098
2026-01-11 00:06:16.004834 | Epoch:2469 | LR: 0.0000000 | Loss : 0.0067 | Val loss: 0.0098
2026-01-11 00:06:27.477382 | Epoch:2470 | LR: 0.0000000 | Loss : 0.0067 | Val loss: 0.0096
2026-01-11 00:06:39.057638 | Epoch:2471 | LR: 0.0000000 | Loss : 0.0067 | Val loss: 0.0099
2026-01-11 00:06:50.600868 | Epoch:2472 | LR: 0.0000000 | Loss : 0.0066 | Val loss: 0.0094
2026-01-11 00:07:02.042561 | Epoch:2473 | LR: 0.0000000 | Loss : 0.0066 | Val loss: 0.0095
2026-01-11 00:07:13.421811 | Epoch:2474 | LR: 0.0000000 | Loss : 0.0067 | Val loss: 0.0098
2026-01-11 00:07:24.784935 | Epoch:2475 | LR: 0.0000000 | Loss : 0.0067 | Val loss: 0.0097
2026-01-11 00:07:36.308872 | Epoch:2476 | LR: 0.0000000 | Loss : 0.0067 | Val loss: 0.0097
2026-01-11 00:07:47.943568 | Epoch:2477 | LR: 0.0000000 | Loss : 0.0067 | Val loss: 0.0095
2026-01-11 00:07:59.444972 | Epoch:2478 | LR: 0.0000000 | Loss : 0.0067 | Val loss: 0.0100
2026-01-11 00:08:11.073886 | Epoch:2479 | LR: 0.0000000 | Loss : 0.0067 | Val loss: 0.0099
2026-01-11 00:08:22.466364 | Epoch:2480 | LR: 0.0000000 | Loss : 0.0067 | Val loss: 0.0100
2026-01-11 00:08:34.193980 | Epoch:2481 | LR: 0.0000000 | Loss : 0.0067 | Val loss: 0.0097
2026-01-11 00:08:45.617872 | Epoch:2482 | LR: 0.0000000 | Loss : 0.0067 | Val loss: 0.0094
2026-01-11 00:08:57.262002 | Epoch:2483 | LR: 0.0000000 | Loss : 0.0067 | Val loss: 0.0099
2026-01-11 00:09:09.089128 | Epoch:2484 | LR: 0.0000000 | Loss : 0.0067 | Val loss: 0.0099
2026-01-11 00:09:20.742392 | Epoch:2485 | LR: 0.0000000 | Loss : 0.0067 | Val loss: 0.0094
2026-01-11 00:09:32.181023 | Epoch:2486 | LR: 0.0000000 | Loss : 0.0067 | Val loss: 0.0096
2026-01-11 00:09:43.607374 | Epoch:2487 | LR: 0.0000000 | Loss : 0.0067 | Val loss: 0.0097
2026-01-11 00:09:55.193311 | Epoch:2488 | LR: 0.0000000 | Loss : 0.0066 | Val loss: 0.0099
2026-01-11 00:10:07.024322 | Epoch:2489 | LR: 0.0000000 | Loss : 0.0067 | Val loss: 0.0099
2026-01-11 00:10:18.691640 | Epoch:2490 | LR: 0.0000000 | Loss : 0.0067 | Val loss: 0.0095
2026-01-11 00:10:30.396820 | Epoch:2491 | LR: 0.0000000 | Loss : 0.0067 | Val loss: 0.0095
2026-01-11 00:10:41.758285 | Epoch:2492 | LR: 0.0000000 | Loss : 0.0066 | Val loss: 0.0093
2026-01-11 00:10:53.123634 | Epoch:2493 | LR: 0.0000000 | Loss : 0.0066 | Val loss: 0.0098
2026-01-11 00:11:04.593791 | Epoch:2494 | LR: 0.0000000 | Loss : 0.0068 | Val loss: 0.0099
2026-01-11 00:11:16.188991 | Epoch:2495 | LR: 0.0000000 | Loss : 0.0068 | Val loss: 0.0097
2026-01-11 00:11:27.692246 | Epoch:2496 | LR: 0.0000000 | Loss : 0.0067 | Val loss: 0.0100
2026-01-11 00:11:39.201178 | Epoch:2497 | LR: 0.0000000 | Loss : 0.0066 | Val loss: 0.0097
2026-01-11 00:11:50.819702 | Epoch:2498 | LR: 0.0000000 | Loss : 0.0067 | Val loss: 0.0097
2026-01-11 00:12:02.200037 | Epoch:2499 | LR: 0.0000000 | Loss : 0.0067 | Val loss: 0.0101
2026-01-11 00:12:13.723235 | Epoch:2500 | LR: 0.0000000 | Loss : 0.0067 | Val loss: 0.0099
2026-01-11 00:12:25.281612 | Epoch:2501 | LR: 0.0000000 | Loss : 0.0067 | Val loss: 0.0099
2026-01-11 00:12:36.786421 | Epoch:2502 | LR: 0.0000000 | Loss : 0.0067 | Val loss: 0.0096
2026-01-11 00:12:48.406316 | Epoch:2503 | LR: 0.0000000 | Loss : 0.0067 | Val loss: 0.0098
2026-01-11 00:12:59.800731 | Epoch:2504 | LR: 0.0000000 | Loss : 0.0066 | Val loss: 0.0099
2026-01-11 00:13:11.278275 | Epoch:2505 | LR: 0.0000000 | Loss : 0.0067 | Val loss: 0.0096
2026-01-11 00:13:22.904978 | Epoch:2506 | LR: 0.0000000 | Loss : 0.0067 | Val loss: 0.0100
2026-01-11 00:13:34.467910 | Epoch:2507 | LR: 0.0000000 | Loss : 0.0067 | Val loss: 0.0100
2026-01-11 00:13:46.049700 | Epoch:2508 | LR: 0.0000000 | Loss : 0.0066 | Val loss: 0.0098
2026-01-11 00:13:57.513099 | Epoch:2509 | LR: 0.0000000 | Loss : 0.0067 | Val loss: 0.0098
2026-01-11 00:14:09.014489 | Epoch:2510 | LR: 0.0000000 | Loss : 0.0066 | Val loss: 0.0099
2026-01-11 00:14:20.388239 | Epoch:2511 | LR: 0.0000000 | Loss : 0.0067 | Val loss: 0.0096
2026-01-11 00:14:31.886083 | Epoch:2512 | LR: 0.0000000 | Loss : 0.0067 | Val loss: 0.0093
2026-01-11 00:14:43.420764 | Epoch:2513 | LR: 0.0000000 | Loss : 0.0068 | Val loss: 0.0095
2026-01-11 00:14:54.850463 | Epoch:2514 | LR: 0.0000000 | Loss : 0.0067 | Val loss: 0.0092
2026-01-11 00:15:06.501936 | Epoch:2515 | LR: 0.0000000 | Loss : 0.0067 | Val loss: 0.0096
2026-01-11 00:15:18.037602 | Epoch:2516 | LR: 0.0000000 | Loss : 0.0068 | Val loss: 0.0094
2026-01-11 00:15:29.721811 | Epoch:2517 | LR: 0.0000000 | Loss : 0.0066 | Val loss: 0.0098
2026-01-11 00:15:41.262427 | Epoch:2518 | LR: 0.0000000 | Loss : 0.0067 | Val loss: 0.0092
2026-01-11 00:15:52.763124 | Epoch:2519 | LR: 0.0000000 | Loss : 0.0067 | Val loss: 0.0097
2026-01-11 00:16:04.154014 | Epoch:2520 | LR: 0.0000000 | Loss : 0.0067 | Val loss: 0.0099
2026-01-11 00:16:15.762981 | Epoch:2521 | LR: 0.0000000 | Loss : 0.0067 | Val loss: 0.0097
2026-01-11 00:16:27.273255 | Epoch:2522 | LR: 0.0000000 | Loss : 0.0067 | Val loss: 0.0097
2026-01-11 00:16:38.590203 | Epoch:2523 | LR: 0.0000000 | Loss : 0.0066 | Val loss: 0.0096
2026-01-11 00:16:50.063938 | Epoch:2524 | LR: 0.0000000 | Loss : 0.0067 | Val loss: 0.0095
2026-01-11 00:17:01.679577 | Epoch:2525 | LR: 0.0000000 | Loss : 0.0067 | Val loss: 0.0096
2026-01-11 00:17:13.098897 | Epoch:2526 | LR: 0.0000000 | Loss : 0.0066 | Val loss: 0.0096
2026-01-11 00:17:24.590225 | Epoch:2527 | LR: 0.0000000 | Loss : 0.0067 | Val loss: 0.0098
2026-01-11 00:17:36.222212 | Epoch:2528 | LR: 0.0000000 | Loss : 0.0066 | Val loss: 0.0097
2026-01-11 00:17:47.549603 | Epoch:2529 | LR: 0.0000000 | Loss : 0.0066 | Val loss: 0.0098
2026-01-11 00:17:58.987389 | Epoch:2530 | LR: 0.0000000 | Loss : 0.0066 | Val loss: 0.0099
2026-01-11 00:18:10.485012 | Epoch:2531 | LR: 0.0000000 | Loss : 0.0068 | Val loss: 0.0098
2026-01-11 00:18:21.904402 | Epoch:2532 | LR: 0.0000000 | Loss : 0.0067 | Val loss: 0.0095
2026-01-11 00:18:33.420216 | Epoch:2533 | LR: 0.0000000 | Loss : 0.0067 | Val loss: 0.0097
2026-01-11 00:18:45.062809 | Epoch:2534 | LR: 0.0000000 | Loss : 0.0067 | Val loss: 0.0096
2026-01-11 00:18:56.363329 | Epoch:2535 | LR: 0.0000000 | Loss : 0.0067 | Val loss: 0.0100
2026-01-11 00:19:07.822931 | Epoch:2536 | LR: 0.0000000 | Loss : 0.0067 | Val loss: 0.0094
2026-01-11 00:19:19.329253 | Epoch:2537 | LR: 0.0000000 | Loss : 0.0067 | Val loss: 0.0098
2026-01-11 00:19:30.695842 | Epoch:2538 | LR: 0.0000000 | Loss : 0.0067 | Val loss: 0.0098
2026-01-11 00:19:42.140021 | Epoch:2539 | LR: 0.0000000 | Loss : 0.0067 | Val loss: 0.0095
2026-01-11 00:19:53.723552 | Epoch:2540 | LR: 0.0000000 | Loss : 0.0067 | Val loss: 0.0097
2026-01-11 00:20:05.096456 | Epoch:2541 | LR: 0.0000000 | Loss : 0.0066 | Val loss: 0.0096
2026-01-11 00:20:16.595552 | Epoch:2542 | LR: 0.0000000 | Loss : 0.0067 | Val loss: 0.0096
2026-01-11 00:20:28.109597 | Epoch:2543 | LR: 0.0000000 | Loss : 0.0067 | Val loss: 0.0096
2026-01-11 00:20:39.684338 | Epoch:2544 | LR: 0.0000000 | Loss : 0.0066 | Val loss: 0.0095
2026-01-11 00:20:51.196799 | Epoch:2545 | LR: 0.0000000 | Loss : 0.0067 | Val loss: 0.0099
2026-01-11 00:21:03.021048 | Epoch:2546 | LR: 0.0000000 | Loss : 0.0067 | Val loss: 0.0098
2026-01-11 00:21:14.451296 | Epoch:2547 | LR: 0.0000000 | Loss : 0.0067 | Val loss: 0.0098
2026-01-11 00:21:26.022052 | Epoch:2548 | LR: 0.0000000 | Loss : 0.0067 | Val loss: 0.0094
2026-01-11 00:21:37.562820 | Epoch:2549 | LR: 0.0000000 | Loss : 0.0067 | Val loss: 0.0098
2026-01-11 00:21:49.016053 | Epoch:2550 | LR: 0.0000000 | Loss : 0.0066 | Val loss: 0.0094
2026-01-11 00:22:00.641985 | Epoch:2551 | LR: 0.0000001 | Loss : 0.0066 | Val loss: 0.0097
2026-01-11 00:22:12.344223 | Epoch:2552 | LR: 0.0000001 | Loss : 0.0066 | Val loss: 0.0095
2026-01-11 00:22:23.722605 | Epoch:2553 | LR: 0.0000001 | Loss : 0.0067 | Val loss: 0.0099
2026-01-11 00:22:35.232482 | Epoch:2554 | LR: 0.0000001 | Loss : 0.0067 | Val loss: 0.0099
2026-01-11 00:22:46.870889 | Epoch:2555 | LR: 0.0000001 | Loss : 0.0067 | Val loss: 0.0095
2026-01-11 00:22:58.294287 | Epoch:2556 | LR: 0.0000001 | Loss : 0.0067 | Val loss: 0.0098
2026-01-11 00:23:09.844528 | Epoch:2557 | LR: 0.0000001 | Loss : 0.0067 | Val loss: 0.0097
2026-01-11 00:23:21.814392 | Epoch:2558 | LR: 0.0000001 | Loss : 0.0067 | Val loss: 0.0097
2026-01-11 00:23:33.627943 | Epoch:2559 | LR: 0.0000001 | Loss : 0.0066 | Val loss: 0.0100
2026-01-11 00:23:56.420373 | Epoch:2560 | LR: 0.0000001 | Loss : 0.0067 | Val loss: 0.0096
2026-01-11 00:24:19.771890 | Epoch:2561 | LR: 0.0000001 | Loss : 0.0068 | Val loss: 0.0096
2026-01-11 00:24:43.027003 | Epoch:2562 | LR: 0.0000001 | Loss : 0.0067 | Val loss: 0.0101
2026-01-11 00:25:06.132942 | Epoch:2563 | LR: 0.0000001 | Loss : 0.0067 | Val loss: 0.0097
2026-01-11 00:25:29.283729 | Epoch:2564 | LR: 0.0000001 | Loss : 0.0067 | Val loss: 0.0096
2026-01-11 00:25:52.387250 | Epoch:2565 | LR: 0.0000001 | Loss : 0.0067 | Val loss: 0.0094
2026-01-11 00:26:14.588270 | Epoch:2566 | LR: 0.0000001 | Loss : 0.0067 | Val loss: 0.0097
2026-01-11 00:26:38.446167 | Epoch:2567 | LR: 0.0000001 | Loss : 0.0066 | Val loss: 0.0099
2026-01-11 00:27:01.475548 | Epoch:2568 | LR: 0.0000001 | Loss : 0.0067 | Val loss: 0.0098
2026-01-11 00:27:24.186139 | Epoch:2569 | LR: 0.0000001 | Loss : 0.0067 | Val loss: 0.0096
2026-01-11 00:27:46.969980 | Epoch:2570 | LR: 0.0000001 | Loss : 0.0067 | Val loss: 0.0095
2026-01-11 00:28:09.652146 | Epoch:2571 | LR: 0.0000001 | Loss : 0.0067 | Val loss: 0.0096
2026-01-11 00:28:32.524610 | Epoch:2572 | LR: 0.0000001 | Loss : 0.0067 | Val loss: 0.0097
2026-01-11 00:28:54.492208 | Epoch:2573 | LR: 0.0000001 | Loss : 0.0067 | Val loss: 0.0099
2026-01-11 00:29:16.926091 | Epoch:2574 | LR: 0.0000001 | Loss : 0.0067 | Val loss: 0.0096
2026-01-11 00:29:39.976365 | Epoch:2575 | LR: 0.0000001 | Loss : 0.0066 | Val loss: 0.0100
2026-01-11 00:30:02.872915 | Epoch:2576 | LR: 0.0000001 | Loss : 0.0066 | Val loss: 0.0095
2026-01-11 00:30:16.873520 | Epoch:2577 | LR: 0.0000001 | Loss : 0.0067 | Val loss: 0.0098
2026-01-11 00:30:30.658596 | Epoch:2578 | LR: 0.0000001 | Loss : 0.0067 | Val loss: 0.0097
2026-01-11 00:30:42.241882 | Epoch:2579 | LR: 0.0000001 | Loss : 0.0067 | Val loss: 0.0098
2026-01-11 00:30:53.723079 | Epoch:2580 | LR: 0.0000001 | Loss : 0.0068 | Val loss: 0.0096
2026-01-11 00:31:05.099258 | Epoch:2581 | LR: 0.0000001 | Loss : 0.0066 | Val loss: 0.0099
2026-01-11 00:31:16.995074 | Epoch:2582 | LR: 0.0000001 | Loss : 0.0067 | Val loss: 0.0095
2026-01-11 00:31:28.422410 | Epoch:2583 | LR: 0.0000001 | Loss : 0.0067 | Val loss: 0.0097
2026-01-11 00:31:39.871035 | Epoch:2584 | LR: 0.0000001 | Loss : 0.0067 | Val loss: 0.0098
2026-01-11 00:31:51.320717 | Epoch:2585 | LR: 0.0000001 | Loss : 0.0067 | Val loss: 0.0100
2026-01-11 00:32:02.755237 | Epoch:2586 | LR: 0.0000001 | Loss : 0.0067 | Val loss: 0.0095
2026-01-11 00:32:14.161075 | Epoch:2587 | LR: 0.0000001 | Loss : 0.0067 | Val loss: 0.0098
2026-01-11 00:32:25.855341 | Epoch:2588 | LR: 0.0000002 | Loss : 0.0067 | Val loss: 0.0098
2026-01-11 00:32:37.133250 | Epoch:2589 | LR: 0.0000002 | Loss : 0.0067 | Val loss: 0.0098
2026-01-11 00:32:48.601589 | Epoch:2590 | LR: 0.0000002 | Loss : 0.0067 | Val loss: 0.0098
2026-01-11 00:33:00.089905 | Epoch:2591 | LR: 0.0000002 | Loss : 0.0067 | Val loss: 0.0098
2026-01-11 00:33:11.541888 | Epoch:2592 | LR: 0.0000002 | Loss : 0.0067 | Val loss: 0.0094
2026-01-11 00:33:23.017326 | Epoch:2593 | LR: 0.0000002 | Loss : 0.0067 | Val loss: 0.0098
2026-01-11 00:33:35.131056 | Epoch:2594 | LR: 0.0000002 | Loss : 0.0067 | Val loss: 0.0097
2026-01-11 00:33:46.825414 | Epoch:2595 | LR: 0.0000002 | Loss : 0.0067 | Val loss: 0.0095
2026-01-11 00:33:58.337158 | Epoch:2596 | LR: 0.0000002 | Loss : 0.0067 | Val loss: 0.0094
2026-01-11 00:34:09.885921 | Epoch:2597 | LR: 0.0000002 | Loss : 0.0067 | Val loss: 0.0098
2026-01-11 00:34:21.297257 | Epoch:2598 | LR: 0.0000002 | Loss : 0.0067 | Val loss: 0.0098
2026-01-11 00:34:32.769183 | Epoch:2599 | LR: 0.0000002 | Loss : 0.0067 | Val loss: 0.0102
2026-01-11 00:34:44.562270 | Epoch:2600 | LR: 0.0000002 | Loss : 0.0067 | Val loss: 0.0099
2026-01-11 00:34:55.963554 | Epoch:2601 | LR: 0.0000002 | Loss : 0.0067 | Val loss: 0.0097
2026-01-11 00:35:07.736659 | Epoch:2602 | LR: 0.0000002 | Loss : 0.0067 | Val loss: 0.0098
2026-01-11 00:35:23.479815 | Epoch:2603 | LR: 0.0000002 | Loss : 0.0067 | Val loss: 0.0099
2026-01-11 00:35:46.416733 | Epoch:2604 | LR: 0.0000002 | Loss : 0.0067 | Val loss: 0.0098
2026-01-11 00:36:09.573477 | Epoch:2605 | LR: 0.0000002 | Loss : 0.0067 | Val loss: 0.0099
2026-01-11 00:36:32.730763 | Epoch:2606 | LR: 0.0000002 | Loss : 0.0067 | Val loss: 0.0097
2026-01-11 00:36:56.273669 | Epoch:2607 | LR: 0.0000002 | Loss : 0.0066 | Val loss: 0.0099
2026-01-11 00:37:19.730297 | Epoch:2608 | LR: 0.0000002 | Loss : 0.0067 | Val loss: 0.0094
2026-01-11 00:37:42.854745 | Epoch:2609 | LR: 0.0000002 | Loss : 0.0067 | Val loss: 0.0097
2026-01-11 00:38:06.380731 | Epoch:2610 | LR: 0.0000002 | Loss : 0.0067 | Val loss: 0.0095
2026-01-11 00:38:29.480052 | Epoch:2611 | LR: 0.0000002 | Loss : 0.0066 | Val loss: 0.0094
2026-01-11 00:38:52.533830 | Epoch:2612 | LR: 0.0000002 | Loss : 0.0067 | Val loss: 0.0098
2026-01-11 00:39:15.920085 | Epoch:2613 | LR: 0.0000002 | Loss : 0.0066 | Val loss: 0.0097
2026-01-11 00:39:35.147052 | Epoch:2614 | LR: 0.0000003 | Loss : 0.0067 | Val loss: 0.0095
2026-01-11 00:39:46.583454 | Epoch:2615 | LR: 0.0000003 | Loss : 0.0067 | Val loss: 0.0099
2026-01-11 00:39:57.959059 | Epoch:2616 | LR: 0.0000003 | Loss : 0.0067 | Val loss: 0.0096
2026-01-11 00:40:09.322597 | Epoch:2617 | LR: 0.0000003 | Loss : 0.0067 | Val loss: 0.0097
2026-01-11 00:40:20.815029 | Epoch:2618 | LR: 0.0000003 | Loss : 0.0067 | Val loss: 0.0098
2026-01-11 00:40:32.473193 | Epoch:2619 | LR: 0.0000003 | Loss : 0.0067 | Val loss: 0.0096
2026-01-11 00:40:43.809801 | Epoch:2620 | LR: 0.0000003 | Loss : 0.0067 | Val loss: 0.0097
2026-01-11 00:40:55.273345 | Epoch:2621 | LR: 0.0000003 | Loss : 0.0067 | Val loss: 0.0096
2026-01-11 00:41:06.657848 | Epoch:2622 | LR: 0.0000003 | Loss : 0.0067 | Val loss: 0.0096
2026-01-11 00:41:18.034332 | Epoch:2623 | LR: 0.0000003 | Loss : 0.0066 | Val loss: 0.0100
2026-01-11 00:41:29.469668 | Epoch:2624 | LR: 0.0000003 | Loss : 0.0067 | Val loss: 0.0099
2026-01-11 00:41:40.963595 | Epoch:2625 | LR: 0.0000003 | Loss : 0.0067 | Val loss: 0.0095
2026-01-11 00:41:52.568996 | Epoch:2626 | LR: 0.0000003 | Loss : 0.0066 | Val loss: 0.0098
2026-01-11 00:42:04.109689 | Epoch:2627 | LR: 0.0000003 | Loss : 0.0067 | Val loss: 0.0092
2026-01-11 00:42:15.421865 | Epoch:2628 | LR: 0.0000003 | Loss : 0.0067 | Val loss: 0.0096
2026-01-11 00:42:26.843814 | Epoch:2629 | LR: 0.0000003 | Loss : 0.0066 | Val loss: 0.0097
2026-01-11 00:42:38.281420 | Epoch:2630 | LR: 0.0000003 | Loss : 0.0067 | Val loss: 0.0095
2026-01-11 00:42:49.849365 | Epoch:2631 | LR: 0.0000003 | Loss : 0.0067 | Val loss: 0.0096
2026-01-11 00:43:01.303615 | Epoch:2632 | LR: 0.0000003 | Loss : 0.0066 | Val loss: 0.0094
2026-01-11 00:43:12.650072 | Epoch:2633 | LR: 0.0000003 | Loss : 0.0067 | Val loss: 0.0094
2026-01-11 00:43:23.964387 | Epoch:2634 | LR: 0.0000004 | Loss : 0.0067 | Val loss: 0.0098
2026-01-11 00:43:35.310097 | Epoch:2635 | LR: 0.0000004 | Loss : 0.0066 | Val loss: 0.0096
2026-01-11 00:43:46.765794 | Epoch:2636 | LR: 0.0000004 | Loss : 0.0066 | Val loss: 0.0094
2026-01-11 00:43:58.290878 | Epoch:2637 | LR: 0.0000004 | Loss : 0.0066 | Val loss: 0.0099
2026-01-11 00:44:09.865001 | Epoch:2638 | LR: 0.0000004 | Loss : 0.0066 | Val loss: 0.0095
2026-01-11 00:44:21.128658 | Epoch:2639 | LR: 0.0000004 | Loss : 0.0067 | Val loss: 0.0096
2026-01-11 00:44:32.473500 | Epoch:2640 | LR: 0.0000004 | Loss : 0.0067 | Val loss: 0.0096
2026-01-11 00:44:43.799706 | Epoch:2641 | LR: 0.0000004 | Loss : 0.0067 | Val loss: 0.0094
2026-01-11 00:44:55.259927 | Epoch:2642 | LR: 0.0000004 | Loss : 0.0067 | Val loss: 0.0099
2026-01-11 00:45:06.702391 | Epoch:2643 | LR: 0.0000004 | Loss : 0.0068 | Val loss: 0.0096
2026-01-11 00:45:18.182030 | Epoch:2644 | LR: 0.0000004 | Loss : 0.0067 | Val loss: 0.0095
2026-01-11 00:45:29.464551 | Epoch:2645 | LR: 0.0000004 | Loss : 0.0067 | Val loss: 0.0094
2026-01-11 00:45:40.901222 | Epoch:2646 | LR: 0.0000004 | Loss : 0.0067 | Val loss: 0.0101
2026-01-11 00:45:52.230446 | Epoch:2647 | LR: 0.0000004 | Loss : 0.0067 | Val loss: 0.0098
2026-01-11 00:46:03.576371 | Epoch:2648 | LR: 0.0000004 | Loss : 0.0067 | Val loss: 0.0098
2026-01-11 00:46:15.116541 | Epoch:2649 | LR: 0.0000004 | Loss : 0.0066 | Val loss: 0.0095
2026-01-11 00:46:26.675654 | Epoch:2650 | LR: 0.0000004 | Loss : 0.0066 | Val loss: 0.0100
2026-01-11 00:46:37.976286 | Epoch:2651 | LR: 0.0000004 | Loss : 0.0067 | Val loss: 0.0097
2026-01-11 00:46:49.371419 | Epoch:2652 | LR: 0.0000005 | Loss : 0.0068 | Val loss: 0.0096
2026-01-11 00:47:00.833265 | Epoch:2653 | LR: 0.0000005 | Loss : 0.0067 | Val loss: 0.0096
2026-01-11 00:47:12.288058 | Epoch:2654 | LR: 0.0000005 | Loss : 0.0067 | Val loss: 0.0098
2026-01-11 00:47:23.962129 | Epoch:2655 | LR: 0.0000005 | Loss : 0.0068 | Val loss: 0.0100
2026-01-11 00:47:35.476075 | Epoch:2656 | LR: 0.0000005 | Loss : 0.0068 | Val loss: 0.0094
2026-01-11 00:47:46.822055 | Epoch:2657 | LR: 0.0000005 | Loss : 0.0067 | Val loss: 0.0098
2026-01-11 00:47:58.213798 | Epoch:2658 | LR: 0.0000005 | Loss : 0.0067 | Val loss: 0.0094
2026-01-11 00:48:09.562665 | Epoch:2659 | LR: 0.0000005 | Loss : 0.0066 | Val loss: 0.0097
2026-01-11 00:48:20.899122 | Epoch:2660 | LR: 0.0000005 | Loss : 0.0066 | Val loss: 0.0097
2026-01-11 00:48:32.444908 | Epoch:2661 | LR: 0.0000005 | Loss : 0.0067 | Val loss: 0.0098
2026-01-11 00:48:43.858892 | Epoch:2662 | LR: 0.0000005 | Loss : 0.0068 | Val loss: 0.0099
2026-01-11 00:48:55.418256 | Epoch:2663 | LR: 0.0000005 | Loss : 0.0067 | Val loss: 0.0099
2026-01-11 00:49:06.769254 | Epoch:2664 | LR: 0.0000005 | Loss : 0.0067 | Val loss: 0.0101
2026-01-11 00:49:18.086595 | Epoch:2665 | LR: 0.0000005 | Loss : 0.0067 | Val loss: 0.0093
2026-01-11 00:49:29.440629 | Epoch:2666 | LR: 0.0000005 | Loss : 0.0066 | Val loss: 0.0095
2026-01-11 00:49:40.992111 | Epoch:2667 | LR: 0.0000005 | Loss : 0.0067 | Val loss: 0.0098
2026-01-11 00:49:52.448920 | Epoch:2668 | LR: 0.0000006 | Loss : 0.0067 | Val loss: 0.0097
2026-01-11 00:50:03.939682 | Epoch:2669 | LR: 0.0000006 | Loss : 0.0067 | Val loss: 0.0100
2026-01-11 00:50:15.275893 | Epoch:2670 | LR: 0.0000006 | Loss : 0.0066 | Val loss: 0.0097
2026-01-11 00:50:26.572847 | Epoch:2671 | LR: 0.0000006 | Loss : 0.0066 | Val loss: 0.0097
2026-01-11 00:50:37.920044 | Epoch:2672 | LR: 0.0000006 | Loss : 0.0067 | Val loss: 0.0094
2026-01-11 00:50:49.494548 | Epoch:2673 | LR: 0.0000006 | Loss : 0.0066 | Val loss: 0.0096
2026-01-11 00:51:00.880447 | Epoch:2674 | LR: 0.0000006 | Loss : 0.0068 | Val loss: 0.0098
2026-01-11 00:51:12.518133 | Epoch:2675 | LR: 0.0000006 | Loss : 0.0067 | Val loss: 0.0094
2026-01-11 00:51:23.808395 | Epoch:2676 | LR: 0.0000006 | Loss : 0.0067 | Val loss: 0.0096
2026-01-11 00:51:35.140773 | Epoch:2677 | LR: 0.0000006 | Loss : 0.0066 | Val loss: 0.0100
2026-01-11 00:51:46.501674 | Epoch:2678 | LR: 0.0000006 | Loss : 0.0067 | Val loss: 0.0098
2026-01-11 00:51:57.988198 | Epoch:2679 | LR: 0.0000006 | Loss : 0.0067 | Val loss: 0.0097
2026-01-11 00:52:09.374017 | Epoch:2680 | LR: 0.0000006 | Loss : 0.0066 | Val loss: 0.0098
2026-01-11 00:52:21.243825 | Epoch:2681 | LR: 0.0000006 | Loss : 0.0067 | Val loss: 0.0098
2026-01-11 00:52:32.630199 | Epoch:2682 | LR: 0.0000006 | Loss : 0.0067 | Val loss: 0.0101
2026-01-11 00:52:43.941398 | Epoch:2683 | LR: 0.0000007 | Loss : 0.0067 | Val loss: 0.0098
2026-01-11 00:52:55.338475 | Epoch:2684 | LR: 0.0000007 | Loss : 0.0067 | Val loss: 0.0098
2026-01-11 00:53:06.829282 | Epoch:2685 | LR: 0.0000007 | Loss : 0.0067 | Val loss: 0.0097
2026-01-11 00:53:18.267167 | Epoch:2686 | LR: 0.0000007 | Loss : 0.0067 | Val loss: 0.0097
2026-01-11 00:53:29.874508 | Epoch:2687 | LR: 0.0000007 | Loss : 0.0067 | Val loss: 0.0094
2026-01-11 00:53:41.273578 | Epoch:2688 | LR: 0.0000007 | Loss : 0.0067 | Val loss: 0.0097
2026-01-11 00:53:52.596676 | Epoch:2689 | LR: 0.0000007 | Loss : 0.0067 | Val loss: 0.0100
2026-01-11 00:54:03.937404 | Epoch:2690 | LR: 0.0000007 | Loss : 0.0067 | Val loss: 0.0098
2026-01-11 00:54:15.476031 | Epoch:2691 | LR: 0.0000007 | Loss : 0.0067 | Val loss: 0.0101
2026-01-11 00:54:26.963433 | Epoch:2692 | LR: 0.0000007 | Loss : 0.0067 | Val loss: 0.0099
2026-01-11 00:54:38.444003 | Epoch:2693 | LR: 0.0000007 | Loss : 0.0066 | Val loss: 0.0101
2026-01-11 00:54:49.843638 | Epoch:2694 | LR: 0.0000007 | Loss : 0.0067 | Val loss: 0.0096
2026-01-11 00:55:01.138298 | Epoch:2695 | LR: 0.0000007 | Loss : 0.0068 | Val loss: 0.0097
2026-01-11 00:55:12.493934 | Epoch:2696 | LR: 0.0000008 | Loss : 0.0067 | Val loss: 0.0093
2026-01-11 00:55:23.980465 | Epoch:2697 | LR: 0.0000008 | Loss : 0.0067 | Val loss: 0.0096
2026-01-11 00:55:35.476007 | Epoch:2698 | LR: 0.0000008 | Loss : 0.0066 | Val loss: 0.0100
2026-01-11 00:55:46.947862 | Epoch:2699 | LR: 0.0000008 | Loss : 0.0067 | Val loss: 0.0101
2026-01-11 00:55:58.347574 | Epoch:2700 | LR: 0.0000008 | Loss : 0.0067 | Val loss: 0.0096
2026-01-11 00:56:09.712124 | Epoch:2701 | LR: 0.0000008 | Loss : 0.0067 | Val loss: 0.0095
2026-01-11 00:56:21.065884 | Epoch:2702 | LR: 0.0000008 | Loss : 0.0067 | Val loss: 0.0095
2026-01-11 00:56:32.532989 | Epoch:2703 | LR: 0.0000008 | Loss : 0.0067 | Val loss: 0.0095
2026-01-11 00:56:44.012510 | Epoch:2704 | LR: 0.0000008 | Loss : 0.0067 | Val loss: 0.0098
2026-01-11 00:56:55.450268 | Epoch:2705 | LR: 0.0000008 | Loss : 0.0067 | Val loss: 0.0096
2026-01-11 00:57:07.132256 | Epoch:2706 | LR: 0.0000008 | Loss : 0.0067 | Val loss: 0.0095
2026-01-11 00:57:18.768270 | Epoch:2707 | LR: 0.0000008 | Loss : 0.0067 | Val loss: 0.0094
2026-01-11 00:57:30.082977 | Epoch:2708 | LR: 0.0000008 | Loss : 0.0067 | Val loss: 0.0095
2026-01-11 00:57:41.794853 | Epoch:2709 | LR: 0.0000009 | Loss : 0.0066 | Val loss: 0.0092
2026-01-11 00:57:53.359934 | Epoch:2710 | LR: 0.0000009 | Loss : 0.0066 | Val loss: 0.0097
2026-01-11 00:58:04.805896 | Epoch:2711 | LR: 0.0000009 | Loss : 0.0067 | Val loss: 0.0096
2026-01-11 00:58:16.419214 | Epoch:2712 | LR: 0.0000009 | Loss : 0.0066 | Val loss: 0.0098
2026-01-11 00:58:27.734275 | Epoch:2713 | LR: 0.0000009 | Loss : 0.0067 | Val loss: 0.0097
2026-01-11 00:58:39.087593 | Epoch:2714 | LR: 0.0000009 | Loss : 0.0067 | Val loss: 0.0095
2026-01-11 00:58:50.567256 | Epoch:2715 | LR: 0.0000009 | Loss : 0.0067 | Val loss: 0.0093
2026-01-11 00:59:02.023633 | Epoch:2716 | LR: 0.0000009 | Loss : 0.0067 | Val loss: 0.0096
2026-01-11 00:59:13.630726 | Epoch:2717 | LR: 0.0000009 | Loss : 0.0067 | Val loss: 0.0098
2026-01-11 00:59:25.227442 | Epoch:2718 | LR: 0.0000009 | Loss : 0.0067 | Val loss: 0.0094
2026-01-11 00:59:36.535247 | Epoch:2719 | LR: 0.0000009 | Loss : 0.0067 | Val loss: 0.0098
2026-01-11 00:59:47.887464 | Epoch:2720 | LR: 0.0000009 | Loss : 0.0068 | Val loss: 0.0097
2026-01-11 00:59:59.314964 | Epoch:2721 | LR: 0.0000010 | Loss : 0.0066 | Val loss: 0.0095
2026-01-11 01:00:10.987327 | Epoch:2722 | LR: 0.0000010 | Loss : 0.0067 | Val loss: 0.0095
2026-01-11 01:00:22.584151 | Epoch:2723 | LR: 0.0000010 | Loss : 0.0066 | Val loss: 0.0098
2026-01-11 01:00:34.303289 | Epoch:2724 | LR: 0.0000010 | Loss : 0.0067 | Val loss: 0.0098
2026-01-11 01:00:45.630495 | Epoch:2725 | LR: 0.0000010 | Loss : 0.0067 | Val loss: 0.0098
2026-01-11 01:00:56.935849 | Epoch:2726 | LR: 0.0000010 | Loss : 0.0066 | Val loss: 0.0093
2026-01-11 01:01:08.355039 | Epoch:2727 | LR: 0.0000010 | Loss : 0.0067 | Val loss: 0.0097
2026-01-11 01:01:19.786341 | Epoch:2728 | LR: 0.0000010 | Loss : 0.0067 | Val loss: 0.0098
2026-01-11 01:01:31.316645 | Epoch:2729 | LR: 0.0000010 | Loss : 0.0067 | Val loss: 0.0096
2026-01-11 01:01:42.862109 | Epoch:2730 | LR: 0.0000010 | Loss : 0.0067 | Val loss: 0.0097
2026-01-11 01:01:54.326886 | Epoch:2731 | LR: 0.0000010 | Loss : 0.0067 | Val loss: 0.0100
2026-01-11 01:02:05.658015 | Epoch:2732 | LR: 0.0000011 | Loss : 0.0067 | Val loss: 0.0097
2026-01-11 01:02:17.089128 | Epoch:2733 | LR: 0.0000011 | Loss : 0.0066 | Val loss: 0.0095
2026-01-11 01:02:28.513958 | Epoch:2734 | LR: 0.0000011 | Loss : 0.0067 | Val loss: 0.0098
2026-01-11 01:02:39.972952 | Epoch:2735 | LR: 0.0000011 | Loss : 0.0067 | Val loss: 0.0097
2026-01-11 01:02:51.688969 | Epoch:2736 | LR: 0.0000011 | Loss : 0.0067 | Val loss: 0.0094
2026-01-11 01:03:03.275964 | Epoch:2737 | LR: 0.0000011 | Loss : 0.0067 | Val loss: 0.0095
2026-01-11 01:03:14.792644 | Epoch:2738 | LR: 0.0000011 | Loss : 0.0067 | Val loss: 0.0096
2026-01-11 01:03:26.198419 | Epoch:2739 | LR: 0.0000011 | Loss : 0.0067 | Val loss: 0.0098
2026-01-11 01:03:37.633981 | Epoch:2740 | LR: 0.0000011 | Loss : 0.0067 | Val loss: 0.0097
2026-01-11 01:03:49.301103 | Epoch:2741 | LR: 0.0000011 | Loss : 0.0067 | Val loss: 0.0098
2026-01-11 01:04:00.878904 | Epoch:2742 | LR: 0.0000011 | Loss : 0.0066 | Val loss: 0.0099
2026-01-11 01:04:12.331846 | Epoch:2743 | LR: 0.0000012 | Loss : 0.0067 | Val loss: 0.0100
2026-01-11 01:04:23.666273 | Epoch:2744 | LR: 0.0000012 | Loss : 0.0067 | Val loss: 0.0094
2026-01-11 01:04:35.063789 | Epoch:2745 | LR: 0.0000012 | Loss : 0.0066 | Val loss: 0.0098
2026-01-11 01:04:46.464042 | Epoch:2746 | LR: 0.0000012 | Loss : 0.0067 | Val loss: 0.0095
2026-01-11 01:04:58.120008 | Epoch:2747 | LR: 0.0000012 | Loss : 0.0068 | Val loss: 0.0097
2026-01-11 01:05:09.595131 | Epoch:2748 | LR: 0.0000012 | Loss : 0.0066 | Val loss: 0.0102
2026-01-11 01:05:21.109199 | Epoch:2749 | LR: 0.0000012 | Loss : 0.0067 | Val loss: 0.0096
2026-01-11 01:05:32.426978 | Epoch:2750 | LR: 0.0000012 | Loss : 0.0067 | Val loss: 0.0097
2026-01-11 01:05:43.787208 | Epoch:2751 | LR: 0.0000012 | Loss : 0.0067 | Val loss: 0.0098
2026-01-11 01:05:55.189119 | Epoch:2752 | LR: 0.0000012 | Loss : 0.0067 | Val loss: 0.0095
2026-01-11 01:06:06.705870 | Epoch:2753 | LR: 0.0000012 | Loss : 0.0066 | Val loss: 0.0098
2026-01-11 01:06:18.253030 | Epoch:2754 | LR: 0.0000013 | Loss : 0.0067 | Val loss: 0.0096
2026-01-11 01:06:29.728322 | Epoch:2755 | LR: 0.0000013 | Loss : 0.0066 | Val loss: 0.0099
2026-01-11 01:06:41.097032 | Epoch:2756 | LR: 0.0000013 | Loss : 0.0067 | Val loss: 0.0094
2026-01-11 01:06:52.497644 | Epoch:2757 | LR: 0.0000013 | Loss : 0.0067 | Val loss: 0.0098
2026-01-11 01:07:03.931074 | Epoch:2758 | LR: 0.0000013 | Loss : 0.0066 | Val loss: 0.0098
2026-01-11 01:07:15.418824 | Epoch:2759 | LR: 0.0000013 | Loss : 0.0067 | Val loss: 0.0096
2026-01-11 01:07:26.898017 | Epoch:2760 | LR: 0.0000013 | Loss : 0.0067 | Val loss: 0.0097
2026-01-11 01:07:38.383438 | Epoch:2761 | LR: 0.0000013 | Loss : 0.0066 | Val loss: 0.0098
2026-01-11 01:07:49.735670 | Epoch:2762 | LR: 0.0000013 | Loss : 0.0067 | Val loss: 0.0094
2026-01-11 01:08:01.046653 | Epoch:2763 | LR: 0.0000013 | Loss : 0.0066 | Val loss: 0.0097
2026-01-11 01:08:12.732890 | Epoch:2764 | LR: 0.0000014 | Loss : 0.0067 | Val loss: 0.0092
2026-01-11 01:08:24.476029 | Epoch:2765 | LR: 0.0000014 | Loss : 0.0067 | Val loss: 0.0099
2026-01-11 01:08:35.975422 | Epoch:2766 | LR: 0.0000014 | Loss : 0.0066 | Val loss: 0.0094
2026-01-11 01:08:47.414496 | Epoch:2767 | LR: 0.0000014 | Loss : 0.0067 | Val loss: 0.0103
2026-01-11 01:08:58.841386 | Epoch:2768 | LR: 0.0000014 | Loss : 0.0068 | Val loss: 0.0098
2026-01-11 01:09:10.224333 | Epoch:2769 | LR: 0.0000014 | Loss : 0.0067 | Val loss: 0.0096
2026-01-11 01:09:21.578371 | Epoch:2770 | LR: 0.0000014 | Loss : 0.0067 | Val loss: 0.0101
2026-01-11 01:09:33.010489 | Epoch:2771 | LR: 0.0000014 | Loss : 0.0066 | Val loss: 0.0098
2026-01-11 01:09:44.559805 | Epoch:2772 | LR: 0.0000014 | Loss : 0.0067 | Val loss: 0.0098
2026-01-11 01:09:55.991633 | Epoch:2773 | LR: 0.0000015 | Loss : 0.0067 | Val loss: 0.0097
2026-01-11 01:10:07.595384 | Epoch:2774 | LR: 0.0000015 | Loss : 0.0067 | Val loss: 0.0101
2026-01-11 01:10:18.983126 | Epoch:2775 | LR: 0.0000015 | Loss : 0.0066 | Val loss: 0.0092
2026-01-11 01:10:30.389860 | Epoch:2776 | LR: 0.0000015 | Loss : 0.0067 | Val loss: 0.0096
2026-01-11 01:10:41.808374 | Epoch:2777 | LR: 0.0000015 | Loss : 0.0067 | Val loss: 0.0095
2026-01-11 01:10:53.435846 | Epoch:2778 | LR: 0.0000015 | Loss : 0.0067 | Val loss: 0.0100
2026-01-11 01:11:04.858925 | Epoch:2779 | LR: 0.0000015 | Loss : 0.0067 | Val loss: 0.0098
2026-01-11 01:11:16.425704 | Epoch:2780 | LR: 0.0000015 | Loss : 0.0067 | Val loss: 0.0098
2026-01-11 01:11:27.799018 | Epoch:2781 | LR: 0.0000015 | Loss : 0.0067 | Val loss: 0.0099
2026-01-11 01:11:39.153825 | Epoch:2782 | LR: 0.0000015 | Loss : 0.0068 | Val loss: 0.0100
2026-01-11 01:11:50.612993 | Epoch:2783 | LR: 0.0000016 | Loss : 0.0067 | Val loss: 0.0095
2026-01-11 01:12:02.150127 | Epoch:2784 | LR: 0.0000016 | Loss : 0.0066 | Val loss: 0.0096
2026-01-11 01:12:13.532446 | Epoch:2785 | LR: 0.0000016 | Loss : 0.0067 | Val loss: 0.0096
2026-01-11 01:12:25.177756 | Epoch:2786 | LR: 0.0000016 | Loss : 0.0067 | Val loss: 0.0095
2026-01-11 01:12:36.539806 | Epoch:2787 | LR: 0.0000016 | Loss : 0.0067 | Val loss: 0.0098
2026-01-11 01:12:47.876113 | Epoch:2788 | LR: 0.0000016 | Loss : 0.0068 | Val loss: 0.0099
2026-01-11 01:12:59.284415 | Epoch:2789 | LR: 0.0000016 | Loss : 0.0067 | Val loss: 0.0095
2026-01-11 01:13:10.771078 | Epoch:2790 | LR: 0.0000016 | Loss : 0.0067 | Val loss: 0.0096
2026-01-11 01:13:22.380022 | Epoch:2791 | LR: 0.0000016 | Loss : 0.0066 | Val loss: 0.0099
2026-01-11 01:13:34.074700 | Epoch:2792 | LR: 0.0000017 | Loss : 0.0066 | Val loss: 0.0097
2026-01-11 01:13:45.560921 | Epoch:2793 | LR: 0.0000017 | Loss : 0.0067 | Val loss: 0.0097
2026-01-11 01:13:56.941093 | Epoch:2794 | LR: 0.0000017 | Loss : 0.0067 | Val loss: 0.0097
2026-01-11 01:14:08.462440 | Epoch:2795 | LR: 0.0000017 | Loss : 0.0067 | Val loss: 0.0100
2026-01-11 01:14:19.994363 | Epoch:2796 | LR: 0.0000017 | Loss : 0.0066 | Val loss: 0.0095
2026-01-11 01:14:31.409894 | Epoch:2797 | LR: 0.0000017 | Loss : 0.0067 | Val loss: 0.0099
2026-01-11 01:14:42.997663 | Epoch:2798 | LR: 0.0000017 | Loss : 0.0067 | Val loss: 0.0097
2026-01-11 01:14:54.366485 | Epoch:2799 | LR: 0.0000017 | Loss : 0.0067 | Val loss: 0.0093
2026-01-11 01:15:05.790995 | Epoch:2800 | LR: 0.0000017 | Loss : 0.0067 | Val loss: 0.0098
2026-01-11 01:15:17.245573 | Epoch:2801 | LR: 0.0000018 | Loss : 0.0066 | Val loss: 0.0097
2026-01-11 01:15:28.785866 | Epoch:2802 | LR: 0.0000018 | Loss : 0.0066 | Val loss: 0.0100
2026-01-11 01:15:40.185014 | Epoch:2803 | LR: 0.0000018 | Loss : 0.0067 | Val loss: 0.0097
2026-01-11 01:15:51.673470 | Epoch:2804 | LR: 0.0000018 | Loss : 0.0067 | Val loss: 0.0096
2026-01-11 01:16:03.163872 | Epoch:2805 | LR: 0.0000018 | Loss : 0.0066 | Val loss: 0.0094
2026-01-11 01:16:14.513986 | Epoch:2806 | LR: 0.0000018 | Loss : 0.0067 | Val loss: 0.0097
2026-01-11 01:16:25.950181 | Epoch:2807 | LR: 0.0000018 | Loss : 0.0067 | Val loss: 0.0097
2026-01-11 01:16:37.438666 | Epoch:2808 | LR: 0.0000018 | Loss : 0.0067 | Val loss: 0.0096
2026-01-11 01:16:48.941562 | Epoch:2809 | LR: 0.0000019 | Loss : 0.0066 | Val loss: 0.0098
2026-01-11 01:17:00.352796 | Epoch:2810 | LR: 0.0000019 | Loss : 0.0068 | Val loss: 0.0095
2026-01-11 01:17:11.856149 | Epoch:2811 | LR: 0.0000019 | Loss : 0.0067 | Val loss: 0.0096
2026-01-11 01:17:23.220198 | Epoch:2812 | LR: 0.0000019 | Loss : 0.0067 | Val loss: 0.0099
2026-01-11 01:17:34.690626 | Epoch:2813 | LR: 0.0000019 | Loss : 0.0067 | Val loss: 0.0095
2026-01-11 01:17:46.148300 | Epoch:2814 | LR: 0.0000019 | Loss : 0.0066 | Val loss: 0.0097
2026-01-11 01:17:57.668538 | Epoch:2815 | LR: 0.0000019 | Loss : 0.0066 | Val loss: 0.0097
2026-01-11 01:18:09.053284 | Epoch:2816 | LR: 0.0000019 | Loss : 0.0067 | Val loss: 0.0097
2026-01-11 01:18:20.635548 | Epoch:2817 | LR: 0.0000020 | Loss : 0.0067 | Val loss: 0.0096
2026-01-11 01:18:32.347521 | Epoch:2818 | LR: 0.0000020 | Loss : 0.0067 | Val loss: 0.0095
2026-01-11 01:18:44.071711 | Epoch:2819 | LR: 0.0000020 | Loss : 0.0067 | Val loss: 0.0099
2026-01-11 01:18:55.577846 | Epoch:2820 | LR: 0.0000020 | Loss : 0.0066 | Val loss: 0.0099
2026-01-11 01:19:07.059495 | Epoch:2821 | LR: 0.0000020 | Loss : 0.0067 | Val loss: 0.0097
2026-01-11 01:19:18.424743 | Epoch:2822 | LR: 0.0000020 | Loss : 0.0067 | Val loss: 0.0097
2026-01-11 01:19:30.039294 | Epoch:2823 | LR: 0.0000020 | Loss : 0.0066 | Val loss: 0.0096
2026-01-11 01:19:41.462820 | Epoch:2824 | LR: 0.0000020 | Loss : 0.0067 | Val loss: 0.0098
2026-01-11 01:19:52.959207 | Epoch:2825 | LR: 0.0000020 | Loss : 0.0067 | Val loss: 0.0098
2026-01-11 01:20:04.342799 | Epoch:2826 | LR: 0.0000021 | Loss : 0.0067 | Val loss: 0.0098
2026-01-11 01:20:15.970231 | Epoch:2827 | LR: 0.0000021 | Loss : 0.0067 | Val loss: 0.0099
2026-01-11 01:20:27.277443 | Epoch:2828 | LR: 0.0000021 | Loss : 0.0066 | Val loss: 0.0098
2026-01-11 01:20:38.889346 | Epoch:2829 | LR: 0.0000021 | Loss : 0.0067 | Val loss: 0.0095
2026-01-11 01:20:50.260381 | Epoch:2830 | LR: 0.0000021 | Loss : 0.0067 | Val loss: 0.0098
2026-01-11 01:21:01.780132 | Epoch:2831 | LR: 0.0000021 | Loss : 0.0067 | Val loss: 0.0100
2026-01-11 01:21:13.181078 | Epoch:2832 | LR: 0.0000021 | Loss : 0.0067 | Val loss: 0.0097
2026-01-11 01:21:24.823657 | Epoch:2833 | LR: 0.0000022 | Loss : 0.0067 | Val loss: 0.0097
2026-01-11 01:21:36.154424 | Epoch:2834 | LR: 0.0000022 | Loss : 0.0067 | Val loss: 0.0096
2026-01-11 01:21:48.069618 | Epoch:2835 | LR: 0.0000022 | Loss : 0.0067 | Val loss: 0.0098
2026-01-11 01:21:59.454866 | Epoch:2836 | LR: 0.0000022 | Loss : 0.0067 | Val loss: 0.0095
2026-01-11 01:22:10.953422 | Epoch:2837 | LR: 0.0000022 | Loss : 0.0066 | Val loss: 0.0096
2026-01-11 01:22:22.356975 | Epoch:2838 | LR: 0.0000022 | Loss : 0.0066 | Val loss: 0.0100
2026-01-11 01:22:33.948692 | Epoch:2839 | LR: 0.0000022 | Loss : 0.0066 | Val loss: 0.0098
2026-01-11 01:22:45.285315 | Epoch:2840 | LR: 0.0000022 | Loss : 0.0068 | Val loss: 0.0097
2026-01-11 01:22:57.051153 | Epoch:2841 | LR: 0.0000023 | Loss : 0.0067 | Val loss: 0.0096
2026-01-11 01:23:08.397215 | Epoch:2842 | LR: 0.0000023 | Loss : 0.0066 | Val loss: 0.0097
2026-01-11 01:23:19.920603 | Epoch:2843 | LR: 0.0000023 | Loss : 0.0067 | Val loss: 0.0096
2026-01-11 01:23:31.338814 | Epoch:2844 | LR: 0.0000023 | Loss : 0.0067 | Val loss: 0.0096
2026-01-11 01:23:42.927469 | Epoch:2845 | LR: 0.0000023 | Loss : 0.0066 | Val loss: 0.0099
2026-01-11 01:23:54.343316 | Epoch:2846 | LR: 0.0000023 | Loss : 0.0067 | Val loss: 0.0101
2026-01-11 01:24:06.200636 | Epoch:2847 | LR: 0.0000023 | Loss : 0.0067 | Val loss: 0.0100
2026-01-11 01:24:17.684160 | Epoch:2848 | LR: 0.0000023 | Loss : 0.0066 | Val loss: 0.0097
2026-01-11 01:24:29.255803 | Epoch:2849 | LR: 0.0000024 | Loss : 0.0067 | Val loss: 0.0101
2026-01-11 01:24:40.663460 | Epoch:2850 | LR: 0.0000024 | Loss : 0.0066 | Val loss: 0.0096
2026-01-11 01:24:52.196585 | Epoch:2851 | LR: 0.0000024 | Loss : 0.0067 | Val loss: 0.0097
2026-01-11 01:25:03.652157 | Epoch:2852 | LR: 0.0000024 | Loss : 0.0067 | Val loss: 0.0096
2026-01-11 01:25:15.247217 | Epoch:2853 | LR: 0.0000024 | Loss : 0.0067 | Val loss: 0.0097
2026-01-11 01:25:26.691287 | Epoch:2854 | LR: 0.0000024 | Loss : 0.0067 | Val loss: 0.0100
2026-01-11 01:25:38.126871 | Epoch:2855 | LR: 0.0000024 | Loss : 0.0066 | Val loss: 0.0098
2026-01-11 01:25:49.522001 | Epoch:2856 | LR: 0.0000025 | Loss : 0.0067 | Val loss: 0.0098
2026-01-11 01:26:01.054901 | Epoch:2857 | LR: 0.0000025 | Loss : 0.0067 | Val loss: 0.0096
2026-01-11 01:26:12.420346 | Epoch:2858 | LR: 0.0000025 | Loss : 0.0067 | Val loss: 0.0101
2026-01-11 01:26:24.025236 | Epoch:2859 | LR: 0.0000025 | Loss : 0.0067 | Val loss: 0.0097
2026-01-11 01:26:35.467598 | Epoch:2860 | LR: 0.0000025 | Loss : 0.0067 | Val loss: 0.0096
2026-01-11 01:26:46.883482 | Epoch:2861 | LR: 0.0000025 | Loss : 0.0068 | Val loss: 0.0098
2026-01-11 01:26:58.239581 | Epoch:2862 | LR: 0.0000025 | Loss : 0.0067 | Val loss: 0.0096
2026-01-11 01:27:09.768166 | Epoch:2863 | LR: 0.0000025 | Loss : 0.0067 | Val loss: 0.0101
2026-01-11 01:27:21.140724 | Epoch:2864 | LR: 0.0000026 | Loss : 0.0066 | Val loss: 0.0098
2026-01-11 01:27:32.511558 | Epoch:2865 | LR: 0.0000026 | Loss : 0.0067 | Val loss: 0.0098
2026-01-11 01:27:44.007053 | Epoch:2866 | LR: 0.0000026 | Loss : 0.0067 | Val loss: 0.0098
2026-01-11 01:27:55.389785 | Epoch:2867 | LR: 0.0000026 | Loss : 0.0067 | Val loss: 0.0099
2026-01-11 01:28:06.738348 | Epoch:2868 | LR: 0.0000026 | Loss : 0.0067 | Val loss: 0.0096
2026-01-11 01:28:18.399338 | Epoch:2869 | LR: 0.0000026 | Loss : 0.0067 | Val loss: 0.0095
2026-01-11 01:28:29.811733 | Epoch:2870 | LR: 0.0000026 | Loss : 0.0067 | Val loss: 0.0096
2026-01-11 01:28:41.127705 | Epoch:2871 | LR: 0.0000027 | Loss : 0.0067 | Val loss: 0.0097
2026-01-11 01:28:52.705007 | Epoch:2872 | LR: 0.0000027 | Loss : 0.0067 | Val loss: 0.0099
2026-01-11 01:29:03.994241 | Epoch:2873 | LR: 0.0000027 | Loss : 0.0067 | Val loss: 0.0094
2026-01-11 01:29:15.662911 | Epoch:2874 | LR: 0.0000027 | Loss : 0.0066 | Val loss: 0.0100
2026-01-11 01:29:27.469754 | Epoch:2875 | LR: 0.0000027 | Loss : 0.0066 | Val loss: 0.0098
2026-01-11 01:29:39.021032 | Epoch:2876 | LR: 0.0000027 | Loss : 0.0067 | Val loss: 0.0098
2026-01-11 01:29:50.304669 | Epoch:2877 | LR: 0.0000027 | Loss : 0.0067 | Val loss: 0.0099
2026-01-11 01:30:01.920372 | Epoch:2878 | LR: 0.0000028 | Loss : 0.0066 | Val loss: 0.0100
2026-01-11 01:30:13.271196 | Epoch:2879 | LR: 0.0000028 | Loss : 0.0067 | Val loss: 0.0098
2026-01-11 01:30:24.661529 | Epoch:2880 | LR: 0.0000028 | Loss : 0.0067 | Val loss: 0.0097
2026-01-11 01:30:36.215081 | Epoch:2881 | LR: 0.0000028 | Loss : 0.0067 | Val loss: 0.0098
2026-01-11 01:30:47.625808 | Epoch:2882 | LR: 0.0000028 | Loss : 0.0067 | Val loss: 0.0096
2026-01-11 01:30:58.974877 | Epoch:2883 | LR: 0.0000028 | Loss : 0.0067 | Val loss: 0.0100
2026-01-11 01:31:10.586013 | Epoch:2884 | LR: 0.0000028 | Loss : 0.0067 | Val loss: 0.0098
2026-01-11 01:31:21.981430 | Epoch:2885 | LR: 0.0000029 | Loss : 0.0067 | Val loss: 0.0097
2026-01-11 01:31:33.303091 | Epoch:2886 | LR: 0.0000029 | Loss : 0.0067 | Val loss: 0.0097
2026-01-11 01:31:44.772344 | Epoch:2887 | LR: 0.0000029 | Loss : 0.0067 | Val loss: 0.0098
2026-01-11 01:31:56.226034 | Epoch:2888 | LR: 0.0000029 | Loss : 0.0067 | Val loss: 0.0097
2026-01-11 01:32:07.645425 | Epoch:2889 | LR: 0.0000029 | Loss : 0.0067 | Val loss: 0.0096
2026-01-11 01:32:19.233945 | Epoch:2890 | LR: 0.0000029 | Loss : 0.0067 | Val loss: 0.0098
2026-01-11 01:32:30.700754 | Epoch:2891 | LR: 0.0000030 | Loss : 0.0067 | Val loss: 0.0098
2026-01-11 01:32:42.020679 | Epoch:2892 | LR: 0.0000030 | Loss : 0.0066 | Val loss: 0.0099
2026-01-11 01:32:53.534458 | Epoch:2893 | LR: 0.0000030 | Loss : 0.0067 | Val loss: 0.0098
2026-01-11 01:33:04.983080 | Epoch:2894 | LR: 0.0000030 | Loss : 0.0067 | Val loss: 0.0099
2026-01-11 01:33:16.362314 | Epoch:2895 | LR: 0.0000030 | Loss : 0.0067 | Val loss: 0.0099
2026-01-11 01:33:27.885221 | Epoch:2896 | LR: 0.0000030 | Loss : 0.0067 | Val loss: 0.0095
2026-01-11 01:33:39.395734 | Epoch:2897 | LR: 0.0000030 | Loss : 0.0067 | Val loss: 0.0101
2026-01-11 01:33:50.705960 | Epoch:2898 | LR: 0.0000031 | Loss : 0.0066 | Val loss: 0.0099
2026-01-11 01:34:02.193724 | Epoch:2899 | LR: 0.0000031 | Loss : 0.0067 | Val loss: 0.0098
2026-01-11 01:34:13.556595 | Epoch:2900 | LR: 0.0000031 | Loss : 0.0067 | Val loss: 0.0100
2026-01-11 01:34:24.911522 | Epoch:2901 | LR: 0.0000031 | Loss : 0.0067 | Val loss: 0.0097
2026-01-11 01:34:36.620039 | Epoch:2902 | LR: 0.0000031 | Loss : 0.0067 | Val loss: 0.0100
2026-01-11 01:34:48.322858 | Epoch:2903 | LR: 0.0000031 | Loss : 0.0067 | Val loss: 0.0098
2026-01-11 01:34:59.606586 | Epoch:2904 | LR: 0.0000031 | Loss : 0.0066 | Val loss: 0.0097
2026-01-11 01:35:11.075068 | Epoch:2905 | LR: 0.0000032 | Loss : 0.0067 | Val loss: 0.0097
2026-01-11 01:35:22.463344 | Epoch:2906 | LR: 0.0000032 | Loss : 0.0067 | Val loss: 0.0097
2026-01-11 01:35:33.930062 | Epoch:2907 | LR: 0.0000032 | Loss : 0.0067 | Val loss: 0.0097
2026-01-11 01:35:45.410309 | Epoch:2908 | LR: 0.0000032 | Loss : 0.0068 | Val loss: 0.0097
2026-01-11 01:35:56.980727 | Epoch:2909 | LR: 0.0000032 | Loss : 0.0067 | Val loss: 0.0098
2026-01-11 01:36:08.287522 | Epoch:2910 | LR: 0.0000032 | Loss : 0.0067 | Val loss: 0.0095
2026-01-11 01:36:19.749644 | Epoch:2911 | LR: 0.0000033 | Loss : 0.0068 | Val loss: 0.0095
2026-01-11 01:36:31.203498 | Epoch:2912 | LR: 0.0000033 | Loss : 0.0066 | Val loss: 0.0098
2026-01-11 01:36:42.687535 | Epoch:2913 | LR: 0.0000033 | Loss : 0.0067 | Val loss: 0.0098
2026-01-11 01:36:54.053239 | Epoch:2914 | LR: 0.0000033 | Loss : 0.0068 | Val loss: 0.0095
2026-01-11 01:37:05.710601 | Epoch:2915 | LR: 0.0000033 | Loss : 0.0066 | Val loss: 0.0099
2026-01-11 01:37:17.005606 | Epoch:2916 | LR: 0.0000033 | Loss : 0.0067 | Val loss: 0.0097
2026-01-11 01:37:28.557763 | Epoch:2917 | LR: 0.0000033 | Loss : 0.0067 | Val loss: 0.0093
2026-01-11 01:37:40.011754 | Epoch:2918 | LR: 0.0000034 | Loss : 0.0067 | Val loss: 0.0096
2026-01-11 01:37:51.402827 | Epoch:2919 | LR: 0.0000034 | Loss : 0.0068 | Val loss: 0.0100
2026-01-11 01:38:02.856050 | Epoch:2920 | LR: 0.0000034 | Loss : 0.0067 | Val loss: 0.0095
2026-01-11 01:38:14.546807 | Epoch:2921 | LR: 0.0000034 | Loss : 0.0067 | Val loss: 0.0100
2026-01-11 01:38:25.826142 | Epoch:2922 | LR: 0.0000034 | Loss : 0.0067 | Val loss: 0.0097
2026-01-11 01:38:37.309305 | Epoch:2923 | LR: 0.0000034 | Loss : 0.0067 | Val loss: 0.0097
2026-01-11 01:38:48.664680 | Epoch:2924 | LR: 0.0000035 | Loss : 0.0067 | Val loss: 0.0098
2026-01-11 01:39:00.130717 | Epoch:2925 | LR: 0.0000035 | Loss : 0.0066 | Val loss: 0.0099
2026-01-11 01:39:11.541585 | Epoch:2926 | LR: 0.0000035 | Loss : 0.0066 | Val loss: 0.0099
2026-01-11 01:39:23.325433 | Epoch:2927 | LR: 0.0000035 | Loss : 0.0067 | Val loss: 0.0101
2026-01-11 01:39:34.591760 | Epoch:2928 | LR: 0.0000035 | Loss : 0.0067 | Val loss: 0.0095
2026-01-11 01:39:46.208065 | Epoch:2929 | LR: 0.0000035 | Loss : 0.0067 | Val loss: 0.0098
2026-01-11 01:39:58.039763 | Epoch:2930 | LR: 0.0000036 | Loss : 0.0067 | Val loss: 0.0100
2026-01-11 01:40:09.782058 | Epoch:2931 | LR: 0.0000036 | Loss : 0.0068 | Val loss: 0.0094
2026-01-11 01:40:21.183842 | Epoch:2932 | LR: 0.0000036 | Loss : 0.0067 | Val loss: 0.0098
2026-01-11 01:40:32.810927 | Epoch:2933 | LR: 0.0000036 | Loss : 0.0066 | Val loss: 0.0094
2026-01-11 01:40:44.191582 | Epoch:2934 | LR: 0.0000036 | Loss : 0.0067 | Val loss: 0.0100
2026-01-11 01:40:55.666598 | Epoch:2935 | LR: 0.0000036 | Loss : 0.0067 | Val loss: 0.0100
2026-01-11 01:41:07.143551 | Epoch:2936 | LR: 0.0000037 | Loss : 0.0067 | Val loss: 0.0095
2026-01-11 01:41:18.591663 | Epoch:2937 | LR: 0.0000037 | Loss : 0.0066 | Val loss: 0.0098
2026-01-11 01:41:29.925792 | Epoch:2938 | LR: 0.0000037 | Loss : 0.0067 | Val loss: 0.0097
2026-01-11 01:41:41.530716 | Epoch:2939 | LR: 0.0000037 | Loss : 0.0066 | Val loss: 0.0099
2026-01-11 01:41:52.939895 | Epoch:2940 | LR: 0.0000037 | Loss : 0.0067 | Val loss: 0.0095
2026-01-11 01:42:04.323820 | Epoch:2941 | LR: 0.0000037 | Loss : 0.0067 | Val loss: 0.0100
2026-01-11 01:42:15.711996 | Epoch:2942 | LR: 0.0000038 | Loss : 0.0067 | Val loss: 0.0097
2026-01-11 01:42:27.092425 | Epoch:2943 | LR: 0.0000038 | Loss : 0.0066 | Val loss: 0.0097
2026-01-11 01:42:38.526302 | Epoch:2944 | LR: 0.0000038 | Loss : 0.0067 | Val loss: 0.0097
2026-01-11 01:42:50.154184 | Epoch:2945 | LR: 0.0000038 | Loss : 0.0067 | Val loss: 0.0097
2026-01-11 01:43:01.567214 | Epoch:2946 | LR: 0.0000038 | Loss : 0.0067 | Val loss: 0.0098
2026-01-11 01:43:13.138399 | Epoch:2947 | LR: 0.0000038 | Loss : 0.0066 | Val loss: 0.0095
2026-01-11 01:43:24.594954 | Epoch:2948 | LR: 0.0000039 | Loss : 0.0067 | Val loss: 0.0099
2026-01-11 01:43:35.997124 | Epoch:2949 | LR: 0.0000039 | Loss : 0.0067 | Val loss: 0.0098
2026-01-11 01:43:47.357144 | Epoch:2950 | LR: 0.0000039 | Loss : 0.0067 | Val loss: 0.0098
2026-01-11 01:43:58.950697 | Epoch:2951 | LR: 0.0000039 | Loss : 0.0068 | Val loss: 0.0097
2026-01-11 01:44:10.409535 | Epoch:2952 | LR: 0.0000039 | Loss : 0.0067 | Val loss: 0.0098
2026-01-11 01:44:21.733434 | Epoch:2953 | LR: 0.0000039 | Loss : 0.0066 | Val loss: 0.0097
2026-01-11 01:44:33.174623 | Epoch:2954 | LR: 0.0000040 | Loss : 0.0067 | Val loss: 0.0096
2026-01-11 01:44:44.600688 | Epoch:2955 | LR: 0.0000040 | Loss : 0.0067 | Val loss: 0.0098
2026-01-11 01:44:55.951166 | Epoch:2956 | LR: 0.0000040 | Loss : 0.0067 | Val loss: 0.0097
2026-01-11 01:45:07.725453 | Epoch:2957 | LR: 0.0000040 | Loss : 0.0066 | Val loss: 0.0099
2026-01-11 01:45:19.394249 | Epoch:2958 | LR: 0.0000040 | Loss : 0.0067 | Val loss: 0.0096
2026-01-11 01:45:30.811031 | Epoch:2959 | LR: 0.0000040 | Loss : 0.0066 | Val loss: 0.0098
2026-01-11 01:45:42.315136 | Epoch:2960 | LR: 0.0000041 | Loss : 0.0067 | Val loss: 0.0092
2026-01-11 01:45:53.818553 | Epoch:2961 | LR: 0.0000041 | Loss : 0.0068 | Val loss: 0.0098
2026-01-11 01:46:05.284384 | Epoch:2962 | LR: 0.0000041 | Loss : 0.0066 | Val loss: 0.0098
2026-01-11 01:46:16.829972 | Epoch:2963 | LR: 0.0000041 | Loss : 0.0067 | Val loss: 0.0101
2026-01-11 01:46:28.467295 | Epoch:2964 | LR: 0.0000041 | Loss : 0.0068 | Val loss: 0.0097
2026-01-11 01:46:40.051393 | Epoch:2965 | LR: 0.0000041 | Loss : 0.0066 | Val loss: 0.0100
2026-01-11 01:46:51.590796 | Epoch:2966 | LR: 0.0000042 | Loss : 0.0067 | Val loss: 0.0098
2026-01-11 01:47:13.881628 | Epoch:2967 | LR: 0.0000042 | Loss : 0.0067 | Val loss: 0.0098
2026-01-11 01:47:37.105941 | Epoch:2968 | LR: 0.0000042 | Loss : 0.0067 | Val loss: 0.0099
2026-01-11 01:47:59.926653 | Epoch:2969 | LR: 0.0000042 | Loss : 0.0067 | Val loss: 0.0099
2026-01-11 01:48:23.126610 | Epoch:2970 | LR: 0.0000042 | Loss : 0.0067 | Val loss: 0.0098
2026-01-11 01:48:46.294442 | Epoch:2971 | LR: 0.0000042 | Loss : 0.0067 | Val loss: 0.0098
2026-01-11 01:49:08.998544 | Epoch:2972 | LR: 0.0000043 | Loss : 0.0066 | Val loss: 0.0100
2026-01-11 01:49:32.183119 | Epoch:2973 | LR: 0.0000043 | Loss : 0.0067 | Val loss: 0.0097
2026-01-11 01:49:55.357678 | Epoch:2974 | LR: 0.0000043 | Loss : 0.0067 | Val loss: 0.0094
2026-01-11 01:50:18.385020 | Epoch:2975 | LR: 0.0000043 | Loss : 0.0067 | Val loss: 0.0095
2026-01-11 01:50:41.542010 | Epoch:2976 | LR: 0.0000043 | Loss : 0.0067 | Val loss: 0.0097
2026-01-11 01:51:04.738717 | Epoch:2977 | LR: 0.0000044 | Loss : 0.0067 | Val loss: 0.0095
2026-01-11 01:51:27.696061 | Epoch:2978 | LR: 0.0000044 | Loss : 0.0066 | Val loss: 0.0099
2026-01-11 01:51:52.325749 | Epoch:2979 | LR: 0.0000044 | Loss : 0.0067 | Val loss: 0.0095
2026-01-11 01:52:17.560513 | Epoch:2980 | LR: 0.0000044 | Loss : 0.0067 | Val loss: 0.0099
2026-01-11 01:52:42.228452 | Epoch:2981 | LR: 0.0000044 | Loss : 0.0067 | Val loss: 0.0099
2026-01-11 01:53:07.144661 | Epoch:2982 | LR: 0.0000044 | Loss : 0.0067 | Val loss: 0.0099
2026-01-11 01:53:32.288942 | Epoch:2983 | LR: 0.0000045 | Loss : 0.0067 | Val loss: 0.0099
2026-01-11 01:53:57.163099 | Epoch:2984 | LR: 0.0000045 | Loss : 0.0067 | Val loss: 0.0098
2026-01-11 01:54:22.019986 | Epoch:2985 | LR: 0.0000045 | Loss : 0.0067 | Val loss: 0.0095
2026-01-11 01:54:46.985758 | Epoch:2986 | LR: 0.0000045 | Loss : 0.0068 | Val loss: 0.0095
2026-01-11 01:55:11.714239 | Epoch:2987 | LR: 0.0000045 | Loss : 0.0068 | Val loss: 0.0098
2026-01-11 01:55:36.595931 | Epoch:2988 | LR: 0.0000045 | Loss : 0.0068 | Val loss: 0.0098
2026-01-11 01:56:01.547714 | Epoch:2989 | LR: 0.0000046 | Loss : 0.0067 | Val loss: 0.0101
2026-01-11 01:56:26.419184 | Epoch:2990 | LR: 0.0000046 | Loss : 0.0067 | Val loss: 0.0098
2026-01-11 01:56:50.976630 | Epoch:2991 | LR: 0.0000046 | Loss : 0.0067 | Val loss: 0.0098
2026-01-11 01:57:15.641653 | Epoch:2992 | LR: 0.0000046 | Loss : 0.0067 | Val loss: 0.0100
2026-01-11 01:57:40.420588 | Epoch:2993 | LR: 0.0000046 | Loss : 0.0067 | Val loss: 0.0101
2026-01-11 01:58:05.508100 | Epoch:2994 | LR: 0.0000047 | Loss : 0.0067 | Val loss: 0.0094
2026-01-11 01:58:29.856134 | Epoch:2995 | LR: 0.0000047 | Loss : 0.0067 | Val loss: 0.0101
2026-01-11 01:58:55.024865 | Epoch:2996 | LR: 0.0000047 | Loss : 0.0067 | Val loss: 0.0095
2026-01-11 01:59:19.465581 | Epoch:2997 | LR: 0.0000047 | Loss : 0.0066 | Val loss: 0.0094
2026-01-11 01:59:44.371242 | Epoch:2998 | LR: 0.0000047 | Loss : 0.0066 | Val loss: 0.0097
2026-01-11 02:00:09.453008 | Epoch:2999 | LR: 0.0000047 | Loss : 0.0067 | Val loss: 0.0095
2026-01-11 02:00:34.346428 | Epoch:3000 | LR: 0.0000048 | Loss : 0.0066 | Val loss: 0.0098
2026-01-11 02:00:58.617257 | Epoch:3001 | LR: 0.0000048 | Loss : 0.0066 | Val loss: 0.0097
2026-01-11 02:01:24.041523 | Epoch:3002 | LR: 0.0000048 | Loss : 0.0066 | Val loss: 0.0099
2026-01-11 02:01:48.140373 | Epoch:3003 | LR: 0.0000048 | Loss : 0.0066 | Val loss: 0.0102
2026-01-11 02:02:13.280819 | Epoch:3004 | LR: 0.0000048 | Loss : 0.0067 | Val loss: 0.0100
2026-01-11 02:02:37.734429 | Epoch:3005 | LR: 0.0000049 | Loss : 0.0067 | Val loss: 0.0097
2026-01-11 02:03:01.765862 | Epoch:3006 | LR: 0.0000049 | Loss : 0.0067 | Val loss: 0.0097
2026-01-11 02:03:24.406976 | Epoch:3007 | LR: 0.0000049 | Loss : 0.0066 | Val loss: 0.0098
2026-01-11 02:03:46.770722 | Epoch:3008 | LR: 0.0000049 | Loss : 0.0067 | Val loss: 0.0102
2026-01-11 02:04:07.719953 | Epoch:3009 | LR: 0.0000049 | Loss : 0.0067 | Val loss: 0.0093
2026-01-11 02:04:19.275405 | Epoch:3010 | LR: 0.0000050 | Loss : 0.0066 | Val loss: 0.0098
2026-01-11 02:04:30.939308 | Epoch:3011 | LR: 0.0000050 | Loss : 0.0067 | Val loss: 0.0099
2026-01-11 02:04:42.304369 | Epoch:3012 | LR: 0.0000050 | Loss : 0.0067 | Val loss: 0.0097
2026-01-11 02:04:53.837944 | Epoch:3013 | LR: 0.0000050 | Loss : 0.0068 | Val loss: 0.0097
2026-01-11 02:05:05.155297 | Epoch:3014 | LR: 0.0000050 | Loss : 0.0067 | Val loss: 0.0095
2026-01-11 02:05:16.593404 | Epoch:3015 | LR: 0.0000050 | Loss : 0.0068 | Val loss: 0.0098
2026-01-11 02:05:28.080115 | Epoch:3016 | LR: 0.0000051 | Loss : 0.0067 | Val loss: 0.0096
2026-01-11 02:05:39.737234 | Epoch:3017 | LR: 0.0000051 | Loss : 0.0067 | Val loss: 0.0101
2026-01-11 02:05:51.071481 | Epoch:3018 | LR: 0.0000051 | Loss : 0.0066 | Val loss: 0.0098
2026-01-11 02:06:02.662168 | Epoch:3019 | LR: 0.0000051 | Loss : 0.0066 | Val loss: 0.0095
2026-01-11 02:06:14.136392 | Epoch:3020 | LR: 0.0000051 | Loss : 0.0066 | Val loss: 0.0100
2026-01-11 02:06:25.724754 | Epoch:3021 | LR: 0.0000052 | Loss : 0.0067 | Val loss: 0.0097
2026-01-11 02:06:37.120965 | Epoch:3022 | LR: 0.0000052 | Loss : 0.0066 | Val loss: 0.0097
2026-01-11 02:06:48.757599 | Epoch:3023 | LR: 0.0000052 | Loss : 0.0066 | Val loss: 0.0098
2026-01-11 02:07:00.168846 | Epoch:3024 | LR: 0.0000052 | Loss : 0.0066 | Val loss: 0.0100
2026-01-11 02:07:11.632795 | Epoch:3025 | LR: 0.0000052 | Loss : 0.0067 | Val loss: 0.0097
2026-01-11 02:07:23.025313 | Epoch:3026 | LR: 0.0000053 | Loss : 0.0066 | Val loss: 0.0100
2026-01-11 02:07:34.545248 | Epoch:3027 | LR: 0.0000053 | Loss : 0.0067 | Val loss: 0.0097
2026-01-11 02:07:45.961931 | Epoch:3028 | LR: 0.0000053 | Loss : 0.0067 | Val loss: 0.0098
2026-01-11 02:07:57.545570 | Epoch:3029 | LR: 0.0000053 | Loss : 0.0067 | Val loss: 0.0096
2026-01-11 02:08:08.981066 | Epoch:3030 | LR: 0.0000053 | Loss : 0.0067 | Val loss: 0.0098
2026-01-11 02:08:20.523403 | Epoch:3031 | LR: 0.0000054 | Loss : 0.0067 | Val loss: 0.0096
2026-01-11 02:08:31.914258 | Epoch:3032 | LR: 0.0000054 | Loss : 0.0066 | Val loss: 0.0098
2026-01-11 02:08:43.461078 | Epoch:3033 | LR: 0.0000054 | Loss : 0.0066 | Val loss: 0.0098
2026-01-11 02:08:55.010901 | Epoch:3034 | LR: 0.0000054 | Loss : 0.0067 | Val loss: 0.0097
2026-01-11 02:09:06.544845 | Epoch:3035 | LR: 0.0000054 | Loss : 0.0067 | Val loss: 0.0098
2026-01-11 02:09:18.028112 | Epoch:3036 | LR: 0.0000055 | Loss : 0.0066 | Val loss: 0.0095
2026-01-11 02:09:29.427101 | Epoch:3037 | LR: 0.0000055 | Loss : 0.0067 | Val loss: 0.0100
2026-01-11 02:09:40.807609 | Epoch:3038 | LR: 0.0000055 | Loss : 0.0067 | Val loss: 0.0093
2026-01-11 02:09:52.370365 | Epoch:3039 | LR: 0.0000055 | Loss : 0.0068 | Val loss: 0.0099
2026-01-11 02:10:03.825623 | Epoch:3040 | LR: 0.0000055 | Loss : 0.0067 | Val loss: 0.0095
2026-01-11 02:10:15.316369 | Epoch:3041 | LR: 0.0000055 | Loss : 0.0066 | Val loss: 0.0097
2026-01-11 02:10:27.056368 | Epoch:3042 | LR: 0.0000056 | Loss : 0.0066 | Val loss: 0.0095
2026-01-11 02:10:38.696675 | Epoch:3043 | LR: 0.0000056 | Loss : 0.0067 | Val loss: 0.0096
2026-01-11 02:10:50.056316 | Epoch:3044 | LR: 0.0000056 | Loss : 0.0066 | Val loss: 0.0097
2026-01-11 02:11:01.585029 | Epoch:3045 | LR: 0.0000056 | Loss : 0.0067 | Val loss: 0.0099
2026-01-11 02:11:13.019739 | Epoch:3046 | LR: 0.0000056 | Loss : 0.0066 | Val loss: 0.0097
2026-01-11 02:11:24.724112 | Epoch:3047 | LR: 0.0000057 | Loss : 0.0067 | Val loss: 0.0099
2026-01-11 02:11:36.404314 | Epoch:3048 | LR: 0.0000057 | Loss : 0.0067 | Val loss: 0.0099
2026-01-11 02:11:47.818777 | Epoch:3049 | LR: 0.0000057 | Loss : 0.0066 | Val loss: 0.0096
2026-01-11 02:11:59.199702 | Epoch:3050 | LR: 0.0000057 | Loss : 0.0066 | Val loss: 0.0096
2026-01-11 02:12:10.681787 | Epoch:3051 | LR: 0.0000057 | Loss : 0.0066 | Val loss: 0.0100
2026-01-11 02:12:22.206314 | Epoch:3052 | LR: 0.0000058 | Loss : 0.0066 | Val loss: 0.0101
2026-01-11 02:12:33.699309 | Epoch:3053 | LR: 0.0000058 | Loss : 0.0067 | Val loss: 0.0099
2026-01-11 02:12:45.214049 | Epoch:3054 | LR: 0.0000058 | Loss : 0.0066 | Val loss: 0.0098
2026-01-11 02:12:56.606077 | Epoch:3055 | LR: 0.0000058 | Loss : 0.0067 | Val loss: 0.0099
2026-01-11 02:13:07.983964 | Epoch:3056 | LR: 0.0000058 | Loss : 0.0067 | Val loss: 0.0098
2026-01-11 02:13:19.582328 | Epoch:3057 | LR: 0.0000059 | Loss : 0.0067 | Val loss: 0.0097
2026-01-11 02:13:30.986958 | Epoch:3058 | LR: 0.0000059 | Loss : 0.0067 | Val loss: 0.0096
2026-01-11 02:13:42.708916 | Epoch:3059 | LR: 0.0000059 | Loss : 0.0067 | Val loss: 0.0096
2026-01-11 02:13:54.281805 | Epoch:3060 | LR: 0.0000059 | Loss : 0.0067 | Val loss: 0.0097
2026-01-11 02:14:05.656790 | Epoch:3061 | LR: 0.0000059 | Loss : 0.0067 | Val loss: 0.0100
2026-01-11 02:14:17.085549 | Epoch:3062 | LR: 0.0000060 | Loss : 0.0066 | Val loss: 0.0098
2026-01-11 02:14:28.601041 | Epoch:3063 | LR: 0.0000060 | Loss : 0.0066 | Val loss: 0.0100
2026-01-11 02:14:39.999210 | Epoch:3064 | LR: 0.0000060 | Loss : 0.0066 | Val loss: 0.0097
2026-01-11 02:14:51.404758 | Epoch:3065 | LR: 0.0000060 | Loss : 0.0066 | Val loss: 0.0102
2026-01-11 02:15:02.983510 | Epoch:3066 | LR: 0.0000061 | Loss : 0.0067 | Val loss: 0.0097
2026-01-11 02:15:14.433926 | Epoch:3067 | LR: 0.0000061 | Loss : 0.0067 | Val loss: 0.0100
2026-01-11 02:15:25.765707 | Epoch:3068 | LR: 0.0000061 | Loss : 0.0066 | Val loss: 0.0098
2026-01-11 02:15:37.215168 | Epoch:3069 | LR: 0.0000061 | Loss : 0.0066 | Val loss: 0.0099
2026-01-11 02:15:48.626155 | Epoch:3070 | LR: 0.0000061 | Loss : 0.0067 | Val loss: 0.0096
2026-01-11 02:16:00.144667 | Epoch:3071 | LR: 0.0000062 | Loss : 0.0067 | Val loss: 0.0099
2026-01-11 02:16:11.663056 | Epoch:3072 | LR: 0.0000062 | Loss : 0.0066 | Val loss: 0.0101
2026-01-11 02:16:23.108616 | Epoch:3073 | LR: 0.0000062 | Loss : 0.0067 | Val loss: 0.0098
2026-01-11 02:16:34.611981 | Epoch:3074 | LR: 0.0000062 | Loss : 0.0066 | Val loss: 0.0097
2026-01-11 02:16:46.234782 | Epoch:3075 | LR: 0.0000062 | Loss : 0.0067 | Val loss: 0.0098
2026-01-11 02:16:57.795952 | Epoch:3076 | LR: 0.0000063 | Loss : 0.0067 | Val loss: 0.0098
2026-01-11 02:17:09.241858 | Epoch:3077 | LR: 0.0000063 | Loss : 0.0066 | Val loss: 0.0097
2026-01-11 02:17:20.716045 | Epoch:3078 | LR: 0.0000063 | Loss : 0.0066 | Val loss: 0.0099
2026-01-11 02:17:32.242866 | Epoch:3079 | LR: 0.0000063 | Loss : 0.0067 | Val loss: 0.0096
2026-01-11 02:17:43.559823 | Epoch:3080 | LR: 0.0000063 | Loss : 0.0066 | Val loss: 0.0095
2026-01-11 02:17:55.040851 | Epoch:3081 | LR: 0.0000064 | Loss : 0.0067 | Val loss: 0.0100
2026-01-11 02:18:06.452076 | Epoch:3082 | LR: 0.0000064 | Loss : 0.0067 | Val loss: 0.0095
2026-01-11 02:18:17.891686 | Epoch:3083 | LR: 0.0000064 | Loss : 0.0067 | Val loss: 0.0098
2026-01-11 02:18:29.307359 | Epoch:3084 | LR: 0.0000064 | Loss : 0.0067 | Val loss: 0.0095
2026-01-11 02:18:40.879590 | Epoch:3085 | LR: 0.0000064 | Loss : 0.0066 | Val loss: 0.0102
2026-01-11 02:18:52.211250 | Epoch:3086 | LR: 0.0000065 | Loss : 0.0067 | Val loss: 0.0101
2026-01-11 02:19:03.767136 | Epoch:3087 | LR: 0.0000065 | Loss : 0.0067 | Val loss: 0.0098
2026-01-11 02:19:15.219867 | Epoch:3088 | LR: 0.0000065 | Loss : 0.0066 | Val loss: 0.0098
2026-01-11 02:19:26.585580 | Epoch:3089 | LR: 0.0000065 | Loss : 0.0067 | Val loss: 0.0096
2026-01-11 02:19:38.037002 | Epoch:3090 | LR: 0.0000066 | Loss : 0.0067 | Val loss: 0.0099
2026-01-11 02:19:49.585012 | Epoch:3091 | LR: 0.0000066 | Loss : 0.0067 | Val loss: 0.0100
2026-01-11 02:20:00.884730 | Epoch:3092 | LR: 0.0000066 | Loss : 0.0066 | Val loss: 0.0101
2026-01-11 02:20:12.370298 | Epoch:3093 | LR: 0.0000066 | Loss : 0.0067 | Val loss: 0.0096
2026-01-11 02:20:23.786890 | Epoch:3094 | LR: 0.0000066 | Loss : 0.0067 | Val loss: 0.0098
2026-01-11 02:20:35.117674 | Epoch:3095 | LR: 0.0000067 | Loss : 0.0066 | Val loss: 0.0100
2026-01-11 02:20:46.691127 | Epoch:3096 | LR: 0.0000067 | Loss : 0.0066 | Val loss: 0.0099
2026-01-11 02:20:58.229088 | Epoch:3097 | LR: 0.0000067 | Loss : 0.0067 | Val loss: 0.0098
2026-01-11 02:21:09.532794 | Epoch:3098 | LR: 0.0000067 | Loss : 0.0067 | Val loss: 0.0098
2026-01-11 02:21:20.960556 | Epoch:3099 | LR: 0.0000067 | Loss : 0.0066 | Val loss: 0.0099
2026-01-11 02:21:32.408520 | Epoch:3100 | LR: 0.0000068 | Loss : 0.0067 | Val loss: 0.0097
2026-01-11 02:21:43.737892 | Epoch:3101 | LR: 0.0000068 | Loss : 0.0066 | Val loss: 0.0098
2026-01-11 02:21:55.528959 | Epoch:3102 | LR: 0.0000068 | Loss : 0.0066 | Val loss: 0.0101
2026-01-11 02:22:07.087163 | Epoch:3103 | LR: 0.0000068 | Loss : 0.0067 | Val loss: 0.0102
2026-01-11 02:22:18.432020 | Epoch:3104 | LR: 0.0000069 | Loss : 0.0067 | Val loss: 0.0099
2026-01-11 02:22:29.814875 | Epoch:3105 | LR: 0.0000069 | Loss : 0.0066 | Val loss: 0.0097
2026-01-11 02:22:41.244474 | Epoch:3106 | LR: 0.0000069 | Loss : 0.0066 | Val loss: 0.0097
2026-01-11 02:22:52.680725 | Epoch:3107 | LR: 0.0000069 | Loss : 0.0066 | Val loss: 0.0097
2026-01-11 02:23:04.198914 | Epoch:3108 | LR: 0.0000069 | Loss : 0.0066 | Val loss: 0.0099
2026-01-11 02:23:15.653692 | Epoch:3109 | LR: 0.0000070 | Loss : 0.0067 | Val loss: 0.0100
2026-01-11 02:23:27.132794 | Epoch:3110 | LR: 0.0000070 | Loss : 0.0067 | Val loss: 0.0099
2026-01-11 02:23:38.442223 | Epoch:3111 | LR: 0.0000070 | Loss : 0.0067 | Val loss: 0.0096
2026-01-11 02:23:49.912194 | Epoch:3112 | LR: 0.0000070 | Loss : 0.0067 | Val loss: 0.0099
2026-01-11 02:24:01.374092 | Epoch:3113 | LR: 0.0000070 | Loss : 0.0068 | Val loss: 0.0099
2026-01-11 02:24:12.893441 | Epoch:3114 | LR: 0.0000071 | Loss : 0.0066 | Val loss: 0.0099
2026-01-11 02:24:24.465456 | Epoch:3115 | LR: 0.0000071 | Loss : 0.0067 | Val loss: 0.0097
2026-01-11 02:24:36.048642 | Epoch:3116 | LR: 0.0000071 | Loss : 0.0067 | Val loss: 0.0095
2026-01-11 02:24:47.408979 | Epoch:3117 | LR: 0.0000071 | Loss : 0.0067 | Val loss: 0.0100
2026-01-11 02:24:58.974753 | Epoch:3118 | LR: 0.0000072 | Loss : 0.0067 | Val loss: 0.0097
2026-01-11 02:25:10.334367 | Epoch:3119 | LR: 0.0000072 | Loss : 0.0066 | Val loss: 0.0097
2026-01-11 02:25:21.817573 | Epoch:3120 | LR: 0.0000072 | Loss : 0.0067 | Val loss: 0.0100
2026-01-11 02:25:33.414435 | Epoch:3121 | LR: 0.0000072 | Loss : 0.0067 | Val loss: 0.0100
2026-01-11 02:25:45.038038 | Epoch:3122 | LR: 0.0000072 | Loss : 0.0066 | Val loss: 0.0100
2026-01-11 02:25:56.590058 | Epoch:3123 | LR: 0.0000073 | Loss : 0.0067 | Val loss: 0.0096
2026-01-11 02:26:16.441097 | Epoch:3124 | LR: 0.0000073 | Loss : 0.0066 | Val loss: 0.0099
2026-01-11 02:26:39.458683 | Epoch:3125 | LR: 0.0000073 | Loss : 0.0067 | Val loss: 0.0099
2026-01-11 02:27:02.557424 | Epoch:3126 | LR: 0.0000073 | Loss : 0.0067 | Val loss: 0.0095
2026-01-11 02:27:25.950233 | Epoch:3127 | LR: 0.0000074 | Loss : 0.0066 | Val loss: 0.0100
2026-01-11 02:27:49.062754 | Epoch:3128 | LR: 0.0000074 | Loss : 0.0068 | Val loss: 0.0102
2026-01-11 02:28:12.153182 | Epoch:3129 | LR: 0.0000074 | Loss : 0.0067 | Val loss: 0.0096
2026-01-11 02:28:35.137141 | Epoch:3130 | LR: 0.0000074 | Loss : 0.0066 | Val loss: 0.0100
2026-01-11 02:28:58.377313 | Epoch:3131 | LR: 0.0000074 | Loss : 0.0067 | Val loss: 0.0095
2026-01-11 02:29:21.634098 | Epoch:3132 | LR: 0.0000075 | Loss : 0.0067 | Val loss: 0.0098
2026-01-11 02:29:44.606784 | Epoch:3133 | LR: 0.0000075 | Loss : 0.0066 | Val loss: 0.0099
2026-01-11 02:30:07.953697 | Epoch:3134 | LR: 0.0000075 | Loss : 0.0067 | Val loss: 0.0101
2026-01-11 02:30:29.809711 | Epoch:3135 | LR: 0.0000075 | Loss : 0.0066 | Val loss: 0.0098
2026-01-11 02:30:53.572866 | Epoch:3136 | LR: 0.0000076 | Loss : 0.0066 | Val loss: 0.0100
2026-01-11 02:31:08.418363 | Epoch:3137 | LR: 0.0000076 | Loss : 0.0067 | Val loss: 0.0094
2026-01-11 02:31:20.029917 | Epoch:3138 | LR: 0.0000076 | Loss : 0.0067 | Val loss: 0.0100
2026-01-11 02:31:31.372743 | Epoch:3139 | LR: 0.0000076 | Loss : 0.0066 | Val loss: 0.0096
2026-01-11 02:31:42.803965 | Epoch:3140 | LR: 0.0000076 | Loss : 0.0067 | Val loss: 0.0097
2026-01-11 02:31:54.171054 | Epoch:3141 | LR: 0.0000077 | Loss : 0.0067 | Val loss: 0.0100
2026-01-11 02:32:05.618475 | Epoch:3142 | LR: 0.0000077 | Loss : 0.0066 | Val loss: 0.0099
2026-01-11 02:32:17.019088 | Epoch:3143 | LR: 0.0000077 | Loss : 0.0066 | Val loss: 0.0100
2026-01-11 02:32:28.625906 | Epoch:3144 | LR: 0.0000077 | Loss : 0.0066 | Val loss: 0.0098
2026-01-11 02:32:40.135288 | Epoch:3145 | LR: 0.0000078 | Loss : 0.0066 | Val loss: 0.0096
2026-01-11 02:32:51.524043 | Epoch:3146 | LR: 0.0000078 | Loss : 0.0066 | Val loss: 0.0099
2026-01-11 02:33:02.901328 | Epoch:3147 | LR: 0.0000078 | Loss : 0.0067 | Val loss: 0.0101
2026-01-11 02:33:14.271249 | Epoch:3148 | LR: 0.0000078 | Loss : 0.0067 | Val loss: 0.0095
2026-01-11 02:33:25.746820 | Epoch:3149 | LR: 0.0000079 | Loss : 0.0067 | Val loss: 0.0095
2026-01-11 02:33:37.246723 | Epoch:3150 | LR: 0.0000079 | Loss : 0.0066 | Val loss: 0.0098
2026-01-11 02:33:48.658884 | Epoch:3151 | LR: 0.0000079 | Loss : 0.0067 | Val loss: 0.0096
2026-01-11 02:33:59.976305 | Epoch:3152 | LR: 0.0000079 | Loss : 0.0066 | Val loss: 0.0100
2026-01-11 02:34:11.641675 | Epoch:3153 | LR: 0.0000079 | Loss : 0.0067 | Val loss: 0.0097
2026-01-11 02:34:23.017726 | Epoch:3154 | LR: 0.0000080 | Loss : 0.0067 | Val loss: 0.0099
2026-01-11 02:34:34.720701 | Epoch:3155 | LR: 0.0000080 | Loss : 0.0066 | Val loss: 0.0097
2026-01-11 02:34:46.167897 | Epoch:3156 | LR: 0.0000080 | Loss : 0.0067 | Val loss: 0.0093
2026-01-11 02:34:57.672851 | Epoch:3157 | LR: 0.0000080 | Loss : 0.0066 | Val loss: 0.0101
2026-01-11 02:35:08.962977 | Epoch:3158 | LR: 0.0000081 | Loss : 0.0065 | Val loss: 0.0095
2026-01-11 02:35:20.321416 | Epoch:3159 | LR: 0.0000081 | Loss : 0.0067 | Val loss: 0.0101
2026-01-11 02:35:31.627722 | Epoch:3160 | LR: 0.0000081 | Loss : 0.0067 | Val loss: 0.0100
2026-01-11 02:35:43.213603 | Epoch:3161 | LR: 0.0000081 | Loss : 0.0067 | Val loss: 0.0101
2026-01-11 02:35:54.552421 | Epoch:3162 | LR: 0.0000082 | Loss : 0.0067 | Val loss: 0.0099
2026-01-11 02:36:06.171707 | Epoch:3163 | LR: 0.0000082 | Loss : 0.0066 | Val loss: 0.0099
2026-01-11 02:36:17.446733 | Epoch:3164 | LR: 0.0000082 | Loss : 0.0066 | Val loss: 0.0098
2026-01-11 02:36:28.808202 | Epoch:3165 | LR: 0.0000082 | Loss : 0.0067 | Val loss: 0.0099
2026-01-11 02:36:40.175174 | Epoch:3166 | LR: 0.0000082 | Loss : 0.0067 | Val loss: 0.0098
2026-01-11 02:36:51.675532 | Epoch:3167 | LR: 0.0000083 | Loss : 0.0067 | Val loss: 0.0098
2026-01-11 02:37:03.177884 | Epoch:3168 | LR: 0.0000083 | Loss : 0.0067 | Val loss: 0.0098
2026-01-11 02:37:14.794770 | Epoch:3169 | LR: 0.0000083 | Loss : 0.0067 | Val loss: 0.0097
2026-01-11 02:37:26.102248 | Epoch:3170 | LR: 0.0000083 | Loss : 0.0066 | Val loss: 0.0098
2026-01-11 02:37:37.884375 | Epoch:3171 | LR: 0.0000084 | Loss : 0.0066 | Val loss: 0.0099
2026-01-11 02:37:49.513051 | Epoch:3172 | LR: 0.0000084 | Loss : 0.0066 | Val loss: 0.0101
2026-01-11 02:38:01.281832 | Epoch:3173 | LR: 0.0000084 | Loss : 0.0067 | Val loss: 0.0097
2026-01-11 02:38:12.838889 | Epoch:3174 | LR: 0.0000084 | Loss : 0.0066 | Val loss: 0.0100
2026-01-11 02:38:24.492228 | Epoch:3175 | LR: 0.0000085 | Loss : 0.0067 | Val loss: 0.0101
2026-01-11 02:38:35.824936 | Epoch:3176 | LR: 0.0000085 | Loss : 0.0067 | Val loss: 0.0100
2026-01-11 02:38:47.184681 | Epoch:3177 | LR: 0.0000085 | Loss : 0.0066 | Val loss: 0.0101
2026-01-11 02:38:58.700380 | Epoch:3178 | LR: 0.0000085 | Loss : 0.0068 | Val loss: 0.0099
2026-01-11 02:39:10.235941 | Epoch:3179 | LR: 0.0000086 | Loss : 0.0066 | Val loss: 0.0096
2026-01-11 02:39:21.737734 | Epoch:3180 | LR: 0.0000086 | Loss : 0.0066 | Val loss: 0.0098
2026-01-11 02:39:33.501058 | Epoch:3181 | LR: 0.0000086 | Loss : 0.0067 | Val loss: 0.0099
2026-01-11 02:39:45.437943 | Epoch:3182 | LR: 0.0000086 | Loss : 0.0067 | Val loss: 0.0098
2026-01-11 02:40:08.020215 | Epoch:3183 | LR: 0.0000086 | Loss : 0.0066 | Val loss: 0.0101
2026-01-11 02:40:31.382317 | Epoch:3184 | LR: 0.0000087 | Loss : 0.0066 | Val loss: 0.0098
2026-01-11 02:40:54.417725 | Epoch:3185 | LR: 0.0000087 | Loss : 0.0067 | Val loss: 0.0095
2026-01-11 02:41:17.753233 | Epoch:3186 | LR: 0.0000087 | Loss : 0.0065 | Val loss: 0.0102
2026-01-11 02:41:40.590659 | Epoch:3187 | LR: 0.0000087 | Loss : 0.0066 | Val loss: 0.0102
2026-01-11 02:42:03.491857 | Epoch:3188 | LR: 0.0000088 | Loss : 0.0067 | Val loss: 0.0102
2026-01-11 02:42:26.818032 | Epoch:3189 | LR: 0.0000088 | Loss : 0.0067 | Val loss: 0.0096
2026-01-11 02:42:49.862608 | Epoch:3190 | LR: 0.0000088 | Loss : 0.0067 | Val loss: 0.0101
2026-01-11 02:43:13.416595 | Epoch:3191 | LR: 0.0000088 | Loss : 0.0066 | Val loss: 0.0099
2026-01-11 02:43:36.351974 | Epoch:3192 | LR: 0.0000089 | Loss : 0.0067 | Val loss: 0.0097
2026-01-11 02:43:58.586534 | Epoch:3193 | LR: 0.0000089 | Loss : 0.0067 | Val loss: 0.0097
2026-01-11 02:44:23.597517 | Epoch:3194 | LR: 0.0000089 | Loss : 0.0066 | Val loss: 0.0100
2026-01-11 02:44:48.310060 | Epoch:3195 | LR: 0.0000089 | Loss : 0.0065 | Val loss: 0.0099
2026-01-11 02:45:13.016591 | Epoch:3196 | LR: 0.0000090 | Loss : 0.0067 | Val loss: 0.0097
2026-01-11 02:45:38.095742 | Epoch:3197 | LR: 0.0000090 | Loss : 0.0066 | Val loss: 0.0099
2026-01-11 02:46:02.815751 | Epoch:3198 | LR: 0.0000090 | Loss : 0.0066 | Val loss: 0.0103
2026-01-11 02:46:17.263692 | Epoch:3199 | LR: 0.0000090 | Loss : 0.0067 | Val loss: 0.0095
2026-01-11 02:46:28.984140 | Epoch:3200 | LR: 0.0000091 | Loss : 0.0067 | Val loss: 0.0097
2026-01-11 02:46:40.537825 | Epoch:3201 | LR: 0.0000091 | Loss : 0.0066 | Val loss: 0.0099
2026-01-11 02:46:51.993702 | Epoch:3202 | LR: 0.0000091 | Loss : 0.0067 | Val loss: 0.0098
2026-01-11 02:47:03.443634 | Epoch:3203 | LR: 0.0000091 | Loss : 0.0067 | Val loss: 0.0098
2026-01-11 02:47:14.929516 | Epoch:3204 | LR: 0.0000092 | Loss : 0.0066 | Val loss: 0.0098
2026-01-11 02:47:26.561752 | Epoch:3205 | LR: 0.0000092 | Loss : 0.0066 | Val loss: 0.0099
2026-01-11 02:47:38.221172 | Epoch:3206 | LR: 0.0000092 | Loss : 0.0067 | Val loss: 0.0099
2026-01-11 02:47:49.707240 | Epoch:3207 | LR: 0.0000092 | Loss : 0.0066 | Val loss: 0.0100
2026-01-11 02:48:01.138043 | Epoch:3208 | LR: 0.0000092 | Loss : 0.0067 | Val loss: 0.0102
2026-01-11 02:48:12.981915 | Epoch:3209 | LR: 0.0000093 | Loss : 0.0066 | Val loss: 0.0099
2026-01-11 02:48:24.527916 | Epoch:3210 | LR: 0.0000093 | Loss : 0.0067 | Val loss: 0.0097
2026-01-11 02:48:36.445983 | Epoch:3211 | LR: 0.0000093 | Loss : 0.0066 | Val loss: 0.0099
2026-01-11 02:48:57.762051 | Epoch:3212 | LR: 0.0000093 | Loss : 0.0066 | Val loss: 0.0102
2026-01-11 02:49:21.113639 | Epoch:3213 | LR: 0.0000094 | Loss : 0.0065 | Val loss: 0.0097
2026-01-11 02:49:44.255621 | Epoch:3214 | LR: 0.0000094 | Loss : 0.0066 | Val loss: 0.0103
2026-01-11 02:50:07.556267 | Epoch:3215 | LR: 0.0000094 | Loss : 0.0066 | Val loss: 0.0097
2026-01-11 02:50:30.615079 | Epoch:3216 | LR: 0.0000094 | Loss : 0.0066 | Val loss: 0.0097
2026-01-11 02:50:53.586801 | Epoch:3217 | LR: 0.0000095 | Loss : 0.0066 | Val loss: 0.0097
2026-01-11 02:51:17.059830 | Epoch:3218 | LR: 0.0000095 | Loss : 0.0067 | Val loss: 0.0099
2026-01-11 02:51:40.328498 | Epoch:3219 | LR: 0.0000095 | Loss : 0.0066 | Val loss: 0.0099
2026-01-11 02:52:03.254208 | Epoch:3220 | LR: 0.0000095 | Loss : 0.0066 | Val loss: 0.0096
2026-01-11 02:52:26.495420 | Epoch:3221 | LR: 0.0000096 | Loss : 0.0067 | Val loss: 0.0097
2026-01-11 02:52:49.742763 | Epoch:3222 | LR: 0.0000096 | Loss : 0.0066 | Val loss: 0.0097
2026-01-11 02:53:12.925809 | Epoch:3223 | LR: 0.0000096 | Loss : 0.0067 | Val loss: 0.0098
2026-01-11 02:53:37.910502 | Epoch:3224 | LR: 0.0000096 | Loss : 0.0067 | Val loss: 0.0096
2026-01-11 02:54:02.733900 | Epoch:3225 | LR: 0.0000097 | Loss : 0.0066 | Val loss: 0.0097
2026-01-11 02:54:27.182094 | Epoch:3226 | LR: 0.0000097 | Loss : 0.0067 | Val loss: 0.0099
2026-01-11 02:54:52.613157 | Epoch:3227 | LR: 0.0000097 | Loss : 0.0066 | Val loss: 0.0098
2026-01-11 02:55:17.390886 | Epoch:3228 | LR: 0.0000097 | Loss : 0.0067 | Val loss: 0.0099
2026-01-11 02:55:42.502708 | Epoch:3229 | LR: 0.0000098 | Loss : 0.0066 | Val loss: 0.0097
2026-01-11 02:56:07.046144 | Epoch:3230 | LR: 0.0000098 | Loss : 0.0066 | Val loss: 0.0095
2026-01-11 02:56:32.015684 | Epoch:3231 | LR: 0.0000098 | Loss : 0.0066 | Val loss: 0.0101
2026-01-11 02:56:57.032053 | Epoch:3232 | LR: 0.0000098 | Loss : 0.0066 | Val loss: 0.0099
2026-01-11 02:57:21.827737 | Epoch:3233 | LR: 0.0000099 | Loss : 0.0067 | Val loss: 0.0097
2026-01-11 02:57:46.268285 | Epoch:3234 | LR: 0.0000099 | Loss : 0.0066 | Val loss: 0.0096
2026-01-11 02:58:11.267460 | Epoch:3235 | LR: 0.0000099 | Loss : 0.0066 | Val loss: 0.0097
2026-01-11 02:58:35.913217 | Epoch:3236 | LR: 0.0000099 | Loss : 0.0066 | Val loss: 0.0097
2026-01-11 02:59:01.112403 | Epoch:3237 | LR: 0.0000100 | Loss : 0.0067 | Val loss: 0.0101
2026-01-11 02:59:26.280857 | Epoch:3238 | LR: 0.0000100 | Loss : 0.0067 | Val loss: 0.0099
2026-01-11 02:59:50.861514 | Epoch:3239 | LR: 0.0000100 | Loss : 0.0066 | Val loss: 0.0098
2026-01-11 03:00:15.865032 | Epoch:3240 | LR: 0.0000100 | Loss : 0.0067 | Val loss: 0.0097
2026-01-11 03:00:40.544930 | Epoch:3241 | LR: 0.0000101 | Loss : 0.0066 | Val loss: 0.0099
2026-01-11 03:01:05.438580 | Epoch:3242 | LR: 0.0000101 | Loss : 0.0067 | Val loss: 0.0099
2026-01-11 03:01:30.569030 | Epoch:3243 | LR: 0.0000101 | Loss : 0.0066 | Val loss: 0.0097
2026-01-11 03:01:55.360728 | Epoch:3244 | LR: 0.0000101 | Loss : 0.0067 | Val loss: 0.0102
2026-01-11 03:02:20.085990 | Epoch:3245 | LR: 0.0000102 | Loss : 0.0066 | Val loss: 0.0098
2026-01-11 03:02:44.992582 | Epoch:3246 | LR: 0.0000102 | Loss : 0.0067 | Val loss: 0.0100
2026-01-11 03:03:09.489855 | Epoch:3247 | LR: 0.0000102 | Loss : 0.0067 | Val loss: 0.0101
2026-01-11 03:03:33.786682 | Epoch:3248 | LR: 0.0000102 | Loss : 0.0067 | Val loss: 0.0098
2026-01-11 03:03:58.086661 | Epoch:3249 | LR: 0.0000103 | Loss : 0.0067 | Val loss: 0.0098
2026-01-11 03:04:22.801711 | Epoch:3250 | LR: 0.0000103 | Loss : 0.0066 | Val loss: 0.0100
2026-01-11 03:04:46.306798 | Epoch:3251 | LR: 0.0000103 | Loss : 0.0067 | Val loss: 0.0099
2026-01-11 03:05:09.071717 | Epoch:3252 | LR: 0.0000103 | Loss : 0.0067 | Val loss: 0.0098
2026-01-11 03:05:32.440699 | Epoch:3253 | LR: 0.0000104 | Loss : 0.0067 | Val loss: 0.0097
2026-01-11 03:05:55.838974 | Epoch:3254 | LR: 0.0000104 | Loss : 0.0067 | Val loss: 0.0098
2026-01-11 03:06:19.141900 | Epoch:3255 | LR: 0.0000104 | Loss : 0.0067 | Val loss: 0.0097
2026-01-11 03:06:41.602373 | Epoch:3256 | LR: 0.0000104 | Loss : 0.0067 | Val loss: 0.0101
2026-01-11 03:07:05.694224 | Epoch:3257 | LR: 0.0000105 | Loss : 0.0067 | Val loss: 0.0102
2026-01-11 03:07:28.929945 | Epoch:3258 | LR: 0.0000105 | Loss : 0.0067 | Val loss: 0.0100
2026-01-11 03:07:51.921956 | Epoch:3259 | LR: 0.0000105 | Loss : 0.0067 | Val loss: 0.0097
2026-01-11 03:08:14.996076 | Epoch:3260 | LR: 0.0000106 | Loss : 0.0066 | Val loss: 0.0101
2026-01-11 03:08:38.117345 | Epoch:3261 | LR: 0.0000106 | Loss : 0.0067 | Val loss: 0.0100
2026-01-11 03:09:00.968621 | Epoch:3262 | LR: 0.0000106 | Loss : 0.0066 | Val loss: 0.0102
2026-01-11 03:09:24.474787 | Epoch:3263 | LR: 0.0000106 | Loss : 0.0067 | Val loss: 0.0101
2026-01-11 03:09:47.506604 | Epoch:3264 | LR: 0.0000107 | Loss : 0.0067 | Val loss: 0.0098
2026-01-11 03:10:11.062189 | Epoch:3265 | LR: 0.0000107 | Loss : 0.0066 | Val loss: 0.0096
2026-01-11 03:10:34.606521 | Epoch:3266 | LR: 0.0000107 | Loss : 0.0068 | Val loss: 0.0097
2026-01-11 03:10:58.012647 | Epoch:3267 | LR: 0.0000107 | Loss : 0.0067 | Val loss: 0.0100
2026-01-11 03:11:20.935065 | Epoch:3268 | LR: 0.0000108 | Loss : 0.0066 | Val loss: 0.0099
2026-01-11 03:11:44.338707 | Epoch:3269 | LR: 0.0000108 | Loss : 0.0066 | Val loss: 0.0101
2026-01-11 03:12:07.383983 | Epoch:3270 | LR: 0.0000108 | Loss : 0.0066 | Val loss: 0.0101
2026-01-11 03:12:30.357265 | Epoch:3271 | LR: 0.0000108 | Loss : 0.0066 | Val loss: 0.0100
2026-01-11 03:12:53.713297 | Epoch:3272 | LR: 0.0000109 | Loss : 0.0066 | Val loss: 0.0096
2026-01-11 03:13:16.881785 | Epoch:3273 | LR: 0.0000109 | Loss : 0.0066 | Val loss: 0.0098
2026-01-11 03:13:40.235534 | Epoch:3274 | LR: 0.0000109 | Loss : 0.0066 | Val loss: 0.0100
2026-01-11 03:14:03.210539 | Epoch:3275 | LR: 0.0000109 | Loss : 0.0067 | Val loss: 0.0099
2026-01-11 03:14:26.548524 | Epoch:3276 | LR: 0.0000110 | Loss : 0.0067 | Val loss: 0.0100
2026-01-11 03:14:49.933999 | Epoch:3277 | LR: 0.0000110 | Loss : 0.0066 | Val loss: 0.0101
2026-01-11 03:15:13.188819 | Epoch:3278 | LR: 0.0000110 | Loss : 0.0066 | Val loss: 0.0100
2026-01-11 03:15:36.395266 | Epoch:3279 | LR: 0.0000110 | Loss : 0.0066 | Val loss: 0.0097
2026-01-11 03:15:59.716916 | Epoch:3280 | LR: 0.0000111 | Loss : 0.0066 | Val loss: 0.0097
2026-01-11 03:16:23.230886 | Epoch:3281 | LR: 0.0000111 | Loss : 0.0066 | Val loss: 0.0097
2026-01-11 03:16:46.373605 | Epoch:3282 | LR: 0.0000111 | Loss : 0.0066 | Val loss: 0.0100
2026-01-11 03:17:09.416139 | Epoch:3283 | LR: 0.0000111 | Loss : 0.0067 | Val loss: 0.0098
2026-01-11 03:17:33.044531 | Epoch:3284 | LR: 0.0000112 | Loss : 0.0067 | Val loss: 0.0102
2026-01-11 03:17:55.792958 | Epoch:3285 | LR: 0.0000112 | Loss : 0.0067 | Val loss: 0.0098
2026-01-11 03:18:19.098770 | Epoch:3286 | LR: 0.0000112 | Loss : 0.0066 | Val loss: 0.0098
2026-01-11 03:18:42.638167 | Epoch:3287 | LR: 0.0000113 | Loss : 0.0066 | Val loss: 0.0098
2026-01-11 03:19:05.558924 | Epoch:3288 | LR: 0.0000113 | Loss : 0.0066 | Val loss: 0.0099
2026-01-11 03:19:28.420045 | Epoch:3289 | LR: 0.0000113 | Loss : 0.0066 | Val loss: 0.0103
2026-01-11 03:19:52.040778 | Epoch:3290 | LR: 0.0000113 | Loss : 0.0067 | Val loss: 0.0100
2026-01-11 03:20:15.079248 | Epoch:3291 | LR: 0.0000114 | Loss : 0.0067 | Val loss: 0.0096
2026-01-11 03:20:38.152821 | Epoch:3292 | LR: 0.0000114 | Loss : 0.0066 | Val loss: 0.0099
2026-01-11 03:21:01.382265 | Epoch:3293 | LR: 0.0000114 | Loss : 0.0066 | Val loss: 0.0101
2026-01-11 03:21:24.237590 | Epoch:3294 | LR: 0.0000114 | Loss : 0.0066 | Val loss: 0.0101
2026-01-11 03:21:47.572124 | Epoch:3295 | LR: 0.0000115 | Loss : 0.0067 | Val loss: 0.0099
2026-01-11 03:22:10.808244 | Epoch:3296 | LR: 0.0000115 | Loss : 0.0066 | Val loss: 0.0101
2026-01-11 03:22:33.615279 | Epoch:3297 | LR: 0.0000115 | Loss : 0.0067 | Val loss: 0.0101
2026-01-11 03:22:56.924195 | Epoch:3298 | LR: 0.0000115 | Loss : 0.0066 | Val loss: 0.0098
2026-01-11 03:23:20.363698 | Epoch:3299 | LR: 0.0000116 | Loss : 0.0066 | Val loss: 0.0099
2026-01-11 03:23:43.197895 | Epoch:3300 | LR: 0.0000116 | Loss : 0.0066 | Val loss: 0.0101
2026-01-11 03:24:06.349892 | Epoch:3301 | LR: 0.0000116 | Loss : 0.0066 | Val loss: 0.0098
2026-01-11 03:24:29.876691 | Epoch:3302 | LR: 0.0000116 | Loss : 0.0067 | Val loss: 0.0100
2026-01-11 03:24:52.858473 | Epoch:3303 | LR: 0.0000117 | Loss : 0.0066 | Val loss: 0.0101
2026-01-11 03:25:16.450027 | Epoch:3304 | LR: 0.0000117 | Loss : 0.0067 | Val loss: 0.0094
2026-01-11 03:25:39.879925 | Epoch:3305 | LR: 0.0000117 | Loss : 0.0067 | Val loss: 0.0100
2026-01-11 03:26:03.064213 | Epoch:3306 | LR: 0.0000118 | Loss : 0.0066 | Val loss: 0.0099
2026-01-11 03:26:26.977269 | Epoch:3307 | LR: 0.0000118 | Loss : 0.0067 | Val loss: 0.0098
2026-01-11 03:26:51.873530 | Epoch:3308 | LR: 0.0000118 | Loss : 0.0067 | Val loss: 0.0102
2026-01-11 03:27:16.230018 | Epoch:3309 | LR: 0.0000118 | Loss : 0.0067 | Val loss: 0.0100
2026-01-11 03:27:41.105280 | Epoch:3310 | LR: 0.0000119 | Loss : 0.0066 | Val loss: 0.0097
2026-01-11 03:28:05.949687 | Epoch:3311 | LR: 0.0000119 | Loss : 0.0066 | Val loss: 0.0104
2026-01-11 03:28:30.868482 | Epoch:3312 | LR: 0.0000119 | Loss : 0.0067 | Val loss: 0.0100
2026-01-11 03:28:55.773960 | Epoch:3313 | LR: 0.0000119 | Loss : 0.0066 | Val loss: 0.0095
2026-01-11 03:29:20.095069 | Epoch:3314 | LR: 0.0000120 | Loss : 0.0066 | Val loss: 0.0101
2026-01-11 03:29:44.435073 | Epoch:3315 | LR: 0.0000120 | Loss : 0.0067 | Val loss: 0.0101
2026-01-11 03:30:09.607412 | Epoch:3316 | LR: 0.0000120 | Loss : 0.0066 | Val loss: 0.0099
2026-01-11 03:30:34.216466 | Epoch:3317 | LR: 0.0000120 | Loss : 0.0066 | Val loss: 0.0101
2026-01-11 03:30:59.586043 | Epoch:3318 | LR: 0.0000121 | Loss : 0.0067 | Val loss: 0.0097
2026-01-11 03:31:24.484766 | Epoch:3319 | LR: 0.0000121 | Loss : 0.0067 | Val loss: 0.0099
2026-01-11 03:31:49.394770 | Epoch:3320 | LR: 0.0000121 | Loss : 0.0067 | Val loss: 0.0101
2026-01-11 03:32:14.124646 | Epoch:3321 | LR: 0.0000122 | Loss : 0.0067 | Val loss: 0.0098
2026-01-11 03:32:39.112578 | Epoch:3322 | LR: 0.0000122 | Loss : 0.0067 | Val loss: 0.0101
2026-01-11 03:33:03.454037 | Epoch:3323 | LR: 0.0000122 | Loss : 0.0067 | Val loss: 0.0099
2026-01-11 03:33:28.678819 | Epoch:3324 | LR: 0.0000122 | Loss : 0.0066 | Val loss: 0.0101
2026-01-11 03:33:53.169497 | Epoch:3325 | LR: 0.0000123 | Loss : 0.0067 | Val loss: 0.0100
2026-01-11 03:34:18.293974 | Epoch:3326 | LR: 0.0000123 | Loss : 0.0066 | Val loss: 0.0100
2026-01-11 03:34:43.244050 | Epoch:3327 | LR: 0.0000123 | Loss : 0.0067 | Val loss: 0.0096
2026-01-11 03:35:07.776644 | Epoch:3328 | LR: 0.0000123 | Loss : 0.0067 | Val loss: 0.0102
2026-01-11 03:35:32.535394 | Epoch:3329 | LR: 0.0000124 | Loss : 0.0066 | Val loss: 0.0100
2026-01-11 03:35:57.399420 | Epoch:3330 | LR: 0.0000124 | Loss : 0.0066 | Val loss: 0.0099
2026-01-11 03:36:22.252236 | Epoch:3331 | LR: 0.0000124 | Loss : 0.0066 | Val loss: 0.0102
2026-01-11 03:36:47.178412 | Epoch:3332 | LR: 0.0000125 | Loss : 0.0065 | Val loss: 0.0098
2026-01-11 03:37:12.444979 | Epoch:3333 | LR: 0.0000125 | Loss : 0.0066 | Val loss: 0.0097
2026-01-11 03:37:36.915048 | Epoch:3334 | LR: 0.0000125 | Loss : 0.0066 | Val loss: 0.0099
2026-01-11 03:38:01.261082 | Epoch:3335 | LR: 0.0000125 | Loss : 0.0066 | Val loss: 0.0097
2026-01-11 03:38:24.704600 | Epoch:3336 | LR: 0.0000126 | Loss : 0.0066 | Val loss: 0.0099
2026-01-11 03:38:47.907669 | Epoch:3337 | LR: 0.0000126 | Loss : 0.0066 | Val loss: 0.0101
2026-01-11 03:39:11.079098 | Epoch:3338 | LR: 0.0000126 | Loss : 0.0066 | Val loss: 0.0101
2026-01-11 03:39:34.139232 | Epoch:3339 | LR: 0.0000126 | Loss : 0.0066 | Val loss: 0.0099
2026-01-11 03:39:57.284264 | Epoch:3340 | LR: 0.0000127 | Loss : 0.0067 | Val loss: 0.0102
2026-01-11 03:40:20.420633 | Epoch:3341 | LR: 0.0000127 | Loss : 0.0067 | Val loss: 0.0098
2026-01-11 03:40:43.413400 | Epoch:3342 | LR: 0.0000127 | Loss : 0.0067 | Val loss: 0.0100
2026-01-11 03:41:06.870840 | Epoch:3343 | LR: 0.0000128 | Loss : 0.0066 | Val loss: 0.0102
2026-01-11 03:41:30.041030 | Epoch:3344 | LR: 0.0000128 | Loss : 0.0066 | Val loss: 0.0099
2026-01-11 03:41:53.110762 | Epoch:3345 | LR: 0.0000128 | Loss : 0.0066 | Val loss: 0.0099
2026-01-11 03:42:16.248523 | Epoch:3346 | LR: 0.0000128 | Loss : 0.0067 | Val loss: 0.0098
2026-01-11 03:42:39.453486 | Epoch:3347 | LR: 0.0000129 | Loss : 0.0066 | Val loss: 0.0098
2026-01-11 03:43:02.467056 | Epoch:3348 | LR: 0.0000129 | Loss : 0.0066 | Val loss: 0.0098
2026-01-11 03:43:25.665624 | Epoch:3349 | LR: 0.0000129 | Loss : 0.0066 | Val loss: 0.0102
2026-01-11 03:43:48.882873 | Epoch:3350 | LR: 0.0000129 | Loss : 0.0066 | Val loss: 0.0102
2026-01-11 03:44:12.087493 | Epoch:3351 | LR: 0.0000130 | Loss : 0.0065 | Val loss: 0.0096
2026-01-11 03:44:35.217869 | Epoch:3352 | LR: 0.0000130 | Loss : 0.0067 | Val loss: 0.0096
2026-01-11 03:44:58.676200 | Epoch:3353 | LR: 0.0000130 | Loss : 0.0067 | Val loss: 0.0100
2026-01-11 03:45:21.586035 | Epoch:3354 | LR: 0.0000131 | Loss : 0.0067 | Val loss: 0.0098
2026-01-11 03:45:44.738557 | Epoch:3355 | LR: 0.0000131 | Loss : 0.0066 | Val loss: 0.0096
2026-01-11 03:46:08.066729 | Epoch:3356 | LR: 0.0000131 | Loss : 0.0066 | Val loss: 0.0099
2026-01-11 03:46:31.226359 | Epoch:3357 | LR: 0.0000131 | Loss : 0.0066 | Val loss: 0.0101
2026-01-11 03:46:54.177490 | Epoch:3358 | LR: 0.0000132 | Loss : 0.0066 | Val loss: 0.0096
2026-01-11 03:47:17.472410 | Epoch:3359 | LR: 0.0000132 | Loss : 0.0066 | Val loss: 0.0098
2026-01-11 03:47:40.223596 | Epoch:3360 | LR: 0.0000132 | Loss : 0.0067 | Val loss: 0.0098
2026-01-11 03:48:03.357953 | Epoch:3361 | LR: 0.0000133 | Loss : 0.0067 | Val loss: 0.0100
2026-01-11 03:48:26.679026 | Epoch:3362 | LR: 0.0000133 | Loss : 0.0066 | Val loss: 0.0100
2026-01-11 03:48:49.745231 | Epoch:3363 | LR: 0.0000133 | Loss : 0.0066 | Val loss: 0.0094
2026-01-11 03:49:12.918354 | Epoch:3364 | LR: 0.0000133 | Loss : 0.0066 | Val loss: 0.0100
2026-01-11 03:49:36.017650 | Epoch:3365 | LR: 0.0000134 | Loss : 0.0066 | Val loss: 0.0101
2026-01-11 03:49:59.024143 | Epoch:3366 | LR: 0.0000134 | Loss : 0.0066 | Val loss: 0.0098
2026-01-11 03:50:22.207978 | Epoch:3367 | LR: 0.0000134 | Loss : 0.0066 | Val loss: 0.0101
2026-01-11 03:50:45.295895 | Epoch:3368 | LR: 0.0000134 | Loss : 0.0067 | Val loss: 0.0102
2026-01-11 03:51:08.357633 | Epoch:3369 | LR: 0.0000135 | Loss : 0.0066 | Val loss: 0.0100
2026-01-11 03:51:31.698927 | Epoch:3370 | LR: 0.0000135 | Loss : 0.0067 | Val loss: 0.0096
2026-01-11 03:51:55.134494 | Epoch:3371 | LR: 0.0000135 | Loss : 0.0066 | Val loss: 0.0102
2026-01-11 03:52:18.300651 | Epoch:3372 | LR: 0.0000136 | Loss : 0.0067 | Val loss: 0.0098
2026-01-11 03:52:41.235122 | Epoch:3373 | LR: 0.0000136 | Loss : 0.0066 | Val loss: 0.0100
2026-01-11 03:53:04.483294 | Epoch:3374 | LR: 0.0000136 | Loss : 0.0067 | Val loss: 0.0098
2026-01-11 03:53:27.407848 | Epoch:3375 | LR: 0.0000136 | Loss : 0.0067 | Val loss: 0.0098
2026-01-11 03:53:50.825113 | Epoch:3376 | LR: 0.0000137 | Loss : 0.0066 | Val loss: 0.0100
2026-01-11 03:54:13.976531 | Epoch:3377 | LR: 0.0000137 | Loss : 0.0066 | Val loss: 0.0096
2026-01-11 03:54:37.162421 | Epoch:3378 | LR: 0.0000137 | Loss : 0.0066 | Val loss: 0.0101
2026-01-11 03:55:00.101325 | Epoch:3379 | LR: 0.0000138 | Loss : 0.0066 | Val loss: 0.0099
2026-01-11 03:55:23.328910 | Epoch:3380 | LR: 0.0000138 | Loss : 0.0066 | Val loss: 0.0100
2026-01-11 03:55:46.639482 | Epoch:3381 | LR: 0.0000138 | Loss : 0.0066 | Val loss: 0.0100
2026-01-11 03:56:09.551199 | Epoch:3382 | LR: 0.0000138 | Loss : 0.0066 | Val loss: 0.0100
2026-01-11 03:56:33.311413 | Epoch:3383 | LR: 0.0000139 | Loss : 0.0067 | Val loss: 0.0100
2026-01-11 03:56:56.869541 | Epoch:3384 | LR: 0.0000139 | Loss : 0.0067 | Val loss: 0.0102
2026-01-11 03:57:19.941702 | Epoch:3385 | LR: 0.0000139 | Loss : 0.0066 | Val loss: 0.0101
2026-01-11 03:57:43.204558 | Epoch:3386 | LR: 0.0000139 | Loss : 0.0066 | Val loss: 0.0096
2026-01-11 03:58:06.505689 | Epoch:3387 | LR: 0.0000140 | Loss : 0.0067 | Val loss: 0.0106
2026-01-11 03:58:29.626409 | Epoch:3388 | LR: 0.0000140 | Loss : 0.0067 | Val loss: 0.0100
2026-01-11 03:58:53.083675 | Epoch:3389 | LR: 0.0000140 | Loss : 0.0067 | Val loss: 0.0102
2026-01-11 03:59:16.339374 | Epoch:3390 | LR: 0.0000141 | Loss : 0.0066 | Val loss: 0.0101
2026-01-11 03:59:40.811420 | Epoch:3391 | LR: 0.0000141 | Loss : 0.0066 | Val loss: 0.0102
2026-01-11 04:00:05.978658 | Epoch:3392 | LR: 0.0000141 | Loss : 0.0066 | Val loss: 0.0097
2026-01-11 04:00:30.713127 | Epoch:3393 | LR: 0.0000141 | Loss : 0.0065 | Val loss: 0.0098
2026-01-11 04:00:55.476755 | Epoch:3394 | LR: 0.0000142 | Loss : 0.0066 | Val loss: 0.0099
2026-01-11 04:01:20.167436 | Epoch:3395 | LR: 0.0000142 | Loss : 0.0066 | Val loss: 0.0100
2026-01-11 04:01:45.163078 | Epoch:3396 | LR: 0.0000142 | Loss : 0.0066 | Val loss: 0.0099
2026-01-11 04:02:10.467072 | Epoch:3397 | LR: 0.0000143 | Loss : 0.0066 | Val loss: 0.0102
2026-01-11 04:02:35.396905 | Epoch:3398 | LR: 0.0000143 | Loss : 0.0066 | Val loss: 0.0100
2026-01-11 04:03:00.199391 | Epoch:3399 | LR: 0.0000143 | Loss : 0.0067 | Val loss: 0.0099
2026-01-11 04:03:24.887686 | Epoch:3400 | LR: 0.0000143 | Loss : 0.0066 | Val loss: 0.0102
2026-01-11 04:03:49.684732 | Epoch:3401 | LR: 0.0000144 | Loss : 0.0067 | Val loss: 0.0100
2026-01-11 04:04:14.434346 | Epoch:3402 | LR: 0.0000144 | Loss : 0.0066 | Val loss: 0.0102
2026-01-11 04:04:39.397675 | Epoch:3403 | LR: 0.0000144 | Loss : 0.0066 | Val loss: 0.0100
2026-01-11 04:05:04.028860 | Epoch:3404 | LR: 0.0000145 | Loss : 0.0066 | Val loss: 0.0099
2026-01-11 04:05:28.481673 | Epoch:3405 | LR: 0.0000145 | Loss : 0.0066 | Val loss: 0.0101
2026-01-11 04:05:53.807046 | Epoch:3406 | LR: 0.0000145 | Loss : 0.0065 | Val loss: 0.0101
2026-01-11 04:06:18.303684 | Epoch:3407 | LR: 0.0000145 | Loss : 0.0067 | Val loss: 0.0103
2026-01-11 04:06:43.478719 | Epoch:3408 | LR: 0.0000146 | Loss : 0.0066 | Val loss: 0.0099
2026-01-11 04:07:08.515552 | Epoch:3409 | LR: 0.0000146 | Loss : 0.0067 | Val loss: 0.0101
2026-01-11 04:07:33.493096 | Epoch:3410 | LR: 0.0000146 | Loss : 0.0066 | Val loss: 0.0098
2026-01-11 04:07:58.316571 | Epoch:3411 | LR: 0.0000147 | Loss : 0.0066 | Val loss: 0.0098
2026-01-11 04:08:23.319308 | Epoch:3412 | LR: 0.0000147 | Loss : 0.0067 | Val loss: 0.0100
2026-01-11 04:08:48.130175 | Epoch:3413 | LR: 0.0000147 | Loss : 0.0066 | Val loss: 0.0098
2026-01-11 04:09:13.240755 | Epoch:3414 | LR: 0.0000147 | Loss : 0.0066 | Val loss: 0.0100
2026-01-11 04:09:38.011875 | Epoch:3415 | LR: 0.0000148 | Loss : 0.0066 | Val loss: 0.0102
2026-01-11 04:10:02.892710 | Epoch:3416 | LR: 0.0000148 | Loss : 0.0066 | Val loss: 0.0098
2026-01-11 04:10:27.923268 | Epoch:3417 | LR: 0.0000148 | Loss : 0.0066 | Val loss: 0.0100
2026-01-11 04:10:52.045342 | Epoch:3418 | LR: 0.0000149 | Loss : 0.0067 | Val loss: 0.0102
2026-01-11 04:11:15.550445 | Epoch:3419 | LR: 0.0000149 | Loss : 0.0066 | Val loss: 0.0101
2026-01-11 04:11:38.529261 | Epoch:3420 | LR: 0.0000149 | Loss : 0.0066 | Val loss: 0.0099
2026-01-11 04:12:01.347037 | Epoch:3421 | LR: 0.0000149 | Loss : 0.0066 | Val loss: 0.0099
2026-01-11 04:12:24.598368 | Epoch:3422 | LR: 0.0000150 | Loss : 0.0066 | Val loss: 0.0101
2026-01-11 04:12:48.045245 | Epoch:3423 | LR: 0.0000150 | Loss : 0.0066 | Val loss: 0.0098
2026-01-11 04:13:11.150675 | Epoch:3424 | LR: 0.0000150 | Loss : 0.0067 | Val loss: 0.0100
2026-01-11 04:13:34.234669 | Epoch:3425 | LR: 0.0000151 | Loss : 0.0067 | Val loss: 0.0099
2026-01-11 04:13:57.528265 | Epoch:3426 | LR: 0.0000151 | Loss : 0.0067 | Val loss: 0.0105
2026-01-11 04:14:20.612479 | Epoch:3427 | LR: 0.0000151 | Loss : 0.0066 | Val loss: 0.0100
2026-01-11 04:14:43.797648 | Epoch:3428 | LR: 0.0000151 | Loss : 0.0068 | Val loss: 0.0101
2026-01-11 04:15:07.231935 | Epoch:3429 | LR: 0.0000152 | Loss : 0.0066 | Val loss: 0.0099
2026-01-11 04:15:30.256481 | Epoch:3430 | LR: 0.0000152 | Loss : 0.0066 | Val loss: 0.0098
2026-01-11 04:15:53.506271 | Epoch:3431 | LR: 0.0000152 | Loss : 0.0066 | Val loss: 0.0105
2026-01-11 04:16:16.712516 | Epoch:3432 | LR: 0.0000153 | Loss : 0.0066 | Val loss: 0.0102
2026-01-11 04:16:39.746428 | Epoch:3433 | LR: 0.0000153 | Loss : 0.0066 | Val loss: 0.0102
2026-01-11 04:17:03.040096 | Epoch:3434 | LR: 0.0000153 | Loss : 0.0066 | Val loss: 0.0101
2026-01-11 04:17:26.322260 | Epoch:3435 | LR: 0.0000154 | Loss : 0.0066 | Val loss: 0.0103
2026-01-11 04:17:49.512555 | Epoch:3436 | LR: 0.0000154 | Loss : 0.0067 | Val loss: 0.0100
2026-01-11 04:18:12.875112 | Epoch:3437 | LR: 0.0000154 | Loss : 0.0066 | Val loss: 0.0100
2026-01-11 04:18:36.099756 | Epoch:3438 | LR: 0.0000154 | Loss : 0.0067 | Val loss: 0.0104
2026-01-11 04:18:59.226855 | Epoch:3439 | LR: 0.0000155 | Loss : 0.0066 | Val loss: 0.0099
2026-01-11 04:19:22.602765 | Epoch:3440 | LR: 0.0000155 | Loss : 0.0066 | Val loss: 0.0100
2026-01-11 04:19:45.717197 | Epoch:3441 | LR: 0.0000155 | Loss : 0.0066 | Val loss: 0.0101
2026-01-11 04:20:08.795778 | Epoch:3442 | LR: 0.0000156 | Loss : 0.0066 | Val loss: 0.0101
2026-01-11 04:20:32.369468 | Epoch:3443 | LR: 0.0000156 | Loss : 0.0066 | Val loss: 0.0099
2026-01-11 04:20:55.815367 | Epoch:3444 | LR: 0.0000156 | Loss : 0.0066 | Val loss: 0.0102
2026-01-11 04:21:19.037515 | Epoch:3445 | LR: 0.0000156 | Loss : 0.0065 | Val loss: 0.0099
2026-01-11 04:21:42.627948 | Epoch:3446 | LR: 0.0000157 | Loss : 0.0066 | Val loss: 0.0100
2026-01-11 04:22:05.825462 | Epoch:3447 | LR: 0.0000157 | Loss : 0.0066 | Val loss: 0.0102
2026-01-11 04:22:28.875993 | Epoch:3448 | LR: 0.0000157 | Loss : 0.0066 | Val loss: 0.0102
2026-01-11 04:22:52.436137 | Epoch:3449 | LR: 0.0000158 | Loss : 0.0066 | Val loss: 0.0102
2026-01-11 04:23:15.819775 | Epoch:3450 | LR: 0.0000158 | Loss : 0.0066 | Val loss: 0.0101
2026-01-11 04:23:38.886421 | Epoch:3451 | LR: 0.0000158 | Loss : 0.0066 | Val loss: 0.0101
2026-01-11 04:24:02.006349 | Epoch:3452 | LR: 0.0000158 | Loss : 0.0066 | Val loss: 0.0097
2026-01-11 04:24:25.248248 | Epoch:3453 | LR: 0.0000159 | Loss : 0.0066 | Val loss: 0.0099
2026-01-11 04:24:48.284140 | Epoch:3454 | LR: 0.0000159 | Loss : 0.0066 | Val loss: 0.0099
2026-01-11 04:25:11.327572 | Epoch:3455 | LR: 0.0000159 | Loss : 0.0065 | Val loss: 0.0099
2026-01-11 04:25:34.800357 | Epoch:3456 | LR: 0.0000160 | Loss : 0.0067 | Val loss: 0.0101
2026-01-11 04:25:57.797029 | Epoch:3457 | LR: 0.0000160 | Loss : 0.0066 | Val loss: 0.0098
2026-01-11 04:26:21.057614 | Epoch:3458 | LR: 0.0000160 | Loss : 0.0066 | Val loss: 0.0098
2026-01-11 04:26:44.444483 | Epoch:3459 | LR: 0.0000160 | Loss : 0.0066 | Val loss: 0.0101
2026-01-11 04:27:07.577000 | Epoch:3460 | LR: 0.0000161 | Loss : 0.0066 | Val loss: 0.0103
2026-01-11 04:27:30.656130 | Epoch:3461 | LR: 0.0000161 | Loss : 0.0067 | Val loss: 0.0098
2026-01-11 04:27:53.992972 | Epoch:3462 | LR: 0.0000161 | Loss : 0.0067 | Val loss: 0.0100
2026-01-11 04:28:17.086784 | Epoch:3463 | LR: 0.0000162 | Loss : 0.0066 | Val loss: 0.0105
2026-01-11 04:28:40.279603 | Epoch:3464 | LR: 0.0000162 | Loss : 0.0066 | Val loss: 0.0101
2026-01-11 04:29:03.513600 | Epoch:3465 | LR: 0.0000162 | Loss : 0.0066 | Val loss: 0.0099
2026-01-11 04:29:26.558344 | Epoch:3466 | LR: 0.0000163 | Loss : 0.0066 | Val loss: 0.0102
2026-01-11 04:29:49.793456 | Epoch:3467 | LR: 0.0000163 | Loss : 0.0065 | Val loss: 0.0095
2026-01-11 04:30:13.167510 | Epoch:3468 | LR: 0.0000163 | Loss : 0.0066 | Val loss: 0.0100
2026-01-11 04:30:35.942919 | Epoch:3469 | LR: 0.0000163 | Loss : 0.0067 | Val loss: 0.0103
2026-01-11 04:30:59.283466 | Epoch:3470 | LR: 0.0000164 | Loss : 0.0065 | Val loss: 0.0102
2026-01-11 04:31:22.711561 | Epoch:3471 | LR: 0.0000164 | Loss : 0.0066 | Val loss: 0.0102
2026-01-11 04:31:45.640388 | Epoch:3472 | LR: 0.0000164 | Loss : 0.0066 | Val loss: 0.0102
2026-01-11 04:32:08.968283 | Epoch:3473 | LR: 0.0000165 | Loss : 0.0065 | Val loss: 0.0099
2026-01-11 04:32:33.948760 | Epoch:3474 | LR: 0.0000165 | Loss : 0.0066 | Val loss: 0.0099
2026-01-11 04:32:58.684284 | Epoch:3475 | LR: 0.0000165 | Loss : 0.0066 | Val loss: 0.0101
2026-01-11 04:33:23.544425 | Epoch:3476 | LR: 0.0000166 | Loss : 0.0067 | Val loss: 0.0099
2026-01-11 04:33:48.599716 | Epoch:3477 | LR: 0.0000166 | Loss : 0.0066 | Val loss: 0.0099
2026-01-11 04:34:13.491070 | Epoch:3478 | LR: 0.0000166 | Loss : 0.0067 | Val loss: 0.0101
2026-01-11 04:34:38.505007 | Epoch:3479 | LR: 0.0000166 | Loss : 0.0066 | Val loss: 0.0098
2026-01-11 04:35:03.280623 | Epoch:3480 | LR: 0.0000167 | Loss : 0.0066 | Val loss: 0.0099
2026-01-11 04:35:28.183510 | Epoch:3481 | LR: 0.0000167 | Loss : 0.0066 | Val loss: 0.0101
2026-01-11 04:35:53.046199 | Epoch:3482 | LR: 0.0000167 | Loss : 0.0067 | Val loss: 0.0097
2026-01-11 04:36:17.752694 | Epoch:3483 | LR: 0.0000168 | Loss : 0.0066 | Val loss: 0.0104
2026-01-11 04:36:42.291710 | Epoch:3484 | LR: 0.0000168 | Loss : 0.0066 | Val loss: 0.0096
2026-01-11 04:37:07.457627 | Epoch:3485 | LR: 0.0000168 | Loss : 0.0066 | Val loss: 0.0100
2026-01-11 04:37:32.397599 | Epoch:3486 | LR: 0.0000168 | Loss : 0.0066 | Val loss: 0.0100
2026-01-11 04:37:57.179012 | Epoch:3487 | LR: 0.0000169 | Loss : 0.0066 | Val loss: 0.0099
2026-01-11 04:38:22.583497 | Epoch:3488 | LR: 0.0000169 | Loss : 0.0066 | Val loss: 0.0100
2026-01-11 04:38:47.338119 | Epoch:3489 | LR: 0.0000169 | Loss : 0.0067 | Val loss: 0.0104
2026-01-11 04:39:12.203275 | Epoch:3490 | LR: 0.0000170 | Loss : 0.0066 | Val loss: 0.0101
2026-01-11 04:39:37.036032 | Epoch:3491 | LR: 0.0000170 | Loss : 0.0066 | Val loss: 0.0100
2026-01-11 04:40:02.101542 | Epoch:3492 | LR: 0.0000170 | Loss : 0.0065 | Val loss: 0.0096
2026-01-11 04:40:26.896621 | Epoch:3493 | LR: 0.0000171 | Loss : 0.0066 | Val loss: 0.0099
2026-01-11 04:40:51.826224 | Epoch:3494 | LR: 0.0000171 | Loss : 0.0066 | Val loss: 0.0102
2026-01-11 04:41:16.712522 | Epoch:3495 | LR: 0.0000171 | Loss : 0.0066 | Val loss: 0.0100
2026-01-11 04:41:41.886834 | Epoch:3496 | LR: 0.0000171 | Loss : 0.0065 | Val loss: 0.0100
2026-01-11 04:42:06.737827 | Epoch:3497 | LR: 0.0000172 | Loss : 0.0066 | Val loss: 0.0101
2026-01-11 04:42:31.825960 | Epoch:3498 | LR: 0.0000172 | Loss : 0.0066 | Val loss: 0.0102
2026-01-11 04:42:56.482125 | Epoch:3499 | LR: 0.0000172 | Loss : 0.0067 | Val loss: 0.0101
2026-01-11 04:43:21.406137 | Epoch:3500 | LR: 0.0000173 | Loss : 0.0066 | Val loss: 0.0102
2026-01-11 04:43:45.663864 | Epoch:3501 | LR: 0.0000173 | Loss : 0.0065 | Val loss: 0.0098
2026-01-11 04:44:08.993315 | Epoch:3502 | LR: 0.0000173 | Loss : 0.0066 | Val loss: 0.0101
2026-01-11 04:44:32.226430 | Epoch:3503 | LR: 0.0000174 | Loss : 0.0066 | Val loss: 0.0101
2026-01-11 04:44:55.464620 | Epoch:3504 | LR: 0.0000174 | Loss : 0.0066 | Val loss: 0.0102
2026-01-11 04:45:18.663700 | Epoch:3505 | LR: 0.0000174 | Loss : 0.0067 | Val loss: 0.0100
2026-01-11 04:45:41.653208 | Epoch:3506 | LR: 0.0000174 | Loss : 0.0065 | Val loss: 0.0100
2026-01-11 04:46:05.049543 | Epoch:3507 | LR: 0.0000175 | Loss : 0.0066 | Val loss: 0.0097
2026-01-11 04:46:28.559877 | Epoch:3508 | LR: 0.0000175 | Loss : 0.0066 | Val loss: 0.0104
2026-01-11 04:46:51.652669 | Epoch:3509 | LR: 0.0000175 | Loss : 0.0067 | Val loss: 0.0100
2026-01-11 04:47:15.041356 | Epoch:3510 | LR: 0.0000176 | Loss : 0.0066 | Val loss: 0.0101
2026-01-11 04:47:38.179056 | Epoch:3511 | LR: 0.0000176 | Loss : 0.0066 | Val loss: 0.0102
2026-01-11 04:48:01.138646 | Epoch:3512 | LR: 0.0000176 | Loss : 0.0065 | Val loss: 0.0102
2026-01-11 04:48:24.331117 | Epoch:3513 | LR: 0.0000177 | Loss : 0.0066 | Val loss: 0.0102
2026-01-11 04:48:47.399663 | Epoch:3514 | LR: 0.0000177 | Loss : 0.0066 | Val loss: 0.0100
2026-01-11 04:49:10.495541 | Epoch:3515 | LR: 0.0000177 | Loss : 0.0066 | Val loss: 0.0101
2026-01-11 04:49:34.081811 | Epoch:3516 | LR: 0.0000177 | Loss : 0.0067 | Val loss: 0.0101
2026-01-11 04:49:57.162231 | Epoch:3517 | LR: 0.0000178 | Loss : 0.0066 | Val loss: 0.0099
2026-01-11 04:50:20.212545 | Epoch:3518 | LR: 0.0000178 | Loss : 0.0066 | Val loss: 0.0102
2026-01-11 04:50:43.474161 | Epoch:3519 | LR: 0.0000178 | Loss : 0.0066 | Val loss: 0.0100
2026-01-11 04:51:06.349645 | Epoch:3520 | LR: 0.0000179 | Loss : 0.0065 | Val loss: 0.0103
2026-01-11 04:51:29.388426 | Epoch:3521 | LR: 0.0000179 | Loss : 0.0066 | Val loss: 0.0101
2026-01-11 04:51:52.773277 | Epoch:3522 | LR: 0.0000179 | Loss : 0.0066 | Val loss: 0.0100
2026-01-11 04:52:15.739907 | Epoch:3523 | LR: 0.0000180 | Loss : 0.0067 | Val loss: 0.0102
2026-01-11 04:52:38.779813 | Epoch:3524 | LR: 0.0000180 | Loss : 0.0066 | Val loss: 0.0098
2026-01-11 04:53:02.036377 | Epoch:3525 | LR: 0.0000180 | Loss : 0.0065 | Val loss: 0.0096
2026-01-11 04:53:24.905801 | Epoch:3526 | LR: 0.0000180 | Loss : 0.0065 | Val loss: 0.0100
2026-01-11 04:53:47.789672 | Epoch:3527 | LR: 0.0000181 | Loss : 0.0065 | Val loss: 0.0104
2026-01-11 04:54:11.267553 | Epoch:3528 | LR: 0.0000181 | Loss : 0.0066 | Val loss: 0.0106
2026-01-11 04:54:34.456445 | Epoch:3529 | LR: 0.0000181 | Loss : 0.0066 | Val loss: 0.0099
2026-01-11 04:54:57.887111 | Epoch:3530 | LR: 0.0000182 | Loss : 0.0065 | Val loss: 0.0103
2026-01-11 04:55:21.159077 | Epoch:3531 | LR: 0.0000182 | Loss : 0.0067 | Val loss: 0.0101
2026-01-11 04:55:44.240911 | Epoch:3532 | LR: 0.0000182 | Loss : 0.0066 | Val loss: 0.0096
2026-01-11 04:56:07.625391 | Epoch:3533 | LR: 0.0000183 | Loss : 0.0066 | Val loss: 0.0103
2026-01-11 04:56:30.767772 | Epoch:3534 | LR: 0.0000183 | Loss : 0.0066 | Val loss: 0.0099
2026-01-11 04:56:53.881801 | Epoch:3535 | LR: 0.0000183 | Loss : 0.0066 | Val loss: 0.0100
2026-01-11 04:57:17.032057 | Epoch:3536 | LR: 0.0000183 | Loss : 0.0066 | Val loss: 0.0102
2026-01-11 04:57:40.434547 | Epoch:3537 | LR: 0.0000184 | Loss : 0.0066 | Val loss: 0.0100
2026-01-11 04:58:03.568042 | Epoch:3538 | LR: 0.0000184 | Loss : 0.0066 | Val loss: 0.0101
2026-01-11 04:58:26.799088 | Epoch:3539 | LR: 0.0000184 | Loss : 0.0066 | Val loss: 0.0102
2026-01-11 04:58:50.048692 | Epoch:3540 | LR: 0.0000185 | Loss : 0.0066 | Val loss: 0.0103
2026-01-11 04:59:13.107368 | Epoch:3541 | LR: 0.0000185 | Loss : 0.0066 | Val loss: 0.0100
2026-01-11 04:59:36.254644 | Epoch:3542 | LR: 0.0000185 | Loss : 0.0066 | Val loss: 0.0103
2026-01-11 04:59:59.671390 | Epoch:3543 | LR: 0.0000186 | Loss : 0.0066 | Val loss: 0.0100
2026-01-11 05:00:22.735694 | Epoch:3544 | LR: 0.0000186 | Loss : 0.0067 | Val loss: 0.0098
2026-01-11 05:00:45.688897 | Epoch:3545 | LR: 0.0000186 | Loss : 0.0065 | Val loss: 0.0101
2026-01-11 05:01:08.761799 | Epoch:3546 | LR: 0.0000187 | Loss : 0.0065 | Val loss: 0.0100
2026-01-11 05:01:31.765655 | Epoch:3547 | LR: 0.0000187 | Loss : 0.0066 | Val loss: 0.0100
2026-01-11 05:01:55.028214 | Epoch:3548 | LR: 0.0000187 | Loss : 0.0066 | Val loss: 0.0100
2026-01-11 05:02:18.307854 | Epoch:3549 | LR: 0.0000187 | Loss : 0.0065 | Val loss: 0.0102
2026-01-11 05:02:41.369709 | Epoch:3550 | LR: 0.0000188 | Loss : 0.0066 | Val loss: 0.0104
2026-01-11 05:03:04.683804 | Epoch:3551 | LR: 0.0000188 | Loss : 0.0066 | Val loss: 0.0100
2026-01-11 05:03:27.935065 | Epoch:3552 | LR: 0.0000188 | Loss : 0.0066 | Val loss: 0.0101
2026-01-11 05:03:51.091746 | Epoch:3553 | LR: 0.0000189 | Loss : 0.0066 | Val loss: 0.0102
2026-01-11 05:04:14.291179 | Epoch:3554 | LR: 0.0000189 | Loss : 0.0067 | Val loss: 0.0102
2026-01-11 05:04:37.618577 | Epoch:3555 | LR: 0.0000189 | Loss : 0.0066 | Val loss: 0.0101
2026-01-11 05:05:00.890017 | Epoch:3556 | LR: 0.0000190 | Loss : 0.0065 | Val loss: 0.0098
2026-01-11 05:05:25.689698 | Epoch:3557 | LR: 0.0000190 | Loss : 0.0066 | Val loss: 0.0101
2026-01-11 05:05:50.704699 | Epoch:3558 | LR: 0.0000190 | Loss : 0.0067 | Val loss: 0.0101
2026-01-11 05:06:15.064178 | Epoch:3559 | LR: 0.0000190 | Loss : 0.0067 | Val loss: 0.0109
2026-01-11 05:06:39.911323 | Epoch:3560 | LR: 0.0000191 | Loss : 0.0065 | Val loss: 0.0102
2026-01-11 05:07:04.631665 | Epoch:3561 | LR: 0.0000191 | Loss : 0.0067 | Val loss: 0.0100
2026-01-11 05:07:29.086890 | Epoch:3562 | LR: 0.0000191 | Loss : 0.0066 | Val loss: 0.0097
2026-01-11 05:07:54.079489 | Epoch:3563 | LR: 0.0000192 | Loss : 0.0066 | Val loss: 0.0105
2026-01-11 05:08:19.023151 | Epoch:3564 | LR: 0.0000192 | Loss : 0.0065 | Val loss: 0.0105
2026-01-11 05:08:43.849488 | Epoch:3565 | LR: 0.0000192 | Loss : 0.0066 | Val loss: 0.0104
2026-01-11 05:09:08.669634 | Epoch:3566 | LR: 0.0000193 | Loss : 0.0065 | Val loss: 0.0104
2026-01-11 05:09:33.355771 | Epoch:3567 | LR: 0.0000193 | Loss : 0.0065 | Val loss: 0.0101
2026-01-11 05:09:57.919897 | Epoch:3568 | LR: 0.0000193 | Loss : 0.0067 | Val loss: 0.0101
2026-01-11 05:10:23.045482 | Epoch:3569 | LR: 0.0000194 | Loss : 0.0065 | Val loss: 0.0100
2026-01-11 05:10:48.212442 | Epoch:3570 | LR: 0.0000194 | Loss : 0.0065 | Val loss: 0.0103
2026-01-11 05:11:12.937226 | Epoch:3571 | LR: 0.0000194 | Loss : 0.0066 | Val loss: 0.0104
2026-01-11 05:11:37.800426 | Epoch:3572 | LR: 0.0000194 | Loss : 0.0066 | Val loss: 0.0100
2026-01-11 05:12:02.166544 | Epoch:3573 | LR: 0.0000195 | Loss : 0.0065 | Val loss: 0.0099
2026-01-11 05:12:27.522873 | Epoch:3574 | LR: 0.0000195 | Loss : 0.0066 | Val loss: 0.0099
2026-01-11 05:12:52.188878 | Epoch:3575 | LR: 0.0000195 | Loss : 0.0065 | Val loss: 0.0100
2026-01-11 05:13:16.740463 | Epoch:3576 | LR: 0.0000196 | Loss : 0.0066 | Val loss: 0.0102
2026-01-11 05:13:41.504850 | Epoch:3577 | LR: 0.0000196 | Loss : 0.0065 | Val loss: 0.0100
2026-01-11 05:14:06.124357 | Epoch:3578 | LR: 0.0000196 | Loss : 0.0065 | Val loss: 0.0099
2026-01-11 05:14:31.208607 | Epoch:3579 | LR: 0.0000197 | Loss : 0.0066 | Val loss: 0.0106
2026-01-11 05:14:55.953866 | Epoch:3580 | LR: 0.0000197 | Loss : 0.0066 | Val loss: 0.0100
2026-01-11 05:15:20.751362 | Epoch:3581 | LR: 0.0000197 | Loss : 0.0067 | Val loss: 0.0102
2026-01-11 05:15:45.581086 | Epoch:3582 | LR: 0.0000198 | Loss : 0.0066 | Val loss: 0.0106
2026-01-11 05:16:10.494689 | Epoch:3583 | LR: 0.0000198 | Loss : 0.0065 | Val loss: 0.0100
2026-01-11 05:16:34.272226 | Epoch:3584 | LR: 0.0000198 | Loss : 0.0066 | Val loss: 0.0100
2026-01-11 05:16:58.336022 | Epoch:3585 | LR: 0.0000198 | Loss : 0.0066 | Val loss: 0.0101
2026-01-11 05:17:21.292017 | Epoch:3586 | LR: 0.0000199 | Loss : 0.0066 | Val loss: 0.0100
2026-01-11 05:17:44.550152 | Epoch:3587 | LR: 0.0000199 | Loss : 0.0066 | Val loss: 0.0100
2026-01-11 05:18:07.689430 | Epoch:3588 | LR: 0.0000199 | Loss : 0.0066 | Val loss: 0.0098
2026-01-11 05:18:30.774288 | Epoch:3589 | LR: 0.0000200 | Loss : 0.0065 | Val loss: 0.0100
2026-01-11 05:18:53.785381 | Epoch:3590 | LR: 0.0000200 | Loss : 0.0066 | Val loss: 0.0104
2026-01-11 05:19:17.046695 | Epoch:3591 | LR: 0.0000200 | Loss : 0.0067 | Val loss: 0.0102
2026-01-11 05:19:40.182042 | Epoch:3592 | LR: 0.0000201 | Loss : 0.0066 | Val loss: 0.0103
2026-01-11 05:20:03.254800 | Epoch:3593 | LR: 0.0000201 | Loss : 0.0065 | Val loss: 0.0102
2026-01-11 05:20:26.447414 | Epoch:3594 | LR: 0.0000201 | Loss : 0.0066 | Val loss: 0.0103
2026-01-11 05:20:49.609157 | Epoch:3595 | LR: 0.0000202 | Loss : 0.0066 | Val loss: 0.0103
2026-01-11 05:21:12.822062 | Epoch:3596 | LR: 0.0000202 | Loss : 0.0066 | Val loss: 0.0096
2026-01-11 05:21:36.010200 | Epoch:3597 | LR: 0.0000202 | Loss : 0.0065 | Val loss: 0.0097
2026-01-11 05:21:59.313310 | Epoch:3598 | LR: 0.0000202 | Loss : 0.0065 | Val loss: 0.0103
2026-01-11 05:22:22.808819 | Epoch:3599 | LR: 0.0000203 | Loss : 0.0065 | Val loss: 0.0099
2026-01-11 05:22:46.067684 | Epoch:3600 | LR: 0.0000203 | Loss : 0.0066 | Val loss: 0.0102
2026-01-11 05:23:09.108255 | Epoch:3601 | LR: 0.0000203 | Loss : 0.0065 | Val loss: 0.0101
2026-01-11 05:23:32.467444 | Epoch:3602 | LR: 0.0000204 | Loss : 0.0066 | Val loss: 0.0102
2026-01-11 05:23:55.888966 | Epoch:3603 | LR: 0.0000204 | Loss : 0.0065 | Val loss: 0.0099
2026-01-11 05:24:19.099616 | Epoch:3604 | LR: 0.0000204 | Loss : 0.0066 | Val loss: 0.0101
2026-01-11 05:24:42.148392 | Epoch:3605 | LR: 0.0000205 | Loss : 0.0067 | Val loss: 0.0099
2026-01-11 05:25:05.369396 | Epoch:3606 | LR: 0.0000205 | Loss : 0.0066 | Val loss: 0.0102
2026-01-11 05:25:28.288157 | Epoch:3607 | LR: 0.0000205 | Loss : 0.0065 | Val loss: 0.0101
2026-01-11 05:25:51.279649 | Epoch:3608 | LR: 0.0000206 | Loss : 0.0065 | Val loss: 0.0102
2026-01-11 05:26:14.682270 | Epoch:3609 | LR: 0.0000206 | Loss : 0.0065 | Val loss: 0.0101
2026-01-11 05:26:37.779834 | Epoch:3610 | LR: 0.0000206 | Loss : 0.0065 | Val loss: 0.0102
2026-01-11 05:27:00.715712 | Epoch:3611 | LR: 0.0000206 | Loss : 0.0066 | Val loss: 0.0101
2026-01-11 05:27:24.147498 | Epoch:3612 | LR: 0.0000207 | Loss : 0.0065 | Val loss: 0.0101
2026-01-11 05:27:47.204849 | Epoch:3613 | LR: 0.0000207 | Loss : 0.0066 | Val loss: 0.0100
2026-01-11 05:28:10.180147 | Epoch:3614 | LR: 0.0000207 | Loss : 0.0066 | Val loss: 0.0104
2026-01-11 05:28:33.564902 | Epoch:3615 | LR: 0.0000208 | Loss : 0.0066 | Val loss: 0.0105
2026-01-11 05:28:56.887679 | Epoch:3616 | LR: 0.0000208 | Loss : 0.0066 | Val loss: 0.0100
2026-01-11 05:29:19.920593 | Epoch:3617 | LR: 0.0000208 | Loss : 0.0065 | Val loss: 0.0100
2026-01-11 05:29:43.246364 | Epoch:3618 | LR: 0.0000209 | Loss : 0.0067 | Val loss: 0.0098
2026-01-11 05:30:06.236239 | Epoch:3619 | LR: 0.0000209 | Loss : 0.0065 | Val loss: 0.0103
2026-01-11 05:30:29.382541 | Epoch:3620 | LR: 0.0000209 | Loss : 0.0066 | Val loss: 0.0101
2026-01-11 05:30:52.610900 | Epoch:3621 | LR: 0.0000210 | Loss : 0.0065 | Val loss: 0.0099
2026-01-11 05:31:15.725857 | Epoch:3622 | LR: 0.0000210 | Loss : 0.0066 | Val loss: 0.0102
2026-01-11 05:31:38.871491 | Epoch:3623 | LR: 0.0000210 | Loss : 0.0066 | Val loss: 0.0100
2026-01-11 05:32:02.198276 | Epoch:3624 | LR: 0.0000210 | Loss : 0.0066 | Val loss: 0.0100
2026-01-11 05:32:25.312446 | Epoch:3625 | LR: 0.0000211 | Loss : 0.0066 | Val loss: 0.0100
2026-01-11 05:32:48.338881 | Epoch:3626 | LR: 0.0000211 | Loss : 0.0065 | Val loss: 0.0103
2026-01-11 05:33:11.497177 | Epoch:3627 | LR: 0.0000211 | Loss : 0.0065 | Val loss: 0.0104
2026-01-11 05:33:34.538553 | Epoch:3628 | LR: 0.0000212 | Loss : 0.0066 | Val loss: 0.0099
2026-01-11 05:33:57.740912 | Epoch:3629 | LR: 0.0000212 | Loss : 0.0066 | Val loss: 0.0100
2026-01-11 05:34:20.671592 | Epoch:3630 | LR: 0.0000212 | Loss : 0.0065 | Val loss: 0.0104
2026-01-11 05:34:43.844049 | Epoch:3631 | LR: 0.0000213 | Loss : 0.0066 | Val loss: 0.0105
2026-01-11 05:35:06.934868 | Epoch:3632 | LR: 0.0000213 | Loss : 0.0066 | Val loss: 0.0103
2026-01-11 05:35:29.813807 | Epoch:3633 | LR: 0.0000213 | Loss : 0.0065 | Val loss: 0.0103
2026-01-11 05:35:52.854275 | Epoch:3634 | LR: 0.0000214 | Loss : 0.0065 | Val loss: 0.0099
2026-01-11 05:36:15.698030 | Epoch:3635 | LR: 0.0000214 | Loss : 0.0064 | Val loss: 0.0100
2026-01-11 05:36:38.946204 | Epoch:3636 | LR: 0.0000214 | Loss : 0.0065 | Val loss: 0.0104
2026-01-11 05:37:02.092304 | Epoch:3637 | LR: 0.0000215 | Loss : 0.0065 | Val loss: 0.0103
2026-01-11 05:37:25.041932 | Epoch:3638 | LR: 0.0000215 | Loss : 0.0066 | Val loss: 0.0102
2026-01-11 05:37:48.371643 | Epoch:3639 | LR: 0.0000215 | Loss : 0.0065 | Val loss: 0.0101
2026-01-11 05:38:13.309208 | Epoch:3640 | LR: 0.0000215 | Loss : 0.0066 | Val loss: 0.0105
2026-01-11 05:38:37.784139 | Epoch:3641 | LR: 0.0000216 | Loss : 0.0066 | Val loss: 0.0106
2026-01-11 05:39:02.886327 | Epoch:3642 | LR: 0.0000216 | Loss : 0.0065 | Val loss: 0.0106
2026-01-11 05:39:27.642491 | Epoch:3643 | LR: 0.0000216 | Loss : 0.0066 | Val loss: 0.0105
2026-01-11 05:39:52.664637 | Epoch:3644 | LR: 0.0000217 | Loss : 0.0066 | Val loss: 0.0104
2026-01-11 05:40:17.657713 | Epoch:3645 | LR: 0.0000217 | Loss : 0.0066 | Val loss: 0.0100
2026-01-11 05:40:42.503288 | Epoch:3646 | LR: 0.0000217 | Loss : 0.0064 | Val loss: 0.0103
2026-01-11 05:41:07.334540 | Epoch:3647 | LR: 0.0000218 | Loss : 0.0065 | Val loss: 0.0102
2026-01-11 05:41:32.210489 | Epoch:3648 | LR: 0.0000218 | Loss : 0.0065 | Val loss: 0.0101
2026-01-11 05:41:57.511692 | Epoch:3649 | LR: 0.0000218 | Loss : 0.0065 | Val loss: 0.0097
2026-01-11 05:42:22.522134 | Epoch:3650 | LR: 0.0000219 | Loss : 0.0065 | Val loss: 0.0099
2026-01-11 05:42:47.439034 | Epoch:3651 | LR: 0.0000219 | Loss : 0.0065 | Val loss: 0.0104
2026-01-11 05:43:11.730142 | Epoch:3652 | LR: 0.0000219 | Loss : 0.0065 | Val loss: 0.0105
2026-01-11 05:43:36.380326 | Epoch:3653 | LR: 0.0000220 | Loss : 0.0065 | Val loss: 0.0101
2026-01-11 05:44:01.332270 | Epoch:3654 | LR: 0.0000220 | Loss : 0.0065 | Val loss: 0.0100
2026-01-11 05:44:25.885322 | Epoch:3655 | LR: 0.0000220 | Loss : 0.0066 | Val loss: 0.0099
2026-01-11 05:44:50.875944 | Epoch:3656 | LR: 0.0000220 | Loss : 0.0066 | Val loss: 0.0103
2026-01-11 05:45:15.063356 | Epoch:3657 | LR: 0.0000221 | Loss : 0.0065 | Val loss: 0.0100
2026-01-11 05:45:40.010129 | Epoch:3658 | LR: 0.0000221 | Loss : 0.0066 | Val loss: 0.0104
2026-01-11 05:46:04.826004 | Epoch:3659 | LR: 0.0000221 | Loss : 0.0065 | Val loss: 0.0099
2026-01-11 05:46:29.650435 | Epoch:3660 | LR: 0.0000222 | Loss : 0.0065 | Val loss: 0.0100
2026-01-11 05:46:54.328621 | Epoch:3661 | LR: 0.0000222 | Loss : 0.0065 | Val loss: 0.0102
2026-01-11 05:47:19.353256 | Epoch:3662 | LR: 0.0000222 | Loss : 0.0065 | Val loss: 0.0102
2026-01-11 05:47:44.277191 | Epoch:3663 | LR: 0.0000223 | Loss : 0.0065 | Val loss: 0.0099
2026-01-11 05:48:09.267319 | Epoch:3664 | LR: 0.0000223 | Loss : 0.0066 | Val loss: 0.0106
2026-01-11 05:48:33.931003 | Epoch:3665 | LR: 0.0000223 | Loss : 0.0065 | Val loss: 0.0103
2026-01-11 05:48:59.160639 | Epoch:3666 | LR: 0.0000224 | Loss : 0.0065 | Val loss: 0.0104
2026-01-11 05:49:23.304600 | Epoch:3667 | LR: 0.0000224 | Loss : 0.0066 | Val loss: 0.0101
2026-01-11 05:49:47.067086 | Epoch:3668 | LR: 0.0000224 | Loss : 0.0065 | Val loss: 0.0101
2026-01-11 05:50:10.566931 | Epoch:3669 | LR: 0.0000225 | Loss : 0.0065 | Val loss: 0.0104
2026-01-11 05:50:33.692191 | Epoch:3670 | LR: 0.0000225 | Loss : 0.0065 | Val loss: 0.0099
2026-01-11 05:50:56.653999 | Epoch:3671 | LR: 0.0000225 | Loss : 0.0065 | Val loss: 0.0098
2026-01-11 05:51:19.763931 | Epoch:3672 | LR: 0.0000225 | Loss : 0.0065 | Val loss: 0.0101
2026-01-11 05:51:43.147700 | Epoch:3673 | LR: 0.0000226 | Loss : 0.0065 | Val loss: 0.0102
2026-01-11 05:52:05.965708 | Epoch:3674 | LR: 0.0000226 | Loss : 0.0065 | Val loss: 0.0104
2026-01-11 05:52:29.187323 | Epoch:3675 | LR: 0.0000226 | Loss : 0.0065 | Val loss: 0.0104
2026-01-11 05:52:52.770518 | Epoch:3676 | LR: 0.0000227 | Loss : 0.0065 | Val loss: 0.0101
2026-01-11 05:53:15.881912 | Epoch:3677 | LR: 0.0000227 | Loss : 0.0065 | Val loss: 0.0104
2026-01-11 05:53:39.153267 | Epoch:3678 | LR: 0.0000227 | Loss : 0.0066 | Val loss: 0.0105
2026-01-11 05:54:02.349984 | Epoch:3679 | LR: 0.0000228 | Loss : 0.0066 | Val loss: 0.0104
2026-01-11 05:54:25.513627 | Epoch:3680 | LR: 0.0000228 | Loss : 0.0066 | Val loss: 0.0108
2026-01-11 05:54:48.823356 | Epoch:3681 | LR: 0.0000228 | Loss : 0.0066 | Val loss: 0.0104
2026-01-11 05:55:12.268737 | Epoch:3682 | LR: 0.0000229 | Loss : 0.0066 | Val loss: 0.0102
2026-01-11 05:55:35.256422 | Epoch:3683 | LR: 0.0000229 | Loss : 0.0065 | Val loss: 0.0103
2026-01-11 05:55:58.679433 | Epoch:3684 | LR: 0.0000229 | Loss : 0.0066 | Val loss: 0.0101
2026-01-11 05:56:22.268309 | Epoch:3685 | LR: 0.0000230 | Loss : 0.0066 | Val loss: 0.0104
2026-01-11 05:56:45.255721 | Epoch:3686 | LR: 0.0000230 | Loss : 0.0065 | Val loss: 0.0103
2026-01-11 05:57:08.460983 | Epoch:3687 | LR: 0.0000230 | Loss : 0.0065 | Val loss: 0.0102
2026-01-11 05:57:31.782468 | Epoch:3688 | LR: 0.0000230 | Loss : 0.0065 | Val loss: 0.0103
2026-01-11 05:57:55.145907 | Epoch:3689 | LR: 0.0000231 | Loss : 0.0066 | Val loss: 0.0099
2026-01-11 05:58:18.315946 | Epoch:3690 | LR: 0.0000231 | Loss : 0.0064 | Val loss: 0.0102
2026-01-11 05:58:41.650143 | Epoch:3691 | LR: 0.0000231 | Loss : 0.0065 | Val loss: 0.0105
2026-01-11 05:59:04.691684 | Epoch:3692 | LR: 0.0000232 | Loss : 0.0066 | Val loss: 0.0095
2026-01-11 05:59:27.722966 | Epoch:3693 | LR: 0.0000232 | Loss : 0.0065 | Val loss: 0.0098
2026-01-11 05:59:51.048284 | Epoch:3694 | LR: 0.0000232 | Loss : 0.0065 | Val loss: 0.0105
2026-01-11 06:00:13.770224 | Epoch:3695 | LR: 0.0000233 | Loss : 0.0065 | Val loss: 0.0099
2026-01-11 06:00:36.807750 | Epoch:3696 | LR: 0.0000233 | Loss : 0.0066 | Val loss: 0.0098
2026-01-11 06:01:00.164409 | Epoch:3697 | LR: 0.0000233 | Loss : 0.0065 | Val loss: 0.0103
2026-01-11 06:01:23.026476 | Epoch:3698 | LR: 0.0000234 | Loss : 0.0065 | Val loss: 0.0101
2026-01-11 06:01:46.136550 | Epoch:3699 | LR: 0.0000234 | Loss : 0.0065 | Val loss: 0.0105
2026-01-11 06:02:09.575272 | Epoch:3700 | LR: 0.0000234 | Loss : 0.0065 | Val loss: 0.0100
2026-01-11 06:02:32.561099 | Epoch:3701 | LR: 0.0000235 | Loss : 0.0066 | Val loss: 0.0104
2026-01-11 06:02:55.813480 | Epoch:3702 | LR: 0.0000235 | Loss : 0.0065 | Val loss: 0.0100
2026-01-11 06:03:19.416038 | Epoch:3703 | LR: 0.0000235 | Loss : 0.0065 | Val loss: 0.0100
2026-01-11 06:03:42.527450 | Epoch:3704 | LR: 0.0000235 | Loss : 0.0065 | Val loss: 0.0102
2026-01-11 06:04:05.810081 | Epoch:3705 | LR: 0.0000236 | Loss : 0.0065 | Val loss: 0.0105
2026-01-11 06:04:29.051909 | Epoch:3706 | LR: 0.0000236 | Loss : 0.0065 | Val loss: 0.0106
2026-01-11 06:04:52.263721 | Epoch:3707 | LR: 0.0000236 | Loss : 0.0065 | Val loss: 0.0105
2026-01-11 06:05:15.650530 | Epoch:3708 | LR: 0.0000237 | Loss : 0.0065 | Val loss: 0.0103
2026-01-11 06:05:38.847454 | Epoch:3709 | LR: 0.0000237 | Loss : 0.0066 | Val loss: 0.0103
2026-01-11 06:06:01.979676 | Epoch:3710 | LR: 0.0000237 | Loss : 0.0065 | Val loss: 0.0103
2026-01-11 06:06:25.376871 | Epoch:3711 | LR: 0.0000238 | Loss : 0.0065 | Val loss: 0.0103
2026-01-11 06:06:48.771969 | Epoch:3712 | LR: 0.0000238 | Loss : 0.0066 | Val loss: 0.0105
2026-01-11 06:07:11.968316 | Epoch:3713 | LR: 0.0000238 | Loss : 0.0065 | Val loss: 0.0106
2026-01-11 06:07:35.353787 | Epoch:3714 | LR: 0.0000239 | Loss : 0.0065 | Val loss: 0.0105
2026-01-11 06:07:58.625920 | Epoch:3715 | LR: 0.0000239 | Loss : 0.0065 | Val loss: 0.0099
2026-01-11 06:08:21.825537 | Epoch:3716 | LR: 0.0000239 | Loss : 0.0066 | Val loss: 0.0100
2026-01-11 06:08:45.091692 | Epoch:3717 | LR: 0.0000240 | Loss : 0.0065 | Val loss: 0.0103
2026-01-11 06:09:08.381574 | Epoch:3718 | LR: 0.0000240 | Loss : 0.0066 | Val loss: 0.0105
2026-01-11 06:09:31.667686 | Epoch:3719 | LR: 0.0000240 | Loss : 0.0064 | Val loss: 0.0101
2026-01-11 06:09:54.899132 | Epoch:3720 | LR: 0.0000240 | Loss : 0.0065 | Val loss: 0.0100
2026-01-11 06:10:18.260517 | Epoch:3721 | LR: 0.0000241 | Loss : 0.0065 | Val loss: 0.0105
2026-01-11 06:10:41.587546 | Epoch:3722 | LR: 0.0000241 | Loss : 0.0066 | Val loss: 0.0102
2026-01-11 06:11:06.109701 | Epoch:3723 | LR: 0.0000241 | Loss : 0.0065 | Val loss: 0.0102
2026-01-11 06:11:31.144211 | Epoch:3724 | LR: 0.0000242 | Loss : 0.0065 | Val loss: 0.0104
2026-01-11 06:11:55.164507 | Epoch:3725 | LR: 0.0000242 | Loss : 0.0065 | Val loss: 0.0098
2026-01-11 06:12:20.449054 | Epoch:3726 | LR: 0.0000242 | Loss : 0.0065 | Val loss: 0.0106
2026-01-11 06:12:44.922947 | Epoch:3727 | LR: 0.0000243 | Loss : 0.0065 | Val loss: 0.0101
2026-01-11 06:13:09.853116 | Epoch:3728 | LR: 0.0000243 | Loss : 0.0065 | Val loss: 0.0102
2026-01-11 06:13:34.847509 | Epoch:3729 | LR: 0.0000243 | Loss : 0.0065 | Val loss: 0.0104
2026-01-11 06:13:59.771001 | Epoch:3730 | LR: 0.0000244 | Loss : 0.0065 | Val loss: 0.0107
2026-01-11 06:14:24.768643 | Epoch:3731 | LR: 0.0000244 | Loss : 0.0065 | Val loss: 0.0099
2026-01-11 06:14:49.481345 | Epoch:3732 | LR: 0.0000244 | Loss : 0.0065 | Val loss: 0.0101
2026-01-11 06:15:14.613738 | Epoch:3733 | LR: 0.0000245 | Loss : 0.0064 | Val loss: 0.0104
2026-01-11 06:15:39.921437 | Epoch:3734 | LR: 0.0000245 | Loss : 0.0065 | Val loss: 0.0101
2026-01-11 06:16:04.694528 | Epoch:3735 | LR: 0.0000245 | Loss : 0.0065 | Val loss: 0.0104
2026-01-11 06:16:29.748915 | Epoch:3736 | LR: 0.0000246 | Loss : 0.0065 | Val loss: 0.0100
2026-01-11 06:16:54.121138 | Epoch:3737 | LR: 0.0000246 | Loss : 0.0065 | Val loss: 0.0102
2026-01-11 06:17:18.827541 | Epoch:3738 | LR: 0.0000246 | Loss : 0.0065 | Val loss: 0.0103
2026-01-11 06:17:43.524850 | Epoch:3739 | LR: 0.0000246 | Loss : 0.0065 | Val loss: 0.0103
2026-01-11 06:18:08.760232 | Epoch:3740 | LR: 0.0000247 | Loss : 0.0065 | Val loss: 0.0102
2026-01-11 06:18:33.008336 | Epoch:3741 | LR: 0.0000247 | Loss : 0.0065 | Val loss: 0.0100
2026-01-11 06:18:57.988253 | Epoch:3742 | LR: 0.0000247 | Loss : 0.0065 | Val loss: 0.0102
2026-01-11 06:19:22.341011 | Epoch:3743 | LR: 0.0000248 | Loss : 0.0065 | Val loss: 0.0101
2026-01-11 06:19:47.408620 | Epoch:3744 | LR: 0.0000248 | Loss : 0.0065 | Val loss: 0.0102
2026-01-11 06:20:12.188438 | Epoch:3745 | LR: 0.0000248 | Loss : 0.0064 | Val loss: 0.0101
2026-01-11 06:20:37.184857 | Epoch:3746 | LR: 0.0000249 | Loss : 0.0065 | Val loss: 0.0103
2026-01-11 06:21:02.147218 | Epoch:3747 | LR: 0.0000249 | Loss : 0.0066 | Val loss: 0.0103
2026-01-11 06:21:26.963421 | Epoch:3748 | LR: 0.0000249 | Loss : 0.0065 | Val loss: 0.0102
2026-01-11 06:21:50.939634 | Epoch:3749 | LR: 0.0000250 | Loss : 0.0065 | Val loss: 0.0103
2026-01-11 06:22:15.480899 | Epoch:3750 | LR: 0.0000250 | Loss : 0.0065 | Val loss: 0.0103
2026-01-11 06:22:39.320789 | Epoch:3751 | LR: 0.0000250 | Loss : 0.0065 | Val loss: 0.0101
2026-01-11 06:23:02.251954 | Epoch:3752 | LR: 0.0000251 | Loss : 0.0064 | Val loss: 0.0107
2026-01-11 06:23:25.130125 | Epoch:3753 | LR: 0.0000251 | Loss : 0.0065 | Val loss: 0.0102
2026-01-11 06:23:48.311966 | Epoch:3754 | LR: 0.0000251 | Loss : 0.0064 | Val loss: 0.0104
2026-01-11 06:24:11.519807 | Epoch:3755 | LR: 0.0000251 | Loss : 0.0065 | Val loss: 0.0106
2026-01-11 06:24:34.840947 | Epoch:3756 | LR: 0.0000252 | Loss : 0.0065 | Val loss: 0.0101
2026-01-11 06:24:58.072631 | Epoch:3757 | LR: 0.0000252 | Loss : 0.0065 | Val loss: 0.0104
2026-01-11 06:25:20.910983 | Epoch:3758 | LR: 0.0000252 | Loss : 0.0065 | Val loss: 0.0106
2026-01-11 06:25:43.981949 | Epoch:3759 | LR: 0.0000253 | Loss : 0.0065 | Val loss: 0.0103
2026-01-11 06:26:07.256885 | Epoch:3760 | LR: 0.0000253 | Loss : 0.0065 | Val loss: 0.0103
2026-01-11 06:26:30.128275 | Epoch:3761 | LR: 0.0000253 | Loss : 0.0065 | Val loss: 0.0104
2026-01-11 06:26:53.066868 | Epoch:3762 | LR: 0.0000254 | Loss : 0.0065 | Val loss: 0.0100
2026-01-11 06:27:16.433383 | Epoch:3763 | LR: 0.0000254 | Loss : 0.0065 | Val loss: 0.0103
2026-01-11 06:27:39.388940 | Epoch:3764 | LR: 0.0000254 | Loss : 0.0065 | Val loss: 0.0105
2026-01-11 06:28:02.464825 | Epoch:3765 | LR: 0.0000255 | Loss : 0.0065 | Val loss: 0.0104
2026-01-11 06:28:25.526343 | Epoch:3766 | LR: 0.0000255 | Loss : 0.0065 | Val loss: 0.0104
2026-01-11 06:28:48.493253 | Epoch:3767 | LR: 0.0000255 | Loss : 0.0065 | Val loss: 0.0104
2026-01-11 06:29:11.627961 | Epoch:3768 | LR: 0.0000256 | Loss : 0.0065 | Val loss: 0.0103
2026-01-11 06:29:35.178995 | Epoch:3769 | LR: 0.0000256 | Loss : 0.0065 | Val loss: 0.0105
2026-01-11 06:29:58.406631 | Epoch:3770 | LR: 0.0000256 | Loss : 0.0065 | Val loss: 0.0102
2026-01-11 06:30:21.549215 | Epoch:3771 | LR: 0.0000256 | Loss : 0.0065 | Val loss: 0.0104
2026-01-11 06:30:45.066922 | Epoch:3772 | LR: 0.0000257 | Loss : 0.0065 | Val loss: 0.0103
2026-01-11 06:31:07.885849 | Epoch:3773 | LR: 0.0000257 | Loss : 0.0065 | Val loss: 0.0107
2026-01-11 06:31:30.997143 | Epoch:3774 | LR: 0.0000257 | Loss : 0.0065 | Val loss: 0.0106
2026-01-11 06:31:54.219227 | Epoch:3775 | LR: 0.0000258 | Loss : 0.0065 | Val loss: 0.0100
2026-01-11 06:32:17.186601 | Epoch:3776 | LR: 0.0000258 | Loss : 0.0065 | Val loss: 0.0101
2026-01-11 06:32:40.587684 | Epoch:3777 | LR: 0.0000258 | Loss : 0.0066 | Val loss: 0.0103
2026-01-11 06:33:03.893030 | Epoch:3778 | LR: 0.0000259 | Loss : 0.0065 | Val loss: 0.0103
2026-01-11 06:33:27.065414 | Epoch:3779 | LR: 0.0000259 | Loss : 0.0064 | Val loss: 0.0104
2026-01-11 06:33:50.140766 | Epoch:3780 | LR: 0.0000259 | Loss : 0.0065 | Val loss: 0.0100
2026-01-11 06:34:13.582777 | Epoch:3781 | LR: 0.0000260 | Loss : 0.0065 | Val loss: 0.0098
2026-01-11 06:34:36.928439 | Epoch:3782 | LR: 0.0000260 | Loss : 0.0065 | Val loss: 0.0104
2026-01-11 06:35:00.173438 | Epoch:3783 | LR: 0.0000260 | Loss : 0.0065 | Val loss: 0.0103
2026-01-11 06:35:23.422903 | Epoch:3784 | LR: 0.0000261 | Loss : 0.0065 | Val loss: 0.0101
2026-01-11 06:35:46.700611 | Epoch:3785 | LR: 0.0000261 | Loss : 0.0065 | Val loss: 0.0105
2026-01-11 06:36:10.113699 | Epoch:3786 | LR: 0.0000261 | Loss : 0.0065 | Val loss: 0.0105
2026-01-11 06:36:33.517571 | Epoch:3787 | LR: 0.0000262 | Loss : 0.0064 | Val loss: 0.0104
2026-01-11 06:36:56.678809 | Epoch:3788 | LR: 0.0000262 | Loss : 0.0065 | Val loss: 0.0104
2026-01-11 06:37:19.786033 | Epoch:3789 | LR: 0.0000262 | Loss : 0.0065 | Val loss: 0.0101
2026-01-11 06:37:43.474982 | Epoch:3790 | LR: 0.0000262 | Loss : 0.0065 | Val loss: 0.0100
2026-01-11 06:38:06.609891 | Epoch:3791 | LR: 0.0000263 | Loss : 0.0064 | Val loss: 0.0105
2026-01-11 06:38:29.901570 | Epoch:3792 | LR: 0.0000263 | Loss : 0.0065 | Val loss: 0.0102
2026-01-11 06:38:53.270988 | Epoch:3793 | LR: 0.0000263 | Loss : 0.0065 | Val loss: 0.0104
2026-01-11 06:39:16.465740 | Epoch:3794 | LR: 0.0000264 | Loss : 0.0065 | Val loss: 0.0102
2026-01-11 06:39:39.772416 | Epoch:3795 | LR: 0.0000264 | Loss : 0.0066 | Val loss: 0.0106
2026-01-11 06:40:03.327979 | Epoch:3796 | LR: 0.0000264 | Loss : 0.0065 | Val loss: 0.0101
2026-01-11 06:40:26.482026 | Epoch:3797 | LR: 0.0000265 | Loss : 0.0065 | Val loss: 0.0103
2026-01-11 06:40:49.835410 | Epoch:3798 | LR: 0.0000265 | Loss : 0.0065 | Val loss: 0.0103
2026-01-11 06:41:13.169895 | Epoch:3799 | LR: 0.0000265 | Loss : 0.0065 | Val loss: 0.0100
2026-01-11 06:41:36.250947 | Epoch:3800 | LR: 0.0000266 | Loss : 0.0065 | Val loss: 0.0097
2026-01-11 06:41:59.464065 | Epoch:3801 | LR: 0.0000266 | Loss : 0.0065 | Val loss: 0.0105
2026-01-11 06:42:22.625129 | Epoch:3802 | LR: 0.0000266 | Loss : 0.0065 | Val loss: 0.0103
2026-01-11 06:42:45.870782 | Epoch:3803 | LR: 0.0000267 | Loss : 0.0065 | Val loss: 0.0106
2026-01-11 06:43:09.146741 | Epoch:3804 | LR: 0.0000267 | Loss : 0.0064 | Val loss: 0.0106
2026-01-11 06:43:31.990894 | Epoch:3805 | LR: 0.0000267 | Loss : 0.0065 | Val loss: 0.0103
2026-01-11 06:43:56.890343 | Epoch:3806 | LR: 0.0000267 | Loss : 0.0065 | Val loss: 0.0102
2026-01-11 06:44:22.063630 | Epoch:3807 | LR: 0.0000268 | Loss : 0.0065 | Val loss: 0.0107
2026-01-11 06:44:46.978334 | Epoch:3808 | LR: 0.0000268 | Loss : 0.0064 | Val loss: 0.0108
2026-01-11 06:45:11.217259 | Epoch:3809 | LR: 0.0000268 | Loss : 0.0064 | Val loss: 0.0104
2026-01-11 06:45:36.553330 | Epoch:3810 | LR: 0.0000269 | Loss : 0.0065 | Val loss: 0.0101
2026-01-11 06:46:00.919696 | Epoch:3811 | LR: 0.0000269 | Loss : 0.0064 | Val loss: 0.0104
2026-01-11 06:46:26.089203 | Epoch:3812 | LR: 0.0000269 | Loss : 0.0065 | Val loss: 0.0102
2026-01-11 06:46:50.963336 | Epoch:3813 | LR: 0.0000270 | Loss : 0.0065 | Val loss: 0.0102
2026-01-11 06:47:15.829475 | Epoch:3814 | LR: 0.0000270 | Loss : 0.0065 | Val loss: 0.0105
2026-01-11 06:47:40.748536 | Epoch:3815 | LR: 0.0000270 | Loss : 0.0065 | Val loss: 0.0103
2026-01-11 06:48:05.819591 | Epoch:3816 | LR: 0.0000271 | Loss : 0.0065 | Val loss: 0.0104
2026-01-11 06:48:30.449840 | Epoch:3817 | LR: 0.0000271 | Loss : 0.0065 | Val loss: 0.0103
2026-01-11 06:48:55.602511 | Epoch:3818 | LR: 0.0000271 | Loss : 0.0065 | Val loss: 0.0105
2026-01-11 06:49:20.719653 | Epoch:3819 | LR: 0.0000272 | Loss : 0.0065 | Val loss: 0.0105
2026-01-11 06:49:45.186785 | Epoch:3820 | LR: 0.0000272 | Loss : 0.0065 | Val loss: 0.0102
2026-01-11 06:50:10.720454 | Epoch:3821 | LR: 0.0000272 | Loss : 0.0065 | Val loss: 0.0099
2026-01-11 06:50:35.827419 | Epoch:3822 | LR: 0.0000272 | Loss : 0.0065 | Val loss: 0.0100
2026-01-11 06:51:01.069012 | Epoch:3823 | LR: 0.0000273 | Loss : 0.0065 | Val loss: 0.0104
2026-01-11 06:51:26.345016 | Epoch:3824 | LR: 0.0000273 | Loss : 0.0065 | Val loss: 0.0106
2026-01-11 06:51:51.431642 | Epoch:3825 | LR: 0.0000273 | Loss : 0.0064 | Val loss: 0.0104
2026-01-11 06:52:16.421656 | Epoch:3826 | LR: 0.0000274 | Loss : 0.0065 | Val loss: 0.0103
2026-01-11 06:52:41.251211 | Epoch:3827 | LR: 0.0000274 | Loss : 0.0065 | Val loss: 0.0106
2026-01-11 06:53:06.112357 | Epoch:3828 | LR: 0.0000274 | Loss : 0.0065 | Val loss: 0.0100
2026-01-11 06:53:30.793025 | Epoch:3829 | LR: 0.0000275 | Loss : 0.0065 | Val loss: 0.0106
2026-01-11 06:53:55.757273 | Epoch:3830 | LR: 0.0000275 | Loss : 0.0065 | Val loss: 0.0100
2026-01-11 06:54:20.262148 | Epoch:3831 | LR: 0.0000275 | Loss : 0.0065 | Val loss: 0.0104
2026-01-11 06:54:44.944528 | Epoch:3832 | LR: 0.0000276 | Loss : 0.0064 | Val loss: 0.0105
2026-01-11 06:55:09.185471 | Epoch:3833 | LR: 0.0000276 | Loss : 0.0065 | Val loss: 0.0099
2026-01-11 06:55:32.828943 | Epoch:3834 | LR: 0.0000276 | Loss : 0.0065 | Val loss: 0.0102
2026-01-11 06:55:56.157771 | Epoch:3835 | LR: 0.0000277 | Loss : 0.0064 | Val loss: 0.0101
2026-01-11 06:56:18.964759 | Epoch:3836 | LR: 0.0000277 | Loss : 0.0065 | Val loss: 0.0102
2026-01-11 06:56:42.315313 | Epoch:3837 | LR: 0.0000277 | Loss : 0.0064 | Val loss: 0.0102
2026-01-11 06:57:05.534608 | Epoch:3838 | LR: 0.0000277 | Loss : 0.0065 | Val loss: 0.0102
2026-01-11 06:57:28.773149 | Epoch:3839 | LR: 0.0000278 | Loss : 0.0065 | Val loss: 0.0099
2026-01-11 06:57:52.370584 | Epoch:3840 | LR: 0.0000278 | Loss : 0.0065 | Val loss: 0.0101
2026-01-11 06:58:15.839811 | Epoch:3841 | LR: 0.0000278 | Loss : 0.0065 | Val loss: 0.0102
2026-01-11 06:58:38.690991 | Epoch:3842 | LR: 0.0000279 | Loss : 0.0065 | Val loss: 0.0101
2026-01-11 06:59:01.926590 | Epoch:3843 | LR: 0.0000279 | Loss : 0.0065 | Val loss: 0.0101
2026-01-11 06:59:25.113850 | Epoch:3844 | LR: 0.0000279 | Loss : 0.0065 | Val loss: 0.0111
2026-01-11 06:59:48.305547 | Epoch:3845 | LR: 0.0000280 | Loss : 0.0065 | Val loss: 0.0102
2026-01-11 07:00:11.378999 | Epoch:3846 | LR: 0.0000280 | Loss : 0.0065 | Val loss: 0.0104
2026-01-11 07:00:34.545000 | Epoch:3847 | LR: 0.0000280 | Loss : 0.0064 | Val loss: 0.0106
2026-01-11 07:00:57.782846 | Epoch:3848 | LR: 0.0000281 | Loss : 0.0065 | Val loss: 0.0106
2026-01-11 07:01:21.206119 | Epoch:3849 | LR: 0.0000281 | Loss : 0.0065 | Val loss: 0.0103
2026-01-11 07:01:44.620048 | Epoch:3850 | LR: 0.0000281 | Loss : 0.0065 | Val loss: 0.0103
2026-01-11 07:02:07.593524 | Epoch:3851 | LR: 0.0000282 | Loss : 0.0064 | Val loss: 0.0105
2026-01-11 07:02:30.863373 | Epoch:3852 | LR: 0.0000282 | Loss : 0.0065 | Val loss: 0.0102
2026-01-11 07:02:54.030953 | Epoch:3853 | LR: 0.0000282 | Loss : 0.0065 | Val loss: 0.0101
2026-01-11 07:03:16.978801 | Epoch:3854 | LR: 0.0000282 | Loss : 0.0065 | Val loss: 0.0105
2026-01-11 07:03:40.320526 | Epoch:3855 | LR: 0.0000283 | Loss : 0.0064 | Val loss: 0.0109
2026-01-11 07:04:03.544932 | Epoch:3856 | LR: 0.0000283 | Loss : 0.0064 | Val loss: 0.0104
2026-01-11 07:04:26.624010 | Epoch:3857 | LR: 0.0000283 | Loss : 0.0065 | Val loss: 0.0100
2026-01-11 07:04:49.943098 | Epoch:3858 | LR: 0.0000284 | Loss : 0.0064 | Val loss: 0.0104
2026-01-11 07:05:13.200406 | Epoch:3859 | LR: 0.0000284 | Loss : 0.0065 | Val loss: 0.0102
2026-01-11 07:05:36.233772 | Epoch:3860 | LR: 0.0000284 | Loss : 0.0065 | Val loss: 0.0104
2026-01-11 07:05:59.220272 | Epoch:3861 | LR: 0.0000285 | Loss : 0.0065 | Val loss: 0.0103
2026-01-11 07:06:22.866261 | Epoch:3862 | LR: 0.0000285 | Loss : 0.0065 | Val loss: 0.0105
2026-01-11 07:06:45.782725 | Epoch:3863 | LR: 0.0000285 | Loss : 0.0065 | Val loss: 0.0103
2026-01-11 07:07:08.960319 | Epoch:3864 | LR: 0.0000286 | Loss : 0.0065 | Val loss: 0.0102
2026-01-11 07:07:32.360759 | Epoch:3865 | LR: 0.0000286 | Loss : 0.0064 | Val loss: 0.0103
2026-01-11 07:07:55.426388 | Epoch:3866 | LR: 0.0000286 | Loss : 0.0064 | Val loss: 0.0103
2026-01-11 07:08:18.494867 | Epoch:3867 | LR: 0.0000287 | Loss : 0.0064 | Val loss: 0.0104
2026-01-11 07:08:42.147184 | Epoch:3868 | LR: 0.0000287 | Loss : 0.0064 | Val loss: 0.0103
2026-01-11 07:09:05.302757 | Epoch:3869 | LR: 0.0000287 | Loss : 0.0065 | Val loss: 0.0105
2026-01-11 07:09:28.466785 | Epoch:3870 | LR: 0.0000287 | Loss : 0.0065 | Val loss: 0.0105
2026-01-11 07:09:51.588292 | Epoch:3871 | LR: 0.0000288 | Loss : 0.0064 | Val loss: 0.0104
2026-01-11 07:10:14.731306 | Epoch:3872 | LR: 0.0000288 | Loss : 0.0065 | Val loss: 0.0104
2026-01-11 07:10:37.811278 | Epoch:3873 | LR: 0.0000288 | Loss : 0.0064 | Val loss: 0.0106
2026-01-11 07:11:00.864871 | Epoch:3874 | LR: 0.0000289 | Loss : 0.0064 | Val loss: 0.0101
2026-01-11 07:11:23.919599 | Epoch:3875 | LR: 0.0000289 | Loss : 0.0065 | Val loss: 0.0105
2026-01-11 07:11:47.638709 | Epoch:3876 | LR: 0.0000289 | Loss : 0.0064 | Val loss: 0.0103
2026-01-11 07:12:10.987323 | Epoch:3877 | LR: 0.0000290 | Loss : 0.0065 | Val loss: 0.0103
2026-01-11 07:12:34.034017 | Epoch:3878 | LR: 0.0000290 | Loss : 0.0065 | Val loss: 0.0102
2026-01-11 07:12:57.117560 | Epoch:3879 | LR: 0.0000290 | Loss : 0.0065 | Val loss: 0.0106
2026-01-11 07:13:20.344145 | Epoch:3880 | LR: 0.0000291 | Loss : 0.0065 | Val loss: 0.0102
2026-01-11 07:13:43.406017 | Epoch:3881 | LR: 0.0000291 | Loss : 0.0065 | Val loss: 0.0105
2026-01-11 07:14:06.582698 | Epoch:3882 | LR: 0.0000291 | Loss : 0.0064 | Val loss: 0.0104
2026-01-11 07:14:29.859641 | Epoch:3883 | LR: 0.0000291 | Loss : 0.0064 | Val loss: 0.0109
2026-01-11 07:14:52.942566 | Epoch:3884 | LR: 0.0000292 | Loss : 0.0065 | Val loss: 0.0102
2026-01-11 07:15:15.953540 | Epoch:3885 | LR: 0.0000292 | Loss : 0.0065 | Val loss: 0.0108
2026-01-11 07:15:39.303087 | Epoch:3886 | LR: 0.0000292 | Loss : 0.0064 | Val loss: 0.0107
2026-01-11 07:16:02.234131 | Epoch:3887 | LR: 0.0000293 | Loss : 0.0064 | Val loss: 0.0104
2026-01-11 07:16:25.285094 | Epoch:3888 | LR: 0.0000293 | Loss : 0.0064 | Val loss: 0.0104
2026-01-11 07:16:50.665773 | Epoch:3889 | LR: 0.0000293 | Loss : 0.0065 | Val loss: 0.0107
2026-01-11 07:17:15.310319 | Epoch:3890 | LR: 0.0000294 | Loss : 0.0063 | Val loss: 0.0103
2026-01-11 07:17:40.177691 | Epoch:3891 | LR: 0.0000294 | Loss : 0.0065 | Val loss: 0.0108
2026-01-11 07:18:04.985535 | Epoch:3892 | LR: 0.0000294 | Loss : 0.0064 | Val loss: 0.0104
2026-01-11 07:18:29.912538 | Epoch:3893 | LR: 0.0000295 | Loss : 0.0065 | Val loss: 0.0106
2026-01-11 07:18:54.791054 | Epoch:3894 | LR: 0.0000295 | Loss : 0.0065 | Val loss: 0.0104
2026-01-11 07:19:19.417318 | Epoch:3895 | LR: 0.0000295 | Loss : 0.0065 | Val loss: 0.0103
2026-01-11 07:19:43.999649 | Epoch:3896 | LR: 0.0000296 | Loss : 0.0065 | Val loss: 0.0100
2026-01-11 07:20:09.367382 | Epoch:3897 | LR: 0.0000296 | Loss : 0.0065 | Val loss: 0.0105
2026-01-11 07:20:33.774155 | Epoch:3898 | LR: 0.0000296 | Loss : 0.0064 | Val loss: 0.0106
2026-01-11 07:20:58.782394 | Epoch:3899 | LR: 0.0000296 | Loss : 0.0065 | Val loss: 0.0102
2026-01-11 07:21:23.466294 | Epoch:3900 | LR: 0.0000297 | Loss : 0.0064 | Val loss: 0.0105
2026-01-11 07:21:47.982000 | Epoch:3901 | LR: 0.0000297 | Loss : 0.0065 | Val loss: 0.0107
2026-01-11 07:22:12.735235 | Epoch:3902 | LR: 0.0000297 | Loss : 0.0065 | Val loss: 0.0106
2026-01-11 07:22:37.719277 | Epoch:3903 | LR: 0.0000298 | Loss : 0.0064 | Val loss: 0.0102
2026-01-11 07:23:02.585126 | Epoch:3904 | LR: 0.0000298 | Loss : 0.0065 | Val loss: 0.0102
2026-01-11 07:23:27.657554 | Epoch:3905 | LR: 0.0000298 | Loss : 0.0064 | Val loss: 0.0103
2026-01-11 07:23:52.386077 | Epoch:3906 | LR: 0.0000299 | Loss : 0.0064 | Val loss: 0.0106
2026-01-11 07:24:17.415607 | Epoch:3907 | LR: 0.0000299 | Loss : 0.0064 | Val loss: 0.0103
2026-01-11 07:24:42.366532 | Epoch:3908 | LR: 0.0000299 | Loss : 0.0065 | Val loss: 0.0108
2026-01-11 07:25:07.127249 | Epoch:3909 | LR: 0.0000300 | Loss : 0.0065 | Val loss: 0.0103
2026-01-11 07:25:31.990002 | Epoch:3910 | LR: 0.0000300 | Loss : 0.0064 | Val loss: 0.0106
2026-01-11 07:25:57.345515 | Epoch:3911 | LR: 0.0000300 | Loss : 0.0064 | Val loss: 0.0104
2026-01-11 07:26:21.692143 | Epoch:3912 | LR: 0.0000300 | Loss : 0.0064 | Val loss: 0.0109
2026-01-11 07:26:46.661849 | Epoch:3913 | LR: 0.0000301 | Loss : 0.0065 | Val loss: 0.0102
2026-01-11 07:27:11.540498 | Epoch:3914 | LR: 0.0000301 | Loss : 0.0065 | Val loss: 0.0104
2026-01-11 07:27:36.429317 | Epoch:3915 | LR: 0.0000301 | Loss : 0.0064 | Val loss: 0.0105
2026-01-11 07:28:00.521684 | Epoch:3916 | LR: 0.0000302 | Loss : 0.0065 | Val loss: 0.0105
2026-01-11 07:28:24.410726 | Epoch:3917 | LR: 0.0000302 | Loss : 0.0064 | Val loss: 0.0105
2026-01-11 07:28:47.565830 | Epoch:3918 | LR: 0.0000302 | Loss : 0.0064 | Val loss: 0.0104
2026-01-11 07:29:10.774669 | Epoch:3919 | LR: 0.0000303 | Loss : 0.0064 | Val loss: 0.0107
2026-01-11 07:29:33.893158 | Epoch:3920 | LR: 0.0000303 | Loss : 0.0064 | Val loss: 0.0103
2026-01-11 07:29:56.940007 | Epoch:3921 | LR: 0.0000303 | Loss : 0.0065 | Val loss: 0.0102
2026-01-11 07:30:20.221299 | Epoch:3922 | LR: 0.0000304 | Loss : 0.0064 | Val loss: 0.0102
2026-01-11 07:30:43.117574 | Epoch:3923 | LR: 0.0000304 | Loss : 0.0064 | Val loss: 0.0107
2026-01-11 07:31:06.227063 | Epoch:3924 | LR: 0.0000304 | Loss : 0.0066 | Val loss: 0.0101
2026-01-11 07:31:29.488674 | Epoch:3925 | LR: 0.0000304 | Loss : 0.0064 | Val loss: 0.0103
2026-01-11 07:31:52.794112 | Epoch:3926 | LR: 0.0000305 | Loss : 0.0064 | Val loss: 0.0106
2026-01-11 07:32:15.931519 | Epoch:3927 | LR: 0.0000305 | Loss : 0.0065 | Val loss: 0.0104
2026-01-11 07:32:39.035772 | Epoch:3928 | LR: 0.0000305 | Loss : 0.0065 | Val loss: 0.0104
2026-01-11 07:33:02.034736 | Epoch:3929 | LR: 0.0000306 | Loss : 0.0065 | Val loss: 0.0108
2026-01-11 07:33:25.250233 | Epoch:3930 | LR: 0.0000306 | Loss : 0.0064 | Val loss: 0.0107
2026-01-11 07:33:48.533214 | Epoch:3931 | LR: 0.0000306 | Loss : 0.0064 | Val loss: 0.0103
2026-01-11 07:34:11.221073 | Epoch:3932 | LR: 0.0000307 | Loss : 0.0065 | Val loss: 0.0102
2026-01-11 07:34:34.356126 | Epoch:3933 | LR: 0.0000307 | Loss : 0.0064 | Val loss: 0.0102
2026-01-11 07:34:57.769135 | Epoch:3934 | LR: 0.0000307 | Loss : 0.0065 | Val loss: 0.0111
2026-01-11 07:35:20.868456 | Epoch:3935 | LR: 0.0000308 | Loss : 0.0064 | Val loss: 0.0105
2026-01-11 07:35:44.442281 | Epoch:3936 | LR: 0.0000308 | Loss : 0.0064 | Val loss: 0.0102
2026-01-11 07:36:07.698972 | Epoch:3937 | LR: 0.0000308 | Loss : 0.0064 | Val loss: 0.0107
2026-01-11 07:36:30.818081 | Epoch:3938 | LR: 0.0000308 | Loss : 0.0064 | Val loss: 0.0105
2026-01-11 07:36:53.709451 | Epoch:3939 | LR: 0.0000309 | Loss : 0.0064 | Val loss: 0.0104
2026-01-11 07:37:16.992610 | Epoch:3940 | LR: 0.0000309 | Loss : 0.0065 | Val loss: 0.0103
2026-01-11 07:37:40.422755 | Epoch:3941 | LR: 0.0000309 | Loss : 0.0064 | Val loss: 0.0103
2026-01-11 07:38:03.714961 | Epoch:3942 | LR: 0.0000310 | Loss : 0.0064 | Val loss: 0.0105
2026-01-11 07:38:26.918912 | Epoch:3943 | LR: 0.0000310 | Loss : 0.0064 | Val loss: 0.0104
2026-01-11 07:38:50.172216 | Epoch:3944 | LR: 0.0000310 | Loss : 0.0064 | Val loss: 0.0105
2026-01-11 07:39:13.301136 | Epoch:3945 | LR: 0.0000311 | Loss : 0.0064 | Val loss: 0.0106
2026-01-11 07:39:36.440021 | Epoch:3946 | LR: 0.0000311 | Loss : 0.0065 | Val loss: 0.0105
2026-01-11 07:39:59.668470 | Epoch:3947 | LR: 0.0000311 | Loss : 0.0064 | Val loss: 0.0102
2026-01-11 07:40:22.654819 | Epoch:3948 | LR: 0.0000311 | Loss : 0.0064 | Val loss: 0.0101
2026-01-11 07:40:45.841910 | Epoch:3949 | LR: 0.0000312 | Loss : 0.0064 | Val loss: 0.0103
2026-01-11 07:41:08.942682 | Epoch:3950 | LR: 0.0000312 | Loss : 0.0064 | Val loss: 0.0108
2026-01-11 07:41:21.153891 | Epoch:3951 | LR: 0.0000312 | Loss : 0.0064 | Val loss: 0.0109
2026-01-11 07:41:32.909218 | Epoch:3952 | LR: 0.0000313 | Loss : 0.0064 | Val loss: 0.0105
2026-01-11 07:41:44.289584 | Epoch:3953 | LR: 0.0000313 | Loss : 0.0065 | Val loss: 0.0106
2026-01-11 07:41:56.053572 | Epoch:3954 | LR: 0.0000313 | Loss : 0.0065 | Val loss: 0.0103
2026-01-11 07:42:07.456082 | Epoch:3955 | LR: 0.0000314 | Loss : 0.0064 | Val loss: 0.0104
2026-01-11 07:42:18.958485 | Epoch:3956 | LR: 0.0000314 | Loss : 0.0065 | Val loss: 0.0107
2026-01-11 07:42:30.395768 | Epoch:3957 | LR: 0.0000314 | Loss : 0.0064 | Val loss: 0.0105
2026-01-11 07:42:42.082444 | Epoch:3958 | LR: 0.0000315 | Loss : 0.0064 | Val loss: 0.0105
2026-01-11 07:42:53.429318 | Epoch:3959 | LR: 0.0000315 | Loss : 0.0065 | Val loss: 0.0105
2026-01-11 07:43:05.294003 | Epoch:3960 | LR: 0.0000315 | Loss : 0.0064 | Val loss: 0.0105
2026-01-11 07:43:16.858100 | Epoch:3961 | LR: 0.0000315 | Loss : 0.0064 | Val loss: 0.0103
2026-01-11 07:43:28.363712 | Epoch:3962 | LR: 0.0000316 | Loss : 0.0064 | Val loss: 0.0106
2026-01-11 07:43:39.879485 | Epoch:3963 | LR: 0.0000316 | Loss : 0.0064 | Val loss: 0.0102
2026-01-11 07:43:51.584818 | Epoch:3964 | LR: 0.0000316 | Loss : 0.0064 | Val loss: 0.0102
2026-01-11 07:44:03.291281 | Epoch:3965 | LR: 0.0000317 | Loss : 0.0064 | Val loss: 0.0102
2026-01-11 07:44:21.144452 | Epoch:3966 | LR: 0.0000317 | Loss : 0.0064 | Val loss: 0.0104
2026-01-11 07:44:44.245356 | Epoch:3967 | LR: 0.0000317 | Loss : 0.0065 | Val loss: 0.0108
2026-01-11 07:45:07.070319 | Epoch:3968 | LR: 0.0000318 | Loss : 0.0064 | Val loss: 0.0107
2026-01-11 07:45:30.290883 | Epoch:3969 | LR: 0.0000318 | Loss : 0.0064 | Val loss: 0.0107
2026-01-11 07:45:53.337849 | Epoch:3970 | LR: 0.0000318 | Loss : 0.0064 | Val loss: 0.0104
2026-01-11 07:46:16.428479 | Epoch:3971 | LR: 0.0000318 | Loss : 0.0064 | Val loss: 0.0104
2026-01-11 07:46:39.728934 | Epoch:3972 | LR: 0.0000319 | Loss : 0.0064 | Val loss: 0.0108
2026-01-11 07:47:02.858192 | Epoch:3973 | LR: 0.0000319 | Loss : 0.0064 | Val loss: 0.0103
2026-01-11 07:47:26.206138 | Epoch:3974 | LR: 0.0000319 | Loss : 0.0064 | Val loss: 0.0104
2026-01-11 07:47:49.379032 | Epoch:3975 | LR: 0.0000320 | Loss : 0.0065 | Val loss: 0.0103
2026-01-11 07:48:12.284195 | Epoch:3976 | LR: 0.0000320 | Loss : 0.0064 | Val loss: 0.0107
2026-01-11 07:48:35.241252 | Epoch:3977 | LR: 0.0000320 | Loss : 0.0065 | Val loss: 0.0108
2026-01-11 07:48:59.981010 | Epoch:3978 | LR: 0.0000321 | Loss : 0.0064 | Val loss: 0.0107
2026-01-11 07:49:24.134302 | Epoch:3979 | LR: 0.0000321 | Loss : 0.0063 | Val loss: 0.0108
2026-01-11 07:49:49.763624 | Epoch:3980 | LR: 0.0000321 | Loss : 0.0064 | Val loss: 0.0109
2026-01-11 07:50:15.032562 | Epoch:3981 | LR: 0.0000321 | Loss : 0.0064 | Val loss: 0.0108
2026-01-11 07:50:39.792539 | Epoch:3982 | LR: 0.0000322 | Loss : 0.0064 | Val loss: 0.0106
2026-01-11 07:51:05.165914 | Epoch:3983 | LR: 0.0000322 | Loss : 0.0064 | Val loss: 0.0107
2026-01-11 07:51:29.951115 | Epoch:3984 | LR: 0.0000322 | Loss : 0.0064 | Val loss: 0.0106
2026-01-11 07:51:54.485734 | Epoch:3985 | LR: 0.0000323 | Loss : 0.0064 | Val loss: 0.0104
2026-01-11 07:52:19.945967 | Epoch:3986 | LR: 0.0000323 | Loss : 0.0065 | Val loss: 0.0102
2026-01-11 07:52:44.677293 | Epoch:3987 | LR: 0.0000323 | Loss : 0.0064 | Val loss: 0.0106
2026-01-11 07:53:09.928366 | Epoch:3988 | LR: 0.0000324 | Loss : 0.0065 | Val loss: 0.0109
2026-01-11 07:53:34.969939 | Epoch:3989 | LR: 0.0000324 | Loss : 0.0065 | Val loss: 0.0106
2026-01-11 07:53:59.394919 | Epoch:3990 | LR: 0.0000324 | Loss : 0.0065 | Val loss: 0.0105
2026-01-11 07:54:24.497671 | Epoch:3991 | LR: 0.0000324 | Loss : 0.0064 | Val loss: 0.0105
2026-01-11 07:54:49.414923 | Epoch:3992 | LR: 0.0000325 | Loss : 0.0063 | Val loss: 0.0103
2026-01-11 07:55:13.934622 | Epoch:3993 | LR: 0.0000325 | Loss : 0.0064 | Val loss: 0.0104
2026-01-11 07:55:39.183360 | Epoch:3994 | LR: 0.0000325 | Loss : 0.0064 | Val loss: 0.0107
2026-01-11 07:56:03.593095 | Epoch:3995 | LR: 0.0000326 | Loss : 0.0064 | Val loss: 0.0107
2026-01-11 07:56:28.787972 | Epoch:3996 | LR: 0.0000326 | Loss : 0.0064 | Val loss: 0.0105
2026-01-11 07:56:53.505663 | Epoch:3997 | LR: 0.0000326 | Loss : 0.0064 | Val loss: 0.0104
2026-01-11 07:57:17.741656 | Epoch:3998 | LR: 0.0000327 | Loss : 0.0064 | Val loss: 0.0104
2026-01-11 07:57:42.940358 | Epoch:3999 | LR: 0.0000327 | Loss : 0.0065 | Val loss: 0.0106
2026-01-11 07:58:07.894763 | Epoch:4000 | LR: 0.0000327 | Loss : 0.0063 | Val loss: 0.0103
2026-01-11 07:58:32.136844 | Epoch:4001 | LR: 0.0000327 | Loss : 0.0064 | Val loss: 0.0106
2026-01-11 07:58:57.361336 | Epoch:4002 | LR: 0.0000328 | Loss : 0.0064 | Val loss: 0.0106
2026-01-11 07:59:22.413895 | Epoch:4003 | LR: 0.0000328 | Loss : 0.0064 | Val loss: 0.0107
2026-01-11 07:59:46.502254 | Epoch:4004 | LR: 0.0000328 | Loss : 0.0063 | Val loss: 0.0110
2026-01-11 08:00:10.303925 | Epoch:4005 | LR: 0.0000329 | Loss : 0.0064 | Val loss: 0.0103
2026-01-11 08:00:34.009244 | Epoch:4006 | LR: 0.0000329 | Loss : 0.0064 | Val loss: 0.0102
2026-01-11 08:00:57.248976 | Epoch:4007 | LR: 0.0000329 | Loss : 0.0064 | Val loss: 0.0106
2026-01-11 08:01:20.347862 | Epoch:4008 | LR: 0.0000330 | Loss : 0.0064 | Val loss: 0.0104
2026-01-11 08:01:43.402757 | Epoch:4009 | LR: 0.0000330 | Loss : 0.0064 | Val loss: 0.0107
2026-01-11 08:02:06.746189 | Epoch:4010 | LR: 0.0000330 | Loss : 0.0064 | Val loss: 0.0104
2026-01-11 08:02:29.891090 | Epoch:4011 | LR: 0.0000330 | Loss : 0.0064 | Val loss: 0.0106
2026-01-11 08:02:53.071018 | Epoch:4012 | LR: 0.0000331 | Loss : 0.0064 | Val loss: 0.0104
2026-01-11 08:03:16.511604 | Epoch:4013 | LR: 0.0000331 | Loss : 0.0064 | Val loss: 0.0108
2026-01-11 08:03:39.784710 | Epoch:4014 | LR: 0.0000331 | Loss : 0.0063 | Val loss: 0.0106
2026-01-11 08:04:03.108474 | Epoch:4015 | LR: 0.0000332 | Loss : 0.0064 | Val loss: 0.0107
2026-01-11 08:04:26.344927 | Epoch:4016 | LR: 0.0000332 | Loss : 0.0063 | Val loss: 0.0110
2026-01-11 08:04:49.539493 | Epoch:4017 | LR: 0.0000332 | Loss : 0.0064 | Val loss: 0.0102
2026-01-11 08:05:12.656982 | Epoch:4018 | LR: 0.0000333 | Loss : 0.0065 | Val loss: 0.0102
2026-01-11 08:05:35.877964 | Epoch:4019 | LR: 0.0000333 | Loss : 0.0064 | Val loss: 0.0102
2026-01-11 08:05:58.915354 | Epoch:4020 | LR: 0.0000333 | Loss : 0.0064 | Val loss: 0.0102
2026-01-11 08:06:21.852777 | Epoch:4021 | LR: 0.0000333 | Loss : 0.0064 | Val loss: 0.0104
2026-01-11 08:06:45.226140 | Epoch:4022 | LR: 0.0000334 | Loss : 0.0064 | Val loss: 0.0108
2026-01-11 08:07:08.449523 | Epoch:4023 | LR: 0.0000334 | Loss : 0.0064 | Val loss: 0.0108
2026-01-11 08:07:31.468065 | Epoch:4024 | LR: 0.0000334 | Loss : 0.0064 | Val loss: 0.0106
2026-01-11 08:07:54.618629 | Epoch:4025 | LR: 0.0000335 | Loss : 0.0064 | Val loss: 0.0110
2026-01-11 08:08:18.109781 | Epoch:4026 | LR: 0.0000335 | Loss : 0.0063 | Val loss: 0.0107
2026-01-11 08:08:41.108062 | Epoch:4027 | LR: 0.0000335 | Loss : 0.0064 | Val loss: 0.0109
2026-01-11 08:09:03.968516 | Epoch:4028 | LR: 0.0000335 | Loss : 0.0064 | Val loss: 0.0109
2026-01-11 08:09:27.631857 | Epoch:4029 | LR: 0.0000336 | Loss : 0.0064 | Val loss: 0.0101
2026-01-11 08:09:50.824626 | Epoch:4030 | LR: 0.0000336 | Loss : 0.0064 | Val loss: 0.0104
2026-01-11 08:10:13.881305 | Epoch:4031 | LR: 0.0000336 | Loss : 0.0064 | Val loss: 0.0105
2026-01-11 08:10:37.328651 | Epoch:4032 | LR: 0.0000337 | Loss : 0.0064 | Val loss: 0.0104
2026-01-11 08:11:00.176766 | Epoch:4033 | LR: 0.0000337 | Loss : 0.0063 | Val loss: 0.0108
2026-01-11 08:11:23.391238 | Epoch:4034 | LR: 0.0000337 | Loss : 0.0064 | Val loss: 0.0107
2026-01-11 08:11:46.779052 | Epoch:4035 | LR: 0.0000338 | Loss : 0.0063 | Val loss: 0.0101
2026-01-11 08:12:09.837384 | Epoch:4036 | LR: 0.0000338 | Loss : 0.0064 | Val loss: 0.0103
2026-01-11 08:12:32.998795 | Epoch:4037 | LR: 0.0000338 | Loss : 0.0064 | Val loss: 0.0107
2026-01-11 08:12:56.368536 | Epoch:4038 | LR: 0.0000338 | Loss : 0.0064 | Val loss: 0.0107
2026-01-11 08:13:19.188498 | Epoch:4039 | LR: 0.0000339 | Loss : 0.0063 | Val loss: 0.0107
2026-01-11 08:13:42.463551 | Epoch:4040 | LR: 0.0000339 | Loss : 0.0064 | Val loss: 0.0104
2026-01-11 08:14:05.703684 | Epoch:4041 | LR: 0.0000339 | Loss : 0.0064 | Val loss: 0.0102
2026-01-11 08:14:28.606994 | Epoch:4042 | LR: 0.0000340 | Loss : 0.0064 | Val loss: 0.0106
2026-01-11 08:14:51.910496 | Epoch:4043 | LR: 0.0000340 | Loss : 0.0064 | Val loss: 0.0104
2026-01-11 08:15:15.100682 | Epoch:4044 | LR: 0.0000340 | Loss : 0.0065 | Val loss: 0.0106
2026-01-11 08:15:38.115343 | Epoch:4045 | LR: 0.0000340 | Loss : 0.0064 | Val loss: 0.0103
2026-01-11 08:16:01.711075 | Epoch:4046 | LR: 0.0000341 | Loss : 0.0064 | Val loss: 0.0105
2026-01-11 08:16:24.901350 | Epoch:4047 | LR: 0.0000341 | Loss : 0.0064 | Val loss: 0.0108
2026-01-11 08:16:48.093159 | Epoch:4048 | LR: 0.0000341 | Loss : 0.0064 | Val loss: 0.0105
2026-01-11 08:17:11.356347 | Epoch:4049 | LR: 0.0000342 | Loss : 0.0064 | Val loss: 0.0106
2026-01-11 08:17:34.661968 | Epoch:4050 | LR: 0.0000342 | Loss : 0.0064 | Val loss: 0.0108
2026-01-11 08:17:57.674787 | Epoch:4051 | LR: 0.0000342 | Loss : 0.0064 | Val loss: 0.0106
2026-01-11 08:18:20.956761 | Epoch:4052 | LR: 0.0000343 | Loss : 0.0063 | Val loss: 0.0109
2026-01-11 08:18:44.054984 | Epoch:4053 | LR: 0.0000343 | Loss : 0.0064 | Val loss: 0.0107
2026-01-11 08:19:07.037020 | Epoch:4054 | LR: 0.0000343 | Loss : 0.0064 | Val loss: 0.0107
2026-01-11 08:19:30.101709 | Epoch:4055 | LR: 0.0000343 | Loss : 0.0064 | Val loss: 0.0106
2026-01-11 08:19:53.432964 | Epoch:4056 | LR: 0.0000344 | Loss : 0.0064 | Val loss: 0.0110
2026-01-11 08:20:16.622745 | Epoch:4057 | LR: 0.0000344 | Loss : 0.0064 | Val loss: 0.0107
2026-01-11 08:20:39.847905 | Epoch:4058 | LR: 0.0000344 | Loss : 0.0063 | Val loss: 0.0104
2026-01-11 08:21:02.981031 | Epoch:4059 | LR: 0.0000345 | Loss : 0.0065 | Val loss: 0.0105
2026-01-11 08:21:25.904448 | Epoch:4060 | LR: 0.0000345 | Loss : 0.0064 | Val loss: 0.0107
2026-01-11 08:21:50.340377 | Epoch:4061 | LR: 0.0000345 | Loss : 0.0063 | Val loss: 0.0107
2026-01-11 08:22:15.512197 | Epoch:4062 | LR: 0.0000345 | Loss : 0.0063 | Val loss: 0.0111
2026-01-11 08:22:40.041819 | Epoch:4063 | LR: 0.0000346 | Loss : 0.0064 | Val loss: 0.0108
2026-01-11 08:23:04.952109 | Epoch:4064 | LR: 0.0000346 | Loss : 0.0064 | Val loss: 0.0107
2026-01-11 08:23:30.007313 | Epoch:4065 | LR: 0.0000346 | Loss : 0.0064 | Val loss: 0.0109
2026-01-11 08:23:54.746060 | Epoch:4066 | LR: 0.0000347 | Loss : 0.0064 | Val loss: 0.0104
2026-01-11 08:24:19.436453 | Epoch:4067 | LR: 0.0000347 | Loss : 0.0064 | Val loss: 0.0109
2026-01-11 08:24:44.129104 | Epoch:4068 | LR: 0.0000347 | Loss : 0.0064 | Val loss: 0.0107
2026-01-11 08:25:08.774519 | Epoch:4069 | LR: 0.0000347 | Loss : 0.0064 | Val loss: 0.0104
2026-01-11 08:25:34.045781 | Epoch:4070 | LR: 0.0000348 | Loss : 0.0064 | Val loss: 0.0106
2026-01-11 08:25:49.899507 | Epoch:4071 | LR: 0.0000348 | Loss : 0.0064 | Val loss: 0.0103
2026-01-11 08:26:01.445811 | Epoch:4072 | LR: 0.0000348 | Loss : 0.0065 | Val loss: 0.0107
2026-01-11 08:26:13.131210 | Epoch:4073 | LR: 0.0000349 | Loss : 0.0064 | Val loss: 0.0107
2026-01-11 08:26:24.556361 | Epoch:4074 | LR: 0.0000349 | Loss : 0.0064 | Val loss: 0.0104
2026-01-11 08:26:36.009934 | Epoch:4075 | LR: 0.0000349 | Loss : 0.0063 | Val loss: 0.0104
2026-01-11 08:26:47.738378 | Epoch:4076 | LR: 0.0000350 | Loss : 0.0064 | Val loss: 0.0106
2026-01-11 08:26:59.218636 | Epoch:4077 | LR: 0.0000350 | Loss : 0.0064 | Val loss: 0.0104
2026-01-11 08:27:10.608111 | Epoch:4078 | LR: 0.0000350 | Loss : 0.0064 | Val loss: 0.0105
2026-01-11 08:27:22.279579 | Epoch:4079 | LR: 0.0000350 | Loss : 0.0063 | Val loss: 0.0108
2026-01-11 08:27:33.731462 | Epoch:4080 | LR: 0.0000351 | Loss : 0.0065 | Val loss: 0.0107
2026-01-11 08:27:45.267018 | Epoch:4081 | LR: 0.0000351 | Loss : 0.0064 | Val loss: 0.0106
2026-01-11 08:27:56.946263 | Epoch:4082 | LR: 0.0000351 | Loss : 0.0064 | Val loss: 0.0103
2026-01-11 08:28:08.567930 | Epoch:4083 | LR: 0.0000352 | Loss : 0.0065 | Val loss: 0.0104
2026-01-11 08:28:28.620261 | Epoch:4084 | LR: 0.0000352 | Loss : 0.0064 | Val loss: 0.0105
2026-01-11 08:28:51.837773 | Epoch:4085 | LR: 0.0000352 | Loss : 0.0063 | Val loss: 0.0109
2026-01-11 08:29:15.236799 | Epoch:4086 | LR: 0.0000352 | Loss : 0.0064 | Val loss: 0.0107
2026-01-11 08:29:38.209078 | Epoch:4087 | LR: 0.0000353 | Loss : 0.0064 | Val loss: 0.0110
2026-01-11 08:30:01.220876 | Epoch:4088 | LR: 0.0000353 | Loss : 0.0064 | Val loss: 0.0106
2026-01-11 08:30:24.810985 | Epoch:4089 | LR: 0.0000353 | Loss : 0.0064 | Val loss: 0.0104
2026-01-11 08:30:47.891061 | Epoch:4090 | LR: 0.0000354 | Loss : 0.0064 | Val loss: 0.0108
2026-01-11 08:31:11.293901 | Epoch:4091 | LR: 0.0000354 | Loss : 0.0064 | Val loss: 0.0108
2026-01-11 08:31:34.715088 | Epoch:4092 | LR: 0.0000354 | Loss : 0.0064 | Val loss: 0.0109
2026-01-11 08:31:57.402386 | Epoch:4093 | LR: 0.0000354 | Loss : 0.0063 | Val loss: 0.0110
2026-01-11 08:32:20.450735 | Epoch:4094 | LR: 0.0000355 | Loss : 0.0064 | Val loss: 0.0106
2026-01-11 08:32:43.727409 | Epoch:4095 | LR: 0.0000355 | Loss : 0.0064 | Val loss: 0.0104
2026-01-11 08:33:08.535531 | Epoch:4096 | LR: 0.0000355 | Loss : 0.0063 | Val loss: 0.0109
2026-01-11 08:33:33.552649 | Epoch:4097 | LR: 0.0000356 | Loss : 0.0064 | Val loss: 0.0107
2026-01-11 08:33:58.480618 | Epoch:4098 | LR: 0.0000356 | Loss : 0.0064 | Val loss: 0.0104
2026-01-11 08:34:23.243251 | Epoch:4099 | LR: 0.0000356 | Loss : 0.0064 | Val loss: 0.0105
2026-01-11 08:34:48.232582 | Epoch:4100 | LR: 0.0000356 | Loss : 0.0064 | Val loss: 0.0106
2026-01-11 08:35:12.490258 | Epoch:4101 | LR: 0.0000357 | Loss : 0.0064 | Val loss: 0.0105
2026-01-11 08:35:37.697757 | Epoch:4102 | LR: 0.0000357 | Loss : 0.0064 | Val loss: 0.0106
2026-01-11 08:36:03.025306 | Epoch:4103 | LR: 0.0000357 | Loss : 0.0063 | Val loss: 0.0108
2026-01-11 08:36:27.868858 | Epoch:4104 | LR: 0.0000358 | Loss : 0.0063 | Val loss: 0.0106
2026-01-11 08:36:53.105130 | Epoch:4105 | LR: 0.0000358 | Loss : 0.0065 | Val loss: 0.0110
2026-01-11 08:37:18.649430 | Epoch:4106 | LR: 0.0000358 | Loss : 0.0064 | Val loss: 0.0105
2026-01-11 08:37:43.391421 | Epoch:4107 | LR: 0.0000358 | Loss : 0.0063 | Val loss: 0.0104
2026-01-11 08:38:08.301415 | Epoch:4108 | LR: 0.0000359 | Loss : 0.0063 | Val loss: 0.0106
2026-01-11 08:38:33.087077 | Epoch:4109 | LR: 0.0000359 | Loss : 0.0063 | Val loss: 0.0109
2026-01-11 08:38:58.206616 | Epoch:4110 | LR: 0.0000359 | Loss : 0.0063 | Val loss: 0.0105
2026-01-11 08:39:22.783634 | Epoch:4111 | LR: 0.0000360 | Loss : 0.0064 | Val loss: 0.0107
2026-01-11 08:39:47.617635 | Epoch:4112 | LR: 0.0000360 | Loss : 0.0064 | Val loss: 0.0106
2026-01-11 08:40:12.092909 | Epoch:4113 | LR: 0.0000360 | Loss : 0.0063 | Val loss: 0.0108
2026-01-11 08:40:37.511401 | Epoch:4114 | LR: 0.0000360 | Loss : 0.0063 | Val loss: 0.0103
2026-01-11 08:41:02.404211 | Epoch:4115 | LR: 0.0000361 | Loss : 0.0064 | Val loss: 0.0105
2026-01-11 08:41:27.589948 | Epoch:4116 | LR: 0.0000361 | Loss : 0.0063 | Val loss: 0.0105
2026-01-11 08:41:52.437346 | Epoch:4117 | LR: 0.0000361 | Loss : 0.0064 | Val loss: 0.0107
2026-01-11 08:42:16.984013 | Epoch:4118 | LR: 0.0000361 | Loss : 0.0063 | Val loss: 0.0108
2026-01-11 08:42:42.186689 | Epoch:4119 | LR: 0.0000362 | Loss : 0.0065 | Val loss: 0.0105
2026-01-11 08:43:06.798439 | Epoch:4120 | LR: 0.0000362 | Loss : 0.0064 | Val loss: 0.0110
2026-01-11 08:43:31.102453 | Epoch:4121 | LR: 0.0000362 | Loss : 0.0063 | Val loss: 0.0104
2026-01-11 08:43:56.313405 | Epoch:4122 | LR: 0.0000363 | Loss : 0.0065 | Val loss: 0.0108
2026-01-11 08:44:19.893698 | Epoch:4123 | LR: 0.0000363 | Loss : 0.0063 | Val loss: 0.0110
2026-01-11 08:44:43.289269 | Epoch:4124 | LR: 0.0000363 | Loss : 0.0064 | Val loss: 0.0102
2026-01-11 08:45:06.702915 | Epoch:4125 | LR: 0.0000363 | Loss : 0.0063 | Val loss: 0.0104
2026-01-11 08:45:29.400746 | Epoch:4126 | LR: 0.0000364 | Loss : 0.0063 | Val loss: 0.0105
2026-01-11 08:45:52.553237 | Epoch:4127 | LR: 0.0000364 | Loss : 0.0064 | Val loss: 0.0107
2026-01-11 08:46:16.099857 | Epoch:4128 | LR: 0.0000364 | Loss : 0.0063 | Val loss: 0.0110
2026-01-11 08:46:39.067302 | Epoch:4129 | LR: 0.0000365 | Loss : 0.0064 | Val loss: 0.0107
2026-01-11 08:47:02.209658 | Epoch:4130 | LR: 0.0000365 | Loss : 0.0064 | Val loss: 0.0108
2026-01-11 08:47:25.448594 | Epoch:4131 | LR: 0.0000365 | Loss : 0.0064 | Val loss: 0.0110
2026-01-11 08:47:48.355242 | Epoch:4132 | LR: 0.0000365 | Loss : 0.0063 | Val loss: 0.0104
2026-01-11 08:48:11.260366 | Epoch:4133 | LR: 0.0000366 | Loss : 0.0063 | Val loss: 0.0109
2026-01-11 08:48:34.596114 | Epoch:4134 | LR: 0.0000366 | Loss : 0.0063 | Val loss: 0.0107
2026-01-11 08:48:57.631656 | Epoch:4135 | LR: 0.0000366 | Loss : 0.0064 | Val loss: 0.0108
2026-01-11 08:49:20.848352 | Epoch:4136 | LR: 0.0000367 | Loss : 0.0064 | Val loss: 0.0106
2026-01-11 08:49:44.144636 | Epoch:4137 | LR: 0.0000367 | Loss : 0.0063 | Val loss: 0.0106
2026-01-11 08:50:06.894586 | Epoch:4138 | LR: 0.0000367 | Loss : 0.0064 | Val loss: 0.0103
2026-01-11 08:50:30.135470 | Epoch:4139 | LR: 0.0000367 | Loss : 0.0064 | Val loss: 0.0104
2026-01-11 08:50:53.373284 | Epoch:4140 | LR: 0.0000368 | Loss : 0.0063 | Val loss: 0.0107
2026-01-11 08:51:16.468876 | Epoch:4141 | LR: 0.0000368 | Loss : 0.0063 | Val loss: 0.0110
2026-01-11 08:51:40.130744 | Epoch:4142 | LR: 0.0000368 | Loss : 0.0064 | Val loss: 0.0107
2026-01-11 08:52:03.370967 | Epoch:4143 | LR: 0.0000368 | Loss : 0.0064 | Val loss: 0.0110
2026-01-11 08:52:26.355193 | Epoch:4144 | LR: 0.0000369 | Loss : 0.0065 | Val loss: 0.0105
2026-01-11 08:52:49.388440 | Epoch:4145 | LR: 0.0000369 | Loss : 0.0064 | Val loss: 0.0108
2026-01-11 08:53:12.546283 | Epoch:4146 | LR: 0.0000369 | Loss : 0.0064 | Val loss: 0.0107
2026-01-11 08:53:35.494136 | Epoch:4147 | LR: 0.0000370 | Loss : 0.0064 | Val loss: 0.0106
2026-01-11 08:53:58.780249 | Epoch:4148 | LR: 0.0000370 | Loss : 0.0063 | Val loss: 0.0108
2026-01-11 08:54:22.105832 | Epoch:4149 | LR: 0.0000370 | Loss : 0.0064 | Val loss: 0.0109
2026-01-11 08:54:44.789198 | Epoch:4150 | LR: 0.0000370 | Loss : 0.0063 | Val loss: 0.0107
2026-01-11 08:55:08.060495 | Epoch:4151 | LR: 0.0000371 | Loss : 0.0063 | Val loss: 0.0109
2026-01-11 08:55:31.597628 | Epoch:4152 | LR: 0.0000371 | Loss : 0.0063 | Val loss: 0.0113
2026-01-11 08:55:54.419161 | Epoch:4153 | LR: 0.0000371 | Loss : 0.0063 | Val loss: 0.0107
2026-01-11 08:56:17.893727 | Epoch:4154 | LR: 0.0000371 | Loss : 0.0063 | Val loss: 0.0109
2026-01-11 08:56:41.392747 | Epoch:4155 | LR: 0.0000372 | Loss : 0.0064 | Val loss: 0.0107
2026-01-11 08:57:04.301074 | Epoch:4156 | LR: 0.0000372 | Loss : 0.0063 | Val loss: 0.0110
2026-01-11 08:57:27.725747 | Epoch:4157 | LR: 0.0000372 | Loss : 0.0064 | Val loss: 0.0111
2026-01-11 08:57:51.099763 | Epoch:4158 | LR: 0.0000373 | Loss : 0.0064 | Val loss: 0.0103
2026-01-11 08:58:13.999366 | Epoch:4159 | LR: 0.0000373 | Loss : 0.0064 | Val loss: 0.0107
2026-01-11 08:58:37.502495 | Epoch:4160 | LR: 0.0000373 | Loss : 0.0064 | Val loss: 0.0108
2026-01-11 08:59:00.951490 | Epoch:4161 | LR: 0.0000373 | Loss : 0.0063 | Val loss: 0.0103
2026-01-11 08:59:23.985182 | Epoch:4162 | LR: 0.0000374 | Loss : 0.0063 | Val loss: 0.0109
2026-01-11 08:59:47.178474 | Epoch:4163 | LR: 0.0000374 | Loss : 0.0063 | Val loss: 0.0106
2026-01-11 09:00:10.532149 | Epoch:4164 | LR: 0.0000374 | Loss : 0.0063 | Val loss: 0.0109
2026-01-11 09:00:33.566044 | Epoch:4165 | LR: 0.0000374 | Loss : 0.0063 | Val loss: 0.0108
2026-01-11 09:00:56.738947 | Epoch:4166 | LR: 0.0000375 | Loss : 0.0063 | Val loss: 0.0109
2026-01-11 09:01:20.147590 | Epoch:4167 | LR: 0.0000375 | Loss : 0.0064 | Val loss: 0.0106
2026-01-11 09:01:42.968862 | Epoch:4168 | LR: 0.0000375 | Loss : 0.0064 | Val loss: 0.0109
2026-01-11 09:02:06.375936 | Epoch:4169 | LR: 0.0000376 | Loss : 0.0064 | Val loss: 0.0107
2026-01-11 09:02:29.828574 | Epoch:4170 | LR: 0.0000376 | Loss : 0.0064 | Val loss: 0.0107
2026-01-11 09:02:52.722655 | Epoch:4171 | LR: 0.0000376 | Loss : 0.0063 | Val loss: 0.0110
2026-01-11 09:03:15.883710 | Epoch:4172 | LR: 0.0000376 | Loss : 0.0064 | Val loss: 0.0107
2026-01-11 09:03:39.078577 | Epoch:4173 | LR: 0.0000377 | Loss : 0.0063 | Val loss: 0.0106
2026-01-11 09:04:01.770356 | Epoch:4174 | LR: 0.0000377 | Loss : 0.0063 | Val loss: 0.0106
2026-01-11 09:04:25.136108 | Epoch:4175 | LR: 0.0000377 | Loss : 0.0063 | Val loss: 0.0108
2026-01-11 09:04:48.469955 | Epoch:4176 | LR: 0.0000377 | Loss : 0.0063 | Val loss: 0.0104
2026-01-11 09:05:11.380208 | Epoch:4177 | LR: 0.0000378 | Loss : 0.0063 | Val loss: 0.0105
2026-01-11 09:05:34.432391 | Epoch:4178 | LR: 0.0000378 | Loss : 0.0064 | Val loss: 0.0111
2026-01-11 09:05:59.968869 | Epoch:4179 | LR: 0.0000378 | Loss : 0.0063 | Val loss: 0.0107
2026-01-11 09:06:24.888823 | Epoch:4180 | LR: 0.0000379 | Loss : 0.0063 | Val loss: 0.0106
2026-01-11 09:06:50.045966 | Epoch:4181 | LR: 0.0000379 | Loss : 0.0063 | Val loss: 0.0104
2026-01-11 09:07:14.841110 | Epoch:4182 | LR: 0.0000379 | Loss : 0.0064 | Val loss: 0.0109
2026-01-11 09:07:39.592284 | Epoch:4183 | LR: 0.0000379 | Loss : 0.0063 | Val loss: 0.0105
2026-01-11 09:08:04.793332 | Epoch:4184 | LR: 0.0000380 | Loss : 0.0063 | Val loss: 0.0104
2026-01-11 09:08:29.606691 | Epoch:4185 | LR: 0.0000380 | Loss : 0.0062 | Val loss: 0.0104
2026-01-11 09:08:54.298305 | Epoch:4186 | LR: 0.0000380 | Loss : 0.0062 | Val loss: 0.0107
2026-01-11 09:09:19.387537 | Epoch:4187 | LR: 0.0000380 | Loss : 0.0063 | Val loss: 0.0108
2026-01-11 09:09:44.077977 | Epoch:4188 | LR: 0.0000381 | Loss : 0.0064 | Val loss: 0.0105
2026-01-11 09:10:09.363514 | Epoch:4189 | LR: 0.0000381 | Loss : 0.0064 | Val loss: 0.0112
2026-01-11 09:10:34.223256 | Epoch:4190 | LR: 0.0000381 | Loss : 0.0064 | Val loss: 0.0109
2026-01-11 09:10:58.932757 | Epoch:4191 | LR: 0.0000382 | Loss : 0.0063 | Val loss: 0.0109
2026-01-11 09:11:24.189737 | Epoch:4192 | LR: 0.0000382 | Loss : 0.0063 | Val loss: 0.0108
2026-01-11 09:11:49.017626 | Epoch:4193 | LR: 0.0000382 | Loss : 0.0063 | Val loss: 0.0110
2026-01-11 09:12:14.046483 | Epoch:4194 | LR: 0.0000382 | Loss : 0.0063 | Val loss: 0.0111
2026-01-11 09:12:38.990253 | Epoch:4195 | LR: 0.0000383 | Loss : 0.0064 | Val loss: 0.0108
2026-01-11 09:13:04.228517 | Epoch:4196 | LR: 0.0000383 | Loss : 0.0064 | Val loss: 0.0111
2026-01-11 09:13:29.138966 | Epoch:4197 | LR: 0.0000383 | Loss : 0.0063 | Val loss: 0.0104
2026-01-11 09:13:54.450770 | Epoch:4198 | LR: 0.0000383 | Loss : 0.0064 | Val loss: 0.0108
2026-01-11 09:14:19.051746 | Epoch:4199 | LR: 0.0000384 | Loss : 0.0064 | Val loss: 0.0108
2026-01-11 09:14:44.065547 | Epoch:4200 | LR: 0.0000384 | Loss : 0.0063 | Val loss: 0.0109
2026-01-11 09:15:09.074397 | Epoch:4201 | LR: 0.0000384 | Loss : 0.0063 | Val loss: 0.0111
2026-01-11 09:15:33.577925 | Epoch:4202 | LR: 0.0000384 | Loss : 0.0063 | Val loss: 0.0108
2026-01-11 09:15:58.923450 | Epoch:4203 | LR: 0.0000385 | Loss : 0.0063 | Val loss: 0.0110
2026-01-11 09:16:23.674841 | Epoch:4204 | LR: 0.0000385 | Loss : 0.0063 | Val loss: 0.0110
2026-01-11 09:16:48.810331 | Epoch:4205 | LR: 0.0000385 | Loss : 0.0064 | Val loss: 0.0109
2026-01-11 09:17:12.841755 | Epoch:4206 | LR: 0.0000385 | Loss : 0.0063 | Val loss: 0.0109
2026-01-11 09:17:36.093212 | Epoch:4207 | LR: 0.0000386 | Loss : 0.0064 | Val loss: 0.0110
2026-01-11 09:17:59.778743 | Epoch:4208 | LR: 0.0000386 | Loss : 0.0063 | Val loss: 0.0106
2026-01-11 09:18:22.784644 | Epoch:4209 | LR: 0.0000386 | Loss : 0.0063 | Val loss: 0.0106
2026-01-11 09:18:45.697612 | Epoch:4210 | LR: 0.0000387 | Loss : 0.0063 | Val loss: 0.0108
2026-01-11 09:19:08.636504 | Epoch:4211 | LR: 0.0000387 | Loss : 0.0063 | Val loss: 0.0109
2026-01-11 09:19:31.787460 | Epoch:4212 | LR: 0.0000387 | Loss : 0.0064 | Val loss: 0.0114
2026-01-11 09:19:54.734887 | Epoch:4213 | LR: 0.0000387 | Loss : 0.0064 | Val loss: 0.0108
2026-01-11 09:20:17.782960 | Epoch:4214 | LR: 0.0000388 | Loss : 0.0064 | Val loss: 0.0105
2026-01-11 09:20:40.888940 | Epoch:4215 | LR: 0.0000388 | Loss : 0.0063 | Val loss: 0.0107
2026-01-11 09:21:03.702293 | Epoch:4216 | LR: 0.0000388 | Loss : 0.0064 | Val loss: 0.0109
2026-01-11 09:21:26.566588 | Epoch:4217 | LR: 0.0000388 | Loss : 0.0063 | Val loss: 0.0106
2026-01-11 09:21:49.860344 | Epoch:4218 | LR: 0.0000389 | Loss : 0.0063 | Val loss: 0.0108
2026-01-11 09:22:13.040458 | Epoch:4219 | LR: 0.0000389 | Loss : 0.0063 | Val loss: 0.0107
2026-01-11 09:22:35.955844 | Epoch:4220 | LR: 0.0000389 | Loss : 0.0063 | Val loss: 0.0109
2026-01-11 09:22:59.339802 | Epoch:4221 | LR: 0.0000389 | Loss : 0.0064 | Val loss: 0.0108
2026-01-11 09:23:22.664364 | Epoch:4222 | LR: 0.0000390 | Loss : 0.0064 | Val loss: 0.0114
2026-01-11 09:23:45.930001 | Epoch:4223 | LR: 0.0000390 | Loss : 0.0063 | Val loss: 0.0107
2026-01-11 09:24:09.206672 | Epoch:4224 | LR: 0.0000390 | Loss : 0.0063 | Val loss: 0.0108
2026-01-11 09:24:32.262542 | Epoch:4225 | LR: 0.0000390 | Loss : 0.0063 | Val loss: 0.0108
2026-01-11 09:24:55.489928 | Epoch:4226 | LR: 0.0000391 | Loss : 0.0063 | Val loss: 0.0105
2026-01-11 09:25:18.752531 | Epoch:4227 | LR: 0.0000391 | Loss : 0.0063 | Val loss: 0.0106
2026-01-11 09:25:41.929186 | Epoch:4228 | LR: 0.0000391 | Loss : 0.0062 | Val loss: 0.0105
2026-01-11 09:26:05.154657 | Epoch:4229 | LR: 0.0000392 | Loss : 0.0063 | Val loss: 0.0108
2026-01-11 09:26:28.276002 | Epoch:4230 | LR: 0.0000392 | Loss : 0.0063 | Val loss: 0.0109
2026-01-11 09:26:51.121586 | Epoch:4231 | LR: 0.0000392 | Loss : 0.0063 | Val loss: 0.0109
2026-01-11 09:27:14.303338 | Epoch:4232 | LR: 0.0000392 | Loss : 0.0064 | Val loss: 0.0108
2026-01-11 09:27:37.580111 | Epoch:4233 | LR: 0.0000393 | Loss : 0.0063 | Val loss: 0.0111
2026-01-11 09:28:00.586202 | Epoch:4234 | LR: 0.0000393 | Loss : 0.0063 | Val loss: 0.0111
2026-01-11 09:28:23.801269 | Epoch:4235 | LR: 0.0000393 | Loss : 0.0063 | Val loss: 0.0112
2026-01-11 09:28:47.290596 | Epoch:4236 | LR: 0.0000393 | Loss : 0.0063 | Val loss: 0.0107
2026-01-11 09:29:10.583930 | Epoch:4237 | LR: 0.0000394 | Loss : 0.0064 | Val loss: 0.0106
2026-01-11 09:29:33.828192 | Epoch:4238 | LR: 0.0000394 | Loss : 0.0063 | Val loss: 0.0110
2026-01-11 09:29:56.995880 | Epoch:4239 | LR: 0.0000394 | Loss : 0.0063 | Val loss: 0.0108
2026-01-11 09:30:20.113668 | Epoch:4240 | LR: 0.0000394 | Loss : 0.0063 | Val loss: 0.0107
2026-01-11 09:30:43.496896 | Epoch:4241 | LR: 0.0000395 | Loss : 0.0063 | Val loss: 0.0109
2026-01-11 09:31:06.808465 | Epoch:4242 | LR: 0.0000395 | Loss : 0.0063 | Val loss: 0.0110
2026-01-11 09:31:30.141404 | Epoch:4243 | LR: 0.0000395 | Loss : 0.0062 | Val loss: 0.0105
2026-01-11 09:31:53.206672 | Epoch:4244 | LR: 0.0000395 | Loss : 0.0062 | Val loss: 0.0110
2026-01-11 09:32:16.541597 | Epoch:4245 | LR: 0.0000396 | Loss : 0.0063 | Val loss: 0.0110
2026-01-11 09:32:39.725116 | Epoch:4246 | LR: 0.0000396 | Loss : 0.0063 | Val loss: 0.0114
2026-01-11 09:33:03.033591 | Epoch:4247 | LR: 0.0000396 | Loss : 0.0063 | Val loss: 0.0109
2026-01-11 09:33:26.314143 | Epoch:4248 | LR: 0.0000396 | Loss : 0.0063 | Val loss: 0.0109
2026-01-11 09:33:42.840425 | Epoch:4249 | LR: 0.0000397 | Loss : 0.0063 | Val loss: 0.0108
2026-01-11 09:33:54.257193 | Epoch:4250 | LR: 0.0000397 | Loss : 0.0063 | Val loss: 0.0106
2026-01-11 09:34:05.672213 | Epoch:4251 | LR: 0.0000397 | Loss : 0.0063 | Val loss: 0.0106
2026-01-11 09:34:17.275485 | Epoch:4252 | LR: 0.0000397 | Loss : 0.0063 | Val loss: 0.0110
2026-01-11 09:34:28.859431 | Epoch:4253 | LR: 0.0000398 | Loss : 0.0063 | Val loss: 0.0109
2026-01-11 09:34:40.573104 | Epoch:4254 | LR: 0.0000398 | Loss : 0.0063 | Val loss: 0.0109
2026-01-11 09:34:51.963094 | Epoch:4255 | LR: 0.0000398 | Loss : 0.0063 | Val loss: 0.0104
2026-01-11 09:35:03.383269 | Epoch:4256 | LR: 0.0000398 | Loss : 0.0063 | Val loss: 0.0108
2026-01-11 09:35:14.758973 | Epoch:4257 | LR: 0.0000399 | Loss : 0.0063 | Val loss: 0.0111
2026-01-11 09:35:26.377049 | Epoch:4258 | LR: 0.0000399 | Loss : 0.0063 | Val loss: 0.0108
2026-01-11 09:35:37.807217 | Epoch:4259 | LR: 0.0000399 | Loss : 0.0063 | Val loss: 0.0107
2026-01-11 09:35:49.506716 | Epoch:4260 | LR: 0.0000399 | Loss : 0.0063 | Val loss: 0.0107
2026-01-11 09:36:00.934441 | Epoch:4261 | LR: 0.0000400 | Loss : 0.0063 | Val loss: 0.0106
2026-01-11 09:36:12.409559 | Epoch:4262 | LR: 0.0000400 | Loss : 0.0063 | Val loss: 0.0107
2026-01-11 09:36:23.916390 | Epoch:4263 | LR: 0.0000400 | Loss : 0.0064 | Val loss: 0.0107
2026-01-11 09:36:35.629093 | Epoch:4264 | LR: 0.0000400 | Loss : 0.0063 | Val loss: 0.0105
2026-01-11 09:36:47.202531 | Epoch:4265 | LR: 0.0000401 | Loss : 0.0062 | Val loss: 0.0108
2026-01-11 09:36:58.984917 | Epoch:4266 | LR: 0.0000401 | Loss : 0.0063 | Val loss: 0.0110
2026-01-11 09:37:10.437683 | Epoch:4267 | LR: 0.0000401 | Loss : 0.0063 | Val loss: 0.0109
2026-01-11 09:37:21.846715 | Epoch:4268 | LR: 0.0000401 | Loss : 0.0063 | Val loss: 0.0109
2026-01-11 09:37:33.924754 | Epoch:4269 | LR: 0.0000402 | Loss : 0.0062 | Val loss: 0.0107
2026-01-11 09:37:48.084577 | Epoch:4270 | LR: 0.0000402 | Loss : 0.0063 | Val loss: 0.0110
2026-01-11 09:38:11.353594 | Epoch:4271 | LR: 0.0000402 | Loss : 0.0063 | Val loss: 0.0113
2026-01-11 09:38:34.583630 | Epoch:4272 | LR: 0.0000402 | Loss : 0.0063 | Val loss: 0.0110
2026-01-11 09:38:57.970636 | Epoch:4273 | LR: 0.0000403 | Loss : 0.0063 | Val loss: 0.0111
2026-01-11 09:39:21.788722 | Epoch:4274 | LR: 0.0000403 | Loss : 0.0063 | Val loss: 0.0107
2026-01-11 09:39:45.064075 | Epoch:4275 | LR: 0.0000403 | Loss : 0.0063 | Val loss: 0.0110
2026-01-11 09:40:08.222567 | Epoch:4276 | LR: 0.0000403 | Loss : 0.0063 | Val loss: 0.0108
2026-01-11 09:40:31.325444 | Epoch:4277 | LR: 0.0000404 | Loss : 0.0063 | Val loss: 0.0107
2026-01-11 09:40:54.502912 | Epoch:4278 | LR: 0.0000404 | Loss : 0.0063 | Val loss: 0.0112
2026-01-11 09:41:17.739075 | Epoch:4279 | LR: 0.0000404 | Loss : 0.0063 | Val loss: 0.0113
2026-01-11 09:41:41.149106 | Epoch:4280 | LR: 0.0000404 | Loss : 0.0063 | Val loss: 0.0110
2026-01-11 09:42:03.145241 | Epoch:4281 | LR: 0.0000405 | Loss : 0.0063 | Val loss: 0.0107
2026-01-11 09:42:27.998366 | Epoch:4282 | LR: 0.0000405 | Loss : 0.0063 | Val loss: 0.0110
2026-01-11 09:42:52.906018 | Epoch:4283 | LR: 0.0000405 | Loss : 0.0063 | Val loss: 0.0110
2026-01-11 09:43:18.245606 | Epoch:4284 | LR: 0.0000405 | Loss : 0.0064 | Val loss: 0.0107
2026-01-11 09:43:43.280413 | Epoch:4285 | LR: 0.0000406 | Loss : 0.0063 | Val loss: 0.0109
2026-01-11 09:44:08.350362 | Epoch:4286 | LR: 0.0000406 | Loss : 0.0063 | Val loss: 0.0108
2026-01-11 09:44:33.061491 | Epoch:4287 | LR: 0.0000406 | Loss : 0.0063 | Val loss: 0.0111
2026-01-11 09:44:57.873177 | Epoch:4288 | LR: 0.0000406 | Loss : 0.0063 | Val loss: 0.0111
2026-01-11 09:45:23.131274 | Epoch:4289 | LR: 0.0000407 | Loss : 0.0063 | Val loss: 0.0106
2026-01-11 09:45:47.968223 | Epoch:4290 | LR: 0.0000407 | Loss : 0.0063 | Val loss: 0.0108
2026-01-11 09:46:12.875190 | Epoch:4291 | LR: 0.0000407 | Loss : 0.0062 | Val loss: 0.0110
2026-01-11 09:46:37.933599 | Epoch:4292 | LR: 0.0000407 | Loss : 0.0062 | Val loss: 0.0111
2026-01-11 09:47:02.753648 | Epoch:4293 | LR: 0.0000408 | Loss : 0.0063 | Val loss: 0.0112
2026-01-11 09:47:28.089025 | Epoch:4294 | LR: 0.0000408 | Loss : 0.0063 | Val loss: 0.0112
2026-01-11 09:47:52.576561 | Epoch:4295 | LR: 0.0000408 | Loss : 0.0063 | Val loss: 0.0111
2026-01-11 09:48:17.699105 | Epoch:4296 | LR: 0.0000408 | Loss : 0.0062 | Val loss: 0.0108
2026-01-11 09:48:42.745850 | Epoch:4297 | LR: 0.0000409 | Loss : 0.0063 | Val loss: 0.0107
2026-01-11 09:49:07.118858 | Epoch:4298 | LR: 0.0000409 | Loss : 0.0063 | Val loss: 0.0110
2026-01-11 09:49:32.372838 | Epoch:4299 | LR: 0.0000409 | Loss : 0.0063 | Val loss: 0.0109
2026-01-11 09:49:56.904945 | Epoch:4300 | LR: 0.0000409 | Loss : 0.0064 | Val loss: 0.0110
2026-01-11 09:50:22.021349 | Epoch:4301 | LR: 0.0000410 | Loss : 0.0063 | Val loss: 0.0106
2026-01-11 09:50:47.282059 | Epoch:4302 | LR: 0.0000410 | Loss : 0.0062 | Val loss: 0.0108
2026-01-11 09:51:12.021943 | Epoch:4303 | LR: 0.0000410 | Loss : 0.0063 | Val loss: 0.0113
2026-01-11 09:51:37.112939 | Epoch:4304 | LR: 0.0000410 | Loss : 0.0063 | Val loss: 0.0112
2026-01-11 09:52:02.173713 | Epoch:4305 | LR: 0.0000411 | Loss : 0.0064 | Val loss: 0.0107
2026-01-11 09:52:26.494054 | Epoch:4306 | LR: 0.0000411 | Loss : 0.0062 | Val loss: 0.0108
2026-01-11 09:52:51.240113 | Epoch:4307 | LR: 0.0000411 | Loss : 0.0063 | Val loss: 0.0110
2026-01-11 09:53:15.818693 | Epoch:4308 | LR: 0.0000411 | Loss : 0.0063 | Val loss: 0.0110
2026-01-11 09:53:39.654781 | Epoch:4309 | LR: 0.0000411 | Loss : 0.0063 | Val loss: 0.0110
2026-01-11 09:54:03.693433 | Epoch:4310 | LR: 0.0000412 | Loss : 0.0063 | Val loss: 0.0109
2026-01-11 09:54:27.053063 | Epoch:4311 | LR: 0.0000412 | Loss : 0.0063 | Val loss: 0.0109
2026-01-11 09:54:50.538878 | Epoch:4312 | LR: 0.0000412 | Loss : 0.0063 | Val loss: 0.0107
2026-01-11 09:55:14.015647 | Epoch:4313 | LR: 0.0000412 | Loss : 0.0063 | Val loss: 0.0109
2026-01-11 09:55:36.909280 | Epoch:4314 | LR: 0.0000413 | Loss : 0.0062 | Val loss: 0.0105
2026-01-11 09:56:00.031700 | Epoch:4315 | LR: 0.0000413 | Loss : 0.0063 | Val loss: 0.0110
2026-01-11 09:56:23.187875 | Epoch:4316 | LR: 0.0000413 | Loss : 0.0063 | Val loss: 0.0116
2026-01-11 09:56:46.161706 | Epoch:4317 | LR: 0.0000413 | Loss : 0.0063 | Val loss: 0.0109
2026-01-11 09:57:09.473557 | Epoch:4318 | LR: 0.0000414 | Loss : 0.0062 | Val loss: 0.0112
2026-01-11 09:57:32.758393 | Epoch:4319 | LR: 0.0000414 | Loss : 0.0063 | Val loss: 0.0108
2026-01-11 09:57:55.783985 | Epoch:4320 | LR: 0.0000414 | Loss : 0.0063 | Val loss: 0.0109
2026-01-11 09:58:19.024016 | Epoch:4321 | LR: 0.0000414 | Loss : 0.0062 | Val loss: 0.0109
2026-01-11 09:58:42.229278 | Epoch:4322 | LR: 0.0000415 | Loss : 0.0063 | Val loss: 0.0107
2026-01-11 09:59:05.187867 | Epoch:4323 | LR: 0.0000415 | Loss : 0.0063 | Val loss: 0.0110
2026-01-11 09:59:28.626473 | Epoch:4324 | LR: 0.0000415 | Loss : 0.0063 | Val loss: 0.0115
2026-01-11 09:59:51.710193 | Epoch:4325 | LR: 0.0000415 | Loss : 0.0063 | Val loss: 0.0110
2026-01-11 10:00:14.825378 | Epoch:4326 | LR: 0.0000416 | Loss : 0.0063 | Val loss: 0.0112
2026-01-11 10:00:37.976215 | Epoch:4327 | LR: 0.0000416 | Loss : 0.0062 | Val loss: 0.0111
2026-01-11 10:01:01.407285 | Epoch:4328 | LR: 0.0000416 | Loss : 0.0063 | Val loss: 0.0107
2026-01-11 10:01:24.419054 | Epoch:4329 | LR: 0.0000416 | Loss : 0.0062 | Val loss: 0.0113
2026-01-11 10:01:47.494937 | Epoch:4330 | LR: 0.0000416 | Loss : 0.0062 | Val loss: 0.0110
2026-01-11 10:02:10.783060 | Epoch:4331 | LR: 0.0000417 | Loss : 0.0062 | Val loss: 0.0110
2026-01-11 10:02:33.567567 | Epoch:4332 | LR: 0.0000417 | Loss : 0.0062 | Val loss: 0.0113
2026-01-11 10:02:56.642728 | Epoch:4333 | LR: 0.0000417 | Loss : 0.0063 | Val loss: 0.0109
2026-01-11 10:03:19.876417 | Epoch:4334 | LR: 0.0000417 | Loss : 0.0063 | Val loss: 0.0107
2026-01-11 10:03:43.142235 | Epoch:4335 | LR: 0.0000418 | Loss : 0.0063 | Val loss: 0.0109
2026-01-11 10:04:06.412847 | Epoch:4336 | LR: 0.0000418 | Loss : 0.0063 | Val loss: 0.0111
2026-01-11 10:04:29.601736 | Epoch:4337 | LR: 0.0000418 | Loss : 0.0063 | Val loss: 0.0112
2026-01-11 10:04:52.713199 | Epoch:4338 | LR: 0.0000418 | Loss : 0.0063 | Val loss: 0.0110
2026-01-11 10:05:15.909784 | Epoch:4339 | LR: 0.0000419 | Loss : 0.0063 | Val loss: 0.0110
2026-01-11 10:05:39.028986 | Epoch:4340 | LR: 0.0000419 | Loss : 0.0063 | Val loss: 0.0106
2026-01-11 10:06:02.350431 | Epoch:4341 | LR: 0.0000419 | Loss : 0.0062 | Val loss: 0.0109
2026-01-11 10:06:25.419673 | Epoch:4342 | LR: 0.0000419 | Loss : 0.0063 | Val loss: 0.0113
2026-01-11 10:06:48.505788 | Epoch:4343 | LR: 0.0000419 | Loss : 0.0063 | Val loss: 0.0113
2026-01-11 10:07:11.563948 | Epoch:4344 | LR: 0.0000420 | Loss : 0.0062 | Val loss: 0.0116
2026-01-11 10:07:34.753150 | Epoch:4345 | LR: 0.0000420 | Loss : 0.0062 | Val loss: 0.0111
2026-01-11 10:07:58.010412 | Epoch:4346 | LR: 0.0000420 | Loss : 0.0063 | Val loss: 0.0113
2026-01-11 10:08:20.946402 | Epoch:4347 | LR: 0.0000420 | Loss : 0.0062 | Val loss: 0.0107
2026-01-11 10:08:44.093918 | Epoch:4348 | LR: 0.0000421 | Loss : 0.0062 | Val loss: 0.0109
2026-01-11 10:09:07.133900 | Epoch:4349 | LR: 0.0000421 | Loss : 0.0062 | Val loss: 0.0114
2026-01-11 10:09:30.366901 | Epoch:4350 | LR: 0.0000421 | Loss : 0.0064 | Val loss: 0.0108
2026-01-11 10:09:53.537801 | Epoch:4351 | LR: 0.0000421 | Loss : 0.0063 | Val loss: 0.0111
2026-01-11 10:10:16.602978 | Epoch:4352 | LR: 0.0000422 | Loss : 0.0063 | Val loss: 0.0109
2026-01-11 10:10:40.243312 | Epoch:4353 | LR: 0.0000422 | Loss : 0.0063 | Val loss: 0.0107
2026-01-11 10:11:03.600701 | Epoch:4354 | LR: 0.0000422 | Loss : 0.0063 | Val loss: 0.0108
2026-01-11 10:11:26.640795 | Epoch:4355 | LR: 0.0000422 | Loss : 0.0063 | Val loss: 0.0106
2026-01-11 10:11:49.848319 | Epoch:4356 | LR: 0.0000422 | Loss : 0.0062 | Val loss: 0.0111
2026-01-11 10:12:13.058598 | Epoch:4357 | LR: 0.0000423 | Loss : 0.0062 | Val loss: 0.0110
2026-01-11 10:12:36.196267 | Epoch:4358 | LR: 0.0000423 | Loss : 0.0063 | Val loss: 0.0111
2026-01-11 10:12:59.199909 | Epoch:4359 | LR: 0.0000423 | Loss : 0.0062 | Val loss: 0.0109
2026-01-11 10:13:22.751350 | Epoch:4360 | LR: 0.0000423 | Loss : 0.0062 | Val loss: 0.0110
2026-01-11 10:13:46.037225 | Epoch:4361 | LR: 0.0000424 | Loss : 0.0063 | Val loss: 0.0111
2026-01-11 10:14:09.329330 | Epoch:4362 | LR: 0.0000424 | Loss : 0.0063 | Val loss: 0.0109
2026-01-11 10:14:32.416555 | Epoch:4363 | LR: 0.0000424 | Loss : 0.0062 | Val loss: 0.0112
2026-01-11 10:14:55.443829 | Epoch:4364 | LR: 0.0000424 | Loss : 0.0062 | Val loss: 0.0116
2026-01-11 10:15:20.163672 | Epoch:4365 | LR: 0.0000424 | Loss : 0.0064 | Val loss: 0.0110
2026-01-11 10:15:44.983288 | Epoch:4366 | LR: 0.0000425 | Loss : 0.0063 | Val loss: 0.0113
2026-01-11 10:16:09.995459 | Epoch:4367 | LR: 0.0000425 | Loss : 0.0062 | Val loss: 0.0109
2026-01-11 10:16:35.069361 | Epoch:4368 | LR: 0.0000425 | Loss : 0.0063 | Val loss: 0.0112
2026-01-11 10:17:00.183093 | Epoch:4369 | LR: 0.0000425 | Loss : 0.0062 | Val loss: 0.0112
2026-01-11 10:17:24.923027 | Epoch:4370 | LR: 0.0000426 | Loss : 0.0063 | Val loss: 0.0111
2026-01-11 10:17:49.761606 | Epoch:4371 | LR: 0.0000426 | Loss : 0.0062 | Val loss: 0.0112
2026-01-11 10:18:14.497696 | Epoch:4372 | LR: 0.0000426 | Loss : 0.0063 | Val loss: 0.0109
2026-01-11 10:18:39.221872 | Epoch:4373 | LR: 0.0000426 | Loss : 0.0063 | Val loss: 0.0108
2026-01-11 10:19:04.261265 | Epoch:4374 | LR: 0.0000427 | Loss : 0.0062 | Val loss: 0.0111
2026-01-11 10:19:29.436223 | Epoch:4375 | LR: 0.0000427 | Loss : 0.0063 | Val loss: 0.0109
2026-01-11 10:19:53.949352 | Epoch:4376 | LR: 0.0000427 | Loss : 0.0063 | Val loss: 0.0109
2026-01-11 10:20:19.243254 | Epoch:4377 | LR: 0.0000427 | Loss : 0.0063 | Val loss: 0.0110
2026-01-11 10:20:34.118376 | Epoch:4378 | LR: 0.0000427 | Loss : 0.0063 | Val loss: 0.0107
2026-01-11 10:20:45.500094 | Epoch:4379 | LR: 0.0000428 | Loss : 0.0063 | Val loss: 0.0111
2026-01-11 10:20:57.263414 | Epoch:4380 | LR: 0.0000428 | Loss : 0.0062 | Val loss: 0.0113
2026-01-11 10:21:09.429628 | Epoch:4381 | LR: 0.0000428 | Loss : 0.0063 | Val loss: 0.0111
2026-01-11 10:21:20.858811 | Epoch:4382 | LR: 0.0000428 | Loss : 0.0063 | Val loss: 0.0111
2026-01-11 10:21:32.829152 | Epoch:4383 | LR: 0.0000429 | Loss : 0.0062 | Val loss: 0.0111
2026-01-11 10:21:44.199813 | Epoch:4384 | LR: 0.0000429 | Loss : 0.0062 | Val loss: 0.0110
2026-01-11 10:21:55.629950 | Epoch:4385 | LR: 0.0000429 | Loss : 0.0062 | Val loss: 0.0112
2026-01-11 10:22:07.142821 | Epoch:4386 | LR: 0.0000429 | Loss : 0.0063 | Val loss: 0.0110
2026-01-11 10:22:18.899581 | Epoch:4387 | LR: 0.0000429 | Loss : 0.0063 | Val loss: 0.0110
2026-01-11 10:22:30.319844 | Epoch:4388 | LR: 0.0000430 | Loss : 0.0063 | Val loss: 0.0110
2026-01-11 10:22:42.174196 | Epoch:4389 | LR: 0.0000430 | Loss : 0.0062 | Val loss: 0.0108
2026-01-11 10:23:04.069073 | Epoch:4390 | LR: 0.0000430 | Loss : 0.0062 | Val loss: 0.0109
2026-01-11 10:23:27.196170 | Epoch:4391 | LR: 0.0000430 | Loss : 0.0061 | Val loss: 0.0115
2026-01-11 10:23:50.419636 | Epoch:4392 | LR: 0.0000430 | Loss : 0.0063 | Val loss: 0.0110
2026-01-11 10:24:13.763511 | Epoch:4393 | LR: 0.0000431 | Loss : 0.0063 | Val loss: 0.0111
2026-01-11 10:24:36.959169 | Epoch:4394 | LR: 0.0000431 | Loss : 0.0063 | Val loss: 0.0113
2026-01-11 10:25:00.282903 | Epoch:4395 | LR: 0.0000431 | Loss : 0.0063 | Val loss: 0.0109
2026-01-11 10:25:23.544582 | Epoch:4396 | LR: 0.0000431 | Loss : 0.0062 | Val loss: 0.0109
2026-01-11 10:25:46.949196 | Epoch:4397 | LR: 0.0000432 | Loss : 0.0063 | Val loss: 0.0110
2026-01-11 10:26:10.330292 | Epoch:4398 | LR: 0.0000432 | Loss : 0.0062 | Val loss: 0.0111
2026-01-11 10:26:33.397091 | Epoch:4399 | LR: 0.0000432 | Loss : 0.0062 | Val loss: 0.0112
2026-01-11 10:26:55.848321 | Epoch:4400 | LR: 0.0000432 | Loss : 0.0063 | Val loss: 0.0110
2026-01-11 10:27:20.439042 | Epoch:4401 | LR: 0.0000432 | Loss : 0.0062 | Val loss: 0.0113
2026-01-11 10:27:45.492244 | Epoch:4402 | LR: 0.0000433 | Loss : 0.0063 | Val loss: 0.0112
2026-01-11 10:28:10.397343 | Epoch:4403 | LR: 0.0000433 | Loss : 0.0062 | Val loss: 0.0107
2026-01-11 10:28:35.391302 | Epoch:4404 | LR: 0.0000433 | Loss : 0.0062 | Val loss: 0.0111
2026-01-11 10:28:59.547556 | Epoch:4405 | LR: 0.0000433 | Loss : 0.0063 | Val loss: 0.0111
2026-01-11 10:29:24.241085 | Epoch:4406 | LR: 0.0000433 | Loss : 0.0062 | Val loss: 0.0111
2026-01-11 10:29:49.642813 | Epoch:4407 | LR: 0.0000434 | Loss : 0.0061 | Val loss: 0.0111
2026-01-11 10:30:14.365151 | Epoch:4408 | LR: 0.0000434 | Loss : 0.0062 | Val loss: 0.0109
2026-01-11 10:30:39.049002 | Epoch:4409 | LR: 0.0000434 | Loss : 0.0062 | Val loss: 0.0107
2026-01-11 10:31:04.326917 | Epoch:4410 | LR: 0.0000434 | Loss : 0.0062 | Val loss: 0.0109
2026-01-11 10:31:28.898783 | Epoch:4411 | LR: 0.0000435 | Loss : 0.0062 | Val loss: 0.0110
2026-01-11 10:31:54.003932 | Epoch:4412 | LR: 0.0000435 | Loss : 0.0062 | Val loss: 0.0112
2026-01-11 10:32:18.923140 | Epoch:4413 | LR: 0.0000435 | Loss : 0.0062 | Val loss: 0.0111
2026-01-11 10:32:44.409795 | Epoch:4414 | LR: 0.0000435 | Loss : 0.0063 | Val loss: 0.0115
2026-01-11 10:33:09.388859 | Epoch:4415 | LR: 0.0000435 | Loss : 0.0062 | Val loss: 0.0115
2026-01-11 10:33:34.010962 | Epoch:4416 | LR: 0.0000436 | Loss : 0.0061 | Val loss: 0.0109
2026-01-11 10:33:58.811818 | Epoch:4417 | LR: 0.0000436 | Loss : 0.0062 | Val loss: 0.0112
2026-01-11 10:34:23.848263 | Epoch:4418 | LR: 0.0000436 | Loss : 0.0062 | Val loss: 0.0107
2026-01-11 10:34:48.731433 | Epoch:4419 | LR: 0.0000436 | Loss : 0.0062 | Val loss: 0.0106
2026-01-11 10:35:13.791160 | Epoch:4420 | LR: 0.0000436 | Loss : 0.0062 | Val loss: 0.0111
2026-01-11 10:35:38.915655 | Epoch:4421 | LR: 0.0000437 | Loss : 0.0062 | Val loss: 0.0108
2026-01-11 10:36:03.450017 | Epoch:4422 | LR: 0.0000437 | Loss : 0.0062 | Val loss: 0.0112
2026-01-11 10:36:28.140668 | Epoch:4423 | LR: 0.0000437 | Loss : 0.0062 | Val loss: 0.0117
2026-01-11 10:36:53.058454 | Epoch:4424 | LR: 0.0000437 | Loss : 0.0062 | Val loss: 0.0110
2026-01-11 10:37:18.442230 | Epoch:4425 | LR: 0.0000437 | Loss : 0.0062 | Val loss: 0.0109
2026-01-11 10:37:43.422266 | Epoch:4426 | LR: 0.0000438 | Loss : 0.0062 | Val loss: 0.0110
2026-01-11 10:38:08.254812 | Epoch:4427 | LR: 0.0000438 | Loss : 0.0063 | Val loss: 0.0108
2026-01-11 10:38:32.538194 | Epoch:4428 | LR: 0.0000438 | Loss : 0.0063 | Val loss: 0.0113
2026-01-11 10:38:56.799748 | Epoch:4429 | LR: 0.0000438 | Loss : 0.0062 | Val loss: 0.0110
2026-01-11 10:39:19.998558 | Epoch:4430 | LR: 0.0000439 | Loss : 0.0063 | Val loss: 0.0111
2026-01-11 10:39:43.321276 | Epoch:4431 | LR: 0.0000439 | Loss : 0.0062 | Val loss: 0.0107
2026-01-11 10:40:06.593404 | Epoch:4432 | LR: 0.0000439 | Loss : 0.0063 | Val loss: 0.0112
2026-01-11 10:40:29.791686 | Epoch:4433 | LR: 0.0000439 | Loss : 0.0061 | Val loss: 0.0110
2026-01-11 10:40:52.877082 | Epoch:4434 | LR: 0.0000439 | Loss : 0.0062 | Val loss: 0.0109
2026-01-11 10:41:16.151947 | Epoch:4435 | LR: 0.0000440 | Loss : 0.0062 | Val loss: 0.0111
2026-01-11 10:41:39.426000 | Epoch:4436 | LR: 0.0000440 | Loss : 0.0062 | Val loss: 0.0109
2026-01-11 10:42:02.888112 | Epoch:4437 | LR: 0.0000440 | Loss : 0.0062 | Val loss: 0.0112
2026-01-11 10:42:26.220106 | Epoch:4438 | LR: 0.0000440 | Loss : 0.0063 | Val loss: 0.0109
2026-01-11 10:42:49.340332 | Epoch:4439 | LR: 0.0000440 | Loss : 0.0063 | Val loss: 0.0114
2026-01-11 10:43:12.489147 | Epoch:4440 | LR: 0.0000441 | Loss : 0.0062 | Val loss: 0.0111
2026-01-11 10:43:35.696246 | Epoch:4441 | LR: 0.0000441 | Loss : 0.0062 | Val loss: 0.0113
2026-01-11 10:43:59.244775 | Epoch:4442 | LR: 0.0000441 | Loss : 0.0063 | Val loss: 0.0112
2026-01-11 10:44:22.486359 | Epoch:4443 | LR: 0.0000441 | Loss : 0.0062 | Val loss: 0.0113
2026-01-11 10:44:45.794571 | Epoch:4444 | LR: 0.0000441 | Loss : 0.0062 | Val loss: 0.0109
2026-01-11 10:45:08.915592 | Epoch:4445 | LR: 0.0000442 | Loss : 0.0062 | Val loss: 0.0112
2026-01-11 10:45:32.385684 | Epoch:4446 | LR: 0.0000442 | Loss : 0.0062 | Val loss: 0.0116
2026-01-11 10:45:55.652388 | Epoch:4447 | LR: 0.0000442 | Loss : 0.0063 | Val loss: 0.0111
2026-01-11 10:46:19.072711 | Epoch:4448 | LR: 0.0000442 | Loss : 0.0062 | Val loss: 0.0111
2026-01-11 10:46:42.376636 | Epoch:4449 | LR: 0.0000442 | Loss : 0.0062 | Val loss: 0.0115
2026-01-11 10:47:05.716439 | Epoch:4450 | LR: 0.0000443 | Loss : 0.0062 | Val loss: 0.0114
2026-01-11 10:47:29.456294 | Epoch:4451 | LR: 0.0000443 | Loss : 0.0063 | Val loss: 0.0112
2026-01-11 10:47:52.810978 | Epoch:4452 | LR: 0.0000443 | Loss : 0.0062 | Val loss: 0.0112
2026-01-11 10:48:15.711227 | Epoch:4453 | LR: 0.0000443 | Loss : 0.0062 | Val loss: 0.0108
2026-01-11 10:48:39.105637 | Epoch:4454 | LR: 0.0000443 | Loss : 0.0062 | Val loss: 0.0114
2026-01-11 10:49:02.460107 | Epoch:4455 | LR: 0.0000444 | Loss : 0.0062 | Val loss: 0.0115
2026-01-11 10:49:25.630315 | Epoch:4456 | LR: 0.0000444 | Loss : 0.0062 | Val loss: 0.0112
2026-01-11 10:49:48.837662 | Epoch:4457 | LR: 0.0000444 | Loss : 0.0062 | Val loss: 0.0111
2026-01-11 10:50:09.781314 | Epoch:4458 | LR: 0.0000444 | Loss : 0.0062 | Val loss: 0.0115
2026-01-11 10:50:21.377860 | Epoch:4459 | LR: 0.0000444 | Loss : 0.0062 | Val loss: 0.0114
2026-01-11 10:50:32.855317 | Epoch:4460 | LR: 0.0000445 | Loss : 0.0062 | Val loss: 0.0113
2026-01-11 10:50:44.419944 | Epoch:4461 | LR: 0.0000445 | Loss : 0.0062 | Val loss: 0.0111
2026-01-11 10:50:55.921013 | Epoch:4462 | LR: 0.0000445 | Loss : 0.0062 | Val loss: 0.0112
2026-01-11 10:51:07.482048 | Epoch:4463 | LR: 0.0000445 | Loss : 0.0062 | Val loss: 0.0114
2026-01-11 10:51:19.079603 | Epoch:4464 | LR: 0.0000445 | Loss : 0.0062 | Val loss: 0.0107
2026-01-11 10:51:30.626880 | Epoch:4465 | LR: 0.0000446 | Loss : 0.0062 | Val loss: 0.0116
2026-01-11 10:51:42.081032 | Epoch:4466 | LR: 0.0000446 | Loss : 0.0062 | Val loss: 0.0113
2026-01-11 10:51:53.663332 | Epoch:4467 | LR: 0.0000446 | Loss : 0.0062 | Val loss: 0.0110
2026-01-11 10:52:05.118977 | Epoch:4468 | LR: 0.0000446 | Loss : 0.0062 | Val loss: 0.0110
2026-01-11 10:52:16.621343 | Epoch:4469 | LR: 0.0000446 | Loss : 0.0062 | Val loss: 0.0114
2026-01-11 10:52:28.524395 | Epoch:4470 | LR: 0.0000447 | Loss : 0.0062 | Val loss: 0.0113
2026-01-11 10:52:40.351171 | Epoch:4471 | LR: 0.0000447 | Loss : 0.0062 | Val loss: 0.0111
2026-01-11 10:53:01.809811 | Epoch:4472 | LR: 0.0000447 | Loss : 0.0062 | Val loss: 0.0109
2026-01-11 10:53:16.648737 | Epoch:4473 | LR: 0.0000447 | Loss : 0.0062 | Val loss: 0.0111
2026-01-11 10:53:28.134638 | Epoch:4474 | LR: 0.0000447 | Loss : 0.0062 | Val loss: 0.0106
2026-01-11 10:53:39.754547 | Epoch:4475 | LR: 0.0000448 | Loss : 0.0061 | Val loss: 0.0112
2026-01-11 10:53:51.247925 | Epoch:4476 | LR: 0.0000448 | Loss : 0.0062 | Val loss: 0.0107
2026-01-11 10:54:02.716224 | Epoch:4477 | LR: 0.0000448 | Loss : 0.0062 | Val loss: 0.0116
2026-01-11 10:54:14.213406 | Epoch:4478 | LR: 0.0000448 | Loss : 0.0062 | Val loss: 0.0108
2026-01-11 10:54:25.746577 | Epoch:4479 | LR: 0.0000448 | Loss : 0.0063 | Val loss: 0.0115
2026-01-11 10:54:37.143834 | Epoch:4480 | LR: 0.0000448 | Loss : 0.0061 | Val loss: 0.0111
2026-01-11 10:54:48.746350 | Epoch:4481 | LR: 0.0000449 | Loss : 0.0061 | Val loss: 0.0112
2026-01-11 10:55:00.197543 | Epoch:4482 | LR: 0.0000449 | Loss : 0.0062 | Val loss: 0.0115
2026-01-11 10:55:11.639634 | Epoch:4483 | LR: 0.0000449 | Loss : 0.0062 | Val loss: 0.0113
2026-01-11 10:55:23.125563 | Epoch:4484 | LR: 0.0000449 | Loss : 0.0062 | Val loss: 0.0115
2026-01-11 10:55:34.732329 | Epoch:4485 | LR: 0.0000449 | Loss : 0.0062 | Val loss: 0.0117
2026-01-11 10:55:46.128448 | Epoch:4486 | LR: 0.0000450 | Loss : 0.0062 | Val loss: 0.0113
2026-01-11 10:55:57.735793 | Epoch:4487 | LR: 0.0000450 | Loss : 0.0062 | Val loss: 0.0112
2026-01-11 10:56:09.232205 | Epoch:4488 | LR: 0.0000450 | Loss : 0.0062 | Val loss: 0.0111
2026-01-11 10:56:20.645568 | Epoch:4489 | LR: 0.0000450 | Loss : 0.0062 | Val loss: 0.0114
2026-01-11 10:56:32.107065 | Epoch:4490 | LR: 0.0000450 | Loss : 0.0062 | Val loss: 0.0117
2026-01-11 10:56:43.676158 | Epoch:4491 | LR: 0.0000451 | Loss : 0.0061 | Val loss: 0.0115
2026-01-11 10:56:55.325249 | Epoch:4492 | LR: 0.0000451 | Loss : 0.0063 | Val loss: 0.0108
2026-01-11 10:57:06.900143 | Epoch:4493 | LR: 0.0000451 | Loss : 0.0063 | Val loss: 0.0111
2026-01-11 10:57:18.455047 | Epoch:4494 | LR: 0.0000451 | Loss : 0.0062 | Val loss: 0.0114
2026-01-11 10:57:30.064918 | Epoch:4495 | LR: 0.0000451 | Loss : 0.0062 | Val loss: 0.0111
2026-01-11 10:57:41.768455 | Epoch:4496 | LR: 0.0000451 | Loss : 0.0061 | Val loss: 0.0113
2026-01-11 10:57:53.439915 | Epoch:4497 | LR: 0.0000452 | Loss : 0.0061 | Val loss: 0.0116
2026-01-11 10:58:05.042623 | Epoch:4498 | LR: 0.0000452 | Loss : 0.0062 | Val loss: 0.0109
2026-01-11 10:58:16.686633 | Epoch:4499 | LR: 0.0000452 | Loss : 0.0062 | Val loss: 0.0112
2026-01-11 10:58:28.310367 | Epoch:4500 | LR: 0.0000452 | Loss : 0.0062 | Val loss: 0.0109
2026-01-11 10:58:39.763606 | Epoch:4501 | LR: 0.0000452 | Loss : 0.0062 | Val loss: 0.0112
2026-01-11 10:58:51.300223 | Epoch:4502 | LR: 0.0000453 | Loss : 0.0062 | Val loss: 0.0114
2026-01-11 10:59:02.925932 | Epoch:4503 | LR: 0.0000453 | Loss : 0.0062 | Val loss: 0.0112
2026-01-11 10:59:14.647639 | Epoch:4504 | LR: 0.0000453 | Loss : 0.0062 | Val loss: 0.0113
2026-01-11 10:59:35.666870 | Epoch:4505 | LR: 0.0000453 | Loss : 0.0062 | Val loss: 0.0114
2026-01-11 10:59:58.392630 | Epoch:4506 | LR: 0.0000453 | Loss : 0.0062 | Val loss: 0.0118
2026-01-11 11:00:21.197550 | Epoch:4507 | LR: 0.0000454 | Loss : 0.0062 | Val loss: 0.0113
2026-01-11 11:00:44.204825 | Epoch:4508 | LR: 0.0000454 | Loss : 0.0062 | Val loss: 0.0113
2026-01-11 11:01:06.979669 | Epoch:4509 | LR: 0.0000454 | Loss : 0.0062 | Val loss: 0.0108
2026-01-11 11:01:29.931131 | Epoch:4510 | LR: 0.0000454 | Loss : 0.0062 | Val loss: 0.0114
2026-01-11 11:01:45.554319 | Epoch:4511 | LR: 0.0000454 | Loss : 0.0062 | Val loss: 0.0112
2026-01-11 11:01:57.161439 | Epoch:4512 | LR: 0.0000454 | Loss : 0.0062 | Val loss: 0.0113
2026-01-11 11:02:08.508846 | Epoch:4513 | LR: 0.0000455 | Loss : 0.0061 | Val loss: 0.0112
2026-01-11 11:02:19.941961 | Epoch:4514 | LR: 0.0000455 | Loss : 0.0062 | Val loss: 0.0116
2026-01-11 11:02:31.456310 | Epoch:4515 | LR: 0.0000455 | Loss : 0.0061 | Val loss: 0.0117
2026-01-11 11:02:42.760552 | Epoch:4516 | LR: 0.0000455 | Loss : 0.0061 | Val loss: 0.0115
2026-01-11 11:02:54.378589 | Epoch:4517 | LR: 0.0000455 | Loss : 0.0063 | Val loss: 0.0117
2026-01-11 11:03:06.129233 | Epoch:4518 | LR: 0.0000455 | Loss : 0.0062 | Val loss: 0.0111
2026-01-11 11:03:17.831269 | Epoch:4519 | LR: 0.0000456 | Loss : 0.0062 | Val loss: 0.0115
2026-01-11 11:03:29.269747 | Epoch:4520 | LR: 0.0000456 | Loss : 0.0061 | Val loss: 0.0113
2026-01-11 11:03:40.856705 | Epoch:4521 | LR: 0.0000456 | Loss : 0.0062 | Val loss: 0.0111
2026-01-11 11:03:52.211260 | Epoch:4522 | LR: 0.0000456 | Loss : 0.0062 | Val loss: 0.0111
2026-01-11 11:04:03.759346 | Epoch:4523 | LR: 0.0000456 | Loss : 0.0062 | Val loss: 0.0113
2026-01-11 11:04:15.291351 | Epoch:4524 | LR: 0.0000457 | Loss : 0.0062 | Val loss: 0.0111
2026-01-11 11:04:26.697423 | Epoch:4525 | LR: 0.0000457 | Loss : 0.0062 | Val loss: 0.0111
2026-01-11 11:04:38.121339 | Epoch:4526 | LR: 0.0000457 | Loss : 0.0062 | Val loss: 0.0113
2026-01-11 11:04:49.722162 | Epoch:4527 | LR: 0.0000457 | Loss : 0.0062 | Val loss: 0.0115
2026-01-11 11:05:01.201600 | Epoch:4528 | LR: 0.0000457 | Loss : 0.0061 | Val loss: 0.0115
2026-01-11 11:05:12.860830 | Epoch:4529 | LR: 0.0000457 | Loss : 0.0062 | Val loss: 0.0114
2026-01-11 11:05:24.450867 | Epoch:4530 | LR: 0.0000458 | Loss : 0.0061 | Val loss: 0.0114
2026-01-11 11:05:35.932731 | Epoch:4531 | LR: 0.0000458 | Loss : 0.0061 | Val loss: 0.0114
2026-01-11 11:05:47.371882 | Epoch:4532 | LR: 0.0000458 | Loss : 0.0061 | Val loss: 0.0112
2026-01-11 11:05:58.982908 | Epoch:4533 | LR: 0.0000458 | Loss : 0.0063 | Val loss: 0.0111
2026-01-11 11:06:10.389735 | Epoch:4534 | LR: 0.0000458 | Loss : 0.0061 | Val loss: 0.0107
2026-01-11 11:06:22.280543 | Epoch:4535 | LR: 0.0000458 | Loss : 0.0062 | Val loss: 0.0112
2026-01-11 11:06:38.153771 | Epoch:4536 | LR: 0.0000459 | Loss : 0.0061 | Val loss: 0.0108
2026-01-11 11:07:00.585372 | Epoch:4537 | LR: 0.0000459 | Loss : 0.0061 | Val loss: 0.0112
2026-01-11 11:07:23.482201 | Epoch:4538 | LR: 0.0000459 | Loss : 0.0062 | Val loss: 0.0107
2026-01-11 11:07:46.582763 | Epoch:4539 | LR: 0.0000459 | Loss : 0.0061 | Val loss: 0.0112
2026-01-11 11:08:09.203681 | Epoch:4540 | LR: 0.0000459 | Loss : 0.0062 | Val loss: 0.0116
2026-01-11 11:08:32.200039 | Epoch:4541 | LR: 0.0000460 | Loss : 0.0062 | Val loss: 0.0113
2026-01-11 11:08:55.126035 | Epoch:4542 | LR: 0.0000460 | Loss : 0.0062 | Val loss: 0.0112
2026-01-11 11:09:17.768240 | Epoch:4543 | LR: 0.0000460 | Loss : 0.0062 | Val loss: 0.0114
2026-01-11 11:09:40.682469 | Epoch:4544 | LR: 0.0000460 | Loss : 0.0062 | Val loss: 0.0109
2026-01-11 11:10:03.734261 | Epoch:4545 | LR: 0.0000460 | Loss : 0.0062 | Val loss: 0.0115
2026-01-11 11:10:26.512099 | Epoch:4546 | LR: 0.0000460 | Loss : 0.0063 | Val loss: 0.0110
2026-01-11 11:10:48.204535 | Epoch:4547 | LR: 0.0000461 | Loss : 0.0061 | Val loss: 0.0110
2026-01-11 11:11:12.777039 | Epoch:4548 | LR: 0.0000461 | Loss : 0.0062 | Val loss: 0.0112
2026-01-11 11:11:37.710349 | Epoch:4549 | LR: 0.0000461 | Loss : 0.0062 | Val loss: 0.0116
2026-01-11 11:12:02.493294 | Epoch:4550 | LR: 0.0000461 | Loss : 0.0062 | Val loss: 0.0114
2026-01-11 11:12:27.549129 | Epoch:4551 | LR: 0.0000461 | Loss : 0.0062 | Val loss: 0.0110
2026-01-11 11:12:52.485442 | Epoch:4552 | LR: 0.0000461 | Loss : 0.0062 | Val loss: 0.0114
2026-01-11 11:13:16.902243 | Epoch:4553 | LR: 0.0000462 | Loss : 0.0062 | Val loss: 0.0113
2026-01-11 11:13:42.235819 | Epoch:4554 | LR: 0.0000462 | Loss : 0.0062 | Val loss: 0.0112
2026-01-11 11:14:07.213664 | Epoch:4555 | LR: 0.0000462 | Loss : 0.0062 | Val loss: 0.0111
2026-01-11 11:14:32.100918 | Epoch:4556 | LR: 0.0000462 | Loss : 0.0062 | Val loss: 0.0110
2026-01-11 11:14:56.966661 | Epoch:4557 | LR: 0.0000462 | Loss : 0.0061 | Val loss: 0.0116
2026-01-11 11:15:22.084075 | Epoch:4558 | LR: 0.0000462 | Loss : 0.0062 | Val loss: 0.0112
2026-01-11 11:15:46.997657 | Epoch:4559 | LR: 0.0000463 | Loss : 0.0062 | Val loss: 0.0116
2026-01-11 11:16:06.098963 | Epoch:4560 | LR: 0.0000463 | Loss : 0.0062 | Val loss: 0.0115
2026-01-11 11:16:17.633057 | Epoch:4561 | LR: 0.0000463 | Loss : 0.0062 | Val loss: 0.0120
2026-01-11 11:16:29.079087 | Epoch:4562 | LR: 0.0000463 | Loss : 0.0062 | Val loss: 0.0119
2026-01-11 11:16:40.849867 | Epoch:4563 | LR: 0.0000463 | Loss : 0.0061 | Val loss: 0.0113
2026-01-11 11:16:52.337905 | Epoch:4564 | LR: 0.0000463 | Loss : 0.0062 | Val loss: 0.0108
2026-01-11 11:17:03.920459 | Epoch:4565 | LR: 0.0000464 | Loss : 0.0061 | Val loss: 0.0111
2026-01-11 11:17:15.393818 | Epoch:4566 | LR: 0.0000464 | Loss : 0.0062 | Val loss: 0.0117
2026-01-11 11:17:26.889043 | Epoch:4567 | LR: 0.0000464 | Loss : 0.0062 | Val loss: 0.0113
2026-01-11 11:17:38.276931 | Epoch:4568 | LR: 0.0000464 | Loss : 0.0062 | Val loss: 0.0110
2026-01-11 11:17:50.029114 | Epoch:4569 | LR: 0.0000464 | Loss : 0.0062 | Val loss: 0.0113
2026-01-11 11:18:01.492567 | Epoch:4570 | LR: 0.0000464 | Loss : 0.0062 | Val loss: 0.0114
2026-01-11 11:18:13.310536 | Epoch:4571 | LR: 0.0000465 | Loss : 0.0061 | Val loss: 0.0113
2026-01-11 11:18:25.347493 | Epoch:4572 | LR: 0.0000465 | Loss : 0.0061 | Val loss: 0.0114
2026-01-11 11:18:48.224592 | Epoch:4573 | LR: 0.0000465 | Loss : 0.0062 | Val loss: 0.0112
2026-01-11 11:19:11.365126 | Epoch:4574 | LR: 0.0000465 | Loss : 0.0061 | Val loss: 0.0116
2026-01-11 11:19:34.273985 | Epoch:4575 | LR: 0.0000465 | Loss : 0.0062 | Val loss: 0.0115
2026-01-11 11:19:56.962647 | Epoch:4576 | LR: 0.0000465 | Loss : 0.0061 | Val loss: 0.0109
2026-01-11 11:20:19.833491 | Epoch:4577 | LR: 0.0000465 | Loss : 0.0062 | Val loss: 0.0112
2026-01-11 11:20:42.750023 | Epoch:4578 | LR: 0.0000466 | Loss : 0.0061 | Val loss: 0.0115
2026-01-11 11:21:05.468499 | Epoch:4579 | LR: 0.0000466 | Loss : 0.0061 | Val loss: 0.0113
2026-01-11 11:21:28.490179 | Epoch:4580 | LR: 0.0000466 | Loss : 0.0061 | Val loss: 0.0112
2026-01-11 11:21:45.083489 | Epoch:4581 | LR: 0.0000466 | Loss : 0.0061 | Val loss: 0.0115
2026-01-11 11:21:56.584318 | Epoch:4582 | LR: 0.0000466 | Loss : 0.0061 | Val loss: 0.0113
2026-01-11 11:22:08.094729 | Epoch:4583 | LR: 0.0000466 | Loss : 0.0061 | Val loss: 0.0118
2026-01-11 11:22:19.693340 | Epoch:4584 | LR: 0.0000467 | Loss : 0.0062 | Val loss: 0.0114
2026-01-11 11:22:31.257555 | Epoch:4585 | LR: 0.0000467 | Loss : 0.0061 | Val loss: 0.0109
2026-01-11 11:22:42.800854 | Epoch:4586 | LR: 0.0000467 | Loss : 0.0062 | Val loss: 0.0113
2026-01-11 11:22:54.412265 | Epoch:4587 | LR: 0.0000467 | Loss : 0.0062 | Val loss: 0.0111
2026-01-11 11:23:05.894617 | Epoch:4588 | LR: 0.0000467 | Loss : 0.0061 | Val loss: 0.0113
2026-01-11 11:23:17.442188 | Epoch:4589 | LR: 0.0000467 | Loss : 0.0061 | Val loss: 0.0110
2026-01-11 11:23:29.020687 | Epoch:4590 | LR: 0.0000468 | Loss : 0.0062 | Val loss: 0.0113
2026-01-11 11:23:40.577519 | Epoch:4591 | LR: 0.0000468 | Loss : 0.0062 | Val loss: 0.0117
2026-01-11 11:23:52.290451 | Epoch:4592 | LR: 0.0000468 | Loss : 0.0061 | Val loss: 0.0119
2026-01-11 11:24:05.946628 | Epoch:4593 | LR: 0.0000468 | Loss : 0.0061 | Val loss: 0.0116
2026-01-11 11:24:28.521723 | Epoch:4594 | LR: 0.0000468 | Loss : 0.0061 | Val loss: 0.0112
2026-01-11 11:24:51.256454 | Epoch:4595 | LR: 0.0000468 | Loss : 0.0062 | Val loss: 0.0116
2026-01-11 11:25:14.257718 | Epoch:4596 | LR: 0.0000468 | Loss : 0.0061 | Val loss: 0.0117
2026-01-11 11:25:36.974121 | Epoch:4597 | LR: 0.0000469 | Loss : 0.0062 | Val loss: 0.0111
2026-01-11 11:26:00.040279 | Epoch:4598 | LR: 0.0000469 | Loss : 0.0062 | Val loss: 0.0116
2026-01-11 11:26:22.946571 | Epoch:4599 | LR: 0.0000469 | Loss : 0.0061 | Val loss: 0.0110
2026-01-11 11:26:45.849713 | Epoch:4600 | LR: 0.0000469 | Loss : 0.0062 | Val loss: 0.0113
2026-01-11 11:27:08.749608 | Epoch:4601 | LR: 0.0000469 | Loss : 0.0062 | Val loss: 0.0113
2026-01-11 11:27:31.653382 | Epoch:4602 | LR: 0.0000469 | Loss : 0.0062 | Val loss: 0.0114
2026-01-11 11:27:54.211127 | Epoch:4603 | LR: 0.0000470 | Loss : 0.0061 | Val loss: 0.0108
2026-01-11 11:28:16.950044 | Epoch:4604 | LR: 0.0000470 | Loss : 0.0061 | Val loss: 0.0115
2026-01-11 11:28:28.671943 | Epoch:4605 | LR: 0.0000470 | Loss : 0.0061 | Val loss: 0.0113
2026-01-11 11:28:40.360288 | Epoch:4606 | LR: 0.0000470 | Loss : 0.0062 | Val loss: 0.0115
2026-01-11 11:28:52.149614 | Epoch:4607 | LR: 0.0000470 | Loss : 0.0061 | Val loss: 0.0111
2026-01-11 11:29:03.597112 | Epoch:4608 | LR: 0.0000470 | Loss : 0.0061 | Val loss: 0.0109
2026-01-11 11:29:15.237528 | Epoch:4609 | LR: 0.0000470 | Loss : 0.0061 | Val loss: 0.0110
2026-01-11 11:29:26.900312 | Epoch:4610 | LR: 0.0000471 | Loss : 0.0061 | Val loss: 0.0113
2026-01-11 11:29:38.840786 | Epoch:4611 | LR: 0.0000471 | Loss : 0.0061 | Val loss: 0.0108
2026-01-11 11:29:50.501198 | Epoch:4612 | LR: 0.0000471 | Loss : 0.0062 | Val loss: 0.0114
2026-01-11 11:30:01.966859 | Epoch:4613 | LR: 0.0000471 | Loss : 0.0061 | Val loss: 0.0115
2026-01-11 11:30:13.431752 | Epoch:4614 | LR: 0.0000471 | Loss : 0.0060 | Val loss: 0.0118
2026-01-11 11:30:25.163808 | Epoch:4615 | LR: 0.0000471 | Loss : 0.0061 | Val loss: 0.0114
2026-01-11 11:30:37.599304 | Epoch:4616 | LR: 0.0000471 | Loss : 0.0062 | Val loss: 0.0116
2026-01-11 11:31:00.732458 | Epoch:4617 | LR: 0.0000472 | Loss : 0.0061 | Val loss: 0.0113
2026-01-11 11:31:23.664582 | Epoch:4618 | LR: 0.0000472 | Loss : 0.0062 | Val loss: 0.0113
2026-01-11 11:31:46.601625 | Epoch:4619 | LR: 0.0000472 | Loss : 0.0061 | Val loss: 0.0117
2026-01-11 11:32:09.599308 | Epoch:4620 | LR: 0.0000472 | Loss : 0.0061 | Val loss: 0.0110
2026-01-11 11:32:31.309270 | Epoch:4621 | LR: 0.0000472 | Loss : 0.0062 | Val loss: 0.0114
2026-01-11 11:32:42.898958 | Epoch:4622 | LR: 0.0000472 | Loss : 0.0061 | Val loss: 0.0116
2026-01-11 11:32:54.436320 | Epoch:4623 | LR: 0.0000472 | Loss : 0.0060 | Val loss: 0.0117
2026-01-11 11:33:06.075795 | Epoch:4624 | LR: 0.0000473 | Loss : 0.0061 | Val loss: 0.0113
2026-01-11 11:33:17.661143 | Epoch:4625 | LR: 0.0000473 | Loss : 0.0061 | Val loss: 0.0121
2026-01-11 11:33:29.108393 | Epoch:4626 | LR: 0.0000473 | Loss : 0.0061 | Val loss: 0.0110
2026-01-11 11:33:40.664842 | Epoch:4627 | LR: 0.0000473 | Loss : 0.0061 | Val loss: 0.0113
2026-01-11 11:33:52.165954 | Epoch:4628 | LR: 0.0000473 | Loss : 0.0062 | Val loss: 0.0111
2026-01-11 11:34:03.710476 | Epoch:4629 | LR: 0.0000473 | Loss : 0.0062 | Val loss: 0.0112
2026-01-11 11:34:15.279096 | Epoch:4630 | LR: 0.0000473 | Loss : 0.0061 | Val loss: 0.0112
2026-01-11 11:34:26.923911 | Epoch:4631 | LR: 0.0000474 | Loss : 0.0061 | Val loss: 0.0114
2026-01-11 11:34:38.847893 | Epoch:4632 | LR: 0.0000474 | Loss : 0.0061 | Val loss: 0.0114
2026-01-11 11:34:50.919315 | Epoch:4633 | LR: 0.0000474 | Loss : 0.0062 | Val loss: 0.0115
2026-01-11 11:35:13.825502 | Epoch:4634 | LR: 0.0000474 | Loss : 0.0061 | Val loss: 0.0116
2026-01-11 11:35:37.336320 | Epoch:4635 | LR: 0.0000474 | Loss : 0.0061 | Val loss: 0.0112
2026-01-11 11:36:00.429505 | Epoch:4636 | LR: 0.0000474 | Loss : 0.0061 | Val loss: 0.0115
2026-01-11 11:36:23.642781 | Epoch:4637 | LR: 0.0000474 | Loss : 0.0061 | Val loss: 0.0112
2026-01-11 11:36:44.126588 | Epoch:4638 | LR: 0.0000475 | Loss : 0.0061 | Val loss: 0.0116
2026-01-11 11:36:55.671155 | Epoch:4639 | LR: 0.0000475 | Loss : 0.0061 | Val loss: 0.0117
2026-01-11 11:37:07.200673 | Epoch:4640 | LR: 0.0000475 | Loss : 0.0061 | Val loss: 0.0114
2026-01-11 11:37:18.747625 | Epoch:4641 | LR: 0.0000475 | Loss : 0.0062 | Val loss: 0.0120
2026-01-11 11:37:30.282335 | Epoch:4642 | LR: 0.0000475 | Loss : 0.0061 | Val loss: 0.0120
2026-01-11 11:37:41.913420 | Epoch:4643 | LR: 0.0000475 | Loss : 0.0061 | Val loss: 0.0112
2026-01-11 11:37:53.363633 | Epoch:4644 | LR: 0.0000475 | Loss : 0.0061 | Val loss: 0.0119
2026-01-11 11:38:04.931067 | Epoch:4645 | LR: 0.0000476 | Loss : 0.0061 | Val loss: 0.0110
2026-01-11 11:38:16.392735 | Epoch:4646 | LR: 0.0000476 | Loss : 0.0062 | Val loss: 0.0118
2026-01-11 11:38:27.785236 | Epoch:4647 | LR: 0.0000476 | Loss : 0.0061 | Val loss: 0.0111
2026-01-11 11:38:39.352949 | Epoch:4648 | LR: 0.0000476 | Loss : 0.0062 | Val loss: 0.0114
2026-01-11 11:38:51.153298 | Epoch:4649 | LR: 0.0000476 | Loss : 0.0061 | Val loss: 0.0116
2026-01-11 11:39:05.910313 | Epoch:4650 | LR: 0.0000476 | Loss : 0.0061 | Val loss: 0.0115
2026-01-11 11:39:28.968453 | Epoch:4651 | LR: 0.0000476 | Loss : 0.0061 | Val loss: 0.0111
2026-01-11 11:39:52.146874 | Epoch:4652 | LR: 0.0000476 | Loss : 0.0061 | Val loss: 0.0115
2026-01-11 11:40:15.400627 | Epoch:4653 | LR: 0.0000477 | Loss : 0.0061 | Val loss: 0.0112
2026-01-11 11:40:38.509423 | Epoch:4654 | LR: 0.0000477 | Loss : 0.0061 | Val loss: 0.0117
2026-01-11 11:41:01.350032 | Epoch:4655 | LR: 0.0000477 | Loss : 0.0062 | Val loss: 0.0114
2026-01-11 11:41:24.444904 | Epoch:4656 | LR: 0.0000477 | Loss : 0.0061 | Val loss: 0.0114
2026-01-11 11:41:43.782542 | Epoch:4657 | LR: 0.0000477 | Loss : 0.0061 | Val loss: 0.0114
2026-01-11 11:41:55.239733 | Epoch:4658 | LR: 0.0000477 | Loss : 0.0062 | Val loss: 0.0113
2026-01-11 11:42:06.901866 | Epoch:4659 | LR: 0.0000477 | Loss : 0.0061 | Val loss: 0.0109
2026-01-11 11:42:18.524889 | Epoch:4660 | LR: 0.0000478 | Loss : 0.0061 | Val loss: 0.0113
2026-01-11 11:42:30.246672 | Epoch:4661 | LR: 0.0000478 | Loss : 0.0062 | Val loss: 0.0116
2026-01-11 11:42:41.845206 | Epoch:4662 | LR: 0.0000478 | Loss : 0.0062 | Val loss: 0.0117
2026-01-11 11:42:53.394393 | Epoch:4663 | LR: 0.0000478 | Loss : 0.0061 | Val loss: 0.0117
2026-01-11 11:43:04.919610 | Epoch:4664 | LR: 0.0000478 | Loss : 0.0061 | Val loss: 0.0110
2026-01-11 11:43:16.448658 | Epoch:4665 | LR: 0.0000478 | Loss : 0.0061 | Val loss: 0.0112
2026-01-11 11:43:28.013432 | Epoch:4666 | LR: 0.0000478 | Loss : 0.0062 | Val loss: 0.0116
2026-01-11 11:43:39.498146 | Epoch:4667 | LR: 0.0000478 | Loss : 0.0061 | Val loss: 0.0117
2026-01-11 11:43:51.093074 | Epoch:4668 | LR: 0.0000479 | Loss : 0.0061 | Val loss: 0.0116
2026-01-11 11:44:02.829382 | Epoch:4669 | LR: 0.0000479 | Loss : 0.0061 | Val loss: 0.0113
2026-01-11 11:44:23.472582 | Epoch:4670 | LR: 0.0000479 | Loss : 0.0061 | Val loss: 0.0118
2026-01-11 11:44:46.132486 | Epoch:4671 | LR: 0.0000479 | Loss : 0.0061 | Val loss: 0.0111
2026-01-11 11:44:58.116089 | Epoch:4672 | LR: 0.0000479 | Loss : 0.0060 | Val loss: 0.0114
2026-01-11 11:45:10.233382 | Epoch:4673 | LR: 0.0000479 | Loss : 0.0062 | Val loss: 0.0113
2026-01-11 11:45:21.944645 | Epoch:4674 | LR: 0.0000479 | Loss : 0.0061 | Val loss: 0.0112
2026-01-11 11:45:33.752787 | Epoch:4675 | LR: 0.0000479 | Loss : 0.0060 | Val loss: 0.0111
2026-01-11 11:45:45.321554 | Epoch:4676 | LR: 0.0000480 | Loss : 0.0061 | Val loss: 0.0112
2026-01-11 11:45:57.065765 | Epoch:4677 | LR: 0.0000480 | Loss : 0.0062 | Val loss: 0.0114
2026-01-11 11:46:08.676259 | Epoch:4678 | LR: 0.0000480 | Loss : 0.0061 | Val loss: 0.0116
2026-01-11 11:46:20.332230 | Epoch:4679 | LR: 0.0000480 | Loss : 0.0061 | Val loss: 0.0117
2026-01-11 11:46:31.910106 | Epoch:4680 | LR: 0.0000480 | Loss : 0.0061 | Val loss: 0.0119
2026-01-11 11:46:43.574669 | Epoch:4681 | LR: 0.0000480 | Loss : 0.0062 | Val loss: 0.0114
2026-01-11 11:46:55.110393 | Epoch:4682 | LR: 0.0000480 | Loss : 0.0061 | Val loss: 0.0116
2026-01-11 11:47:06.592906 | Epoch:4683 | LR: 0.0000480 | Loss : 0.0061 | Val loss: 0.0117
2026-01-11 11:47:18.138941 | Epoch:4684 | LR: 0.0000481 | Loss : 0.0061 | Val loss: 0.0114
2026-01-11 11:47:29.707711 | Epoch:4685 | LR: 0.0000481 | Loss : 0.0061 | Val loss: 0.0112
2026-01-11 11:47:41.141449 | Epoch:4686 | LR: 0.0000481 | Loss : 0.0061 | Val loss: 0.0111
2026-01-11 11:47:52.664304 | Epoch:4687 | LR: 0.0000481 | Loss : 0.0062 | Val loss: 0.0118
2026-01-11 11:48:04.255149 | Epoch:4688 | LR: 0.0000481 | Loss : 0.0061 | Val loss: 0.0115
2026-01-11 11:48:15.758934 | Epoch:4689 | LR: 0.0000481 | Loss : 0.0061 | Val loss: 0.0114
2026-01-11 11:48:27.296474 | Epoch:4690 | LR: 0.0000481 | Loss : 0.0060 | Val loss: 0.0112
2026-01-11 11:48:38.869373 | Epoch:4691 | LR: 0.0000481 | Loss : 0.0061 | Val loss: 0.0114
2026-01-11 11:48:50.320696 | Epoch:4692 | LR: 0.0000481 | Loss : 0.0060 | Val loss: 0.0113
2026-01-11 11:49:01.871995 | Epoch:4693 | LR: 0.0000482 | Loss : 0.0061 | Val loss: 0.0119
2026-01-11 11:49:13.295451 | Epoch:4694 | LR: 0.0000482 | Loss : 0.0061 | Val loss: 0.0114
2026-01-11 11:49:24.807667 | Epoch:4695 | LR: 0.0000482 | Loss : 0.0061 | Val loss: 0.0113
2026-01-11 11:49:36.137841 | Epoch:4696 | LR: 0.0000482 | Loss : 0.0061 | Val loss: 0.0114
2026-01-11 11:49:47.758452 | Epoch:4697 | LR: 0.0000482 | Loss : 0.0061 | Val loss: 0.0113
2026-01-11 11:49:59.163072 | Epoch:4698 | LR: 0.0000482 | Loss : 0.0061 | Val loss: 0.0114
2026-01-11 11:50:10.626229 | Epoch:4699 | LR: 0.0000482 | Loss : 0.0062 | Val loss: 0.0117
2026-01-11 11:50:22.197516 | Epoch:4700 | LR: 0.0000482 | Loss : 0.0061 | Val loss: 0.0115
2026-01-11 11:50:33.804494 | Epoch:4701 | LR: 0.0000483 | Loss : 0.0061 | Val loss: 0.0121
2026-01-11 11:50:45.277454 | Epoch:4702 | LR: 0.0000483 | Loss : 0.0060 | Val loss: 0.0112
2026-01-11 11:50:56.858741 | Epoch:4703 | LR: 0.0000483 | Loss : 0.0061 | Val loss: 0.0112
2026-01-11 11:51:08.270812 | Epoch:4704 | LR: 0.0000483 | Loss : 0.0061 | Val loss: 0.0117
2026-01-11 11:51:19.792251 | Epoch:4705 | LR: 0.0000483 | Loss : 0.0061 | Val loss: 0.0118
2026-01-11 11:51:31.316011 | Epoch:4706 | LR: 0.0000483 | Loss : 0.0061 | Val loss: 0.0123
2026-01-11 11:51:42.923909 | Epoch:4707 | LR: 0.0000483 | Loss : 0.0061 | Val loss: 0.0115
2026-01-11 11:51:54.333615 | Epoch:4708 | LR: 0.0000483 | Loss : 0.0061 | Val loss: 0.0119
2026-01-11 11:52:06.044049 | Epoch:4709 | LR: 0.0000483 | Loss : 0.0061 | Val loss: 0.0120
2026-01-11 11:52:17.525341 | Epoch:4710 | LR: 0.0000484 | Loss : 0.0061 | Val loss: 0.0119
2026-01-11 11:52:29.093949 | Epoch:4711 | LR: 0.0000484 | Loss : 0.0060 | Val loss: 0.0115
2026-01-11 11:52:40.496300 | Epoch:4712 | LR: 0.0000484 | Loss : 0.0061 | Val loss: 0.0114
2026-01-11 11:52:52.028448 | Epoch:4713 | LR: 0.0000484 | Loss : 0.0061 | Val loss: 0.0118
2026-01-11 11:53:03.760343 | Epoch:4714 | LR: 0.0000484 | Loss : 0.0061 | Val loss: 0.0116
2026-01-11 11:53:18.164386 | Epoch:4715 | LR: 0.0000484 | Loss : 0.0061 | Val loss: 0.0112
2026-01-11 11:53:40.978232 | Epoch:4716 | LR: 0.0000484 | Loss : 0.0061 | Val loss: 0.0113
2026-01-11 11:54:04.035456 | Epoch:4717 | LR: 0.0000484 | Loss : 0.0061 | Val loss: 0.0115
2026-01-11 11:54:27.220626 | Epoch:4718 | LR: 0.0000484 | Loss : 0.0062 | Val loss: 0.0116
2026-01-11 11:54:50.379500 | Epoch:4719 | LR: 0.0000485 | Loss : 0.0061 | Val loss: 0.0117
2026-01-11 11:55:13.471427 | Epoch:4720 | LR: 0.0000485 | Loss : 0.0060 | Val loss: 0.0116
2026-01-11 11:55:36.869137 | Epoch:4721 | LR: 0.0000485 | Loss : 0.0061 | Val loss: 0.0115
2026-01-11 11:56:00.029966 | Epoch:4722 | LR: 0.0000485 | Loss : 0.0062 | Val loss: 0.0115
2026-01-11 11:56:22.956504 | Epoch:4723 | LR: 0.0000485 | Loss : 0.0061 | Val loss: 0.0113
2026-01-11 11:56:46.097641 | Epoch:4724 | LR: 0.0000485 | Loss : 0.0061 | Val loss: 0.0116
2026-01-11 11:57:09.293775 | Epoch:4725 | LR: 0.0000485 | Loss : 0.0061 | Val loss: 0.0111
2026-01-11 11:57:31.406157 | Epoch:4726 | LR: 0.0000485 | Loss : 0.0060 | Val loss: 0.0111
2026-01-11 11:57:56.037867 | Epoch:4727 | LR: 0.0000485 | Loss : 0.0061 | Val loss: 0.0114
2026-01-11 11:58:21.173971 | Epoch:4728 | LR: 0.0000486 | Loss : 0.0060 | Val loss: 0.0115
2026-01-11 11:58:45.705105 | Epoch:4729 | LR: 0.0000486 | Loss : 0.0061 | Val loss: 0.0112
2026-01-11 11:59:10.797952 | Epoch:4730 | LR: 0.0000486 | Loss : 0.0061 | Val loss: 0.0114
2026-01-11 11:59:35.630633 | Epoch:4731 | LR: 0.0000486 | Loss : 0.0061 | Val loss: 0.0115
2026-01-11 12:00:00.698983 | Epoch:4732 | LR: 0.0000486 | Loss : 0.0060 | Val loss: 0.0112
2026-01-11 12:00:24.931878 | Epoch:4733 | LR: 0.0000486 | Loss : 0.0061 | Val loss: 0.0118
2026-01-11 12:00:49.711978 | Epoch:4734 | LR: 0.0000486 | Loss : 0.0061 | Val loss: 0.0117
2026-01-11 12:01:14.766880 | Epoch:4735 | LR: 0.0000486 | Loss : 0.0061 | Val loss: 0.0116
2026-01-11 12:01:39.590614 | Epoch:4736 | LR: 0.0000486 | Loss : 0.0061 | Val loss: 0.0113
2026-01-11 12:02:04.179260 | Epoch:4737 | LR: 0.0000486 | Loss : 0.0061 | Val loss: 0.0115
2026-01-11 12:02:29.739246 | Epoch:4738 | LR: 0.0000487 | Loss : 0.0060 | Val loss: 0.0113
2026-01-11 12:02:54.123646 | Epoch:4739 | LR: 0.0000487 | Loss : 0.0061 | Val loss: 0.0117
2026-01-11 12:03:19.286442 | Epoch:4740 | LR: 0.0000487 | Loss : 0.0061 | Val loss: 0.0119
2026-01-11 12:03:44.175071 | Epoch:4741 | LR: 0.0000487 | Loss : 0.0061 | Val loss: 0.0116
2026-01-11 12:04:08.853811 | Epoch:4742 | LR: 0.0000487 | Loss : 0.0062 | Val loss: 0.0119
2026-01-11 12:04:33.813551 | Epoch:4743 | LR: 0.0000487 | Loss : 0.0061 | Val loss: 0.0116
2026-01-11 12:04:59.020155 | Epoch:4744 | LR: 0.0000487 | Loss : 0.0061 | Val loss: 0.0114
2026-01-11 12:05:24.173673 | Epoch:4745 | LR: 0.0000487 | Loss : 0.0061 | Val loss: 0.0116
2026-01-11 12:05:49.147326 | Epoch:4746 | LR: 0.0000487 | Loss : 0.0061 | Val loss: 0.0117
2026-01-11 12:06:14.144701 | Epoch:4747 | LR: 0.0000487 | Loss : 0.0060 | Val loss: 0.0116
2026-01-11 12:06:39.288010 | Epoch:4748 | LR: 0.0000488 | Loss : 0.0060 | Val loss: 0.0117
2026-01-11 12:07:03.848127 | Epoch:4749 | LR: 0.0000488 | Loss : 0.0061 | Val loss: 0.0118
2026-01-11 12:07:29.149777 | Epoch:4750 | LR: 0.0000488 | Loss : 0.0061 | Val loss: 0.0117
2026-01-11 12:07:54.061426 | Epoch:4751 | LR: 0.0000488 | Loss : 0.0061 | Val loss: 0.0118
2026-01-11 12:08:19.058245 | Epoch:4752 | LR: 0.0000488 | Loss : 0.0060 | Val loss: 0.0114
2026-01-11 12:08:43.765656 | Epoch:4753 | LR: 0.0000488 | Loss : 0.0061 | Val loss: 0.0118
2026-01-11 12:09:08.189926 | Epoch:4754 | LR: 0.0000488 | Loss : 0.0060 | Val loss: 0.0115
2026-01-11 12:09:31.771027 | Epoch:4755 | LR: 0.0000488 | Loss : 0.0061 | Val loss: 0.0116
2026-01-11 12:09:54.409035 | Epoch:4756 | LR: 0.0000488 | Loss : 0.0061 | Val loss: 0.0122
2026-01-11 12:10:17.445486 | Epoch:4757 | LR: 0.0000488 | Loss : 0.0061 | Val loss: 0.0117
2026-01-11 12:10:40.463094 | Epoch:4758 | LR: 0.0000489 | Loss : 0.0061 | Val loss: 0.0118
2026-01-11 12:11:03.388381 | Epoch:4759 | LR: 0.0000489 | Loss : 0.0061 | Val loss: 0.0117
2026-01-11 12:11:26.650210 | Epoch:4760 | LR: 0.0000489 | Loss : 0.0060 | Val loss: 0.0120
2026-01-11 12:11:49.834959 | Epoch:4761 | LR: 0.0000489 | Loss : 0.0061 | Val loss: 0.0117
2026-01-11 12:12:12.607675 | Epoch:4762 | LR: 0.0000489 | Loss : 0.0061 | Val loss: 0.0114
2026-01-11 12:12:35.730706 | Epoch:4763 | LR: 0.0000489 | Loss : 0.0061 | Val loss: 0.0118
2026-01-11 12:12:58.709789 | Epoch:4764 | LR: 0.0000489 | Loss : 0.0061 | Val loss: 0.0119
2026-01-11 12:13:21.578942 | Epoch:4765 | LR: 0.0000489 | Loss : 0.0061 | Val loss: 0.0111
2026-01-11 12:13:44.583998 | Epoch:4766 | LR: 0.0000489 | Loss : 0.0060 | Val loss: 0.0113
2026-01-11 12:14:07.675762 | Epoch:4767 | LR: 0.0000489 | Loss : 0.0060 | Val loss: 0.0122
2026-01-11 12:14:30.527735 | Epoch:4768 | LR: 0.0000489 | Loss : 0.0061 | Val loss: 0.0115
2026-01-11 12:14:53.674918 | Epoch:4769 | LR: 0.0000490 | Loss : 0.0061 | Val loss: 0.0119
2026-01-11 12:15:16.877150 | Epoch:4770 | LR: 0.0000490 | Loss : 0.0060 | Val loss: 0.0119
2026-01-11 12:15:39.828269 | Epoch:4771 | LR: 0.0000490 | Loss : 0.0060 | Val loss: 0.0117
2026-01-11 12:16:03.003330 | Epoch:4772 | LR: 0.0000490 | Loss : 0.0060 | Val loss: 0.0116
2026-01-11 12:16:26.153519 | Epoch:4773 | LR: 0.0000490 | Loss : 0.0061 | Val loss: 0.0119
2026-01-11 12:16:49.264418 | Epoch:4774 | LR: 0.0000490 | Loss : 0.0061 | Val loss: 0.0119
2026-01-11 12:17:12.549573 | Epoch:4775 | LR: 0.0000490 | Loss : 0.0060 | Val loss: 0.0118
2026-01-11 12:17:35.862291 | Epoch:4776 | LR: 0.0000490 | Loss : 0.0060 | Val loss: 0.0116
2026-01-11 12:17:58.806437 | Epoch:4777 | LR: 0.0000490 | Loss : 0.0061 | Val loss: 0.0118
2026-01-11 12:18:21.701474 | Epoch:4778 | LR: 0.0000490 | Loss : 0.0060 | Val loss: 0.0117
2026-01-11 12:18:44.941958 | Epoch:4779 | LR: 0.0000490 | Loss : 0.0060 | Val loss: 0.0118
2026-01-11 12:19:07.950119 | Epoch:4780 | LR: 0.0000491 | Loss : 0.0061 | Val loss: 0.0112
2026-01-11 12:19:31.215146 | Epoch:4781 | LR: 0.0000491 | Loss : 0.0061 | Val loss: 0.0116
2026-01-11 12:19:54.666210 | Epoch:4782 | LR: 0.0000491 | Loss : 0.0061 | Val loss: 0.0120
2026-01-11 12:20:17.617162 | Epoch:4783 | LR: 0.0000491 | Loss : 0.0060 | Val loss: 0.0118
2026-01-11 12:20:40.671526 | Epoch:4784 | LR: 0.0000491 | Loss : 0.0060 | Val loss: 0.0120
2026-01-11 12:21:03.960308 | Epoch:4785 | LR: 0.0000491 | Loss : 0.0061 | Val loss: 0.0116
2026-01-11 12:21:26.862790 | Epoch:4786 | LR: 0.0000491 | Loss : 0.0061 | Val loss: 0.0115
2026-01-11 12:21:49.926990 | Epoch:4787 | LR: 0.0000491 | Loss : 0.0061 | Val loss: 0.0116
2026-01-11 12:22:13.372978 | Epoch:4788 | LR: 0.0000491 | Loss : 0.0061 | Val loss: 0.0118
2026-01-11 12:22:36.179640 | Epoch:4789 | LR: 0.0000491 | Loss : 0.0061 | Val loss: 0.0114
2026-01-11 12:22:59.213639 | Epoch:4790 | LR: 0.0000491 | Loss : 0.0061 | Val loss: 0.0119
2026-01-11 12:23:22.417740 | Epoch:4791 | LR: 0.0000491 | Loss : 0.0060 | Val loss: 0.0118
2026-01-11 12:23:45.096759 | Epoch:4792 | LR: 0.0000492 | Loss : 0.0061 | Val loss: 0.0115
2026-01-11 12:24:08.194347 | Epoch:4793 | LR: 0.0000492 | Loss : 0.0060 | Val loss: 0.0113
2026-01-11 12:24:31.358836 | Epoch:4794 | LR: 0.0000492 | Loss : 0.0061 | Val loss: 0.0116
2026-01-11 12:24:54.138311 | Epoch:4795 | LR: 0.0000492 | Loss : 0.0061 | Val loss: 0.0120
2026-01-11 12:25:17.322670 | Epoch:4796 | LR: 0.0000492 | Loss : 0.0060 | Val loss: 0.0111
2026-01-11 12:25:40.584428 | Epoch:4797 | LR: 0.0000492 | Loss : 0.0061 | Val loss: 0.0115
2026-01-11 12:26:03.363804 | Epoch:4798 | LR: 0.0000492 | Loss : 0.0060 | Val loss: 0.0120
2026-01-11 12:26:26.310252 | Epoch:4799 | LR: 0.0000492 | Loss : 0.0060 | Val loss: 0.0117
2026-01-11 12:26:49.498939 | Epoch:4800 | LR: 0.0000492 | Loss : 0.0060 | Val loss: 0.0116
2026-01-11 12:27:12.372043 | Epoch:4801 | LR: 0.0000492 | Loss : 0.0061 | Val loss: 0.0119
2026-01-11 12:27:35.584353 | Epoch:4802 | LR: 0.0000492 | Loss : 0.0061 | Val loss: 0.0120
2026-01-11 12:27:58.977575 | Epoch:4803 | LR: 0.0000492 | Loss : 0.0061 | Val loss: 0.0115
2026-01-11 12:28:21.891910 | Epoch:4804 | LR: 0.0000492 | Loss : 0.0060 | Val loss: 0.0119
2026-01-11 12:28:44.854064 | Epoch:4805 | LR: 0.0000493 | Loss : 0.0061 | Val loss: 0.0116
2026-01-11 12:29:08.237218 | Epoch:4806 | LR: 0.0000493 | Loss : 0.0061 | Val loss: 0.0120
2026-01-11 12:29:30.978364 | Epoch:4807 | LR: 0.0000493 | Loss : 0.0061 | Val loss: 0.0118
2026-01-11 12:29:54.427907 | Epoch:4808 | LR: 0.0000493 | Loss : 0.0060 | Val loss: 0.0118
2026-01-11 12:30:17.570690 | Epoch:4809 | LR: 0.0000493 | Loss : 0.0060 | Val loss: 0.0122
2026-01-11 12:30:40.728531 | Epoch:4810 | LR: 0.0000493 | Loss : 0.0060 | Val loss: 0.0115
2026-01-11 12:31:05.097175 | Epoch:4811 | LR: 0.0000493 | Loss : 0.0061 | Val loss: 0.0117
2026-01-11 12:31:30.219825 | Epoch:4812 | LR: 0.0000493 | Loss : 0.0061 | Val loss: 0.0118
2026-01-11 12:31:54.765320 | Epoch:4813 | LR: 0.0000493 | Loss : 0.0060 | Val loss: 0.0121
2026-01-11 12:32:19.873717 | Epoch:4814 | LR: 0.0000493 | Loss : 0.0060 | Val loss: 0.0117
2026-01-11 12:32:44.610329 | Epoch:4815 | LR: 0.0000493 | Loss : 0.0061 | Val loss: 0.0119
2026-01-11 12:33:09.111192 | Epoch:4816 | LR: 0.0000493 | Loss : 0.0061 | Val loss: 0.0113
2026-01-11 12:33:34.347710 | Epoch:4817 | LR: 0.0000493 | Loss : 0.0061 | Val loss: 0.0118
2026-01-11 12:33:58.925477 | Epoch:4818 | LR: 0.0000493 | Loss : 0.0060 | Val loss: 0.0119
2026-01-11 12:34:23.841187 | Epoch:4819 | LR: 0.0000494 | Loss : 0.0060 | Val loss: 0.0124
2026-01-11 12:34:48.982890 | Epoch:4820 | LR: 0.0000494 | Loss : 0.0060 | Val loss: 0.0118
2026-01-11 12:35:13.407337 | Epoch:4821 | LR: 0.0000494 | Loss : 0.0060 | Val loss: 0.0113
2026-01-11 12:35:38.116813 | Epoch:4822 | LR: 0.0000494 | Loss : 0.0060 | Val loss: 0.0119
2026-01-11 12:36:03.104738 | Epoch:4823 | LR: 0.0000494 | Loss : 0.0061 | Val loss: 0.0113
2026-01-11 12:36:27.763107 | Epoch:4824 | LR: 0.0000494 | Loss : 0.0060 | Val loss: 0.0112
2026-01-11 12:36:52.382181 | Epoch:4825 | LR: 0.0000494 | Loss : 0.0060 | Val loss: 0.0119
2026-01-11 12:37:17.387104 | Epoch:4826 | LR: 0.0000494 | Loss : 0.0061 | Val loss: 0.0119
2026-01-11 12:37:42.417538 | Epoch:4827 | LR: 0.0000494 | Loss : 0.0060 | Val loss: 0.0116
2026-01-11 12:38:07.595178 | Epoch:4828 | LR: 0.0000494 | Loss : 0.0060 | Val loss: 0.0116
2026-01-11 12:38:32.257159 | Epoch:4829 | LR: 0.0000494 | Loss : 0.0061 | Val loss: 0.0116
2026-01-11 12:38:57.158388 | Epoch:4830 | LR: 0.0000494 | Loss : 0.0060 | Val loss: 0.0121
2026-01-11 12:39:21.986922 | Epoch:4831 | LR: 0.0000494 | Loss : 0.0062 | Val loss: 0.0118
2026-01-11 12:39:46.711334 | Epoch:4832 | LR: 0.0000494 | Loss : 0.0060 | Val loss: 0.0119
2026-01-11 12:40:11.977680 | Epoch:4833 | LR: 0.0000495 | Loss : 0.0060 | Val loss: 0.0118
2026-01-11 12:40:36.628833 | Epoch:4834 | LR: 0.0000495 | Loss : 0.0061 | Val loss: 0.0120
2026-01-11 12:41:01.704378 | Epoch:4835 | LR: 0.0000495 | Loss : 0.0061 | Val loss: 0.0119
2026-01-11 12:41:26.556179 | Epoch:4836 | LR: 0.0000495 | Loss : 0.0060 | Val loss: 0.0118
2026-01-11 12:41:51.115065 | Epoch:4837 | LR: 0.0000495 | Loss : 0.0060 | Val loss: 0.0116
2026-01-11 12:42:15.173864 | Epoch:4838 | LR: 0.0000495 | Loss : 0.0060 | Val loss: 0.0116
2026-01-11 12:42:38.911269 | Epoch:4839 | LR: 0.0000495 | Loss : 0.0060 | Val loss: 0.0115
2026-01-11 12:43:01.950270 | Epoch:4840 | LR: 0.0000495 | Loss : 0.0060 | Val loss: 0.0121
2026-01-11 12:43:25.178312 | Epoch:4841 | LR: 0.0000495 | Loss : 0.0060 | Val loss: 0.0114
2026-01-11 12:43:48.285798 | Epoch:4842 | LR: 0.0000495 | Loss : 0.0061 | Val loss: 0.0121
2026-01-11 12:44:11.196682 | Epoch:4843 | LR: 0.0000495 | Loss : 0.0061 | Val loss: 0.0115
2026-01-11 12:44:34.079507 | Epoch:4844 | LR: 0.0000495 | Loss : 0.0060 | Val loss: 0.0118
2026-01-11 12:44:56.974290 | Epoch:4845 | LR: 0.0000495 | Loss : 0.0060 | Val loss: 0.0119
2026-01-11 12:45:19.797847 | Epoch:4846 | LR: 0.0000495 | Loss : 0.0060 | Val loss: 0.0117
2026-01-11 12:45:42.750289 | Epoch:4847 | LR: 0.0000495 | Loss : 0.0060 | Val loss: 0.0113
2026-01-11 12:46:05.786613 | Epoch:4848 | LR: 0.0000495 | Loss : 0.0060 | Val loss: 0.0114
2026-01-11 12:46:28.510230 | Epoch:4849 | LR: 0.0000496 | Loss : 0.0060 | Val loss: 0.0119
2026-01-11 12:46:51.425901 | Epoch:4850 | LR: 0.0000496 | Loss : 0.0060 | Val loss: 0.0118
2026-01-11 12:47:14.456488 | Epoch:4851 | LR: 0.0000496 | Loss : 0.0061 | Val loss: 0.0118
2026-01-11 12:47:37.294622 | Epoch:4852 | LR: 0.0000496 | Loss : 0.0060 | Val loss: 0.0116
2026-01-11 12:48:00.287214 | Epoch:4853 | LR: 0.0000496 | Loss : 0.0060 | Val loss: 0.0124
2026-01-11 12:48:23.380767 | Epoch:4854 | LR: 0.0000496 | Loss : 0.0060 | Val loss: 0.0118
2026-01-11 12:48:46.280583 | Epoch:4855 | LR: 0.0000496 | Loss : 0.0060 | Val loss: 0.0118
2026-01-11 12:49:09.479262 | Epoch:4856 | LR: 0.0000496 | Loss : 0.0060 | Val loss: 0.0115
2026-01-11 12:49:32.540815 | Epoch:4857 | LR: 0.0000496 | Loss : 0.0060 | Val loss: 0.0120
2026-01-11 12:49:55.467020 | Epoch:4858 | LR: 0.0000496 | Loss : 0.0060 | Val loss: 0.0117
2026-01-11 12:50:18.354140 | Epoch:4859 | LR: 0.0000496 | Loss : 0.0061 | Val loss: 0.0114
2026-01-11 12:50:41.637105 | Epoch:4860 | LR: 0.0000496 | Loss : 0.0060 | Val loss: 0.0116
2026-01-11 12:51:04.468014 | Epoch:4861 | LR: 0.0000496 | Loss : 0.0060 | Val loss: 0.0123
2026-01-11 12:51:27.570637 | Epoch:4862 | LR: 0.0000496 | Loss : 0.0061 | Val loss: 0.0122
2026-01-11 12:51:50.585066 | Epoch:4863 | LR: 0.0000496 | Loss : 0.0060 | Val loss: 0.0119
2026-01-11 12:52:13.574903 | Epoch:4864 | LR: 0.0000496 | Loss : 0.0060 | Val loss: 0.0117
2026-01-11 12:52:36.563815 | Epoch:4865 | LR: 0.0000496 | Loss : 0.0060 | Val loss: 0.0119
2026-01-11 12:52:59.525665 | Epoch:4866 | LR: 0.0000496 | Loss : 0.0060 | Val loss: 0.0117
2026-01-11 12:53:22.318840 | Epoch:4867 | LR: 0.0000497 | Loss : 0.0061 | Val loss: 0.0118
2026-01-11 12:53:45.232778 | Epoch:4868 | LR: 0.0000497 | Loss : 0.0060 | Val loss: 0.0116
2026-01-11 12:54:08.267709 | Epoch:4869 | LR: 0.0000497 | Loss : 0.0061 | Val loss: 0.0122
2026-01-11 12:54:31.022857 | Epoch:4870 | LR: 0.0000497 | Loss : 0.0060 | Val loss: 0.0119
2026-01-11 12:54:53.902167 | Epoch:4871 | LR: 0.0000497 | Loss : 0.0060 | Val loss: 0.0121
2026-01-11 12:55:16.819773 | Epoch:4872 | LR: 0.0000497 | Loss : 0.0060 | Val loss: 0.0121
2026-01-11 12:55:39.811352 | Epoch:4873 | LR: 0.0000497 | Loss : 0.0060 | Val loss: 0.0123
2026-01-11 12:56:02.815160 | Epoch:4874 | LR: 0.0000497 | Loss : 0.0060 | Val loss: 0.0117
2026-01-11 12:56:25.722203 | Epoch:4875 | LR: 0.0000497 | Loss : 0.0061 | Val loss: 0.0119
2026-01-11 12:56:48.751557 | Epoch:4876 | LR: 0.0000497 | Loss : 0.0061 | Val loss: 0.0121
2026-01-11 12:57:11.652771 | Epoch:4877 | LR: 0.0000497 | Loss : 0.0059 | Val loss: 0.0116
2026-01-11 12:57:34.425308 | Epoch:4878 | LR: 0.0000497 | Loss : 0.0060 | Val loss: 0.0120
2026-01-11 12:57:57.485792 | Epoch:4879 | LR: 0.0000497 | Loss : 0.0060 | Val loss: 0.0119
2026-01-11 12:58:20.247962 | Epoch:4880 | LR: 0.0000497 | Loss : 0.0060 | Val loss: 0.0121
2026-01-11 12:58:43.338610 | Epoch:4881 | LR: 0.0000497 | Loss : 0.0060 | Val loss: 0.0113
2026-01-11 12:59:06.280884 | Epoch:4882 | LR: 0.0000497 | Loss : 0.0060 | Val loss: 0.0118
2026-01-11 12:59:29.016674 | Epoch:4883 | LR: 0.0000497 | Loss : 0.0060 | Val loss: 0.0120
2026-01-11 12:59:51.652970 | Epoch:4884 | LR: 0.0000497 | Loss : 0.0060 | Val loss: 0.0121
2026-01-11 13:00:14.786411 | Epoch:4885 | LR: 0.0000497 | Loss : 0.0061 | Val loss: 0.0119
2026-01-11 13:00:37.832472 | Epoch:4886 | LR: 0.0000497 | Loss : 0.0060 | Val loss: 0.0118
2026-01-11 13:01:00.733232 | Epoch:4887 | LR: 0.0000497 | Loss : 0.0060 | Val loss: 0.0119
2026-01-11 13:01:23.799288 | Epoch:4888 | LR: 0.0000498 | Loss : 0.0060 | Val loss: 0.0119
2026-01-11 13:01:46.691420 | Epoch:4889 | LR: 0.0000498 | Loss : 0.0060 | Val loss: 0.0119
2026-01-11 13:02:09.730207 | Epoch:4890 | LR: 0.0000498 | Loss : 0.0060 | Val loss: 0.0123
2026-01-11 13:02:33.014592 | Epoch:4891 | LR: 0.0000498 | Loss : 0.0061 | Val loss: 0.0118
2026-01-11 13:02:55.811592 | Epoch:4892 | LR: 0.0000498 | Loss : 0.0060 | Val loss: 0.0119
2026-01-11 13:03:18.577973 | Epoch:4893 | LR: 0.0000498 | Loss : 0.0060 | Val loss: 0.0123
2026-01-11 13:03:42.055142 | Epoch:4894 | LR: 0.0000498 | Loss : 0.0060 | Val loss: 0.0113
2026-01-11 13:04:06.783620 | Epoch:4895 | LR: 0.0000498 | Loss : 0.0061 | Val loss: 0.0117
2026-01-11 13:04:31.431655 | Epoch:4896 | LR: 0.0000498 | Loss : 0.0061 | Val loss: 0.0118
2026-01-11 13:04:56.146129 | Epoch:4897 | LR: 0.0000498 | Loss : 0.0060 | Val loss: 0.0119
2026-01-11 13:05:20.714404 | Epoch:4898 | LR: 0.0000498 | Loss : 0.0060 | Val loss: 0.0124
2026-01-11 13:05:45.618414 | Epoch:4899 | LR: 0.0000498 | Loss : 0.0061 | Val loss: 0.0121
2026-01-11 13:06:09.836182 | Epoch:4900 | LR: 0.0000498 | Loss : 0.0059 | Val loss: 0.0121
2026-01-11 13:06:34.758855 | Epoch:4901 | LR: 0.0000498 | Loss : 0.0060 | Val loss: 0.0119
2026-01-11 13:06:59.684125 | Epoch:4902 | LR: 0.0000498 | Loss : 0.0060 | Val loss: 0.0118
2026-01-11 13:07:24.350828 | Epoch:4903 | LR: 0.0000498 | Loss : 0.0060 | Val loss: 0.0121
2026-01-11 13:07:48.917452 | Epoch:4904 | LR: 0.0000498 | Loss : 0.0060 | Val loss: 0.0115
2026-01-11 13:08:13.843313 | Epoch:4905 | LR: 0.0000498 | Loss : 0.0060 | Val loss: 0.0121
2026-01-11 13:08:38.104956 | Epoch:4906 | LR: 0.0000498 | Loss : 0.0060 | Val loss: 0.0119
2026-01-11 13:09:03.047877 | Epoch:4907 | LR: 0.0000498 | Loss : 0.0060 | Val loss: 0.0120
2026-01-11 13:09:27.546082 | Epoch:4908 | LR: 0.0000498 | Loss : 0.0061 | Val loss: 0.0121
2026-01-11 13:09:51.766632 | Epoch:4909 | LR: 0.0000498 | Loss : 0.0060 | Val loss: 0.0119
2026-01-11 13:10:16.453836 | Epoch:4910 | LR: 0.0000498 | Loss : 0.0060 | Val loss: 0.0116
2026-01-11 13:10:40.827658 | Epoch:4911 | LR: 0.0000498 | Loss : 0.0061 | Val loss: 0.0117
2026-01-11 13:11:05.486661 | Epoch:4912 | LR: 0.0000498 | Loss : 0.0060 | Val loss: 0.0121
2026-01-11 13:11:30.063977 | Epoch:4913 | LR: 0.0000499 | Loss : 0.0060 | Val loss: 0.0119
2026-01-11 13:11:54.150310 | Epoch:4914 | LR: 0.0000499 | Loss : 0.0060 | Val loss: 0.0122
2026-01-11 13:12:19.127305 | Epoch:4915 | LR: 0.0000499 | Loss : 0.0060 | Val loss: 0.0120
2026-01-11 13:12:43.912180 | Epoch:4916 | LR: 0.0000499 | Loss : 0.0060 | Val loss: 0.0120
2026-01-11 13:13:08.407726 | Epoch:4917 | LR: 0.0000499 | Loss : 0.0060 | Val loss: 0.0117
2026-01-11 13:13:32.832320 | Epoch:4918 | LR: 0.0000499 | Loss : 0.0060 | Val loss: 0.0119
2026-01-11 13:13:57.895058 | Epoch:4919 | LR: 0.0000499 | Loss : 0.0060 | Val loss: 0.0116
2026-01-11 13:14:22.303197 | Epoch:4920 | LR: 0.0000499 | Loss : 0.0060 | Val loss: 0.0115
2026-01-11 13:14:46.831761 | Epoch:4921 | LR: 0.0000499 | Loss : 0.0061 | Val loss: 0.0124
2026-01-11 13:15:10.372165 | Epoch:4922 | LR: 0.0000499 | Loss : 0.0060 | Val loss: 0.0118
2026-01-11 13:15:33.495817 | Epoch:4923 | LR: 0.0000499 | Loss : 0.0061 | Val loss: 0.0118
2026-01-11 13:15:56.836448 | Epoch:4924 | LR: 0.0000499 | Loss : 0.0061 | Val loss: 0.0122
2026-01-11 13:16:19.580209 | Epoch:4925 | LR: 0.0000499 | Loss : 0.0061 | Val loss: 0.0121
2026-01-11 13:16:42.522003 | Epoch:4926 | LR: 0.0000499 | Loss : 0.0060 | Val loss: 0.0121
2026-01-11 13:17:05.539483 | Epoch:4927 | LR: 0.0000499 | Loss : 0.0060 | Val loss: 0.0119
2026-01-11 13:17:28.219508 | Epoch:4928 | LR: 0.0000499 | Loss : 0.0060 | Val loss: 0.0120
2026-01-11 13:17:51.151988 | Epoch:4929 | LR: 0.0000499 | Loss : 0.0060 | Val loss: 0.0118
2026-01-11 13:18:14.204237 | Epoch:4930 | LR: 0.0000499 | Loss : 0.0060 | Val loss: 0.0121
2026-01-11 13:18:36.953142 | Epoch:4931 | LR: 0.0000499 | Loss : 0.0061 | Val loss: 0.0120
2026-01-11 13:18:59.782229 | Epoch:4932 | LR: 0.0000499 | Loss : 0.0060 | Val loss: 0.0120
2026-01-11 13:19:22.783997 | Epoch:4933 | LR: 0.0000499 | Loss : 0.0060 | Val loss: 0.0116
2026-01-11 13:19:45.677753 | Epoch:4934 | LR: 0.0000499 | Loss : 0.0060 | Val loss: 0.0115
2026-01-11 13:20:08.532815 | Epoch:4935 | LR: 0.0000499 | Loss : 0.0060 | Val loss: 0.0115
2026-01-11 13:20:31.606624 | Epoch:4936 | LR: 0.0000499 | Loss : 0.0060 | Val loss: 0.0118
2026-01-11 13:20:54.460564 | Epoch:4937 | LR: 0.0000499 | Loss : 0.0059 | Val loss: 0.0118
2026-01-11 13:21:17.221726 | Epoch:4938 | LR: 0.0000499 | Loss : 0.0060 | Val loss: 0.0116
2026-01-11 13:21:40.440600 | Epoch:4939 | LR: 0.0000499 | Loss : 0.0060 | Val loss: 0.0116
2026-01-11 13:22:03.431871 | Epoch:4940 | LR: 0.0000499 | Loss : 0.0060 | Val loss: 0.0119
2026-01-11 13:22:26.301065 | Epoch:4941 | LR: 0.0000499 | Loss : 0.0060 | Val loss: 0.0122
2026-01-11 13:22:49.702132 | Epoch:4942 | LR: 0.0000499 | Loss : 0.0060 | Val loss: 0.0119
2026-01-11 13:23:12.599151 | Epoch:4943 | LR: 0.0000499 | Loss : 0.0061 | Val loss: 0.0119
2026-01-11 13:23:35.486306 | Epoch:4944 | LR: 0.0000499 | Loss : 0.0060 | Val loss: 0.0123
2026-01-11 13:23:58.340051 | Epoch:4945 | LR: 0.0000499 | Loss : 0.0059 | Val loss: 0.0124
2026-01-11 13:24:21.448691 | Epoch:4946 | LR: 0.0000499 | Loss : 0.0060 | Val loss: 0.0120
2026-01-11 13:24:44.357848 | Epoch:4947 | LR: 0.0000499 | Loss : 0.0059 | Val loss: 0.0118
2026-01-11 13:25:07.280158 | Epoch:4948 | LR: 0.0000499 | Loss : 0.0061 | Val loss: 0.0119
2026-01-11 13:25:30.170086 | Epoch:4949 | LR: 0.0000499 | Loss : 0.0060 | Val loss: 0.0119
2026-01-11 13:25:52.913495 | Epoch:4950 | LR: 0.0000500 | Loss : 0.0060 | Val loss: 0.0113
2026-01-11 13:26:15.918877 | Epoch:4951 | LR: 0.0000500 | Loss : 0.0060 | Val loss: 0.0120
2026-01-11 13:26:38.948362 | Epoch:4952 | LR: 0.0000500 | Loss : 0.0060 | Val loss: 0.0116
2026-01-11 13:27:01.891450 | Epoch:4953 | LR: 0.0000500 | Loss : 0.0060 | Val loss: 0.0120
2026-01-11 13:27:24.947758 | Epoch:4954 | LR: 0.0000500 | Loss : 0.0060 | Val loss: 0.0119
2026-01-11 13:27:48.084047 | Epoch:4955 | LR: 0.0000500 | Loss : 0.0059 | Val loss: 0.0119
2026-01-11 13:28:11.015392 | Epoch:4956 | LR: 0.0000500 | Loss : 0.0061 | Val loss: 0.0115
2026-01-11 13:28:34.162626 | Epoch:4957 | LR: 0.0000500 | Loss : 0.0060 | Val loss: 0.0120
2026-01-11 13:28:57.289283 | Epoch:4958 | LR: 0.0000500 | Loss : 0.0059 | Val loss: 0.0120
2026-01-11 13:29:20.277934 | Epoch:4959 | LR: 0.0000500 | Loss : 0.0060 | Val loss: 0.0121
2026-01-11 13:29:43.343740 | Epoch:4960 | LR: 0.0000500 | Loss : 0.0060 | Val loss: 0.0123
2026-01-11 13:30:06.350953 | Epoch:4961 | LR: 0.0000500 | Loss : 0.0059 | Val loss: 0.0114
2026-01-11 13:30:29.303328 | Epoch:4962 | LR: 0.0000500 | Loss : 0.0059 | Val loss: 0.0118
2026-01-11 13:30:52.366169 | Epoch:4963 | LR: 0.0000500 | Loss : 0.0060 | Val loss: 0.0121
2026-01-11 13:31:15.480158 | Epoch:4964 | LR: 0.0000500 | Loss : 0.0060 | Val loss: 0.0119
2026-01-11 13:31:38.339275 | Epoch:4965 | LR: 0.0000500 | Loss : 0.0060 | Val loss: 0.0118
2026-01-11 13:32:01.492512 | Epoch:4966 | LR: 0.0000500 | Loss : 0.0060 | Val loss: 0.0123
2026-01-11 13:32:24.326766 | Epoch:4967 | LR: 0.0000500 | Loss : 0.0059 | Val loss: 0.0118
2026-01-11 13:32:47.427915 | Epoch:4968 | LR: 0.0000500 | Loss : 0.0060 | Val loss: 0.0121
2026-01-11 13:33:10.465986 | Epoch:4969 | LR: 0.0000500 | Loss : 0.0060 | Val loss: 0.0119
2026-01-11 13:33:33.282554 | Epoch:4970 | LR: 0.0000500 | Loss : 0.0060 | Val loss: 0.0123
2026-01-11 13:33:56.354099 | Epoch:4971 | LR: 0.0000500 | Loss : 0.0060 | Val loss: 0.0121
2026-01-11 13:34:19.515804 | Epoch:4972 | LR: 0.0000500 | Loss : 0.0060 | Val loss: 0.0122
2026-01-11 13:34:42.641932 | Epoch:4973 | LR: 0.0000500 | Loss : 0.0060 | Val loss: 0.0123
2026-01-11 13:35:05.506016 | Epoch:4974 | LR: 0.0000500 | Loss : 0.0060 | Val loss: 0.0121
2026-01-11 13:35:28.318673 | Epoch:4975 | LR: 0.0000500 | Loss : 0.0059 | Val loss: 0.0117
2026-01-11 13:35:51.351155 | Epoch:4976 | LR: 0.0000500 | Loss : 0.0061 | Val loss: 0.0121
2026-01-11 13:36:14.325491 | Epoch:4977 | LR: 0.0000500 | Loss : 0.0060 | Val loss: 0.0118
2026-01-11 13:36:38.273656 | Epoch:4978 | LR: 0.0000500 | Loss : 0.0060 | Val loss: 0.0117
2026-01-11 13:37:02.742605 | Epoch:4979 | LR: 0.0000500 | Loss : 0.0060 | Val loss: 0.0118
2026-01-11 13:37:27.525378 | Epoch:4980 | LR: 0.0000500 | Loss : 0.0059 | Val loss: 0.0115
2026-01-11 13:37:52.123648 | Epoch:4981 | LR: 0.0000500 | Loss : 0.0060 | Val loss: 0.0119
2026-01-11 13:38:16.908298 | Epoch:4982 | LR: 0.0000500 | Loss : 0.0059 | Val loss: 0.0120
2026-01-11 13:38:41.341440 | Epoch:4983 | LR: 0.0000500 | Loss : 0.0060 | Val loss: 0.0116
2026-01-11 13:39:06.123715 | Epoch:4984 | LR: 0.0000500 | Loss : 0.0059 | Val loss: 0.0118
2026-01-11 13:39:30.639054 | Epoch:4985 | LR: 0.0000500 | Loss : 0.0060 | Val loss: 0.0116
2026-01-11 13:39:55.269607 | Epoch:4986 | LR: 0.0000500 | Loss : 0.0059 | Val loss: 0.0118
2026-01-11 13:40:19.699008 | Epoch:4987 | LR: 0.0000500 | Loss : 0.0060 | Val loss: 0.0124
2026-01-11 13:40:44.530549 | Epoch:4988 | LR: 0.0000500 | Loss : 0.0059 | Val loss: 0.0117
2026-01-11 13:41:08.765740 | Epoch:4989 | LR: 0.0000500 | Loss : 0.0060 | Val loss: 0.0118
2026-01-11 13:41:33.584278 | Epoch:4990 | LR: 0.0000500 | Loss : 0.0060 | Val loss: 0.0118
2026-01-11 13:41:57.968287 | Epoch:4991 | LR: 0.0000500 | Loss : 0.0060 | Val loss: 0.0123
2026-01-11 13:42:22.775200 | Epoch:4992 | LR: 0.0000500 | Loss : 0.0059 | Val loss: 0.0118
2026-01-11 13:42:47.617551 | Epoch:4993 | LR: 0.0000500 | Loss : 0.0060 | Val loss: 0.0122
2026-01-11 13:43:11.671298 | Epoch:4994 | LR: 0.0000500 | Loss : 0.0060 | Val loss: 0.0120
2026-01-11 13:43:36.810545 | Epoch:4995 | LR: 0.0000500 | Loss : 0.0060 | Val loss: 0.0117
2026-01-11 13:44:01.954085 | Epoch:4996 | LR: 0.0000500 | Loss : 0.0060 | Val loss: 0.0124
2026-01-11 13:44:26.419600 | Epoch:4997 | LR: 0.0000500 | Loss : 0.0060 | Val loss: 0.0121
2026-01-11 13:44:50.851569 | Epoch:4998 | LR: 0.0000500 | Loss : 0.0060 | Val loss: 0.0120
2026-01-11 13:45:15.602980 | Epoch:4999 | LR: 0.0000500 | Loss : 0.0061 | Val loss: 0.0115
2026-01-11 13:45:40.389625 | Epoch:5000 | LR: 0.0000500 | Loss : 0.0059 | Val loss: 0.0122
2026-01-11 13:46:05.193215 | Epoch:5001 | LR: 0.0000500 | Loss : 0.0059 | Val loss: 0.0121
2026-01-11 13:46:29.895614 | Epoch:5002 | LR: 0.0000500 | Loss : 0.0060 | Val loss: 0.0120
2026-01-11 13:46:54.562678 | Epoch:5003 | LR: 0.0000500 | Loss : 0.0060 | Val loss: 0.0122
2026-01-11 13:47:19.372062 | Epoch:5004 | LR: 0.0000500 | Loss : 0.0060 | Val loss: 0.0120
2026-01-11 13:47:44.086148 | Epoch:5005 | LR: 0.0000500 | Loss : 0.0059 | Val loss: 0.0116
2026-01-11 13:48:08.180915 | Epoch:5006 | LR: 0.0000500 | Loss : 0.0060 | Val loss: 0.0121
2026-01-11 13:48:31.597829 | Epoch:5007 | LR: 0.0000500 | Loss : 0.0059 | Val loss: 0.0124
2026-01-11 13:48:54.497443 | Epoch:5008 | LR: 0.0000500 | Loss : 0.0060 | Val loss: 0.0117
2026-01-11 13:49:17.496566 | Epoch:5009 | LR: 0.0000500 | Loss : 0.0059 | Val loss: 0.0126
2026-01-11 13:49:40.492886 | Epoch:5010 | LR: 0.0000500 | Loss : 0.0059 | Val loss: 0.0123
2026-01-11 13:50:03.401286 | Epoch:5011 | LR: 0.0000500 | Loss : 0.0060 | Val loss: 0.0122
2026-01-11 13:50:26.374688 | Epoch:5012 | LR: 0.0000500 | Loss : 0.0060 | Val loss: 0.0126
2026-01-11 13:50:49.535405 | Epoch:5013 | LR: 0.0000500 | Loss : 0.0060 | Val loss: 0.0121
2026-01-11 13:51:12.469613 | Epoch:5014 | LR: 0.0000500 | Loss : 0.0060 | Val loss: 0.0118
2026-01-11 13:51:35.557859 | Epoch:5015 | LR: 0.0000500 | Loss : 0.0060 | Val loss: 0.0121
2026-01-11 13:51:58.590808 | Epoch:5016 | LR: 0.0000500 | Loss : 0.0059 | Val loss: 0.0119
2026-01-11 13:52:21.549172 | Epoch:5017 | LR: 0.0000500 | Loss : 0.0061 | Val loss: 0.0119
2026-01-11 13:52:44.560383 | Epoch:5018 | LR: 0.0000500 | Loss : 0.0059 | Val loss: 0.0122
2026-01-11 13:53:07.649281 | Epoch:5019 | LR: 0.0000500 | Loss : 0.0059 | Val loss: 0.0120
2026-01-11 13:53:30.693379 | Epoch:5020 | LR: 0.0000500 | Loss : 0.0059 | Val loss: 0.0117
2026-01-11 13:53:53.537705 | Epoch:5021 | LR: 0.0000500 | Loss : 0.0060 | Val loss: 0.0116
2026-01-11 13:54:16.701428 | Epoch:5022 | LR: 0.0000500 | Loss : 0.0060 | Val loss: 0.0127
2026-01-11 13:54:39.446539 | Epoch:5023 | LR: 0.0000500 | Loss : 0.0060 | Val loss: 0.0119
2026-01-11 13:55:02.432828 | Epoch:5024 | LR: 0.0000500 | Loss : 0.0060 | Val loss: 0.0119
2026-01-11 13:55:25.387505 | Epoch:5025 | LR: 0.0000500 | Loss : 0.0060 | Val loss: 0.0120
2026-01-11 13:55:48.402487 | Epoch:5026 | LR: 0.0000500 | Loss : 0.0059 | Val loss: 0.0117
2026-01-11 13:56:11.407675 | Epoch:5027 | LR: 0.0000500 | Loss : 0.0059 | Val loss: 0.0124
2026-01-11 13:56:34.588057 | Epoch:5028 | LR: 0.0000500 | Loss : 0.0059 | Val loss: 0.0119
2026-01-11 13:56:57.334953 | Epoch:5029 | LR: 0.0000500 | Loss : 0.0059 | Val loss: 0.0116
2026-01-11 13:57:20.401991 | Epoch:5030 | LR: 0.0000500 | Loss : 0.0060 | Val loss: 0.0120
2026-01-11 13:57:43.594716 | Epoch:5031 | LR: 0.0000500 | Loss : 0.0060 | Val loss: 0.0121
2026-01-11 13:58:06.374637 | Epoch:5032 | LR: 0.0000500 | Loss : 0.0060 | Val loss: 0.0124
2026-01-11 13:58:29.372114 | Epoch:5033 | LR: 0.0000500 | Loss : 0.0060 | Val loss: 0.0116
2026-01-11 13:58:52.557371 | Epoch:5034 | LR: 0.0000500 | Loss : 0.0060 | Val loss: 0.0126
2026-01-11 13:59:15.513688 | Epoch:5035 | LR: 0.0000500 | Loss : 0.0059 | Val loss: 0.0118
2026-01-11 13:59:38.334363 | Epoch:5036 | LR: 0.0000500 | Loss : 0.0059 | Val loss: 0.0123
2026-01-11 14:00:01.639801 | Epoch:5037 | LR: 0.0000500 | Loss : 0.0060 | Val loss: 0.0119
2026-01-11 14:00:24.747478 | Epoch:5038 | LR: 0.0000500 | Loss : 0.0060 | Val loss: 0.0123
2026-01-11 14:00:47.596515 | Epoch:5039 | LR: 0.0000500 | Loss : 0.0060 | Val loss: 0.0123
2026-01-11 14:01:10.514277 | Epoch:5040 | LR: 0.0000500 | Loss : 0.0059 | Val loss: 0.0119
2026-01-11 14:01:33.619728 | Epoch:5041 | LR: 0.0000500 | Loss : 0.0060 | Val loss: 0.0126
2026-01-11 14:01:56.394076 | Epoch:5042 | LR: 0.0000500 | Loss : 0.0060 | Val loss: 0.0123
2026-01-11 14:02:19.571813 | Epoch:5043 | LR: 0.0000500 | Loss : 0.0059 | Val loss: 0.0123
2026-01-11 14:02:42.405251 | Epoch:5044 | LR: 0.0000500 | Loss : 0.0059 | Val loss: 0.0117
2026-01-11 14:03:05.393791 | Epoch:5045 | LR: 0.0000500 | Loss : 0.0058 | Val loss: 0.0126
2026-01-11 14:03:28.425904 | Epoch:5046 | LR: 0.0000500 | Loss : 0.0060 | Val loss: 0.0123
2026-01-11 14:03:51.269357 | Epoch:5047 | LR: 0.0000500 | Loss : 0.0060 | Val loss: 0.0123
2026-01-11 14:04:14.332259 | Epoch:5048 | LR: 0.0000500 | Loss : 0.0059 | Val loss: 0.0113
2026-01-11 14:04:37.606365 | Epoch:5049 | LR: 0.0000500 | Loss : 0.0059 | Val loss: 0.0123
2026-01-11 14:05:00.750195 | Epoch:5050 | LR: 0.0000500 | Loss : 0.0059 | Val loss: 0.0121
2026-01-11 14:05:23.907876 | Epoch:5051 | LR: 0.0000499 | Loss : 0.0059 | Val loss: 0.0119
2026-01-11 14:05:47.166195 | Epoch:5052 | LR: 0.0000499 | Loss : 0.0060 | Val loss: 0.0122
2026-01-11 14:06:09.984573 | Epoch:5053 | LR: 0.0000499 | Loss : 0.0059 | Val loss: 0.0123
2026-01-11 14:06:33.276611 | Epoch:5054 | LR: 0.0000499 | Loss : 0.0060 | Val loss: 0.0118
2026-01-11 14:06:56.497365 | Epoch:5055 | LR: 0.0000499 | Loss : 0.0059 | Val loss: 0.0118
2026-01-11 14:07:19.075897 | Epoch:5056 | LR: 0.0000499 | Loss : 0.0059 | Val loss: 0.0125
2026-01-11 14:07:42.019368 | Epoch:5057 | LR: 0.0000499 | Loss : 0.0060 | Val loss: 0.0120
2026-01-11 14:08:05.063080 | Epoch:5058 | LR: 0.0000499 | Loss : 0.0060 | Val loss: 0.0125
2026-01-11 14:08:27.936492 | Epoch:5059 | LR: 0.0000499 | Loss : 0.0059 | Val loss: 0.0125
2026-01-11 14:08:51.020670 | Epoch:5060 | LR: 0.0000499 | Loss : 0.0059 | Val loss: 0.0121
2026-01-11 14:09:13.842139 | Epoch:5061 | LR: 0.0000499 | Loss : 0.0060 | Val loss: 0.0117
2026-01-11 14:09:38.344709 | Epoch:5062 | LR: 0.0000499 | Loss : 0.0059 | Val loss: 0.0114
2026-01-11 14:10:02.881840 | Epoch:5063 | LR: 0.0000499 | Loss : 0.0060 | Val loss: 0.0121
2026-01-11 14:10:27.839186 | Epoch:5064 | LR: 0.0000499 | Loss : 0.0059 | Val loss: 0.0118
2026-01-11 14:10:52.332180 | Epoch:5065 | LR: 0.0000499 | Loss : 0.0059 | Val loss: 0.0121
2026-01-11 14:11:17.126264 | Epoch:5066 | LR: 0.0000499 | Loss : 0.0059 | Val loss: 0.0123
2026-01-11 14:11:41.754668 | Epoch:5067 | LR: 0.0000499 | Loss : 0.0059 | Val loss: 0.0119
2026-01-11 14:12:06.496655 | Epoch:5068 | LR: 0.0000499 | Loss : 0.0059 | Val loss: 0.0122
2026-01-11 14:12:31.006092 | Epoch:5069 | LR: 0.0000499 | Loss : 0.0059 | Val loss: 0.0128
2026-01-11 14:12:55.698471 | Epoch:5070 | LR: 0.0000499 | Loss : 0.0058 | Val loss: 0.0124
2026-01-11 14:13:20.523596 | Epoch:5071 | LR: 0.0000499 | Loss : 0.0059 | Val loss: 0.0128
2026-01-11 14:13:45.198766 | Epoch:5072 | LR: 0.0000499 | Loss : 0.0059 | Val loss: 0.0124
2026-01-11 14:14:09.931970 | Epoch:5073 | LR: 0.0000499 | Loss : 0.0059 | Val loss: 0.0126
2026-01-11 14:14:34.474412 | Epoch:5074 | LR: 0.0000499 | Loss : 0.0059 | Val loss: 0.0118
2026-01-11 14:14:59.195617 | Epoch:5075 | LR: 0.0000499 | Loss : 0.0059 | Val loss: 0.0122
2026-01-11 14:15:23.990519 | Epoch:5076 | LR: 0.0000499 | Loss : 0.0059 | Val loss: 0.0126
2026-01-11 14:15:48.868928 | Epoch:5077 | LR: 0.0000499 | Loss : 0.0059 | Val loss: 0.0121
2026-01-11 14:16:13.502909 | Epoch:5078 | LR: 0.0000499 | Loss : 0.0059 | Val loss: 0.0120
2026-01-11 14:16:38.421352 | Epoch:5079 | LR: 0.0000499 | Loss : 0.0059 | Val loss: 0.0124
2026-01-11 14:17:03.169635 | Epoch:5080 | LR: 0.0000499 | Loss : 0.0060 | Val loss: 0.0126
2026-01-11 14:17:28.086632 | Epoch:5081 | LR: 0.0000499 | Loss : 0.0059 | Val loss: 0.0119
2026-01-11 14:17:52.500191 | Epoch:5082 | LR: 0.0000499 | Loss : 0.0059 | Val loss: 0.0125
2026-01-11 14:18:17.461946 | Epoch:5083 | LR: 0.0000499 | Loss : 0.0059 | Val loss: 0.0126
2026-01-11 14:18:42.139512 | Epoch:5084 | LR: 0.0000499 | Loss : 0.0059 | Val loss: 0.0124
2026-01-11 14:19:06.752955 | Epoch:5085 | LR: 0.0000499 | Loss : 0.0059 | Val loss: 0.0123
2026-01-11 14:19:31.609650 | Epoch:5086 | LR: 0.0000499 | Loss : 0.0059 | Val loss: 0.0126
2026-01-11 14:19:56.526962 | Epoch:5087 | LR: 0.0000499 | Loss : 0.0059 | Val loss: 0.0124
2026-01-11 14:20:21.029831 | Epoch:5088 | LR: 0.0000498 | Loss : 0.0060 | Val loss: 0.0126
2026-01-11 14:20:45.265028 | Epoch:5089 | LR: 0.0000498 | Loss : 0.0059 | Val loss: 0.0123
2026-01-11 14:21:08.864788 | Epoch:5090 | LR: 0.0000498 | Loss : 0.0060 | Val loss: 0.0117
2026-01-11 14:21:31.969207 | Epoch:5091 | LR: 0.0000498 | Loss : 0.0059 | Val loss: 0.0122
2026-01-11 14:21:55.053289 | Epoch:5092 | LR: 0.0000498 | Loss : 0.0059 | Val loss: 0.0121
2026-01-11 14:22:18.212239 | Epoch:5093 | LR: 0.0000498 | Loss : 0.0059 | Val loss: 0.0120
2026-01-11 14:22:41.236272 | Epoch:5094 | LR: 0.0000498 | Loss : 0.0059 | Val loss: 0.0122
2026-01-11 14:23:03.915411 | Epoch:5095 | LR: 0.0000498 | Loss : 0.0059 | Val loss: 0.0129
2026-01-11 14:23:26.899640 | Epoch:5096 | LR: 0.0000498 | Loss : 0.0058 | Val loss: 0.0121
2026-01-11 14:23:50.030058 | Epoch:5097 | LR: 0.0000498 | Loss : 0.0059 | Val loss: 0.0124
2026-01-11 14:24:12.960824 | Epoch:5098 | LR: 0.0000498 | Loss : 0.0059 | Val loss: 0.0124
2026-01-11 14:24:36.007743 | Epoch:5099 | LR: 0.0000498 | Loss : 0.0059 | Val loss: 0.0130
2026-01-11 14:24:58.886301 | Epoch:5100 | LR: 0.0000498 | Loss : 0.0060 | Val loss: 0.0120
2026-01-11 14:25:21.828816 | Epoch:5101 | LR: 0.0000498 | Loss : 0.0059 | Val loss: 0.0121
2026-01-11 14:25:44.781268 | Epoch:5102 | LR: 0.0000498 | Loss : 0.0060 | Val loss: 0.0118
2026-01-11 14:26:07.767266 | Epoch:5103 | LR: 0.0000498 | Loss : 0.0059 | Val loss: 0.0118
2026-01-11 14:26:30.915149 | Epoch:5104 | LR: 0.0000498 | Loss : 0.0059 | Val loss: 0.0126
2026-01-11 14:26:53.720244 | Epoch:5105 | LR: 0.0000498 | Loss : 0.0059 | Val loss: 0.0127
2026-01-11 14:27:16.515785 | Epoch:5106 | LR: 0.0000498 | Loss : 0.0059 | Val loss: 0.0126
2026-01-11 14:27:39.645564 | Epoch:5107 | LR: 0.0000498 | Loss : 0.0059 | Val loss: 0.0119
2026-01-11 14:28:02.573862 | Epoch:5108 | LR: 0.0000498 | Loss : 0.0060 | Val loss: 0.0123
2026-01-11 14:28:25.574099 | Epoch:5109 | LR: 0.0000498 | Loss : 0.0059 | Val loss: 0.0125
2026-01-11 14:28:48.546053 | Epoch:5110 | LR: 0.0000498 | Loss : 0.0060 | Val loss: 0.0122
2026-01-11 14:29:11.575546 | Epoch:5111 | LR: 0.0000498 | Loss : 0.0060 | Val loss: 0.0125
2026-01-11 14:29:34.409144 | Epoch:5112 | LR: 0.0000498 | Loss : 0.0059 | Val loss: 0.0117
2026-01-11 14:29:57.535204 | Epoch:5113 | LR: 0.0000497 | Loss : 0.0059 | Val loss: 0.0122
2026-01-11 14:30:20.593746 | Epoch:5114 | LR: 0.0000497 | Loss : 0.0059 | Val loss: 0.0126
2026-01-11 14:30:43.478584 | Epoch:5115 | LR: 0.0000497 | Loss : 0.0059 | Val loss: 0.0121
2026-01-11 14:31:06.878931 | Epoch:5116 | LR: 0.0000497 | Loss : 0.0059 | Val loss: 0.0122
2026-01-11 14:31:29.815416 | Epoch:5117 | LR: 0.0000497 | Loss : 0.0059 | Val loss: 0.0123
2026-01-11 14:31:52.789044 | Epoch:5118 | LR: 0.0000497 | Loss : 0.0059 | Val loss: 0.0127
2026-01-11 14:32:15.767052 | Epoch:5119 | LR: 0.0000497 | Loss : 0.0059 | Val loss: 0.0125
2026-01-11 14:32:38.813375 | Epoch:5120 | LR: 0.0000497 | Loss : 0.0059 | Val loss: 0.0125
2026-01-11 14:33:01.617415 | Epoch:5121 | LR: 0.0000497 | Loss : 0.0059 | Val loss: 0.0124
2026-01-11 14:33:24.688169 | Epoch:5122 | LR: 0.0000497 | Loss : 0.0059 | Val loss: 0.0116
2026-01-11 14:33:47.837620 | Epoch:5123 | LR: 0.0000497 | Loss : 0.0060 | Val loss: 0.0124
2026-01-11 14:34:10.754460 | Epoch:5124 | LR: 0.0000497 | Loss : 0.0059 | Val loss: 0.0125
2026-01-11 14:34:33.968001 | Epoch:5125 | LR: 0.0000497 | Loss : 0.0059 | Val loss: 0.0119
2026-01-11 14:34:56.968467 | Epoch:5126 | LR: 0.0000497 | Loss : 0.0059 | Val loss: 0.0125
2026-01-11 14:35:20.008458 | Epoch:5127 | LR: 0.0000497 | Loss : 0.0059 | Val loss: 0.0124
2026-01-11 14:35:43.180929 | Epoch:5128 | LR: 0.0000497 | Loss : 0.0059 | Val loss: 0.0125
2026-01-11 14:36:06.291351 | Epoch:5129 | LR: 0.0000497 | Loss : 0.0059 | Val loss: 0.0120
2026-01-11 14:36:29.388690 | Epoch:5130 | LR: 0.0000497 | Loss : 0.0059 | Val loss: 0.0124
2026-01-11 14:36:52.439156 | Epoch:5131 | LR: 0.0000497 | Loss : 0.0059 | Val loss: 0.0125
2026-01-11 14:37:15.528860 | Epoch:5132 | LR: 0.0000497 | Loss : 0.0060 | Val loss: 0.0123
2026-01-11 14:37:38.593883 | Epoch:5133 | LR: 0.0000497 | Loss : 0.0059 | Val loss: 0.0123
2026-01-11 14:38:01.838011 | Epoch:5134 | LR: 0.0000496 | Loss : 0.0059 | Val loss: 0.0121
2026-01-11 14:38:24.571009 | Epoch:5135 | LR: 0.0000496 | Loss : 0.0060 | Val loss: 0.0123
2026-01-11 14:38:47.631023 | Epoch:5136 | LR: 0.0000496 | Loss : 0.0059 | Val loss: 0.0120
2026-01-11 14:39:10.718116 | Epoch:5137 | LR: 0.0000496 | Loss : 0.0059 | Val loss: 0.0120
2026-01-11 14:39:33.809153 | Epoch:5138 | LR: 0.0000496 | Loss : 0.0059 | Val loss: 0.0121
2026-01-11 14:39:56.684004 | Epoch:5139 | LR: 0.0000496 | Loss : 0.0059 | Val loss: 0.0127
2026-01-11 14:40:19.779692 | Epoch:5140 | LR: 0.0000496 | Loss : 0.0059 | Val loss: 0.0119
2026-01-11 14:40:42.699483 | Epoch:5141 | LR: 0.0000496 | Loss : 0.0059 | Val loss: 0.0121
2026-01-11 14:41:05.566023 | Epoch:5142 | LR: 0.0000496 | Loss : 0.0059 | Val loss: 0.0121
2026-01-11 14:41:28.585776 | Epoch:5143 | LR: 0.0000496 | Loss : 0.0059 | Val loss: 0.0118
2026-01-11 14:41:51.606496 | Epoch:5144 | LR: 0.0000496 | Loss : 0.0058 | Val loss: 0.0124
2026-01-11 14:42:15.963037 | Epoch:5145 | LR: 0.0000496 | Loss : 0.0058 | Val loss: 0.0127
2026-01-11 14:42:40.664345 | Epoch:5146 | LR: 0.0000496 | Loss : 0.0059 | Val loss: 0.0124
2026-01-11 14:43:05.169627 | Epoch:5147 | LR: 0.0000496 | Loss : 0.0059 | Val loss: 0.0118
2026-01-11 14:43:29.576546 | Epoch:5148 | LR: 0.0000496 | Loss : 0.0059 | Val loss: 0.0122
2026-01-11 14:43:54.721306 | Epoch:5149 | LR: 0.0000496 | Loss : 0.0060 | Val loss: 0.0121
2026-01-11 14:44:19.375345 | Epoch:5150 | LR: 0.0000496 | Loss : 0.0058 | Val loss: 0.0129
2026-01-11 14:44:44.095937 | Epoch:5151 | LR: 0.0000496 | Loss : 0.0059 | Val loss: 0.0124
2026-01-11 14:45:08.460395 | Epoch:5152 | LR: 0.0000495 | Loss : 0.0058 | Val loss: 0.0122
2026-01-11 14:45:33.424178 | Epoch:5153 | LR: 0.0000495 | Loss : 0.0059 | Val loss: 0.0123
2026-01-11 14:45:58.047766 | Epoch:5154 | LR: 0.0000495 | Loss : 0.0059 | Val loss: 0.0125
2026-01-11 14:46:22.663649 | Epoch:5155 | LR: 0.0000495 | Loss : 0.0059 | Val loss: 0.0125
2026-01-11 14:46:46.866281 | Epoch:5156 | LR: 0.0000495 | Loss : 0.0059 | Val loss: 0.0120
2026-01-11 14:47:12.047597 | Epoch:5157 | LR: 0.0000495 | Loss : 0.0059 | Val loss: 0.0126
2026-01-11 14:47:36.261247 | Epoch:5158 | LR: 0.0000495 | Loss : 0.0058 | Val loss: 0.0126
2026-01-11 14:48:01.299630 | Epoch:5159 | LR: 0.0000495 | Loss : 0.0059 | Val loss: 0.0128
2026-01-11 14:48:25.633511 | Epoch:5160 | LR: 0.0000495 | Loss : 0.0059 | Val loss: 0.0126
2026-01-11 14:48:50.238483 | Epoch:5161 | LR: 0.0000495 | Loss : 0.0060 | Val loss: 0.0125
2026-01-11 14:49:14.678817 | Epoch:5162 | LR: 0.0000495 | Loss : 0.0059 | Val loss: 0.0122
2026-01-11 14:49:39.344608 | Epoch:5163 | LR: 0.0000495 | Loss : 0.0059 | Val loss: 0.0128
2026-01-11 14:50:03.700568 | Epoch:5164 | LR: 0.0000495 | Loss : 0.0058 | Val loss: 0.0124
2026-01-11 14:50:28.325207 | Epoch:5165 | LR: 0.0000495 | Loss : 0.0059 | Val loss: 0.0125
2026-01-11 14:50:52.882271 | Epoch:5166 | LR: 0.0000495 | Loss : 0.0059 | Val loss: 0.0122
2026-01-11 14:51:17.070498 | Epoch:5167 | LR: 0.0000495 | Loss : 0.0060 | Val loss: 0.0128
2026-01-11 14:51:41.846067 | Epoch:5168 | LR: 0.0000494 | Loss : 0.0059 | Val loss: 0.0123
2026-01-11 14:52:06.320820 | Epoch:5169 | LR: 0.0000494 | Loss : 0.0058 | Val loss: 0.0120
2026-01-11 14:52:30.943023 | Epoch:5170 | LR: 0.0000494 | Loss : 0.0058 | Val loss: 0.0125
2026-01-11 14:52:56.172211 | Epoch:5171 | LR: 0.0000494 | Loss : 0.0058 | Val loss: 0.0122
2026-01-11 14:53:20.463056 | Epoch:5172 | LR: 0.0000494 | Loss : 0.0059 | Val loss: 0.0118
2026-01-11 14:53:44.212686 | Epoch:5173 | LR: 0.0000494 | Loss : 0.0058 | Val loss: 0.0130
2026-01-11 14:54:07.407569 | Epoch:5174 | LR: 0.0000494 | Loss : 0.0057 | Val loss: 0.0119
2026-01-11 14:54:30.048516 | Epoch:5175 | LR: 0.0000494 | Loss : 0.0059 | Val loss: 0.0123
2026-01-11 14:54:53.068684 | Epoch:5176 | LR: 0.0000494 | Loss : 0.0059 | Val loss: 0.0121
2026-01-11 14:55:15.927856 | Epoch:5177 | LR: 0.0000494 | Loss : 0.0058 | Val loss: 0.0128
2026-01-11 14:55:38.872008 | Epoch:5178 | LR: 0.0000494 | Loss : 0.0059 | Val loss: 0.0125
2026-01-11 14:56:01.960886 | Epoch:5179 | LR: 0.0000494 | Loss : 0.0059 | Val loss: 0.0129
2026-01-11 14:56:24.940364 | Epoch:5180 | LR: 0.0000494 | Loss : 0.0059 | Val loss: 0.0123
2026-01-11 14:56:47.705152 | Epoch:5181 | LR: 0.0000494 | Loss : 0.0059 | Val loss: 0.0123
2026-01-11 14:57:10.754770 | Epoch:5182 | LR: 0.0000493 | Loss : 0.0059 | Val loss: 0.0131
2026-01-11 14:57:33.850917 | Epoch:5183 | LR: 0.0000493 | Loss : 0.0059 | Val loss: 0.0129
2026-01-11 14:57:56.489168 | Epoch:5184 | LR: 0.0000493 | Loss : 0.0058 | Val loss: 0.0123
2026-01-11 14:58:19.447889 | Epoch:5185 | LR: 0.0000493 | Loss : 0.0059 | Val loss: 0.0120
2026-01-11 14:58:42.480934 | Epoch:5186 | LR: 0.0000493 | Loss : 0.0058 | Val loss: 0.0129
2026-01-11 14:59:05.282374 | Epoch:5187 | LR: 0.0000493 | Loss : 0.0059 | Val loss: 0.0124
2026-01-11 14:59:28.498486 | Epoch:5188 | LR: 0.0000493 | Loss : 0.0058 | Val loss: 0.0120
2026-01-11 14:59:51.542150 | Epoch:5189 | LR: 0.0000493 | Loss : 0.0059 | Val loss: 0.0126
2026-01-11 15:00:14.241837 | Epoch:5190 | LR: 0.0000493 | Loss : 0.0059 | Val loss: 0.0121
2026-01-11 15:00:37.066930 | Epoch:5191 | LR: 0.0000493 | Loss : 0.0059 | Val loss: 0.0118
2026-01-11 15:01:00.134598 | Epoch:5192 | LR: 0.0000493 | Loss : 0.0059 | Val loss: 0.0122
2026-01-11 15:01:23.307428 | Epoch:5193 | LR: 0.0000493 | Loss : 0.0059 | Val loss: 0.0121
2026-01-11 15:01:46.257107 | Epoch:5194 | LR: 0.0000493 | Loss : 0.0059 | Val loss: 0.0131
2026-01-11 15:02:09.386989 | Epoch:5195 | LR: 0.0000493 | Loss : 0.0059 | Val loss: 0.0122
2026-01-11 15:02:32.152633 | Epoch:5196 | LR: 0.0000492 | Loss : 0.0059 | Val loss: 0.0122
2026-01-11 15:02:55.208512 | Epoch:5197 | LR: 0.0000492 | Loss : 0.0059 | Val loss: 0.0121
2026-01-11 15:03:18.241007 | Epoch:5198 | LR: 0.0000492 | Loss : 0.0059 | Val loss: 0.0124
2026-01-11 15:03:40.968957 | Epoch:5199 | LR: 0.0000492 | Loss : 0.0059 | Val loss: 0.0126
2026-01-11 15:04:04.067296 | Epoch:5200 | LR: 0.0000492 | Loss : 0.0058 | Val loss: 0.0123
2026-01-11 15:04:27.128635 | Epoch:5201 | LR: 0.0000492 | Loss : 0.0059 | Val loss: 0.0126
2026-01-11 15:04:50.184618 | Epoch:5202 | LR: 0.0000492 | Loss : 0.0059 | Val loss: 0.0127
2026-01-11 15:05:13.234055 | Epoch:5203 | LR: 0.0000492 | Loss : 0.0059 | Val loss: 0.0128
2026-01-11 15:05:36.435992 | Epoch:5204 | LR: 0.0000492 | Loss : 0.0059 | Val loss: 0.0125
2026-01-11 15:05:59.505308 | Epoch:5205 | LR: 0.0000492 | Loss : 0.0058 | Val loss: 0.0130
2026-01-11 15:06:22.601804 | Epoch:5206 | LR: 0.0000492 | Loss : 0.0058 | Val loss: 0.0123
2026-01-11 15:06:45.625608 | Epoch:5207 | LR: 0.0000492 | Loss : 0.0059 | Val loss: 0.0122
2026-01-11 15:07:08.622406 | Epoch:5208 | LR: 0.0000492 | Loss : 0.0059 | Val loss: 0.0119
2026-01-11 15:07:31.873222 | Epoch:5209 | LR: 0.0000491 | Loss : 0.0059 | Val loss: 0.0126
2026-01-11 15:07:55.037610 | Epoch:5210 | LR: 0.0000491 | Loss : 0.0058 | Val loss: 0.0125
2026-01-11 15:08:17.920072 | Epoch:5211 | LR: 0.0000491 | Loss : 0.0059 | Val loss: 0.0124
2026-01-11 15:08:41.026080 | Epoch:5212 | LR: 0.0000491 | Loss : 0.0059 | Val loss: 0.0125
2026-01-11 15:09:04.459329 | Epoch:5213 | LR: 0.0000491 | Loss : 0.0059 | Val loss: 0.0124
2026-01-11 15:09:27.175758 | Epoch:5214 | LR: 0.0000491 | Loss : 0.0058 | Val loss: 0.0125
2026-01-11 15:09:50.194630 | Epoch:5215 | LR: 0.0000491 | Loss : 0.0059 | Val loss: 0.0122
2026-01-11 15:10:13.031001 | Epoch:5216 | LR: 0.0000491 | Loss : 0.0058 | Val loss: 0.0123
2026-01-11 15:10:35.778428 | Epoch:5217 | LR: 0.0000491 | Loss : 0.0059 | Val loss: 0.0122
2026-01-11 15:10:58.930540 | Epoch:5218 | LR: 0.0000491 | Loss : 0.0059 | Val loss: 0.0126
2026-01-11 15:11:21.981824 | Epoch:5219 | LR: 0.0000491 | Loss : 0.0059 | Val loss: 0.0125
2026-01-11 15:11:44.680726 | Epoch:5220 | LR: 0.0000491 | Loss : 0.0059 | Val loss: 0.0125
2026-01-11 15:12:07.701441 | Epoch:5221 | LR: 0.0000490 | Loss : 0.0058 | Val loss: 0.0122
2026-01-11 15:12:30.982409 | Epoch:5222 | LR: 0.0000490 | Loss : 0.0059 | Val loss: 0.0121
2026-01-11 15:12:53.865058 | Epoch:5223 | LR: 0.0000490 | Loss : 0.0059 | Val loss: 0.0121
2026-01-11 15:13:16.827454 | Epoch:5224 | LR: 0.0000490 | Loss : 0.0058 | Val loss: 0.0119
2026-01-11 15:13:39.960676 | Epoch:5225 | LR: 0.0000490 | Loss : 0.0058 | Val loss: 0.0121
2026-01-11 15:14:02.951017 | Epoch:5226 | LR: 0.0000490 | Loss : 0.0059 | Val loss: 0.0130
2026-01-11 15:14:26.061256 | Epoch:5227 | LR: 0.0000490 | Loss : 0.0058 | Val loss: 0.0128
2026-01-11 15:14:49.215985 | Epoch:5228 | LR: 0.0000490 | Loss : 0.0058 | Val loss: 0.0123
2026-01-11 15:15:13.489004 | Epoch:5229 | LR: 0.0000490 | Loss : 0.0059 | Val loss: 0.0128
2026-01-11 15:15:38.138287 | Epoch:5230 | LR: 0.0000490 | Loss : 0.0058 | Val loss: 0.0126
2026-01-11 15:16:03.428659 | Epoch:5231 | LR: 0.0000490 | Loss : 0.0058 | Val loss: 0.0127
2026-01-11 15:16:27.906206 | Epoch:5232 | LR: 0.0000489 | Loss : 0.0058 | Val loss: 0.0124
2026-01-11 15:16:52.900906 | Epoch:5233 | LR: 0.0000489 | Loss : 0.0058 | Val loss: 0.0121
2026-01-11 15:17:17.620739 | Epoch:5234 | LR: 0.0000489 | Loss : 0.0059 | Val loss: 0.0123
2026-01-11 15:17:42.544698 | Epoch:5235 | LR: 0.0000489 | Loss : 0.0059 | Val loss: 0.0127
2026-01-11 15:18:06.720567 | Epoch:5236 | LR: 0.0000489 | Loss : 0.0058 | Val loss: 0.0128
2026-01-11 15:18:31.145722 | Epoch:5237 | LR: 0.0000489 | Loss : 0.0059 | Val loss: 0.0120
2026-01-11 15:18:55.898803 | Epoch:5238 | LR: 0.0000489 | Loss : 0.0059 | Val loss: 0.0126
2026-01-11 15:19:20.553550 | Epoch:5239 | LR: 0.0000489 | Loss : 0.0058 | Val loss: 0.0124
2026-01-11 15:19:44.960077 | Epoch:5240 | LR: 0.0000489 | Loss : 0.0058 | Val loss: 0.0126
2026-01-11 15:20:09.520345 | Epoch:5241 | LR: 0.0000489 | Loss : 0.0058 | Val loss: 0.0125
2026-01-11 15:20:34.422881 | Epoch:5242 | LR: 0.0000489 | Loss : 0.0059 | Val loss: 0.0127
2026-01-11 15:20:59.261402 | Epoch:5243 | LR: 0.0000488 | Loss : 0.0059 | Val loss: 0.0129
2026-01-11 15:21:23.689663 | Epoch:5244 | LR: 0.0000488 | Loss : 0.0059 | Val loss: 0.0127
2026-01-11 15:21:48.725455 | Epoch:5245 | LR: 0.0000488 | Loss : 0.0058 | Val loss: 0.0125
2026-01-11 15:22:12.799730 | Epoch:5246 | LR: 0.0000488 | Loss : 0.0058 | Val loss: 0.0123
2026-01-11 15:22:37.623684 | Epoch:5247 | LR: 0.0000488 | Loss : 0.0059 | Val loss: 0.0124
2026-01-11 15:23:02.104218 | Epoch:5248 | LR: 0.0000488 | Loss : 0.0059 | Val loss: 0.0129
2026-01-11 15:23:26.975991 | Epoch:5249 | LR: 0.0000488 | Loss : 0.0059 | Val loss: 0.0120
2026-01-11 15:23:51.835644 | Epoch:5250 | LR: 0.0000488 | Loss : 0.0059 | Val loss: 0.0123
2026-01-11 15:24:16.664169 | Epoch:5251 | LR: 0.0000488 | Loss : 0.0059 | Val loss: 0.0128
2026-01-11 15:24:41.240935 | Epoch:5252 | LR: 0.0000488 | Loss : 0.0059 | Val loss: 0.0124
2026-01-11 15:25:06.017019 | Epoch:5253 | LR: 0.0000487 | Loss : 0.0059 | Val loss: 0.0125
2026-01-11 15:25:30.606598 | Epoch:5254 | LR: 0.0000487 | Loss : 0.0059 | Val loss: 0.0126
2026-01-11 15:25:55.432494 | Epoch:5255 | LR: 0.0000487 | Loss : 0.0059 | Val loss: 0.0125
2026-01-11 15:26:19.876132 | Epoch:5256 | LR: 0.0000487 | Loss : 0.0058 | Val loss: 0.0124
2026-01-11 15:26:43.563401 | Epoch:5257 | LR: 0.0000487 | Loss : 0.0058 | Val loss: 0.0126
2026-01-11 15:27:06.793059 | Epoch:5258 | LR: 0.0000487 | Loss : 0.0059 | Val loss: 0.0120
2026-01-11 15:27:29.711284 | Epoch:5259 | LR: 0.0000487 | Loss : 0.0059 | Val loss: 0.0128
2026-01-11 15:27:52.833418 | Epoch:5260 | LR: 0.0000487 | Loss : 0.0059 | Val loss: 0.0125
2026-01-11 15:28:16.206506 | Epoch:5261 | LR: 0.0000487 | Loss : 0.0058 | Val loss: 0.0126
2026-01-11 15:28:39.007935 | Epoch:5262 | LR: 0.0000487 | Loss : 0.0058 | Val loss: 0.0129
2026-01-11 15:29:01.875447 | Epoch:5263 | LR: 0.0000486 | Loss : 0.0059 | Val loss: 0.0124
2026-01-11 15:29:24.807789 | Epoch:5264 | LR: 0.0000486 | Loss : 0.0059 | Val loss: 0.0128
2026-01-11 15:29:47.810051 | Epoch:5265 | LR: 0.0000486 | Loss : 0.0059 | Val loss: 0.0128
2026-01-11 15:30:10.606798 | Epoch:5266 | LR: 0.0000486 | Loss : 0.0059 | Val loss: 0.0127
2026-01-11 15:30:33.584090 | Epoch:5267 | LR: 0.0000486 | Loss : 0.0059 | Val loss: 0.0132
2026-01-11 15:30:56.501387 | Epoch:5268 | LR: 0.0000486 | Loss : 0.0059 | Val loss: 0.0127
2026-01-11 15:31:19.235085 | Epoch:5269 | LR: 0.0000486 | Loss : 0.0059 | Val loss: 0.0125
2026-01-11 15:31:42.189272 | Epoch:5270 | LR: 0.0000486 | Loss : 0.0058 | Val loss: 0.0126
2026-01-11 15:32:05.204959 | Epoch:5271 | LR: 0.0000486 | Loss : 0.0059 | Val loss: 0.0127
2026-01-11 15:32:27.915745 | Epoch:5272 | LR: 0.0000486 | Loss : 0.0059 | Val loss: 0.0123
2026-01-11 15:32:51.203773 | Epoch:5273 | LR: 0.0000485 | Loss : 0.0058 | Val loss: 0.0123
2026-01-11 15:33:14.519327 | Epoch:5274 | LR: 0.0000485 | Loss : 0.0059 | Val loss: 0.0127
2026-01-11 15:33:37.225258 | Epoch:5275 | LR: 0.0000485 | Loss : 0.0058 | Val loss: 0.0124
2026-01-11 15:34:00.133240 | Epoch:5276 | LR: 0.0000485 | Loss : 0.0059 | Val loss: 0.0127
2026-01-11 15:34:23.644145 | Epoch:5277 | LR: 0.0000485 | Loss : 0.0059 | Val loss: 0.0122
2026-01-11 15:34:46.239236 | Epoch:5278 | LR: 0.0000485 | Loss : 0.0058 | Val loss: 0.0128
2026-01-11 15:35:09.004898 | Epoch:5279 | LR: 0.0000485 | Loss : 0.0058 | Val loss: 0.0125
2026-01-11 15:35:32.177696 | Epoch:5280 | LR: 0.0000485 | Loss : 0.0058 | Val loss: 0.0126
2026-01-11 15:35:54.825675 | Epoch:5281 | LR: 0.0000485 | Loss : 0.0058 | Val loss: 0.0129
2026-01-11 15:36:17.851036 | Epoch:5282 | LR: 0.0000484 | Loss : 0.0058 | Val loss: 0.0124
2026-01-11 15:36:41.243756 | Epoch:5283 | LR: 0.0000484 | Loss : 0.0058 | Val loss: 0.0127
2026-01-11 15:37:04.162341 | Epoch:5284 | LR: 0.0000484 | Loss : 0.0059 | Val loss: 0.0128
2026-01-11 15:37:27.225784 | Epoch:5285 | LR: 0.0000484 | Loss : 0.0059 | Val loss: 0.0125
2026-01-11 15:37:50.300031 | Epoch:5286 | LR: 0.0000484 | Loss : 0.0058 | Val loss: 0.0127
2026-01-11 15:38:13.221964 | Epoch:5287 | LR: 0.0000484 | Loss : 0.0058 | Val loss: 0.0127
2026-01-11 15:38:36.033450 | Epoch:5288 | LR: 0.0000484 | Loss : 0.0058 | Val loss: 0.0123
2026-01-11 15:38:59.212109 | Epoch:5289 | LR: 0.0000484 | Loss : 0.0058 | Val loss: 0.0127
2026-01-11 15:39:21.971900 | Epoch:5290 | LR: 0.0000484 | Loss : 0.0058 | Val loss: 0.0128
2026-01-11 15:39:45.144837 | Epoch:5291 | LR: 0.0000483 | Loss : 0.0058 | Val loss: 0.0129
2026-01-11 15:40:08.279783 | Epoch:5292 | LR: 0.0000483 | Loss : 0.0058 | Val loss: 0.0126
2026-01-11 15:40:31.051415 | Epoch:5293 | LR: 0.0000483 | Loss : 0.0058 | Val loss: 0.0125
2026-01-11 15:40:54.145404 | Epoch:5294 | LR: 0.0000483 | Loss : 0.0059 | Val loss: 0.0126
2026-01-11 15:41:17.450222 | Epoch:5295 | LR: 0.0000483 | Loss : 0.0058 | Val loss: 0.0126
2026-01-11 15:41:40.243252 | Epoch:5296 | LR: 0.0000483 | Loss : 0.0058 | Val loss: 0.0127
2026-01-11 15:42:03.230079 | Epoch:5297 | LR: 0.0000483 | Loss : 0.0059 | Val loss: 0.0124
2026-01-11 15:42:26.508872 | Epoch:5298 | LR: 0.0000483 | Loss : 0.0059 | Val loss: 0.0127
2026-01-11 15:42:49.180184 | Epoch:5299 | LR: 0.0000483 | Loss : 0.0058 | Val loss: 0.0124
2026-01-11 15:43:12.180650 | Epoch:5300 | LR: 0.0000482 | Loss : 0.0058 | Val loss: 0.0129
2026-01-11 15:43:35.542922 | Epoch:5301 | LR: 0.0000482 | Loss : 0.0059 | Val loss: 0.0125
2026-01-11 15:43:58.218800 | Epoch:5302 | LR: 0.0000482 | Loss : 0.0058 | Val loss: 0.0125
2026-01-11 15:44:21.180709 | Epoch:5303 | LR: 0.0000482 | Loss : 0.0058 | Val loss: 0.0126
2026-01-11 15:44:44.354569 | Epoch:5304 | LR: 0.0000482 | Loss : 0.0058 | Val loss: 0.0131
2026-01-11 15:45:07.187270 | Epoch:5305 | LR: 0.0000482 | Loss : 0.0058 | Val loss: 0.0128
2026-01-11 15:45:30.369541 | Epoch:5306 | LR: 0.0000482 | Loss : 0.0058 | Val loss: 0.0122
2026-01-11 15:45:53.592313 | Epoch:5307 | LR: 0.0000482 | Loss : 0.0059 | Val loss: 0.0121
2026-01-11 15:46:16.365545 | Epoch:5308 | LR: 0.0000482 | Loss : 0.0058 | Val loss: 0.0133
2026-01-11 15:46:39.677989 | Epoch:5309 | LR: 0.0000481 | Loss : 0.0059 | Val loss: 0.0119
2026-01-11 15:47:02.813801 | Epoch:5310 | LR: 0.0000481 | Loss : 0.0059 | Val loss: 0.0127
2026-01-11 15:47:25.636963 | Epoch:5311 | LR: 0.0000481 | Loss : 0.0059 | Val loss: 0.0124
2026-01-11 15:47:49.174755 | Epoch:5312 | LR: 0.0000481 | Loss : 0.0058 | Val loss: 0.0123
2026-01-11 15:48:14.292233 | Epoch:5313 | LR: 0.0000481 | Loss : 0.0058 | Val loss: 0.0120
2026-01-11 15:48:38.771413 | Epoch:5314 | LR: 0.0000481 | Loss : 0.0058 | Val loss: 0.0126
2026-01-11 15:49:03.522511 | Epoch:5315 | LR: 0.0000481 | Loss : 0.0058 | Val loss: 0.0126
2026-01-11 15:49:28.296350 | Epoch:5316 | LR: 0.0000481 | Loss : 0.0058 | Val loss: 0.0124
2026-01-11 15:49:52.841535 | Epoch:5317 | LR: 0.0000480 | Loss : 0.0059 | Val loss: 0.0129
2026-01-11 15:50:17.877873 | Epoch:5318 | LR: 0.0000480 | Loss : 0.0059 | Val loss: 0.0127
2026-01-11 15:50:42.621550 | Epoch:5319 | LR: 0.0000480 | Loss : 0.0058 | Val loss: 0.0123
2026-01-11 15:51:07.182569 | Epoch:5320 | LR: 0.0000480 | Loss : 0.0058 | Val loss: 0.0122
2026-01-11 15:51:31.988149 | Epoch:5321 | LR: 0.0000480 | Loss : 0.0058 | Val loss: 0.0125
2026-01-11 15:51:56.693967 | Epoch:5322 | LR: 0.0000480 | Loss : 0.0058 | Val loss: 0.0125
2026-01-11 15:52:21.514200 | Epoch:5323 | LR: 0.0000480 | Loss : 0.0058 | Val loss: 0.0124
2026-01-11 15:52:46.456119 | Epoch:5324 | LR: 0.0000480 | Loss : 0.0058 | Val loss: 0.0129
2026-01-11 15:53:11.251738 | Epoch:5325 | LR: 0.0000479 | Loss : 0.0058 | Val loss: 0.0125
2026-01-11 15:53:35.710776 | Epoch:5326 | LR: 0.0000479 | Loss : 0.0059 | Val loss: 0.0124
2026-01-11 15:54:00.199038 | Epoch:5327 | LR: 0.0000479 | Loss : 0.0058 | Val loss: 0.0128
2026-01-11 15:54:25.139251 | Epoch:5328 | LR: 0.0000479 | Loss : 0.0058 | Val loss: 0.0126
2026-01-11 15:54:49.685004 | Epoch:5329 | LR: 0.0000479 | Loss : 0.0059 | Val loss: 0.0121
2026-01-11 15:55:14.333518 | Epoch:5330 | LR: 0.0000479 | Loss : 0.0058 | Val loss: 0.0122
2026-01-11 15:55:38.799353 | Epoch:5331 | LR: 0.0000479 | Loss : 0.0059 | Val loss: 0.0119
2026-01-11 15:56:04.020265 | Epoch:5332 | LR: 0.0000479 | Loss : 0.0058 | Val loss: 0.0127
2026-01-11 15:56:28.210369 | Epoch:5333 | LR: 0.0000478 | Loss : 0.0059 | Val loss: 0.0127
2026-01-11 15:56:53.024183 | Epoch:5334 | LR: 0.0000478 | Loss : 0.0058 | Val loss: 0.0131
2026-01-11 15:57:18.252929 | Epoch:5335 | LR: 0.0000478 | Loss : 0.0058 | Val loss: 0.0132
2026-01-11 15:57:43.226753 | Epoch:5336 | LR: 0.0000478 | Loss : 0.0059 | Val loss: 0.0130
2026-01-11 15:58:07.832451 | Epoch:5337 | LR: 0.0000478 | Loss : 0.0058 | Val loss: 0.0123
2026-01-11 15:58:32.592119 | Epoch:5338 | LR: 0.0000478 | Loss : 0.0058 | Val loss: 0.0125
2026-01-11 15:58:56.574573 | Epoch:5339 | LR: 0.0000478 | Loss : 0.0058 | Val loss: 0.0126
2026-01-11 15:59:21.115173 | Epoch:5340 | LR: 0.0000478 | Loss : 0.0058 | Val loss: 0.0129
2026-01-11 15:59:44.916534 | Epoch:5341 | LR: 0.0000477 | Loss : 0.0058 | Val loss: 0.0122
2026-01-11 16:00:07.723735 | Epoch:5342 | LR: 0.0000477 | Loss : 0.0059 | Val loss: 0.0132
2026-01-11 16:00:30.645239 | Epoch:5343 | LR: 0.0000477 | Loss : 0.0058 | Val loss: 0.0126
2026-01-11 16:00:53.451290 | Epoch:5344 | LR: 0.0000477 | Loss : 0.0058 | Val loss: 0.0123
2026-01-11 16:01:16.552093 | Epoch:5345 | LR: 0.0000477 | Loss : 0.0058 | Val loss: 0.0118
2026-01-11 16:01:39.735676 | Epoch:5346 | LR: 0.0000477 | Loss : 0.0058 | Val loss: 0.0120
2026-01-11 16:02:02.770557 | Epoch:5347 | LR: 0.0000477 | Loss : 0.0058 | Val loss: 0.0125
2026-01-11 16:02:25.619297 | Epoch:5348 | LR: 0.0000476 | Loss : 0.0058 | Val loss: 0.0123
2026-01-11 16:02:48.851510 | Epoch:5349 | LR: 0.0000476 | Loss : 0.0059 | Val loss: 0.0125
2026-01-11 16:03:11.765643 | Epoch:5350 | LR: 0.0000476 | Loss : 0.0059 | Val loss: 0.0128
2026-01-11 16:03:34.861671 | Epoch:5351 | LR: 0.0000476 | Loss : 0.0058 | Val loss: 0.0129
2026-01-11 16:03:58.149755 | Epoch:5352 | LR: 0.0000476 | Loss : 0.0058 | Val loss: 0.0130
2026-01-11 16:04:20.858688 | Epoch:5353 | LR: 0.0000476 | Loss : 0.0058 | Val loss: 0.0136
2026-01-11 16:04:43.705810 | Epoch:5354 | LR: 0.0000476 | Loss : 0.0059 | Val loss: 0.0128
2026-01-11 16:05:06.903038 | Epoch:5355 | LR: 0.0000476 | Loss : 0.0058 | Val loss: 0.0124
2026-01-11 16:05:29.840740 | Epoch:5356 | LR: 0.0000475 | Loss : 0.0058 | Val loss: 0.0128
2026-01-11 16:05:52.714260 | Epoch:5357 | LR: 0.0000475 | Loss : 0.0058 | Val loss: 0.0121
2026-01-11 16:06:15.841429 | Epoch:5358 | LR: 0.0000475 | Loss : 0.0058 | Val loss: 0.0123
2026-01-11 16:06:38.780731 | Epoch:5359 | LR: 0.0000475 | Loss : 0.0059 | Val loss: 0.0129
2026-01-11 16:07:01.652263 | Epoch:5360 | LR: 0.0000475 | Loss : 0.0058 | Val loss: 0.0125
2026-01-11 16:07:24.788539 | Epoch:5361 | LR: 0.0000475 | Loss : 0.0058 | Val loss: 0.0129
2026-01-11 16:07:47.754115 | Epoch:5362 | LR: 0.0000475 | Loss : 0.0059 | Val loss: 0.0127
2026-01-11 16:08:10.519497 | Epoch:5363 | LR: 0.0000474 | Loss : 0.0058 | Val loss: 0.0125
2026-01-11 16:08:33.598122 | Epoch:5364 | LR: 0.0000474 | Loss : 0.0058 | Val loss: 0.0131
2026-01-11 16:08:56.839059 | Epoch:5365 | LR: 0.0000474 | Loss : 0.0058 | Val loss: 0.0132
2026-01-11 16:09:19.763409 | Epoch:5366 | LR: 0.0000474 | Loss : 0.0058 | Val loss: 0.0128
2026-01-11 16:09:43.135178 | Epoch:5367 | LR: 0.0000474 | Loss : 0.0058 | Val loss: 0.0123
2026-01-11 16:10:06.142767 | Epoch:5368 | LR: 0.0000474 | Loss : 0.0058 | Val loss: 0.0129
2026-01-11 16:10:29.328518 | Epoch:5369 | LR: 0.0000474 | Loss : 0.0059 | Val loss: 0.0123
2026-01-11 16:10:52.441297 | Epoch:5370 | LR: 0.0000473 | Loss : 0.0058 | Val loss: 0.0125
2026-01-11 16:11:15.357495 | Epoch:5371 | LR: 0.0000473 | Loss : 0.0059 | Val loss: 0.0123
2026-01-11 16:11:38.265017 | Epoch:5372 | LR: 0.0000473 | Loss : 0.0058 | Val loss: 0.0125
2026-01-11 16:12:01.257691 | Epoch:5373 | LR: 0.0000473 | Loss : 0.0058 | Val loss: 0.0126
2026-01-11 16:12:24.409174 | Epoch:5374 | LR: 0.0000473 | Loss : 0.0058 | Val loss: 0.0131
2026-01-11 16:12:47.274523 | Epoch:5375 | LR: 0.0000473 | Loss : 0.0058 | Val loss: 0.0125
2026-01-11 16:13:10.312236 | Epoch:5376 | LR: 0.0000473 | Loss : 0.0058 | Val loss: 0.0127
2026-01-11 16:13:33.192545 | Epoch:5377 | LR: 0.0000472 | Loss : 0.0058 | Val loss: 0.0127
2026-01-11 16:13:56.271973 | Epoch:5378 | LR: 0.0000472 | Loss : 0.0058 | Val loss: 0.0131
2026-01-11 16:14:19.214168 | Epoch:5379 | LR: 0.0000472 | Loss : 0.0058 | Val loss: 0.0126
2026-01-11 16:14:42.413451 | Epoch:5380 | LR: 0.0000472 | Loss : 0.0058 | Val loss: 0.0128
2026-01-11 16:15:05.176414 | Epoch:5381 | LR: 0.0000472 | Loss : 0.0058 | Val loss: 0.0124
2026-01-11 16:15:28.151789 | Epoch:5382 | LR: 0.0000472 | Loss : 0.0058 | Val loss: 0.0130
2026-01-11 16:15:51.447672 | Epoch:5383 | LR: 0.0000472 | Loss : 0.0058 | Val loss: 0.0127
2026-01-11 16:16:14.359043 | Epoch:5384 | LR: 0.0000471 | Loss : 0.0059 | Val loss: 0.0129
2026-01-11 16:16:37.493092 | Epoch:5385 | LR: 0.0000471 | Loss : 0.0058 | Val loss: 0.0127
2026-01-11 16:17:00.630456 | Epoch:5386 | LR: 0.0000471 | Loss : 0.0059 | Val loss: 0.0124
2026-01-11 16:17:23.626223 | Epoch:5387 | LR: 0.0000471 | Loss : 0.0058 | Val loss: 0.0127
2026-01-11 16:17:47.025377 | Epoch:5388 | LR: 0.0000471 | Loss : 0.0059 | Val loss: 0.0130
2026-01-11 16:18:10.186531 | Epoch:5389 | LR: 0.0000471 | Loss : 0.0057 | Val loss: 0.0132
2026-01-11 16:18:33.077658 | Epoch:5390 | LR: 0.0000471 | Loss : 0.0058 | Val loss: 0.0133
2026-01-11 16:18:56.118022 | Epoch:5391 | LR: 0.0000470 | Loss : 0.0058 | Val loss: 0.0127
2026-01-11 16:19:19.166845 | Epoch:5392 | LR: 0.0000470 | Loss : 0.0058 | Val loss: 0.0124
2026-01-11 16:19:41.997028 | Epoch:5393 | LR: 0.0000470 | Loss : 0.0059 | Val loss: 0.0126
2026-01-11 16:20:04.965341 | Epoch:5394 | LR: 0.0000470 | Loss : 0.0058 | Val loss: 0.0125
2026-01-11 16:20:27.874534 | Epoch:5395 | LR: 0.0000470 | Loss : 0.0058 | Val loss: 0.0130
2026-01-11 16:20:52.540998 | Epoch:5396 | LR: 0.0000470 | Loss : 0.0058 | Val loss: 0.0125
2026-01-11 16:21:17.261590 | Epoch:5397 | LR: 0.0000470 | Loss : 0.0057 | Val loss: 0.0128
2026-01-11 16:21:42.130163 | Epoch:5398 | LR: 0.0000469 | Loss : 0.0057 | Val loss: 0.0125
2026-01-11 16:22:06.638887 | Epoch:5399 | LR: 0.0000469 | Loss : 0.0059 | Val loss: 0.0131
2026-01-11 16:22:31.110710 | Epoch:5400 | LR: 0.0000469 | Loss : 0.0058 | Val loss: 0.0131
2026-01-11 16:22:55.812118 | Epoch:5401 | LR: 0.0000469 | Loss : 0.0057 | Val loss: 0.0131
2026-01-11 16:23:19.923558 | Epoch:5402 | LR: 0.0000469 | Loss : 0.0058 | Val loss: 0.0133
2026-01-11 16:23:44.893660 | Epoch:5403 | LR: 0.0000469 | Loss : 0.0059 | Val loss: 0.0127
2026-01-11 16:24:09.537924 | Epoch:5404 | LR: 0.0000468 | Loss : 0.0058 | Val loss: 0.0124
2026-01-11 16:24:34.836117 | Epoch:5405 | LR: 0.0000468 | Loss : 0.0058 | Val loss: 0.0131
2026-01-11 16:24:59.042554 | Epoch:5406 | LR: 0.0000468 | Loss : 0.0058 | Val loss: 0.0130
2026-01-11 16:25:23.659931 | Epoch:5407 | LR: 0.0000468 | Loss : 0.0058 | Val loss: 0.0131
2026-01-11 16:25:48.503182 | Epoch:5408 | LR: 0.0000468 | Loss : 0.0058 | Val loss: 0.0128
2026-01-11 16:26:13.188406 | Epoch:5409 | LR: 0.0000468 | Loss : 0.0058 | Val loss: 0.0131
2026-01-11 16:26:37.641896 | Epoch:5410 | LR: 0.0000468 | Loss : 0.0059 | Val loss: 0.0130
2026-01-11 16:27:02.373876 | Epoch:5411 | LR: 0.0000467 | Loss : 0.0058 | Val loss: 0.0126
2026-01-11 16:27:27.116759 | Epoch:5412 | LR: 0.0000467 | Loss : 0.0058 | Val loss: 0.0129
2026-01-11 16:27:51.687792 | Epoch:5413 | LR: 0.0000467 | Loss : 0.0058 | Val loss: 0.0127
2026-01-11 16:28:16.444868 | Epoch:5414 | LR: 0.0000467 | Loss : 0.0059 | Val loss: 0.0127
2026-01-11 16:28:41.050389 | Epoch:5415 | LR: 0.0000467 | Loss : 0.0058 | Val loss: 0.0126
2026-01-11 16:29:05.746032 | Epoch:5416 | LR: 0.0000467 | Loss : 0.0058 | Val loss: 0.0129
2026-01-11 16:29:30.539066 | Epoch:5417 | LR: 0.0000466 | Loss : 0.0058 | Val loss: 0.0131
2026-01-11 16:29:55.327379 | Epoch:5418 | LR: 0.0000466 | Loss : 0.0058 | Val loss: 0.0123
2026-01-11 16:30:19.551885 | Epoch:5419 | LR: 0.0000466 | Loss : 0.0059 | Val loss: 0.0128
2026-01-11 16:30:44.810914 | Epoch:5420 | LR: 0.0000466 | Loss : 0.0058 | Val loss: 0.0128
2026-01-11 16:31:09.308286 | Epoch:5421 | LR: 0.0000466 | Loss : 0.0059 | Val loss: 0.0126
2026-01-11 16:31:34.251686 | Epoch:5422 | LR: 0.0000466 | Loss : 0.0057 | Val loss: 0.0127
2026-01-11 16:31:58.387572 | Epoch:5423 | LR: 0.0000465 | Loss : 0.0058 | Val loss: 0.0127
2026-01-11 16:32:22.540380 | Epoch:5424 | LR: 0.0000465 | Loss : 0.0057 | Val loss: 0.0125
2026-01-11 16:32:45.753329 | Epoch:5425 | LR: 0.0000465 | Loss : 0.0058 | Val loss: 0.0131
2026-01-11 16:33:08.478612 | Epoch:5426 | LR: 0.0000465 | Loss : 0.0059 | Val loss: 0.0128
2026-01-11 16:33:31.707057 | Epoch:5427 | LR: 0.0000465 | Loss : 0.0058 | Val loss: 0.0126
2026-01-11 16:33:54.646063 | Epoch:5428 | LR: 0.0000465 | Loss : 0.0058 | Val loss: 0.0129
2026-01-11 16:34:17.465501 | Epoch:5429 | LR: 0.0000465 | Loss : 0.0058 | Val loss: 0.0125
2026-01-11 16:34:40.479462 | Epoch:5430 | LR: 0.0000464 | Loss : 0.0058 | Val loss: 0.0130
2026-01-11 16:35:03.592496 | Epoch:5431 | LR: 0.0000464 | Loss : 0.0058 | Val loss: 0.0125
2026-01-11 16:35:26.452810 | Epoch:5432 | LR: 0.0000464 | Loss : 0.0057 | Val loss: 0.0126
2026-01-11 16:35:49.393317 | Epoch:5433 | LR: 0.0000464 | Loss : 0.0057 | Val loss: 0.0123
2026-01-11 16:36:12.452260 | Epoch:5434 | LR: 0.0000464 | Loss : 0.0057 | Val loss: 0.0133
2026-01-11 16:36:35.516756 | Epoch:5435 | LR: 0.0000464 | Loss : 0.0058 | Val loss: 0.0126
2026-01-11 16:36:58.531859 | Epoch:5436 | LR: 0.0000463 | Loss : 0.0057 | Val loss: 0.0131
2026-01-11 16:37:21.652451 | Epoch:5437 | LR: 0.0000463 | Loss : 0.0058 | Val loss: 0.0131
2026-01-11 16:37:44.745644 | Epoch:5438 | LR: 0.0000463 | Loss : 0.0058 | Val loss: 0.0132
2026-01-11 16:38:07.823980 | Epoch:5439 | LR: 0.0000463 | Loss : 0.0058 | Val loss: 0.0122
2026-01-11 16:38:30.987163 | Epoch:5440 | LR: 0.0000463 | Loss : 0.0058 | Val loss: 0.0126
2026-01-11 16:38:54.206834 | Epoch:5441 | LR: 0.0000463 | Loss : 0.0058 | Val loss: 0.0132
2026-01-11 16:39:17.079058 | Epoch:5442 | LR: 0.0000462 | Loss : 0.0058 | Val loss: 0.0127
2026-01-11 16:39:40.184221 | Epoch:5443 | LR: 0.0000462 | Loss : 0.0058 | Val loss: 0.0131
2026-01-11 16:40:03.315561 | Epoch:5444 | LR: 0.0000462 | Loss : 0.0059 | Val loss: 0.0125
2026-01-11 16:40:26.497719 | Epoch:5445 | LR: 0.0000462 | Loss : 0.0058 | Val loss: 0.0130
2026-01-11 16:40:49.437314 | Epoch:5446 | LR: 0.0000462 | Loss : 0.0058 | Val loss: 0.0129
2026-01-11 16:41:12.349067 | Epoch:5447 | LR: 0.0000462 | Loss : 0.0058 | Val loss: 0.0130
2026-01-11 16:41:35.193083 | Epoch:5448 | LR: 0.0000461 | Loss : 0.0058 | Val loss: 0.0125
2026-01-11 16:41:58.108970 | Epoch:5449 | LR: 0.0000461 | Loss : 0.0058 | Val loss: 0.0126
2026-01-11 16:42:21.268460 | Epoch:5450 | LR: 0.0000461 | Loss : 0.0057 | Val loss: 0.0133
2026-01-11 16:42:44.348234 | Epoch:5451 | LR: 0.0000461 | Loss : 0.0058 | Val loss: 0.0127
2026-01-11 16:43:07.289481 | Epoch:5452 | LR: 0.0000461 | Loss : 0.0058 | Val loss: 0.0132
2026-01-11 16:43:30.517610 | Epoch:5453 | LR: 0.0000461 | Loss : 0.0058 | Val loss: 0.0127
2026-01-11 16:43:53.625231 | Epoch:5454 | LR: 0.0000460 | Loss : 0.0057 | Val loss: 0.0129
2026-01-11 16:44:16.700868 | Epoch:5455 | LR: 0.0000460 | Loss : 0.0057 | Val loss: 0.0126
2026-01-11 16:44:40.007957 | Epoch:5456 | LR: 0.0000460 | Loss : 0.0058 | Val loss: 0.0130
2026-01-11 16:45:02.769574 | Epoch:5457 | LR: 0.0000460 | Loss : 0.0058 | Val loss: 0.0133
2026-01-11 16:45:25.541263 | Epoch:5458 | LR: 0.0000460 | Loss : 0.0058 | Val loss: 0.0131
2026-01-11 16:45:48.625726 | Epoch:5459 | LR: 0.0000460 | Loss : 0.0058 | Val loss: 0.0131
2026-01-11 16:46:11.517152 | Epoch:5460 | LR: 0.0000459 | Loss : 0.0058 | Val loss: 0.0126
2026-01-11 16:46:34.601766 | Epoch:5461 | LR: 0.0000459 | Loss : 0.0057 | Val loss: 0.0130
2026-01-11 16:46:57.849695 | Epoch:5462 | LR: 0.0000459 | Loss : 0.0057 | Val loss: 0.0126
2026-01-11 16:47:20.679904 | Epoch:5463 | LR: 0.0000459 | Loss : 0.0057 | Val loss: 0.0124
2026-01-11 16:47:43.689724 | Epoch:5464 | LR: 0.0000459 | Loss : 0.0058 | Val loss: 0.0128
2026-01-11 16:48:06.748861 | Epoch:5465 | LR: 0.0000459 | Loss : 0.0058 | Val loss: 0.0133
2026-01-11 16:48:29.643064 | Epoch:5466 | LR: 0.0000458 | Loss : 0.0058 | Val loss: 0.0131
2026-01-11 16:48:52.830798 | Epoch:5467 | LR: 0.0000458 | Loss : 0.0058 | Val loss: 0.0132
2026-01-11 16:49:15.873011 | Epoch:5468 | LR: 0.0000458 | Loss : 0.0058 | Val loss: 0.0122
2026-01-11 16:49:39.015186 | Epoch:5469 | LR: 0.0000458 | Loss : 0.0057 | Val loss: 0.0128
2026-01-11 16:50:01.900296 | Epoch:5470 | LR: 0.0000458 | Loss : 0.0057 | Val loss: 0.0129
2026-01-11 16:50:25.067687 | Epoch:5471 | LR: 0.0000457 | Loss : 0.0057 | Val loss: 0.0126
2026-01-11 16:50:48.025821 | Epoch:5472 | LR: 0.0000457 | Loss : 0.0058 | Val loss: 0.0130
2026-01-11 16:51:11.148731 | Epoch:5473 | LR: 0.0000457 | Loss : 0.0057 | Val loss: 0.0128
2026-01-11 16:51:34.231318 | Epoch:5474 | LR: 0.0000457 | Loss : 0.0058 | Val loss: 0.0126
2026-01-11 16:51:57.153417 | Epoch:5475 | LR: 0.0000457 | Loss : 0.0058 | Val loss: 0.0127
2026-01-11 16:52:19.925970 | Epoch:5476 | LR: 0.0000457 | Loss : 0.0058 | Val loss: 0.0125
2026-01-11 16:52:43.342861 | Epoch:5477 | LR: 0.0000456 | Loss : 0.0058 | Val loss: 0.0127
2026-01-11 16:53:06.300979 | Epoch:5478 | LR: 0.0000456 | Loss : 0.0057 | Val loss: 0.0129
2026-01-11 16:53:29.583459 | Epoch:5479 | LR: 0.0000456 | Loss : 0.0058 | Val loss: 0.0132
2026-01-11 16:53:54.663380 | Epoch:5480 | LR: 0.0000456 | Loss : 0.0057 | Val loss: 0.0128
2026-01-11 16:54:19.430792 | Epoch:5481 | LR: 0.0000456 | Loss : 0.0057 | Val loss: 0.0126
2026-01-11 16:54:43.988469 | Epoch:5482 | LR: 0.0000456 | Loss : 0.0057 | Val loss: 0.0130
2026-01-11 16:55:08.919097 | Epoch:5483 | LR: 0.0000455 | Loss : 0.0057 | Val loss: 0.0129
2026-01-11 16:55:33.645456 | Epoch:5484 | LR: 0.0000455 | Loss : 0.0057 | Val loss: 0.0140
2026-01-11 16:55:58.396202 | Epoch:5485 | LR: 0.0000455 | Loss : 0.0059 | Val loss: 0.0131
2026-01-11 16:56:22.891315 | Epoch:5486 | LR: 0.0000455 | Loss : 0.0058 | Val loss: 0.0126
2026-01-11 16:56:47.679199 | Epoch:5487 | LR: 0.0000455 | Loss : 0.0058 | Val loss: 0.0128
2026-01-11 16:57:12.902738 | Epoch:5488 | LR: 0.0000454 | Loss : 0.0057 | Val loss: 0.0130
2026-01-11 16:57:37.485450 | Epoch:5489 | LR: 0.0000454 | Loss : 0.0057 | Val loss: 0.0129
2026-01-11 16:57:57.142005 | Epoch:5490 | LR: 0.0000454 | Loss : 0.0057 | Val loss: 0.0127
2026-01-11 16:58:08.816007 | Epoch:5491 | LR: 0.0000454 | Loss : 0.0058 | Val loss: 0.0128
2026-01-11 16:58:20.246563 | Epoch:5492 | LR: 0.0000454 | Loss : 0.0057 | Val loss: 0.0127
2026-01-11 16:58:31.658101 | Epoch:5493 | LR: 0.0000454 | Loss : 0.0058 | Val loss: 0.0131
2026-01-11 16:58:43.137322 | Epoch:5494 | LR: 0.0000453 | Loss : 0.0058 | Val loss: 0.0130
2026-01-11 16:58:54.569047 | Epoch:5495 | LR: 0.0000453 | Loss : 0.0058 | Val loss: 0.0125
2026-01-11 16:59:06.207749 | Epoch:5496 | LR: 0.0000453 | Loss : 0.0057 | Val loss: 0.0128
2026-01-11 16:59:17.668944 | Epoch:5497 | LR: 0.0000453 | Loss : 0.0057 | Val loss: 0.0130
2026-01-11 16:59:29.135647 | Epoch:5498 | LR: 0.0000453 | Loss : 0.0058 | Val loss: 0.0125
2026-01-11 16:59:40.518498 | Epoch:5499 | LR: 0.0000452 | Loss : 0.0057 | Val loss: 0.0130
2026-01-11 16:59:52.232110 | Epoch:5500 | LR: 0.0000452 | Loss : 0.0058 | Val loss: 0.0126
2026-01-11 17:00:03.683349 | Epoch:5501 | LR: 0.0000452 | Loss : 0.0058 | Val loss: 0.0126
2026-01-11 17:00:15.171017 | Epoch:5502 | LR: 0.0000452 | Loss : 0.0058 | Val loss: 0.0131
2026-01-11 17:00:26.598752 | Epoch:5503 | LR: 0.0000452 | Loss : 0.0057 | Val loss: 0.0131
2026-01-11 17:00:38.072514 | Epoch:5504 | LR: 0.0000452 | Loss : 0.0058 | Val loss: 0.0136
2026-01-11 17:00:49.456584 | Epoch:5505 | LR: 0.0000451 | Loss : 0.0057 | Val loss: 0.0123
2026-01-11 17:01:00.835727 | Epoch:5506 | LR: 0.0000451 | Loss : 0.0057 | Val loss: 0.0129
2026-01-11 17:01:12.354591 | Epoch:5507 | LR: 0.0000451 | Loss : 0.0058 | Val loss: 0.0128
2026-01-11 17:01:23.733227 | Epoch:5508 | LR: 0.0000451 | Loss : 0.0058 | Val loss: 0.0127
2026-01-11 17:01:35.211788 | Epoch:5509 | LR: 0.0000451 | Loss : 0.0058 | Val loss: 0.0133
2026-01-11 17:01:46.700133 | Epoch:5510 | LR: 0.0000450 | Loss : 0.0058 | Val loss: 0.0128
2026-01-11 17:01:58.046277 | Epoch:5511 | LR: 0.0000450 | Loss : 0.0057 | Val loss: 0.0137
2026-01-11 17:02:09.397010 | Epoch:5512 | LR: 0.0000450 | Loss : 0.0058 | Val loss: 0.0134
2026-01-11 17:02:20.871587 | Epoch:5513 | LR: 0.0000450 | Loss : 0.0057 | Val loss: 0.0131
2026-01-11 17:02:32.312071 | Epoch:5514 | LR: 0.0000450 | Loss : 0.0057 | Val loss: 0.0127
2026-01-11 17:02:43.756384 | Epoch:5515 | LR: 0.0000449 | Loss : 0.0057 | Val loss: 0.0132
2026-01-11 17:02:55.175514 | Epoch:5516 | LR: 0.0000449 | Loss : 0.0058 | Val loss: 0.0128
2026-01-11 17:03:06.617047 | Epoch:5517 | LR: 0.0000449 | Loss : 0.0057 | Val loss: 0.0135
2026-01-11 17:03:17.915395 | Epoch:5518 | LR: 0.0000449 | Loss : 0.0057 | Val loss: 0.0131
2026-01-11 17:03:29.376022 | Epoch:5519 | LR: 0.0000449 | Loss : 0.0057 | Val loss: 0.0134
2026-01-11 17:03:40.770906 | Epoch:5520 | LR: 0.0000448 | Loss : 0.0058 | Val loss: 0.0129
2026-01-11 17:03:52.220399 | Epoch:5521 | LR: 0.0000448 | Loss : 0.0058 | Val loss: 0.0124
2026-01-11 17:04:03.592301 | Epoch:5522 | LR: 0.0000448 | Loss : 0.0057 | Val loss: 0.0131
2026-01-11 17:04:15.071318 | Epoch:5523 | LR: 0.0000448 | Loss : 0.0058 | Val loss: 0.0128
2026-01-11 17:04:26.374469 | Epoch:5524 | LR: 0.0000448 | Loss : 0.0058 | Val loss: 0.0127
2026-01-11 17:04:37.897345 | Epoch:5525 | LR: 0.0000448 | Loss : 0.0058 | Val loss: 0.0130
2026-01-11 17:04:49.312801 | Epoch:5526 | LR: 0.0000447 | Loss : 0.0057 | Val loss: 0.0131
2026-01-11 17:05:00.758136 | Epoch:5527 | LR: 0.0000447 | Loss : 0.0058 | Val loss: 0.0132
2026-01-11 17:05:12.120447 | Epoch:5528 | LR: 0.0000447 | Loss : 0.0058 | Val loss: 0.0129
2026-01-11 17:05:23.779831 | Epoch:5529 | LR: 0.0000447 | Loss : 0.0057 | Val loss: 0.0128
2026-01-11 17:05:35.304350 | Epoch:5530 | LR: 0.0000447 | Loss : 0.0058 | Val loss: 0.0129
2026-01-11 17:05:46.722301 | Epoch:5531 | LR: 0.0000446 | Loss : 0.0058 | Val loss: 0.0129
2026-01-11 17:05:58.151407 | Epoch:5532 | LR: 0.0000446 | Loss : 0.0058 | Val loss: 0.0132
2026-01-11 17:06:09.605586 | Epoch:5533 | LR: 0.0000446 | Loss : 0.0057 | Val loss: 0.0124
2026-01-11 17:06:20.963685 | Epoch:5534 | LR: 0.0000446 | Loss : 0.0058 | Val loss: 0.0128
2026-01-11 17:06:32.500913 | Epoch:5535 | LR: 0.0000446 | Loss : 0.0058 | Val loss: 0.0129
2026-01-11 17:06:43.818682 | Epoch:5536 | LR: 0.0000445 | Loss : 0.0057 | Val loss: 0.0137
2026-01-11 17:06:55.301293 | Epoch:5537 | LR: 0.0000445 | Loss : 0.0057 | Val loss: 0.0130
2026-01-11 17:07:06.837196 | Epoch:5538 | LR: 0.0000445 | Loss : 0.0057 | Val loss: 0.0131
2026-01-11 17:07:18.224194 | Epoch:5539 | LR: 0.0000445 | Loss : 0.0058 | Val loss: 0.0130
2026-01-11 17:07:29.551978 | Epoch:5540 | LR: 0.0000445 | Loss : 0.0058 | Val loss: 0.0131
2026-01-11 17:07:41.162665 | Epoch:5541 | LR: 0.0000444 | Loss : 0.0057 | Val loss: 0.0128
2026-01-11 17:07:52.520359 | Epoch:5542 | LR: 0.0000444 | Loss : 0.0057 | Val loss: 0.0130
2026-01-11 17:08:03.902355 | Epoch:5543 | LR: 0.0000444 | Loss : 0.0057 | Val loss: 0.0127
2026-01-11 17:08:15.390088 | Epoch:5544 | LR: 0.0000444 | Loss : 0.0058 | Val loss: 0.0131
2026-01-11 17:08:26.864030 | Epoch:5545 | LR: 0.0000444 | Loss : 0.0057 | Val loss: 0.0132
2026-01-11 17:08:38.324725 | Epoch:5546 | LR: 0.0000443 | Loss : 0.0058 | Val loss: 0.0131
2026-01-11 17:08:49.971369 | Epoch:5547 | LR: 0.0000443 | Loss : 0.0057 | Val loss: 0.0125
2026-01-11 17:09:01.364623 | Epoch:5548 | LR: 0.0000443 | Loss : 0.0057 | Val loss: 0.0131
2026-01-11 17:09:12.778402 | Epoch:5549 | LR: 0.0000443 | Loss : 0.0057 | Val loss: 0.0129
2026-01-11 17:09:24.343370 | Epoch:5550 | LR: 0.0000443 | Loss : 0.0058 | Val loss: 0.0131
2026-01-11 17:09:35.695352 | Epoch:5551 | LR: 0.0000442 | Loss : 0.0057 | Val loss: 0.0132
2026-01-11 17:09:47.157913 | Epoch:5552 | LR: 0.0000442 | Loss : 0.0058 | Val loss: 0.0130
2026-01-11 17:09:58.740479 | Epoch:5553 | LR: 0.0000442 | Loss : 0.0057 | Val loss: 0.0124
2026-01-11 17:10:10.183914 | Epoch:5554 | LR: 0.0000442 | Loss : 0.0057 | Val loss: 0.0132
2026-01-11 17:10:21.555129 | Epoch:5555 | LR: 0.0000442 | Loss : 0.0057 | Val loss: 0.0129
2026-01-11 17:10:33.132716 | Epoch:5556 | LR: 0.0000441 | Loss : 0.0057 | Val loss: 0.0136
2026-01-11 17:10:44.554765 | Epoch:5557 | LR: 0.0000441 | Loss : 0.0058 | Val loss: 0.0132
2026-01-11 17:10:56.041468 | Epoch:5558 | LR: 0.0000441 | Loss : 0.0057 | Val loss: 0.0132
2026-01-11 17:11:07.604059 | Epoch:5559 | LR: 0.0000441 | Loss : 0.0058 | Val loss: 0.0128
2026-01-11 17:11:19.078117 | Epoch:5560 | LR: 0.0000441 | Loss : 0.0057 | Val loss: 0.0136
2026-01-11 17:11:30.448467 | Epoch:5561 | LR: 0.0000440 | Loss : 0.0058 | Val loss: 0.0126
2026-01-11 17:11:42.045367 | Epoch:5562 | LR: 0.0000440 | Loss : 0.0058 | Val loss: 0.0125
2026-01-11 17:11:53.441882 | Epoch:5563 | LR: 0.0000440 | Loss : 0.0057 | Val loss: 0.0127
2026-01-11 17:12:04.948026 | Epoch:5564 | LR: 0.0000440 | Loss : 0.0058 | Val loss: 0.0134
2026-01-11 17:12:16.469734 | Epoch:5565 | LR: 0.0000440 | Loss : 0.0057 | Val loss: 0.0134
2026-01-11 17:12:27.922908 | Epoch:5566 | LR: 0.0000439 | Loss : 0.0058 | Val loss: 0.0129
2026-01-11 17:12:39.276749 | Epoch:5567 | LR: 0.0000439 | Loss : 0.0058 | Val loss: 0.0125
2026-01-11 17:12:50.868801 | Epoch:5568 | LR: 0.0000439 | Loss : 0.0057 | Val loss: 0.0133
2026-01-11 17:13:02.244136 | Epoch:5569 | LR: 0.0000439 | Loss : 0.0057 | Val loss: 0.0133
2026-01-11 17:13:13.738907 | Epoch:5570 | LR: 0.0000439 | Loss : 0.0057 | Val loss: 0.0134
2026-01-11 17:13:25.205970 | Epoch:5571 | LR: 0.0000438 | Loss : 0.0058 | Val loss: 0.0128
2026-01-11 17:13:36.720332 | Epoch:5572 | LR: 0.0000438 | Loss : 0.0057 | Val loss: 0.0126
2026-01-11 17:13:48.054343 | Epoch:5573 | LR: 0.0000438 | Loss : 0.0057 | Val loss: 0.0128
2026-01-11 17:13:59.516595 | Epoch:5574 | LR: 0.0000438 | Loss : 0.0058 | Val loss: 0.0125
2026-01-11 17:14:10.964145 | Epoch:5575 | LR: 0.0000438 | Loss : 0.0058 | Val loss: 0.0131
2026-01-11 17:14:22.389768 | Epoch:5576 | LR: 0.0000437 | Loss : 0.0057 | Val loss: 0.0130
2026-01-11 17:14:33.864807 | Epoch:5577 | LR: 0.0000437 | Loss : 0.0057 | Val loss: 0.0131
2026-01-11 17:14:45.382594 | Epoch:5578 | LR: 0.0000437 | Loss : 0.0057 | Val loss: 0.0133
2026-01-11 17:14:56.735670 | Epoch:5579 | LR: 0.0000437 | Loss : 0.0057 | Val loss: 0.0130
2026-01-11 17:15:08.217836 | Epoch:5580 | LR: 0.0000436 | Loss : 0.0057 | Val loss: 0.0132
2026-01-11 17:15:19.659963 | Epoch:5581 | LR: 0.0000436 | Loss : 0.0058 | Val loss: 0.0122
2026-01-11 17:15:31.054519 | Epoch:5582 | LR: 0.0000436 | Loss : 0.0057 | Val loss: 0.0128
2026-01-11 17:15:42.569471 | Epoch:5583 | LR: 0.0000436 | Loss : 0.0057 | Val loss: 0.0131
2026-01-11 17:15:54.115737 | Epoch:5584 | LR: 0.0000436 | Loss : 0.0057 | Val loss: 0.0135
2026-01-11 17:16:05.456558 | Epoch:5585 | LR: 0.0000435 | Loss : 0.0058 | Val loss: 0.0134
2026-01-11 17:16:16.913795 | Epoch:5586 | LR: 0.0000435 | Loss : 0.0057 | Val loss: 0.0128
2026-01-11 17:16:28.351322 | Epoch:5587 | LR: 0.0000435 | Loss : 0.0057 | Val loss: 0.0137
2026-01-11 17:16:39.698875 | Epoch:5588 | LR: 0.0000435 | Loss : 0.0058 | Val loss: 0.0128
2026-01-11 17:16:51.169951 | Epoch:5589 | LR: 0.0000435 | Loss : 0.0057 | Val loss: 0.0135
2026-01-11 17:17:02.618414 | Epoch:5590 | LR: 0.0000434 | Loss : 0.0057 | Val loss: 0.0136
2026-01-11 17:17:14.017911 | Epoch:5591 | LR: 0.0000434 | Loss : 0.0057 | Val loss: 0.0123
2026-01-11 17:17:25.374455 | Epoch:5592 | LR: 0.0000434 | Loss : 0.0057 | Val loss: 0.0136
2026-01-11 17:17:36.950194 | Epoch:5593 | LR: 0.0000434 | Loss : 0.0057 | Val loss: 0.0127
2026-01-11 17:17:48.271833 | Epoch:5594 | LR: 0.0000434 | Loss : 0.0058 | Val loss: 0.0128
2026-01-11 17:17:59.794388 | Epoch:5595 | LR: 0.0000433 | Loss : 0.0057 | Val loss: 0.0132
2026-01-11 17:18:11.145756 | Epoch:5596 | LR: 0.0000433 | Loss : 0.0057 | Val loss: 0.0131
2026-01-11 17:18:22.618535 | Epoch:5597 | LR: 0.0000433 | Loss : 0.0057 | Val loss: 0.0129
2026-01-11 17:18:33.976490 | Epoch:5598 | LR: 0.0000433 | Loss : 0.0057 | Val loss: 0.0129
2026-01-11 17:18:45.611036 | Epoch:5599 | LR: 0.0000432 | Loss : 0.0057 | Val loss: 0.0133
2026-01-11 17:18:57.026211 | Epoch:5600 | LR: 0.0000432 | Loss : 0.0057 | Val loss: 0.0131
2026-01-11 17:19:08.542101 | Epoch:5601 | LR: 0.0000432 | Loss : 0.0058 | Val loss: 0.0126
2026-01-11 17:19:19.958800 | Epoch:5602 | LR: 0.0000432 | Loss : 0.0057 | Val loss: 0.0136
2026-01-11 17:19:31.451489 | Epoch:5603 | LR: 0.0000432 | Loss : 0.0057 | Val loss: 0.0129
2026-01-11 17:19:42.856591 | Epoch:5604 | LR: 0.0000431 | Loss : 0.0057 | Val loss: 0.0135
2026-01-11 17:19:54.495960 | Epoch:5605 | LR: 0.0000431 | Loss : 0.0057 | Val loss: 0.0132
2026-01-11 17:20:05.820067 | Epoch:5606 | LR: 0.0000431 | Loss : 0.0057 | Val loss: 0.0123
2026-01-11 17:20:17.344887 | Epoch:5607 | LR: 0.0000431 | Loss : 0.0057 | Val loss: 0.0129
2026-01-11 17:20:28.940651 | Epoch:5608 | LR: 0.0000430 | Loss : 0.0057 | Val loss: 0.0125
2026-01-11 17:20:40.493774 | Epoch:5609 | LR: 0.0000430 | Loss : 0.0057 | Val loss: 0.0133
2026-01-11 17:20:51.847038 | Epoch:5610 | LR: 0.0000430 | Loss : 0.0058 | Val loss: 0.0130
2026-01-11 17:21:03.522429 | Epoch:5611 | LR: 0.0000430 | Loss : 0.0057 | Val loss: 0.0129
2026-01-11 17:21:15.041966 | Epoch:5612 | LR: 0.0000430 | Loss : 0.0057 | Val loss: 0.0133
2026-01-11 17:21:26.525392 | Epoch:5613 | LR: 0.0000429 | Loss : 0.0057 | Val loss: 0.0134
2026-01-11 17:21:37.886123 | Epoch:5614 | LR: 0.0000429 | Loss : 0.0057 | Val loss: 0.0133
2026-01-11 17:21:49.434665 | Epoch:5615 | LR: 0.0000429 | Loss : 0.0057 | Val loss: 0.0135
2026-01-11 17:22:00.775255 | Epoch:5616 | LR: 0.0000429 | Loss : 0.0057 | Val loss: 0.0133
2026-01-11 17:22:12.354180 | Epoch:5617 | LR: 0.0000429 | Loss : 0.0057 | Val loss: 0.0131
2026-01-11 17:22:23.748268 | Epoch:5618 | LR: 0.0000428 | Loss : 0.0057 | Val loss: 0.0130
2026-01-11 17:22:35.210267 | Epoch:5619 | LR: 0.0000428 | Loss : 0.0057 | Val loss: 0.0132
2026-01-11 17:22:46.636102 | Epoch:5620 | LR: 0.0000428 | Loss : 0.0057 | Val loss: 0.0132
2026-01-11 17:22:58.186239 | Epoch:5621 | LR: 0.0000428 | Loss : 0.0057 | Val loss: 0.0132
2026-01-11 17:23:09.530002 | Epoch:5622 | LR: 0.0000427 | Loss : 0.0057 | Val loss: 0.0129
2026-01-11 17:23:21.091530 | Epoch:5623 | LR: 0.0000427 | Loss : 0.0057 | Val loss: 0.0137
2026-01-11 17:23:32.530795 | Epoch:5624 | LR: 0.0000427 | Loss : 0.0057 | Val loss: 0.0131
2026-01-11 17:23:43.982673 | Epoch:5625 | LR: 0.0000427 | Loss : 0.0057 | Val loss: 0.0135
2026-01-11 17:23:55.413312 | Epoch:5626 | LR: 0.0000427 | Loss : 0.0058 | Val loss: 0.0133
2026-01-11 17:24:06.870819 | Epoch:5627 | LR: 0.0000426 | Loss : 0.0057 | Val loss: 0.0131
2026-01-11 17:24:18.276667 | Epoch:5628 | LR: 0.0000426 | Loss : 0.0058 | Val loss: 0.0133
2026-01-11 17:24:29.827991 | Epoch:5629 | LR: 0.0000426 | Loss : 0.0057 | Val loss: 0.0126
2026-01-11 17:24:41.203900 | Epoch:5630 | LR: 0.0000426 | Loss : 0.0057 | Val loss: 0.0134
2026-01-11 17:24:52.622317 | Epoch:5631 | LR: 0.0000425 | Loss : 0.0057 | Val loss: 0.0140
2026-01-11 17:25:04.139404 | Epoch:5632 | LR: 0.0000425 | Loss : 0.0057 | Val loss: 0.0131
2026-01-11 17:25:15.576088 | Epoch:5633 | LR: 0.0000425 | Loss : 0.0057 | Val loss: 0.0130
2026-01-11 17:25:27.009866 | Epoch:5634 | LR: 0.0000425 | Loss : 0.0057 | Val loss: 0.0133
2026-01-11 17:25:38.477907 | Epoch:5635 | LR: 0.0000425 | Loss : 0.0057 | Val loss: 0.0135
2026-01-11 17:25:49.872197 | Epoch:5636 | LR: 0.0000424 | Loss : 0.0056 | Val loss: 0.0128
2026-01-11 17:26:01.287163 | Epoch:5637 | LR: 0.0000424 | Loss : 0.0057 | Val loss: 0.0133
2026-01-11 17:26:12.836912 | Epoch:5638 | LR: 0.0000424 | Loss : 0.0057 | Val loss: 0.0133
2026-01-11 17:26:24.214419 | Epoch:5639 | LR: 0.0000424 | Loss : 0.0057 | Val loss: 0.0127
2026-01-11 17:26:35.674744 | Epoch:5640 | LR: 0.0000423 | Loss : 0.0057 | Val loss: 0.0138
2026-01-11 17:26:47.095532 | Epoch:5641 | LR: 0.0000423 | Loss : 0.0057 | Val loss: 0.0131
2026-01-11 17:26:58.755319 | Epoch:5642 | LR: 0.0000423 | Loss : 0.0057 | Val loss: 0.0132
2026-01-11 17:27:10.215762 | Epoch:5643 | LR: 0.0000423 | Loss : 0.0057 | Val loss: 0.0129
2026-01-11 17:27:21.734591 | Epoch:5644 | LR: 0.0000422 | Loss : 0.0057 | Val loss: 0.0131
2026-01-11 17:27:33.085109 | Epoch:5645 | LR: 0.0000422 | Loss : 0.0057 | Val loss: 0.0126
2026-01-11 17:27:44.660513 | Epoch:5646 | LR: 0.0000422 | Loss : 0.0058 | Val loss: 0.0126
2026-01-11 17:27:56.055707 | Epoch:5647 | LR: 0.0000422 | Loss : 0.0057 | Val loss: 0.0133
2026-01-11 17:28:07.583873 | Epoch:5648 | LR: 0.0000422 | Loss : 0.0057 | Val loss: 0.0137
2026-01-11 17:28:19.050237 | Epoch:5649 | LR: 0.0000421 | Loss : 0.0056 | Val loss: 0.0134
2026-01-11 17:28:30.531607 | Epoch:5650 | LR: 0.0000421 | Loss : 0.0057 | Val loss: 0.0132
2026-01-11 17:28:41.959916 | Epoch:5651 | LR: 0.0000421 | Loss : 0.0057 | Val loss: 0.0133
2026-01-11 17:28:53.469285 | Epoch:5652 | LR: 0.0000421 | Loss : 0.0057 | Val loss: 0.0131
2026-01-11 17:29:04.871327 | Epoch:5653 | LR: 0.0000420 | Loss : 0.0057 | Val loss: 0.0124
2026-01-11 17:29:16.325481 | Epoch:5654 | LR: 0.0000420 | Loss : 0.0057 | Val loss: 0.0125
2026-01-11 17:29:27.761215 | Epoch:5655 | LR: 0.0000420 | Loss : 0.0057 | Val loss: 0.0135
2026-01-11 17:29:39.274358 | Epoch:5656 | LR: 0.0000420 | Loss : 0.0057 | Val loss: 0.0128
2026-01-11 17:29:50.671364 | Epoch:5657 | LR: 0.0000420 | Loss : 0.0057 | Val loss: 0.0134
2026-01-11 17:30:02.172605 | Epoch:5658 | LR: 0.0000419 | Loss : 0.0057 | Val loss: 0.0129
2026-01-11 17:30:13.593393 | Epoch:5659 | LR: 0.0000419 | Loss : 0.0057 | Val loss: 0.0137
2026-01-11 17:30:25.046973 | Epoch:5660 | LR: 0.0000419 | Loss : 0.0057 | Val loss: 0.0127
2026-01-11 17:30:36.427817 | Epoch:5661 | LR: 0.0000419 | Loss : 0.0056 | Val loss: 0.0136
2026-01-11 17:30:47.885922 | Epoch:5662 | LR: 0.0000418 | Loss : 0.0057 | Val loss: 0.0131
2026-01-11 17:30:59.211228 | Epoch:5663 | LR: 0.0000418 | Loss : 0.0057 | Val loss: 0.0131
2026-01-11 17:31:10.674861 | Epoch:5664 | LR: 0.0000418 | Loss : 0.0057 | Val loss: 0.0133
2026-01-11 17:31:22.189425 | Epoch:5665 | LR: 0.0000418 | Loss : 0.0057 | Val loss: 0.0125
2026-01-11 17:31:33.626259 | Epoch:5666 | LR: 0.0000417 | Loss : 0.0057 | Val loss: 0.0134
2026-01-11 17:31:45.026192 | Epoch:5667 | LR: 0.0000417 | Loss : 0.0057 | Val loss: 0.0134
2026-01-11 17:31:56.412951 | Epoch:5668 | LR: 0.0000417 | Loss : 0.0057 | Val loss: 0.0134
2026-01-11 17:32:07.881986 | Epoch:5669 | LR: 0.0000417 | Loss : 0.0057 | Val loss: 0.0133
2026-01-11 17:32:19.335884 | Epoch:5670 | LR: 0.0000416 | Loss : 0.0057 | Val loss: 0.0134
2026-01-11 17:32:30.843443 | Epoch:5671 | LR: 0.0000416 | Loss : 0.0057 | Val loss: 0.0132
2026-01-11 17:32:42.241929 | Epoch:5672 | LR: 0.0000416 | Loss : 0.0057 | Val loss: 0.0132
2026-01-11 17:32:53.766082 | Epoch:5673 | LR: 0.0000416 | Loss : 0.0057 | Val loss: 0.0132
2026-01-11 17:33:05.131112 | Epoch:5674 | LR: 0.0000416 | Loss : 0.0056 | Val loss: 0.0126
2026-01-11 17:33:16.638685 | Epoch:5675 | LR: 0.0000415 | Loss : 0.0057 | Val loss: 0.0134
2026-01-11 17:33:28.073857 | Epoch:5676 | LR: 0.0000415 | Loss : 0.0057 | Val loss: 0.0130
2026-01-11 17:33:39.586312 | Epoch:5677 | LR: 0.0000415 | Loss : 0.0057 | Val loss: 0.0136
2026-01-11 17:33:50.934965 | Epoch:5678 | LR: 0.0000415 | Loss : 0.0057 | Val loss: 0.0133
2026-01-11 17:34:02.307167 | Epoch:5679 | LR: 0.0000414 | Loss : 0.0057 | Val loss: 0.0139
2026-01-11 17:34:13.743930 | Epoch:5680 | LR: 0.0000414 | Loss : 0.0057 | Val loss: 0.0130
2026-01-11 17:34:25.218835 | Epoch:5681 | LR: 0.0000414 | Loss : 0.0057 | Val loss: 0.0131
2026-01-11 17:34:36.572027 | Epoch:5682 | LR: 0.0000414 | Loss : 0.0057 | Val loss: 0.0129
2026-01-11 17:34:48.131664 | Epoch:5683 | LR: 0.0000413 | Loss : 0.0057 | Val loss: 0.0129
2026-01-11 17:34:59.433697 | Epoch:5684 | LR: 0.0000413 | Loss : 0.0057 | Val loss: 0.0131
2026-01-11 17:35:10.854324 | Epoch:5685 | LR: 0.0000413 | Loss : 0.0057 | Val loss: 0.0134
2026-01-11 17:35:22.306593 | Epoch:5686 | LR: 0.0000413 | Loss : 0.0057 | Val loss: 0.0129
2026-01-11 17:35:33.792988 | Epoch:5687 | LR: 0.0000412 | Loss : 0.0057 | Val loss: 0.0134
2026-01-11 17:35:45.198978 | Epoch:5688 | LR: 0.0000412 | Loss : 0.0057 | Val loss: 0.0131
2026-01-11 17:35:56.744394 | Epoch:5689 | LR: 0.0000412 | Loss : 0.0057 | Val loss: 0.0136
2026-01-11 17:36:08.030507 | Epoch:5690 | LR: 0.0000412 | Loss : 0.0057 | Val loss: 0.0132
2026-01-11 17:36:19.463355 | Epoch:5691 | LR: 0.0000412 | Loss : 0.0057 | Val loss: 0.0134
2026-01-11 17:36:30.865912 | Epoch:5692 | LR: 0.0000411 | Loss : 0.0056 | Val loss: 0.0132
2026-01-11 17:36:42.334503 | Epoch:5693 | LR: 0.0000411 | Loss : 0.0057 | Val loss: 0.0130
2026-01-11 17:36:53.696567 | Epoch:5694 | LR: 0.0000411 | Loss : 0.0057 | Val loss: 0.0138
2026-01-11 17:37:05.177635 | Epoch:5695 | LR: 0.0000411 | Loss : 0.0056 | Val loss: 0.0134
2026-01-11 17:37:16.529160 | Epoch:5696 | LR: 0.0000410 | Loss : 0.0056 | Val loss: 0.0137
2026-01-11 17:37:27.913686 | Epoch:5697 | LR: 0.0000410 | Loss : 0.0057 | Val loss: 0.0132
2026-01-11 17:37:39.266485 | Epoch:5698 | LR: 0.0000410 | Loss : 0.0057 | Val loss: 0.0134
2026-01-11 17:37:50.760077 | Epoch:5699 | LR: 0.0000410 | Loss : 0.0057 | Val loss: 0.0128
2026-01-11 17:38:02.114465 | Epoch:5700 | LR: 0.0000409 | Loss : 0.0057 | Val loss: 0.0132
2026-01-11 17:38:13.536614 | Epoch:5701 | LR: 0.0000409 | Loss : 0.0056 | Val loss: 0.0131
2026-01-11 17:38:24.950777 | Epoch:5702 | LR: 0.0000409 | Loss : 0.0057 | Val loss: 0.0123
2026-01-11 17:38:36.306885 | Epoch:5703 | LR: 0.0000409 | Loss : 0.0058 | Val loss: 0.0138
2026-01-11 17:38:47.775603 | Epoch:5704 | LR: 0.0000408 | Loss : 0.0056 | Val loss: 0.0131
2026-01-11 17:38:59.135517 | Epoch:5705 | LR: 0.0000408 | Loss : 0.0057 | Val loss: 0.0133
2026-01-11 17:39:10.602802 | Epoch:5706 | LR: 0.0000408 | Loss : 0.0057 | Val loss: 0.0134
2026-01-11 17:39:22.043882 | Epoch:5707 | LR: 0.0000408 | Loss : 0.0057 | Val loss: 0.0132
2026-01-11 17:39:33.458705 | Epoch:5708 | LR: 0.0000407 | Loss : 0.0057 | Val loss: 0.0132
2026-01-11 17:39:44.861926 | Epoch:5709 | LR: 0.0000407 | Loss : 0.0057 | Val loss: 0.0136
2026-01-11 17:39:56.288447 | Epoch:5710 | LR: 0.0000407 | Loss : 0.0057 | Val loss: 0.0136
2026-01-11 17:40:07.608922 | Epoch:5711 | LR: 0.0000407 | Loss : 0.0056 | Val loss: 0.0128
2026-01-11 17:40:19.138999 | Epoch:5712 | LR: 0.0000406 | Loss : 0.0058 | Val loss: 0.0137
2026-01-11 17:40:30.478658 | Epoch:5713 | LR: 0.0000406 | Loss : 0.0056 | Val loss: 0.0134
2026-01-11 17:40:41.959062 | Epoch:5714 | LR: 0.0000406 | Loss : 0.0057 | Val loss: 0.0134
2026-01-11 17:40:53.360344 | Epoch:5715 | LR: 0.0000406 | Loss : 0.0057 | Val loss: 0.0137
2026-01-11 17:41:04.779384 | Epoch:5716 | LR: 0.0000405 | Loss : 0.0057 | Val loss: 0.0127
2026-01-11 17:41:16.097878 | Epoch:5717 | LR: 0.0000405 | Loss : 0.0056 | Val loss: 0.0132
2026-01-11 17:41:27.618572 | Epoch:5718 | LR: 0.0000405 | Loss : 0.0056 | Val loss: 0.0134
2026-01-11 17:41:39.131314 | Epoch:5719 | LR: 0.0000405 | Loss : 0.0057 | Val loss: 0.0131
2026-01-11 17:41:50.970148 | Epoch:5720 | LR: 0.0000404 | Loss : 0.0058 | Val loss: 0.0136
2026-01-11 17:42:02.416165 | Epoch:5721 | LR: 0.0000404 | Loss : 0.0057 | Val loss: 0.0133
2026-01-11 17:42:13.862600 | Epoch:5722 | LR: 0.0000404 | Loss : 0.0056 | Val loss: 0.0133
2026-01-11 17:42:25.200155 | Epoch:5723 | LR: 0.0000404 | Loss : 0.0057 | Val loss: 0.0137
2026-01-11 17:42:36.693298 | Epoch:5724 | LR: 0.0000403 | Loss : 0.0057 | Val loss: 0.0129
2026-01-11 17:42:48.281798 | Epoch:5725 | LR: 0.0000403 | Loss : 0.0057 | Val loss: 0.0129
2026-01-11 17:42:59.764341 | Epoch:5726 | LR: 0.0000403 | Loss : 0.0056 | Val loss: 0.0133
2026-01-11 17:43:11.270505 | Epoch:5727 | LR: 0.0000403 | Loss : 0.0057 | Val loss: 0.0132
2026-01-11 17:43:22.688881 | Epoch:5728 | LR: 0.0000402 | Loss : 0.0057 | Val loss: 0.0139
2026-01-11 17:43:33.977543 | Epoch:5729 | LR: 0.0000402 | Loss : 0.0057 | Val loss: 0.0138
2026-01-11 17:43:45.448768 | Epoch:5730 | LR: 0.0000402 | Loss : 0.0056 | Val loss: 0.0135
2026-01-11 17:43:56.918128 | Epoch:5731 | LR: 0.0000402 | Loss : 0.0056 | Val loss: 0.0137
2026-01-11 17:44:08.317411 | Epoch:5732 | LR: 0.0000401 | Loss : 0.0057 | Val loss: 0.0134
2026-01-11 17:44:19.837212 | Epoch:5733 | LR: 0.0000401 | Loss : 0.0058 | Val loss: 0.0136
2026-01-11 17:44:31.279575 | Epoch:5734 | LR: 0.0000401 | Loss : 0.0057 | Val loss: 0.0135
2026-01-11 17:44:42.667249 | Epoch:5735 | LR: 0.0000401 | Loss : 0.0056 | Val loss: 0.0129
2026-01-11 17:44:54.192255 | Epoch:5736 | LR: 0.0000400 | Loss : 0.0057 | Val loss: 0.0129
2026-01-11 17:45:05.672289 | Epoch:5737 | LR: 0.0000400 | Loss : 0.0056 | Val loss: 0.0135
2026-01-11 17:45:17.047827 | Epoch:5738 | LR: 0.0000400 | Loss : 0.0056 | Val loss: 0.0133
2026-01-11 17:45:28.614359 | Epoch:5739 | LR: 0.0000400 | Loss : 0.0057 | Val loss: 0.0131
2026-01-11 17:45:40.001151 | Epoch:5740 | LR: 0.0000399 | Loss : 0.0057 | Val loss: 0.0135
2026-01-11 17:45:51.336483 | Epoch:5741 | LR: 0.0000399 | Loss : 0.0057 | Val loss: 0.0130
2026-01-11 17:46:02.795866 | Epoch:5742 | LR: 0.0000399 | Loss : 0.0057 | Val loss: 0.0127
2026-01-11 17:46:14.251736 | Epoch:5743 | LR: 0.0000399 | Loss : 0.0057 | Val loss: 0.0131
2026-01-11 17:46:25.559207 | Epoch:5744 | LR: 0.0000398 | Loss : 0.0056 | Val loss: 0.0129
2026-01-11 17:46:37.181243 | Epoch:5745 | LR: 0.0000398 | Loss : 0.0057 | Val loss: 0.0128
2026-01-11 17:46:48.514642 | Epoch:5746 | LR: 0.0000398 | Loss : 0.0056 | Val loss: 0.0140
2026-01-11 17:46:59.851184 | Epoch:5747 | LR: 0.0000398 | Loss : 0.0057 | Val loss: 0.0128
2026-01-11 17:47:11.263035 | Epoch:5748 | LR: 0.0000397 | Loss : 0.0056 | Val loss: 0.0137
2026-01-11 17:47:22.700564 | Epoch:5749 | LR: 0.0000397 | Loss : 0.0057 | Val loss: 0.0138
2026-01-11 17:47:34.086724 | Epoch:5750 | LR: 0.0000397 | Loss : 0.0057 | Val loss: 0.0132
2026-01-11 17:47:45.684829 | Epoch:5751 | LR: 0.0000397 | Loss : 0.0057 | Val loss: 0.0130
2026-01-11 17:47:57.088203 | Epoch:5752 | LR: 0.0000396 | Loss : 0.0057 | Val loss: 0.0135
2026-01-11 17:48:08.379951 | Epoch:5753 | LR: 0.0000396 | Loss : 0.0057 | Val loss: 0.0131
2026-01-11 17:48:19.944114 | Epoch:5754 | LR: 0.0000396 | Loss : 0.0057 | Val loss: 0.0134
2026-01-11 17:48:31.440345 | Epoch:5755 | LR: 0.0000396 | Loss : 0.0057 | Val loss: 0.0137
2026-01-11 17:48:42.955189 | Epoch:5756 | LR: 0.0000395 | Loss : 0.0056 | Val loss: 0.0138
2026-01-11 17:48:54.468063 | Epoch:5757 | LR: 0.0000395 | Loss : 0.0057 | Val loss: 0.0136
2026-01-11 17:49:05.843218 | Epoch:5758 | LR: 0.0000395 | Loss : 0.0056 | Val loss: 0.0132
2026-01-11 17:49:17.243244 | Epoch:5759 | LR: 0.0000395 | Loss : 0.0056 | Val loss: 0.0133
2026-01-11 17:49:28.558183 | Epoch:5760 | LR: 0.0000394 | Loss : 0.0056 | Val loss: 0.0135
2026-01-11 17:49:40.099977 | Epoch:5761 | LR: 0.0000394 | Loss : 0.0056 | Val loss: 0.0133
2026-01-11 17:49:51.503102 | Epoch:5762 | LR: 0.0000394 | Loss : 0.0057 | Val loss: 0.0129
2026-01-11 17:50:02.951355 | Epoch:5763 | LR: 0.0000394 | Loss : 0.0056 | Val loss: 0.0142
2026-01-11 17:50:14.461018 | Epoch:5764 | LR: 0.0000393 | Loss : 0.0056 | Val loss: 0.0139
2026-01-11 17:50:25.783351 | Epoch:5765 | LR: 0.0000393 | Loss : 0.0056 | Val loss: 0.0131
2026-01-11 17:50:37.088755 | Epoch:5766 | LR: 0.0000393 | Loss : 0.0057 | Val loss: 0.0136
2026-01-11 17:50:48.569691 | Epoch:5767 | LR: 0.0000393 | Loss : 0.0057 | Val loss: 0.0135
2026-01-11 17:51:00.018687 | Epoch:5768 | LR: 0.0000392 | Loss : 0.0056 | Val loss: 0.0139
2026-01-11 17:51:11.433546 | Epoch:5769 | LR: 0.0000392 | Loss : 0.0057 | Val loss: 0.0135
2026-01-11 17:51:22.945471 | Epoch:5770 | LR: 0.0000392 | Loss : 0.0056 | Val loss: 0.0136
2026-01-11 17:51:34.435560 | Epoch:5771 | LR: 0.0000392 | Loss : 0.0056 | Val loss: 0.0130
2026-01-11 17:51:45.741887 | Epoch:5772 | LR: 0.0000391 | Loss : 0.0057 | Val loss: 0.0136
2026-01-11 17:51:57.244340 | Epoch:5773 | LR: 0.0000391 | Loss : 0.0057 | Val loss: 0.0137
2026-01-11 17:52:08.692728 | Epoch:5774 | LR: 0.0000391 | Loss : 0.0057 | Val loss: 0.0135
2026-01-11 17:52:19.994370 | Epoch:5775 | LR: 0.0000390 | Loss : 0.0056 | Val loss: 0.0140
2026-01-11 17:52:31.667881 | Epoch:5776 | LR: 0.0000390 | Loss : 0.0057 | Val loss: 0.0134
2026-01-11 17:52:43.045111 | Epoch:5777 | LR: 0.0000390 | Loss : 0.0056 | Val loss: 0.0128
2026-01-11 17:52:54.396829 | Epoch:5778 | LR: 0.0000390 | Loss : 0.0056 | Val loss: 0.0135
2026-01-11 17:53:05.937085 | Epoch:5779 | LR: 0.0000389 | Loss : 0.0057 | Val loss: 0.0135
2026-01-11 17:53:17.387665 | Epoch:5780 | LR: 0.0000389 | Loss : 0.0057 | Val loss: 0.0135
2026-01-11 17:53:28.768746 | Epoch:5781 | LR: 0.0000389 | Loss : 0.0057 | Val loss: 0.0142
2026-01-11 17:53:40.383419 | Epoch:5782 | LR: 0.0000389 | Loss : 0.0056 | Val loss: 0.0133
2026-01-11 17:53:51.806415 | Epoch:5783 | LR: 0.0000388 | Loss : 0.0057 | Val loss: 0.0137
2026-01-11 17:54:03.077002 | Epoch:5784 | LR: 0.0000388 | Loss : 0.0057 | Val loss: 0.0131
2026-01-11 17:54:14.538386 | Epoch:5785 | LR: 0.0000388 | Loss : 0.0056 | Val loss: 0.0129
2026-01-11 17:54:25.931057 | Epoch:5786 | LR: 0.0000388 | Loss : 0.0057 | Val loss: 0.0136
2026-01-11 17:54:37.338364 | Epoch:5787 | LR: 0.0000387 | Loss : 0.0056 | Val loss: 0.0129
2026-01-11 17:54:48.992175 | Epoch:5788 | LR: 0.0000387 | Loss : 0.0056 | Val loss: 0.0134
2026-01-11 17:55:00.377098 | Epoch:5789 | LR: 0.0000387 | Loss : 0.0057 | Val loss: 0.0136
2026-01-11 17:55:11.720155 | Epoch:5790 | LR: 0.0000387 | Loss : 0.0056 | Val loss: 0.0138
2026-01-11 17:55:23.142336 | Epoch:5791 | LR: 0.0000386 | Loss : 0.0057 | Val loss: 0.0139
2026-01-11 17:55:34.565958 | Epoch:5792 | LR: 0.0000386 | Loss : 0.0056 | Val loss: 0.0133
2026-01-11 17:55:45.934504 | Epoch:5793 | LR: 0.0000386 | Loss : 0.0056 | Val loss: 0.0126
2026-01-11 17:55:57.501489 | Epoch:5794 | LR: 0.0000386 | Loss : 0.0056 | Val loss: 0.0132
2026-01-11 17:56:09.015709 | Epoch:5795 | LR: 0.0000385 | Loss : 0.0056 | Val loss: 0.0140
2026-01-11 17:56:20.302617 | Epoch:5796 | LR: 0.0000385 | Loss : 0.0057 | Val loss: 0.0132
2026-01-11 17:56:31.671179 | Epoch:5797 | LR: 0.0000385 | Loss : 0.0056 | Val loss: 0.0135
2026-01-11 17:56:43.116907 | Epoch:5798 | LR: 0.0000384 | Loss : 0.0056 | Val loss: 0.0135
2026-01-11 17:56:54.512388 | Epoch:5799 | LR: 0.0000384 | Loss : 0.0057 | Val loss: 0.0136
2026-01-11 17:57:06.012181 | Epoch:5800 | LR: 0.0000384 | Loss : 0.0056 | Val loss: 0.0131
2026-01-11 17:57:17.514018 | Epoch:5801 | LR: 0.0000384 | Loss : 0.0056 | Val loss: 0.0130
2026-01-11 17:57:28.799807 | Epoch:5802 | LR: 0.0000383 | Loss : 0.0056 | Val loss: 0.0138
2026-01-11 17:57:40.159461 | Epoch:5803 | LR: 0.0000383 | Loss : 0.0056 | Val loss: 0.0129
2026-01-11 17:57:51.663281 | Epoch:5804 | LR: 0.0000383 | Loss : 0.0056 | Val loss: 0.0136
2026-01-11 17:58:03.029442 | Epoch:5805 | LR: 0.0000383 | Loss : 0.0057 | Val loss: 0.0134
2026-01-11 17:58:14.453440 | Epoch:5806 | LR: 0.0000382 | Loss : 0.0057 | Val loss: 0.0131
2026-01-11 17:58:25.960591 | Epoch:5807 | LR: 0.0000382 | Loss : 0.0056 | Val loss: 0.0137
2026-01-11 17:58:37.312142 | Epoch:5808 | LR: 0.0000382 | Loss : 0.0056 | Val loss: 0.0133
2026-01-11 17:58:48.603980 | Epoch:5809 | LR: 0.0000382 | Loss : 0.0056 | Val loss: 0.0138
2026-01-11 17:59:00.148514 | Epoch:5810 | LR: 0.0000381 | Loss : 0.0057 | Val loss: 0.0134
2026-01-11 17:59:11.475167 | Epoch:5811 | LR: 0.0000381 | Loss : 0.0056 | Val loss: 0.0131
2026-01-11 17:59:22.971104 | Epoch:5812 | LR: 0.0000381 | Loss : 0.0056 | Val loss: 0.0128
2026-01-11 17:59:34.603421 | Epoch:5813 | LR: 0.0000380 | Loss : 0.0056 | Val loss: 0.0139
2026-01-11 17:59:46.036744 | Epoch:5814 | LR: 0.0000380 | Loss : 0.0056 | Val loss: 0.0133
2026-01-11 17:59:57.363785 | Epoch:5815 | LR: 0.0000380 | Loss : 0.0056 | Val loss: 0.0134
2026-01-11 18:00:08.907583 | Epoch:5816 | LR: 0.0000380 | Loss : 0.0057 | Val loss: 0.0136
2026-01-11 18:00:20.282191 | Epoch:5817 | LR: 0.0000379 | Loss : 0.0056 | Val loss: 0.0130
2026-01-11 18:00:31.758398 | Epoch:5818 | LR: 0.0000379 | Loss : 0.0057 | Val loss: 0.0136
2026-01-11 18:00:43.364683 | Epoch:5819 | LR: 0.0000379 | Loss : 0.0056 | Val loss: 0.0141
2026-01-11 18:00:54.759108 | Epoch:5820 | LR: 0.0000379 | Loss : 0.0057 | Val loss: 0.0136
2026-01-11 18:01:06.056531 | Epoch:5821 | LR: 0.0000378 | Loss : 0.0057 | Val loss: 0.0132
2026-01-11 18:01:17.582905 | Epoch:5822 | LR: 0.0000378 | Loss : 0.0056 | Val loss: 0.0137
2026-01-11 18:01:29.014735 | Epoch:5823 | LR: 0.0000378 | Loss : 0.0056 | Val loss: 0.0138
2026-01-11 18:01:40.478328 | Epoch:5824 | LR: 0.0000378 | Loss : 0.0056 | Val loss: 0.0142
2026-01-11 18:01:52.012793 | Epoch:5825 | LR: 0.0000377 | Loss : 0.0057 | Val loss: 0.0137
2026-01-11 18:02:03.520342 | Epoch:5826 | LR: 0.0000377 | Loss : 0.0056 | Val loss: 0.0132
2026-01-11 18:02:14.880698 | Epoch:5827 | LR: 0.0000377 | Loss : 0.0057 | Val loss: 0.0135
2026-01-11 18:02:26.435128 | Epoch:5828 | LR: 0.0000376 | Loss : 0.0056 | Val loss: 0.0137
2026-01-11 18:02:37.781878 | Epoch:5829 | LR: 0.0000376 | Loss : 0.0057 | Val loss: 0.0133
2026-01-11 18:02:49.245980 | Epoch:5830 | LR: 0.0000376 | Loss : 0.0056 | Val loss: 0.0137
2026-01-11 18:03:01.046249 | Epoch:5831 | LR: 0.0000376 | Loss : 0.0057 | Val loss: 0.0145
2026-01-11 18:03:12.549333 | Epoch:5832 | LR: 0.0000375 | Loss : 0.0057 | Val loss: 0.0133
2026-01-11 18:03:23.950214 | Epoch:5833 | LR: 0.0000375 | Loss : 0.0057 | Val loss: 0.0134
2026-01-11 18:03:35.424689 | Epoch:5834 | LR: 0.0000375 | Loss : 0.0056 | Val loss: 0.0133
2026-01-11 18:03:46.880094 | Epoch:5835 | LR: 0.0000375 | Loss : 0.0057 | Val loss: 0.0134
2026-01-11 18:03:58.363666 | Epoch:5836 | LR: 0.0000374 | Loss : 0.0057 | Val loss: 0.0139
2026-01-11 18:04:10.135957 | Epoch:5837 | LR: 0.0000374 | Loss : 0.0057 | Val loss: 0.0142
2026-01-11 18:04:21.716453 | Epoch:5838 | LR: 0.0000374 | Loss : 0.0057 | Val loss: 0.0134
2026-01-11 18:04:33.050923 | Epoch:5839 | LR: 0.0000373 | Loss : 0.0056 | Val loss: 0.0130
2026-01-11 18:04:44.491835 | Epoch:5840 | LR: 0.0000373 | Loss : 0.0056 | Val loss: 0.0131
2026-01-11 18:04:55.973478 | Epoch:5841 | LR: 0.0000373 | Loss : 0.0056 | Val loss: 0.0136
2026-01-11 18:05:07.464724 | Epoch:5842 | LR: 0.0000373 | Loss : 0.0057 | Val loss: 0.0134
2026-01-11 18:05:18.875509 | Epoch:5843 | LR: 0.0000372 | Loss : 0.0056 | Val loss: 0.0135
2026-01-11 18:05:30.445141 | Epoch:5844 | LR: 0.0000372 | Loss : 0.0056 | Val loss: 0.0141
2026-01-11 18:05:41.742253 | Epoch:5845 | LR: 0.0000372 | Loss : 0.0056 | Val loss: 0.0137
2026-01-11 18:05:53.167308 | Epoch:5846 | LR: 0.0000372 | Loss : 0.0056 | Val loss: 0.0136
2026-01-11 18:06:04.604184 | Epoch:5847 | LR: 0.0000371 | Loss : 0.0056 | Val loss: 0.0139
2026-01-11 18:06:16.062548 | Epoch:5848 | LR: 0.0000371 | Loss : 0.0056 | Val loss: 0.0142
2026-01-11 18:06:27.545063 | Epoch:5849 | LR: 0.0000371 | Loss : 0.0057 | Val loss: 0.0141
2026-01-11 18:06:39.067568 | Epoch:5850 | LR: 0.0000370 | Loss : 0.0056 | Val loss: 0.0130
2026-01-11 18:06:50.380388 | Epoch:5851 | LR: 0.0000370 | Loss : 0.0056 | Val loss: 0.0135
2026-01-11 18:07:01.753006 | Epoch:5852 | LR: 0.0000370 | Loss : 0.0056 | Val loss: 0.0138
2026-01-11 18:07:13.228620 | Epoch:5853 | LR: 0.0000370 | Loss : 0.0056 | Val loss: 0.0138
2026-01-11 18:07:24.665510 | Epoch:5854 | LR: 0.0000369 | Loss : 0.0056 | Val loss: 0.0137
2026-01-11 18:07:36.086799 | Epoch:5855 | LR: 0.0000369 | Loss : 0.0056 | Val loss: 0.0134
2026-01-11 18:07:47.641972 | Epoch:5856 | LR: 0.0000369 | Loss : 0.0056 | Val loss: 0.0135
2026-01-11 18:07:59.039333 | Epoch:5857 | LR: 0.0000368 | Loss : 0.0056 | Val loss: 0.0131
2026-01-11 18:08:10.437405 | Epoch:5858 | LR: 0.0000368 | Loss : 0.0056 | Val loss: 0.0134
2026-01-11 18:08:21.927410 | Epoch:5859 | LR: 0.0000368 | Loss : 0.0056 | Val loss: 0.0143
2026-01-11 18:08:33.345294 | Epoch:5860 | LR: 0.0000368 | Loss : 0.0056 | Val loss: 0.0132
2026-01-11 18:08:44.749715 | Epoch:5861 | LR: 0.0000367 | Loss : 0.0056 | Val loss: 0.0130
2026-01-11 18:08:56.235813 | Epoch:5862 | LR: 0.0000367 | Loss : 0.0057 | Val loss: 0.0142
2026-01-11 18:09:07.760697 | Epoch:5863 | LR: 0.0000367 | Loss : 0.0056 | Val loss: 0.0136
2026-01-11 18:09:19.132645 | Epoch:5864 | LR: 0.0000367 | Loss : 0.0056 | Val loss: 0.0140
2026-01-11 18:09:30.686781 | Epoch:5865 | LR: 0.0000366 | Loss : 0.0056 | Val loss: 0.0133
2026-01-11 18:09:42.067029 | Epoch:5866 | LR: 0.0000366 | Loss : 0.0056 | Val loss: 0.0136
2026-01-11 18:09:53.750967 | Epoch:5867 | LR: 0.0000366 | Loss : 0.0056 | Val loss: 0.0134
2026-01-11 18:10:05.219870 | Epoch:5868 | LR: 0.0000365 | Loss : 0.0057 | Val loss: 0.0133
2026-01-11 18:10:16.757012 | Epoch:5869 | LR: 0.0000365 | Loss : 0.0057 | Val loss: 0.0138
2026-01-11 18:10:28.142535 | Epoch:5870 | LR: 0.0000365 | Loss : 0.0056 | Val loss: 0.0137
2026-01-11 18:10:39.646883 | Epoch:5871 | LR: 0.0000365 | Loss : 0.0057 | Val loss: 0.0132
2026-01-11 18:10:51.049752 | Epoch:5872 | LR: 0.0000364 | Loss : 0.0056 | Val loss: 0.0132
2026-01-11 18:11:02.491812 | Epoch:5873 | LR: 0.0000364 | Loss : 0.0057 | Val loss: 0.0136
2026-01-11 18:11:13.982306 | Epoch:5874 | LR: 0.0000364 | Loss : 0.0056 | Val loss: 0.0134
2026-01-11 18:11:25.518767 | Epoch:5875 | LR: 0.0000363 | Loss : 0.0056 | Val loss: 0.0138
2026-01-11 18:11:36.905054 | Epoch:5876 | LR: 0.0000363 | Loss : 0.0056 | Val loss: 0.0146
2026-01-11 18:11:48.280319 | Epoch:5877 | LR: 0.0000363 | Loss : 0.0057 | Val loss: 0.0143
2026-01-11 18:11:59.689231 | Epoch:5878 | LR: 0.0000363 | Loss : 0.0056 | Val loss: 0.0133
2026-01-11 18:12:11.212821 | Epoch:5879 | LR: 0.0000362 | Loss : 0.0056 | Val loss: 0.0136
2026-01-11 18:12:22.604668 | Epoch:5880 | LR: 0.0000362 | Loss : 0.0056 | Val loss: 0.0134
2026-01-11 18:12:34.142263 | Epoch:5881 | LR: 0.0000362 | Loss : 0.0056 | Val loss: 0.0137
2026-01-11 18:12:45.482796 | Epoch:5882 | LR: 0.0000362 | Loss : 0.0056 | Val loss: 0.0141
2026-01-11 18:12:56.872096 | Epoch:5883 | LR: 0.0000361 | Loss : 0.0056 | Val loss: 0.0141
2026-01-11 18:13:08.312374 | Epoch:5884 | LR: 0.0000361 | Loss : 0.0056 | Val loss: 0.0135
2026-01-11 18:13:19.773425 | Epoch:5885 | LR: 0.0000361 | Loss : 0.0056 | Val loss: 0.0142
2026-01-11 18:13:31.299108 | Epoch:5886 | LR: 0.0000360 | Loss : 0.0056 | Val loss: 0.0134
2026-01-11 18:13:42.868731 | Epoch:5887 | LR: 0.0000360 | Loss : 0.0056 | Val loss: 0.0134
2026-01-11 18:13:54.208296 | Epoch:5888 | LR: 0.0000360 | Loss : 0.0056 | Val loss: 0.0134
2026-01-11 18:14:05.568260 | Epoch:5889 | LR: 0.0000360 | Loss : 0.0055 | Val loss: 0.0136
2026-01-11 18:14:17.089806 | Epoch:5890 | LR: 0.0000359 | Loss : 0.0056 | Val loss: 0.0138
2026-01-11 18:14:28.512346 | Epoch:5891 | LR: 0.0000359 | Loss : 0.0056 | Val loss: 0.0136
2026-01-11 18:14:40.013126 | Epoch:5892 | LR: 0.0000359 | Loss : 0.0056 | Val loss: 0.0137
2026-01-11 18:14:51.521357 | Epoch:5893 | LR: 0.0000358 | Loss : 0.0056 | Val loss: 0.0140
2026-01-11 18:15:03.092003 | Epoch:5894 | LR: 0.0000358 | Loss : 0.0057 | Val loss: 0.0135
2026-01-11 18:15:14.348554 | Epoch:5895 | LR: 0.0000358 | Loss : 0.0057 | Val loss: 0.0133
2026-01-11 18:15:25.819125 | Epoch:5896 | LR: 0.0000358 | Loss : 0.0056 | Val loss: 0.0131
2026-01-11 18:15:37.227509 | Epoch:5897 | LR: 0.0000357 | Loss : 0.0056 | Val loss: 0.0133
2026-01-11 18:15:48.786996 | Epoch:5898 | LR: 0.0000357 | Loss : 0.0056 | Val loss: 0.0137
2026-01-11 18:16:00.226244 | Epoch:5899 | LR: 0.0000357 | Loss : 0.0057 | Val loss: 0.0139
2026-01-11 18:16:11.737120 | Epoch:5900 | LR: 0.0000356 | Loss : 0.0056 | Val loss: 0.0134
2026-01-11 18:16:23.048970 | Epoch:5901 | LR: 0.0000356 | Loss : 0.0055 | Val loss: 0.0131
2026-01-11 18:16:34.523094 | Epoch:5902 | LR: 0.0000356 | Loss : 0.0055 | Val loss: 0.0137
2026-01-11 18:16:45.954600 | Epoch:5903 | LR: 0.0000356 | Loss : 0.0056 | Val loss: 0.0141
2026-01-11 18:16:57.474356 | Epoch:5904 | LR: 0.0000355 | Loss : 0.0056 | Val loss: 0.0138
2026-01-11 18:17:08.868496 | Epoch:5905 | LR: 0.0000355 | Loss : 0.0056 | Val loss: 0.0132
2026-01-11 18:17:20.403084 | Epoch:5906 | LR: 0.0000355 | Loss : 0.0056 | Val loss: 0.0132
2026-01-11 18:17:31.670351 | Epoch:5907 | LR: 0.0000354 | Loss : 0.0056 | Val loss: 0.0130
2026-01-11 18:17:43.148354 | Epoch:5908 | LR: 0.0000354 | Loss : 0.0056 | Val loss: 0.0136
2026-01-11 18:17:54.509651 | Epoch:5909 | LR: 0.0000354 | Loss : 0.0057 | Val loss: 0.0133
2026-01-11 18:18:05.999916 | Epoch:5910 | LR: 0.0000354 | Loss : 0.0056 | Val loss: 0.0142
2026-01-11 18:18:17.397792 | Epoch:5911 | LR: 0.0000353 | Loss : 0.0056 | Val loss: 0.0137
2026-01-11 18:18:28.978623 | Epoch:5912 | LR: 0.0000353 | Loss : 0.0057 | Val loss: 0.0136
2026-01-11 18:18:40.263928 | Epoch:5913 | LR: 0.0000353 | Loss : 0.0056 | Val loss: 0.0134
2026-01-11 18:18:51.708396 | Epoch:5914 | LR: 0.0000352 | Loss : 0.0056 | Val loss: 0.0138
2026-01-11 18:19:03.146555 | Epoch:5915 | LR: 0.0000352 | Loss : 0.0056 | Val loss: 0.0135
2026-01-11 18:19:14.589792 | Epoch:5916 | LR: 0.0000352 | Loss : 0.0056 | Val loss: 0.0138
2026-01-11 18:19:26.090606 | Epoch:5917 | LR: 0.0000352 | Loss : 0.0055 | Val loss: 0.0136
2026-01-11 18:19:37.696146 | Epoch:5918 | LR: 0.0000351 | Loss : 0.0056 | Val loss: 0.0131
2026-01-11 18:19:48.979944 | Epoch:5919 | LR: 0.0000351 | Loss : 0.0056 | Val loss: 0.0134
2026-01-11 18:20:00.386622 | Epoch:5920 | LR: 0.0000351 | Loss : 0.0056 | Val loss: 0.0138
2026-01-11 18:20:11.807514 | Epoch:5921 | LR: 0.0000350 | Loss : 0.0056 | Val loss: 0.0140
2026-01-11 18:20:23.196444 | Epoch:5922 | LR: 0.0000350 | Loss : 0.0056 | Val loss: 0.0132
2026-01-11 18:20:34.635354 | Epoch:5923 | LR: 0.0000350 | Loss : 0.0056 | Val loss: 0.0136
2026-01-11 18:20:46.247854 | Epoch:5924 | LR: 0.0000350 | Loss : 0.0056 | Val loss: 0.0139
2026-01-11 18:20:57.578123 | Epoch:5925 | LR: 0.0000349 | Loss : 0.0056 | Val loss: 0.0132
2026-01-11 18:21:08.947097 | Epoch:5926 | LR: 0.0000349 | Loss : 0.0056 | Val loss: 0.0138
2026-01-11 18:21:20.376953 | Epoch:5927 | LR: 0.0000349 | Loss : 0.0056 | Val loss: 0.0134
2026-01-11 18:21:31.764620 | Epoch:5928 | LR: 0.0000348 | Loss : 0.0056 | Val loss: 0.0139
2026-01-11 18:21:43.212875 | Epoch:5929 | LR: 0.0000348 | Loss : 0.0055 | Val loss: 0.0138
2026-01-11 18:21:54.691880 | Epoch:5930 | LR: 0.0000348 | Loss : 0.0056 | Val loss: 0.0140
2026-01-11 18:22:06.156611 | Epoch:5931 | LR: 0.0000348 | Loss : 0.0056 | Val loss: 0.0137
2026-01-11 18:22:17.453969 | Epoch:5932 | LR: 0.0000347 | Loss : 0.0057 | Val loss: 0.0137
2026-01-11 18:22:28.940226 | Epoch:5933 | LR: 0.0000347 | Loss : 0.0056 | Val loss: 0.0139
2026-01-11 18:22:40.288431 | Epoch:5934 | LR: 0.0000347 | Loss : 0.0056 | Val loss: 0.0133
2026-01-11 18:22:51.783619 | Epoch:5935 | LR: 0.0000346 | Loss : 0.0057 | Val loss: 0.0127
2026-01-11 18:23:03.234727 | Epoch:5936 | LR: 0.0000346 | Loss : 0.0056 | Val loss: 0.0134
2026-01-11 18:23:14.780176 | Epoch:5937 | LR: 0.0000346 | Loss : 0.0056 | Val loss: 0.0138
2026-01-11 18:23:26.072205 | Epoch:5938 | LR: 0.0000346 | Loss : 0.0056 | Val loss: 0.0139
2026-01-11 18:23:37.522715 | Epoch:5939 | LR: 0.0000345 | Loss : 0.0055 | Val loss: 0.0135
2026-01-11 18:23:48.890534 | Epoch:5940 | LR: 0.0000345 | Loss : 0.0056 | Val loss: 0.0134
2026-01-11 18:24:00.408953 | Epoch:5941 | LR: 0.0000345 | Loss : 0.0056 | Val loss: 0.0142
2026-01-11 18:24:11.800283 | Epoch:5942 | LR: 0.0000344 | Loss : 0.0056 | Val loss: 0.0136
2026-01-11 18:24:23.620690 | Epoch:5943 | LR: 0.0000344 | Loss : 0.0056 | Val loss: 0.0136
2026-01-11 18:24:34.941662 | Epoch:5944 | LR: 0.0000344 | Loss : 0.0057 | Val loss: 0.0134
2026-01-11 18:24:46.398377 | Epoch:5945 | LR: 0.0000343 | Loss : 0.0056 | Val loss: 0.0137
2026-01-11 18:24:57.858607 | Epoch:5946 | LR: 0.0000343 | Loss : 0.0056 | Val loss: 0.0135
2026-01-11 18:25:09.417757 | Epoch:5947 | LR: 0.0000343 | Loss : 0.0056 | Val loss: 0.0142
2026-01-11 18:25:20.834286 | Epoch:5948 | LR: 0.0000343 | Loss : 0.0056 | Val loss: 0.0142
2026-01-11 18:25:32.734735 | Epoch:5949 | LR: 0.0000342 | Loss : 0.0056 | Val loss: 0.0136
2026-01-11 18:25:43.976025 | Epoch:5950 | LR: 0.0000342 | Loss : 0.0056 | Val loss: 0.0135
2026-01-11 18:25:55.465154 | Epoch:5951 | LR: 0.0000342 | Loss : 0.0057 | Val loss: 0.0137
2026-01-11 18:26:06.782347 | Epoch:5952 | LR: 0.0000341 | Loss : 0.0056 | Val loss: 0.0134
2026-01-11 18:26:18.265480 | Epoch:5953 | LR: 0.0000341 | Loss : 0.0056 | Val loss: 0.0139
2026-01-11 18:26:29.702014 | Epoch:5954 | LR: 0.0000341 | Loss : 0.0055 | Val loss: 0.0140
2026-01-11 18:26:41.391229 | Epoch:5955 | LR: 0.0000341 | Loss : 0.0057 | Val loss: 0.0138
2026-01-11 18:26:52.631310 | Epoch:5956 | LR: 0.0000340 | Loss : 0.0056 | Val loss: 0.0140
2026-01-11 18:27:04.126303 | Epoch:5957 | LR: 0.0000340 | Loss : 0.0055 | Val loss: 0.0138
2026-01-11 18:27:15.483332 | Epoch:5958 | LR: 0.0000340 | Loss : 0.0056 | Val loss: 0.0135
2026-01-11 18:27:27.004599 | Epoch:5959 | LR: 0.0000339 | Loss : 0.0056 | Val loss: 0.0132
2026-01-11 18:27:38.396835 | Epoch:5960 | LR: 0.0000339 | Loss : 0.0056 | Val loss: 0.0142
2026-01-11 18:27:50.098699 | Epoch:5961 | LR: 0.0000339 | Loss : 0.0056 | Val loss: 0.0139
2026-01-11 18:28:01.403892 | Epoch:5962 | LR: 0.0000338 | Loss : 0.0056 | Val loss: 0.0132
2026-01-11 18:28:12.895175 | Epoch:5963 | LR: 0.0000338 | Loss : 0.0056 | Val loss: 0.0139
2026-01-11 18:28:24.262344 | Epoch:5964 | LR: 0.0000338 | Loss : 0.0055 | Val loss: 0.0133
2026-01-11 18:28:35.775651 | Epoch:5965 | LR: 0.0000338 | Loss : 0.0056 | Val loss: 0.0141
2026-01-11 18:28:47.152839 | Epoch:5966 | LR: 0.0000337 | Loss : 0.0056 | Val loss: 0.0136
2026-01-11 18:28:58.707027 | Epoch:5967 | LR: 0.0000337 | Loss : 0.0056 | Val loss: 0.0141
2026-01-11 18:29:10.111992 | Epoch:5968 | LR: 0.0000337 | Loss : 0.0055 | Val loss: 0.0141
2026-01-11 18:29:21.479762 | Epoch:5969 | LR: 0.0000336 | Loss : 0.0056 | Val loss: 0.0137
2026-01-11 18:29:32.901137 | Epoch:5970 | LR: 0.0000336 | Loss : 0.0056 | Val loss: 0.0138
2026-01-11 18:29:44.393007 | Epoch:5971 | LR: 0.0000336 | Loss : 0.0056 | Val loss: 0.0141
2026-01-11 18:29:55.834790 | Epoch:5972 | LR: 0.0000336 | Loss : 0.0055 | Val loss: 0.0139
2026-01-11 18:30:07.305951 | Epoch:5973 | LR: 0.0000335 | Loss : 0.0056 | Val loss: 0.0135
2026-01-11 18:30:18.698108 | Epoch:5974 | LR: 0.0000335 | Loss : 0.0056 | Val loss: 0.0140
2026-01-11 18:30:30.097071 | Epoch:5975 | LR: 0.0000335 | Loss : 0.0056 | Val loss: 0.0135
2026-01-11 18:30:41.500323 | Epoch:5976 | LR: 0.0000334 | Loss : 0.0056 | Val loss: 0.0140
2026-01-11 18:30:52.950624 | Epoch:5977 | LR: 0.0000334 | Loss : 0.0056 | Val loss: 0.0138
2026-01-11 18:31:04.417681 | Epoch:5978 | LR: 0.0000334 | Loss : 0.0055 | Val loss: 0.0132
2026-01-11 18:31:16.024382 | Epoch:5979 | LR: 0.0000333 | Loss : 0.0056 | Val loss: 0.0135
2026-01-11 18:31:27.506377 | Epoch:5980 | LR: 0.0000333 | Loss : 0.0056 | Val loss: 0.0140
2026-01-11 18:31:38.797848 | Epoch:5981 | LR: 0.0000333 | Loss : 0.0056 | Val loss: 0.0139
2026-01-11 18:31:50.325169 | Epoch:5982 | LR: 0.0000333 | Loss : 0.0056 | Val loss: 0.0140
2026-01-11 18:32:01.722524 | Epoch:5983 | LR: 0.0000332 | Loss : 0.0057 | Val loss: 0.0137
2026-01-11 18:32:13.181630 | Epoch:5984 | LR: 0.0000332 | Loss : 0.0056 | Val loss: 0.0132
2026-01-11 18:32:24.639561 | Epoch:5985 | LR: 0.0000332 | Loss : 0.0056 | Val loss: 0.0135
2026-01-11 18:32:36.221201 | Epoch:5986 | LR: 0.0000331 | Loss : 0.0056 | Val loss: 0.0140
2026-01-11 18:32:47.533781 | Epoch:5987 | LR: 0.0000331 | Loss : 0.0056 | Val loss: 0.0141
2026-01-11 18:32:58.990185 | Epoch:5988 | LR: 0.0000331 | Loss : 0.0056 | Val loss: 0.0144
2026-01-11 18:33:10.343183 | Epoch:5989 | LR: 0.0000331 | Loss : 0.0057 | Val loss: 0.0138
2026-01-11 18:33:21.791249 | Epoch:5990 | LR: 0.0000330 | Loss : 0.0056 | Val loss: 0.0134
2026-01-11 18:33:33.190668 | Epoch:5991 | LR: 0.0000330 | Loss : 0.0057 | Val loss: 0.0138
2026-01-11 18:33:44.817678 | Epoch:5992 | LR: 0.0000330 | Loss : 0.0056 | Val loss: 0.0131
2026-01-11 18:33:56.175140 | Epoch:5993 | LR: 0.0000329 | Loss : 0.0056 | Val loss: 0.0135
2026-01-11 18:34:07.587985 | Epoch:5994 | LR: 0.0000329 | Loss : 0.0056 | Val loss: 0.0138
2026-01-11 18:34:18.959126 | Epoch:5995 | LR: 0.0000329 | Loss : 0.0057 | Val loss: 0.0142
2026-01-11 18:34:30.419056 | Epoch:5996 | LR: 0.0000328 | Loss : 0.0056 | Val loss: 0.0134
2026-01-11 18:34:41.792211 | Epoch:5997 | LR: 0.0000328 | Loss : 0.0055 | Val loss: 0.0142
2026-01-11 18:34:53.339564 | Epoch:5998 | LR: 0.0000328 | Loss : 0.0055 | Val loss: 0.0137
2026-01-11 18:35:04.857975 | Epoch:5999 | LR: 0.0000328 | Loss : 0.0055 | Val loss: 0.0141
2026-01-11 18:35:16.306311 | Epoch:6000 | LR: 0.0000327 | Loss : 0.0056 | Val loss: 0.0145
2026-01-11 18:35:27.663626 | Epoch:6001 | LR: 0.0000327 | Loss : 0.0055 | Val loss: 0.0141
2026-01-11 18:35:39.139109 | Epoch:6002 | LR: 0.0000327 | Loss : 0.0055 | Val loss: 0.0139
2026-01-11 18:35:50.564521 | Epoch:6003 | LR: 0.0000326 | Loss : 0.0056 | Val loss: 0.0141
2026-01-11 18:36:02.037923 | Epoch:6004 | LR: 0.0000326 | Loss : 0.0055 | Val loss: 0.0141
2026-01-11 18:36:13.641095 | Epoch:6005 | LR: 0.0000326 | Loss : 0.0056 | Val loss: 0.0138
2026-01-11 18:36:25.029291 | Epoch:6006 | LR: 0.0000325 | Loss : 0.0055 | Val loss: 0.0136
2026-01-11 18:36:36.358509 | Epoch:6007 | LR: 0.0000325 | Loss : 0.0056 | Val loss: 0.0140
2026-01-11 18:36:47.861666 | Epoch:6008 | LR: 0.0000325 | Loss : 0.0056 | Val loss: 0.0142
2026-01-11 18:36:59.325264 | Epoch:6009 | LR: 0.0000325 | Loss : 0.0055 | Val loss: 0.0139
2026-01-11 18:37:10.765932 | Epoch:6010 | LR: 0.0000324 | Loss : 0.0055 | Val loss: 0.0134
2026-01-11 18:37:22.408660 | Epoch:6011 | LR: 0.0000324 | Loss : 0.0056 | Val loss: 0.0138
2026-01-11 18:37:33.700716 | Epoch:6012 | LR: 0.0000324 | Loss : 0.0055 | Val loss: 0.0134
2026-01-11 18:37:45.064214 | Epoch:6013 | LR: 0.0000323 | Loss : 0.0056 | Val loss: 0.0136
2026-01-11 18:37:56.559421 | Epoch:6014 | LR: 0.0000323 | Loss : 0.0056 | Val loss: 0.0143
2026-01-11 18:38:08.070867 | Epoch:6015 | LR: 0.0000323 | Loss : 0.0056 | Val loss: 0.0136
2026-01-11 18:38:19.480012 | Epoch:6016 | LR: 0.0000322 | Loss : 0.0055 | Val loss: 0.0141
2026-01-11 18:38:31.203486 | Epoch:6017 | LR: 0.0000322 | Loss : 0.0056 | Val loss: 0.0135
2026-01-11 18:38:42.483739 | Epoch:6018 | LR: 0.0000322 | Loss : 0.0056 | Val loss: 0.0141
2026-01-11 18:38:53.904591 | Epoch:6019 | LR: 0.0000322 | Loss : 0.0056 | Val loss: 0.0139
2026-01-11 18:39:05.441901 | Epoch:6020 | LR: 0.0000321 | Loss : 0.0056 | Val loss: 0.0140
2026-01-11 18:39:16.835890 | Epoch:6021 | LR: 0.0000321 | Loss : 0.0056 | Val loss: 0.0139
2026-01-11 18:39:28.272553 | Epoch:6022 | LR: 0.0000321 | Loss : 0.0056 | Val loss: 0.0140
2026-01-11 18:39:39.938964 | Epoch:6023 | LR: 0.0000320 | Loss : 0.0056 | Val loss: 0.0141
2026-01-11 18:39:51.303218 | Epoch:6024 | LR: 0.0000320 | Loss : 0.0056 | Val loss: 0.0137
2026-01-11 18:40:02.707212 | Epoch:6025 | LR: 0.0000320 | Loss : 0.0056 | Val loss: 0.0139
2026-01-11 18:40:14.161591 | Epoch:6026 | LR: 0.0000319 | Loss : 0.0056 | Val loss: 0.0142
2026-01-11 18:40:25.593528 | Epoch:6027 | LR: 0.0000319 | Loss : 0.0056 | Val loss: 0.0137
2026-01-11 18:40:36.937327 | Epoch:6028 | LR: 0.0000319 | Loss : 0.0055 | Val loss: 0.0137
2026-01-11 18:40:48.480461 | Epoch:6029 | LR: 0.0000319 | Loss : 0.0055 | Val loss: 0.0138
2026-01-11 18:40:59.902689 | Epoch:6030 | LR: 0.0000318 | Loss : 0.0056 | Val loss: 0.0135
2026-01-11 18:41:11.301412 | Epoch:6031 | LR: 0.0000318 | Loss : 0.0055 | Val loss: 0.0138
2026-01-11 18:41:22.761993 | Epoch:6032 | LR: 0.0000318 | Loss : 0.0056 | Val loss: 0.0132
2026-01-11 18:41:34.122698 | Epoch:6033 | LR: 0.0000317 | Loss : 0.0056 | Val loss: 0.0130
2026-01-11 18:41:45.442331 | Epoch:6034 | LR: 0.0000317 | Loss : 0.0056 | Val loss: 0.0140
2026-01-11 18:41:57.344605 | Epoch:6035 | LR: 0.0000317 | Loss : 0.0056 | Val loss: 0.0138
2026-01-11 18:42:09.088024 | Epoch:6036 | LR: 0.0000316 | Loss : 0.0056 | Val loss: 0.0143
2026-01-11 18:42:20.698968 | Epoch:6037 | LR: 0.0000316 | Loss : 0.0056 | Val loss: 0.0142
2026-01-11 18:42:32.453047 | Epoch:6038 | LR: 0.0000316 | Loss : 0.0056 | Val loss: 0.0141
2026-01-11 18:42:43.936512 | Epoch:6039 | LR: 0.0000315 | Loss : 0.0056 | Val loss: 0.0142
2026-01-11 18:42:55.575954 | Epoch:6040 | LR: 0.0000315 | Loss : 0.0056 | Val loss: 0.0142
2026-01-11 18:43:07.131719 | Epoch:6041 | LR: 0.0000315 | Loss : 0.0056 | Val loss: 0.0137
2026-01-11 18:43:18.753198 | Epoch:6042 | LR: 0.0000315 | Loss : 0.0056 | Val loss: 0.0136
2026-01-11 18:43:30.051448 | Epoch:6043 | LR: 0.0000314 | Loss : 0.0056 | Val loss: 0.0139
2026-01-11 18:43:41.694795 | Epoch:6044 | LR: 0.0000314 | Loss : 0.0055 | Val loss: 0.0136
2026-01-11 18:43:53.182301 | Epoch:6045 | LR: 0.0000314 | Loss : 0.0056 | Val loss: 0.0138
2026-01-11 18:44:04.492700 | Epoch:6046 | LR: 0.0000313 | Loss : 0.0056 | Val loss: 0.0138
2026-01-11 18:44:16.143932 | Epoch:6047 | LR: 0.0000313 | Loss : 0.0055 | Val loss: 0.0134
2026-01-11 18:44:27.656061 | Epoch:6048 | LR: 0.0000313 | Loss : 0.0055 | Val loss: 0.0140
2026-01-11 18:44:39.000480 | Epoch:6049 | LR: 0.0000312 | Loss : 0.0056 | Val loss: 0.0139
2026-01-11 18:44:50.465098 | Epoch:6050 | LR: 0.0000312 | Loss : 0.0055 | Val loss: 0.0137
2026-01-11 18:45:01.973758 | Epoch:6051 | LR: 0.0000312 | Loss : 0.0056 | Val loss: 0.0142
2026-01-11 18:45:13.492728 | Epoch:6052 | LR: 0.0000312 | Loss : 0.0056 | Val loss: 0.0135
2026-01-11 18:45:24.904272 | Epoch:6053 | LR: 0.0000311 | Loss : 0.0056 | Val loss: 0.0139
2026-01-11 18:45:36.564689 | Epoch:6054 | LR: 0.0000311 | Loss : 0.0056 | Val loss: 0.0139
2026-01-11 18:45:48.066296 | Epoch:6055 | LR: 0.0000311 | Loss : 0.0055 | Val loss: 0.0135
2026-01-11 18:45:59.617034 | Epoch:6056 | LR: 0.0000310 | Loss : 0.0056 | Val loss: 0.0144
2026-01-11 18:46:11.186220 | Epoch:6057 | LR: 0.0000310 | Loss : 0.0056 | Val loss: 0.0138
2026-01-11 18:46:22.488852 | Epoch:6058 | LR: 0.0000310 | Loss : 0.0056 | Val loss: 0.0141
2026-01-11 18:46:34.004140 | Epoch:6059 | LR: 0.0000309 | Loss : 0.0055 | Val loss: 0.0145
2026-01-11 18:46:45.373702 | Epoch:6060 | LR: 0.0000309 | Loss : 0.0056 | Val loss: 0.0146
2026-01-11 18:46:57.043297 | Epoch:6061 | LR: 0.0000309 | Loss : 0.0055 | Val loss: 0.0138
2026-01-11 18:47:08.438441 | Epoch:6062 | LR: 0.0000308 | Loss : 0.0056 | Val loss: 0.0136
2026-01-11 18:47:19.866314 | Epoch:6063 | LR: 0.0000308 | Loss : 0.0055 | Val loss: 0.0143
2026-01-11 18:47:31.170316 | Epoch:6064 | LR: 0.0000308 | Loss : 0.0055 | Val loss: 0.0143
2026-01-11 18:47:42.702778 | Epoch:6065 | LR: 0.0000308 | Loss : 0.0056 | Val loss: 0.0141
2026-01-11 18:47:54.078936 | Epoch:6066 | LR: 0.0000307 | Loss : 0.0056 | Val loss: 0.0137
2026-01-11 18:48:05.526642 | Epoch:6067 | LR: 0.0000307 | Loss : 0.0055 | Val loss: 0.0135
2026-01-11 18:48:17.043258 | Epoch:6068 | LR: 0.0000307 | Loss : 0.0055 | Val loss: 0.0140
2026-01-11 18:48:28.465226 | Epoch:6069 | LR: 0.0000306 | Loss : 0.0056 | Val loss: 0.0138
2026-01-11 18:48:39.787508 | Epoch:6070 | LR: 0.0000306 | Loss : 0.0055 | Val loss: 0.0140
2026-01-11 18:48:51.320205 | Epoch:6071 | LR: 0.0000306 | Loss : 0.0056 | Val loss: 0.0143
2026-01-11 18:49:02.752990 | Epoch:6072 | LR: 0.0000305 | Loss : 0.0056 | Val loss: 0.0140
2026-01-11 18:49:14.100034 | Epoch:6073 | LR: 0.0000305 | Loss : 0.0055 | Val loss: 0.0145
2026-01-11 18:49:25.614475 | Epoch:6074 | LR: 0.0000305 | Loss : 0.0055 | Val loss: 0.0139
2026-01-11 18:49:37.092414 | Epoch:6075 | LR: 0.0000305 | Loss : 0.0056 | Val loss: 0.0140
2026-01-11 18:49:48.403806 | Epoch:6076 | LR: 0.0000304 | Loss : 0.0056 | Val loss: 0.0136
2026-01-11 18:49:59.807314 | Epoch:6077 | LR: 0.0000304 | Loss : 0.0056 | Val loss: 0.0140
2026-01-11 18:50:11.369259 | Epoch:6078 | LR: 0.0000304 | Loss : 0.0056 | Val loss: 0.0139
2026-01-11 18:50:22.729330 | Epoch:6079 | LR: 0.0000303 | Loss : 0.0055 | Val loss: 0.0145
2026-01-11 18:50:34.227439 | Epoch:6080 | LR: 0.0000303 | Loss : 0.0055 | Val loss: 0.0134
2026-01-11 18:50:45.830404 | Epoch:6081 | LR: 0.0000303 | Loss : 0.0055 | Val loss: 0.0137
2026-01-11 18:50:57.168136 | Epoch:6082 | LR: 0.0000302 | Loss : 0.0055 | Val loss: 0.0136
2026-01-11 18:51:08.572586 | Epoch:6083 | LR: 0.0000302 | Loss : 0.0055 | Val loss: 0.0139
2026-01-11 18:51:20.152038 | Epoch:6084 | LR: 0.0000302 | Loss : 0.0056 | Val loss: 0.0134
2026-01-11 18:51:31.448703 | Epoch:6085 | LR: 0.0000301 | Loss : 0.0056 | Val loss: 0.0141
2026-01-11 18:51:43.010328 | Epoch:6086 | LR: 0.0000301 | Loss : 0.0056 | Val loss: 0.0140
2026-01-11 18:51:54.560429 | Epoch:6087 | LR: 0.0000301 | Loss : 0.0055 | Val loss: 0.0140
2026-01-11 18:52:05.833641 | Epoch:6088 | LR: 0.0000301 | Loss : 0.0055 | Val loss: 0.0140
2026-01-11 18:52:17.209051 | Epoch:6089 | LR: 0.0000300 | Loss : 0.0056 | Val loss: 0.0136
2026-01-11 18:52:28.764305 | Epoch:6090 | LR: 0.0000300 | Loss : 0.0055 | Val loss: 0.0135
2026-01-11 18:52:40.337705 | Epoch:6091 | LR: 0.0000300 | Loss : 0.0056 | Val loss: 0.0138
2026-01-11 18:52:51.859637 | Epoch:6092 | LR: 0.0000299 | Loss : 0.0055 | Val loss: 0.0143
2026-01-11 18:53:03.452778 | Epoch:6093 | LR: 0.0000299 | Loss : 0.0055 | Val loss: 0.0138
2026-01-11 18:53:14.783053 | Epoch:6094 | LR: 0.0000299 | Loss : 0.0056 | Val loss: 0.0142
2026-01-11 18:53:26.169814 | Epoch:6095 | LR: 0.0000298 | Loss : 0.0055 | Val loss: 0.0138
2026-01-11 18:53:37.707642 | Epoch:6096 | LR: 0.0000298 | Loss : 0.0056 | Val loss: 0.0146
2026-01-11 18:53:49.099838 | Epoch:6097 | LR: 0.0000298 | Loss : 0.0056 | Val loss: 0.0136
2026-01-11 18:54:00.593871 | Epoch:6098 | LR: 0.0000297 | Loss : 0.0055 | Val loss: 0.0142
2026-01-11 18:54:12.156825 | Epoch:6099 | LR: 0.0000297 | Loss : 0.0055 | Val loss: 0.0141
2026-01-11 18:54:23.574028 | Epoch:6100 | LR: 0.0000297 | Loss : 0.0055 | Val loss: 0.0139
2026-01-11 18:54:35.096060 | Epoch:6101 | LR: 0.0000297 | Loss : 0.0055 | Val loss: 0.0140
2026-01-11 18:54:46.616740 | Epoch:6102 | LR: 0.0000296 | Loss : 0.0055 | Val loss: 0.0137
2026-01-11 18:54:58.069175 | Epoch:6103 | LR: 0.0000296 | Loss : 0.0056 | Val loss: 0.0139
2026-01-11 18:55:09.608417 | Epoch:6104 | LR: 0.0000296 | Loss : 0.0056 | Val loss: 0.0141
2026-01-11 18:55:21.238751 | Epoch:6105 | LR: 0.0000295 | Loss : 0.0056 | Val loss: 0.0137
2026-01-11 18:55:32.674082 | Epoch:6106 | LR: 0.0000295 | Loss : 0.0055 | Val loss: 0.0136
2026-01-11 18:55:44.031878 | Epoch:6107 | LR: 0.0000295 | Loss : 0.0056 | Val loss: 0.0139
2026-01-11 18:55:55.640077 | Epoch:6108 | LR: 0.0000294 | Loss : 0.0056 | Val loss: 0.0138
2026-01-11 18:56:07.010385 | Epoch:6109 | LR: 0.0000294 | Loss : 0.0056 | Val loss: 0.0141
2026-01-11 18:56:18.529240 | Epoch:6110 | LR: 0.0000294 | Loss : 0.0056 | Val loss: 0.0143
2026-01-11 18:56:30.146913 | Epoch:6111 | LR: 0.0000293 | Loss : 0.0055 | Val loss: 0.0143
2026-01-11 18:56:41.571280 | Epoch:6112 | LR: 0.0000293 | Loss : 0.0055 | Val loss: 0.0143
2026-01-11 18:56:52.894566 | Epoch:6113 | LR: 0.0000293 | Loss : 0.0055 | Val loss: 0.0142
2026-01-11 18:57:04.356356 | Epoch:6114 | LR: 0.0000292 | Loss : 0.0055 | Val loss: 0.0141
2026-01-11 18:57:15.774924 | Epoch:6115 | LR: 0.0000292 | Loss : 0.0055 | Val loss: 0.0141
2026-01-11 18:57:27.239709 | Epoch:6116 | LR: 0.0000292 | Loss : 0.0055 | Val loss: 0.0149
2026-01-11 18:57:38.732484 | Epoch:6117 | LR: 0.0000292 | Loss : 0.0056 | Val loss: 0.0136
2026-01-11 18:57:50.231485 | Epoch:6118 | LR: 0.0000291 | Loss : 0.0056 | Val loss: 0.0142
2026-01-11 18:58:01.651537 | Epoch:6119 | LR: 0.0000291 | Loss : 0.0055 | Val loss: 0.0144
2026-01-11 18:58:13.130270 | Epoch:6120 | LR: 0.0000291 | Loss : 0.0055 | Val loss: 0.0138
2026-01-11 18:58:24.620707 | Epoch:6121 | LR: 0.0000290 | Loss : 0.0055 | Val loss: 0.0147
2026-01-11 18:58:36.004881 | Epoch:6122 | LR: 0.0000290 | Loss : 0.0055 | Val loss: 0.0146
2026-01-11 18:58:47.624173 | Epoch:6123 | LR: 0.0000290 | Loss : 0.0054 | Val loss: 0.0145
2026-01-11 18:58:59.123882 | Epoch:6124 | LR: 0.0000289 | Loss : 0.0055 | Val loss: 0.0138
2026-01-11 18:59:10.503676 | Epoch:6125 | LR: 0.0000289 | Loss : 0.0055 | Val loss: 0.0139
2026-01-11 18:59:21.963409 | Epoch:6126 | LR: 0.0000289 | Loss : 0.0056 | Val loss: 0.0143
2026-01-11 18:59:33.451374 | Epoch:6127 | LR: 0.0000288 | Loss : 0.0056 | Val loss: 0.0136
2026-01-11 18:59:44.899279 | Epoch:6128 | LR: 0.0000288 | Loss : 0.0056 | Val loss: 0.0145
2026-01-11 18:59:56.973296 | Epoch:6129 | LR: 0.0000288 | Loss : 0.0055 | Val loss: 0.0138
2026-01-11 19:00:08.869624 | Epoch:6130 | LR: 0.0000288 | Loss : 0.0055 | Val loss: 0.0150
2026-01-11 19:00:20.783855 | Epoch:6131 | LR: 0.0000287 | Loss : 0.0056 | Val loss: 0.0136
2026-01-11 19:00:32.541977 | Epoch:6132 | LR: 0.0000287 | Loss : 0.0056 | Val loss: 0.0141
2026-01-11 19:00:44.440153 | Epoch:6133 | LR: 0.0000287 | Loss : 0.0055 | Val loss: 0.0137
2026-01-11 19:00:56.211096 | Epoch:6134 | LR: 0.0000286 | Loss : 0.0056 | Val loss: 0.0140
2026-01-11 19:01:08.031386 | Epoch:6135 | LR: 0.0000286 | Loss : 0.0055 | Val loss: 0.0143
2026-01-11 19:01:19.586713 | Epoch:6136 | LR: 0.0000286 | Loss : 0.0055 | Val loss: 0.0139
2026-01-11 19:01:31.729085 | Epoch:6137 | LR: 0.0000285 | Loss : 0.0055 | Val loss: 0.0141
2026-01-11 19:01:43.336903 | Epoch:6138 | LR: 0.0000285 | Loss : 0.0055 | Val loss: 0.0141
2026-01-11 19:01:55.209729 | Epoch:6139 | LR: 0.0000285 | Loss : 0.0055 | Val loss: 0.0143
2026-01-11 19:02:06.991186 | Epoch:6140 | LR: 0.0000284 | Loss : 0.0055 | Val loss: 0.0143
2026-01-11 19:02:18.614300 | Epoch:6141 | LR: 0.0000284 | Loss : 0.0055 | Val loss: 0.0146
2026-01-11 19:02:30.296987 | Epoch:6142 | LR: 0.0000284 | Loss : 0.0056 | Val loss: 0.0141
2026-01-11 19:02:42.173529 | Epoch:6143 | LR: 0.0000283 | Loss : 0.0056 | Val loss: 0.0142
2026-01-11 19:02:53.578073 | Epoch:6144 | LR: 0.0000283 | Loss : 0.0055 | Val loss: 0.0141
2026-01-11 19:03:05.279009 | Epoch:6145 | LR: 0.0000283 | Loss : 0.0056 | Val loss: 0.0142
2026-01-11 19:03:16.895244 | Epoch:6146 | LR: 0.0000283 | Loss : 0.0056 | Val loss: 0.0146
2026-01-11 19:03:28.767530 | Epoch:6147 | LR: 0.0000282 | Loss : 0.0055 | Val loss: 0.0141
2026-01-11 19:03:40.240862 | Epoch:6148 | LR: 0.0000282 | Loss : 0.0054 | Val loss: 0.0141
2026-01-11 19:03:51.953820 | Epoch:6149 | LR: 0.0000282 | Loss : 0.0055 | Val loss: 0.0141
2026-01-11 19:04:03.564452 | Epoch:6150 | LR: 0.0000281 | Loss : 0.0055 | Val loss: 0.0143
2026-01-11 19:04:15.413602 | Epoch:6151 | LR: 0.0000281 | Loss : 0.0055 | Val loss: 0.0146
2026-01-11 19:04:27.081410 | Epoch:6152 | LR: 0.0000281 | Loss : 0.0056 | Val loss: 0.0142
2026-01-11 19:04:39.016645 | Epoch:6153 | LR: 0.0000280 | Loss : 0.0055 | Val loss: 0.0147
2026-01-11 19:04:51.076895 | Epoch:6154 | LR: 0.0000280 | Loss : 0.0055 | Val loss: 0.0143
2026-01-11 19:05:02.911018 | Epoch:6155 | LR: 0.0000280 | Loss : 0.0056 | Val loss: 0.0144
2026-01-11 19:05:15.040939 | Epoch:6156 | LR: 0.0000279 | Loss : 0.0055 | Val loss: 0.0147
2026-01-11 19:05:27.068422 | Epoch:6157 | LR: 0.0000279 | Loss : 0.0055 | Val loss: 0.0138
2026-01-11 19:05:38.831794 | Epoch:6158 | LR: 0.0000279 | Loss : 0.0055 | Val loss: 0.0146
2026-01-11 19:05:50.835846 | Epoch:6159 | LR: 0.0000278 | Loss : 0.0056 | Val loss: 0.0150
2026-01-11 19:06:02.698155 | Epoch:6160 | LR: 0.0000278 | Loss : 0.0055 | Val loss: 0.0138
2026-01-11 19:06:14.486457 | Epoch:6161 | LR: 0.0000278 | Loss : 0.0055 | Val loss: 0.0137
2026-01-11 19:06:26.373032 | Epoch:6162 | LR: 0.0000278 | Loss : 0.0056 | Val loss: 0.0143
2026-01-11 19:06:38.229382 | Epoch:6163 | LR: 0.0000277 | Loss : 0.0055 | Val loss: 0.0137
2026-01-11 19:06:49.913092 | Epoch:6164 | LR: 0.0000277 | Loss : 0.0055 | Val loss: 0.0145
2026-01-11 19:07:01.813045 | Epoch:6165 | LR: 0.0000277 | Loss : 0.0055 | Val loss: 0.0142
2026-01-11 19:07:13.794140 | Epoch:6166 | LR: 0.0000276 | Loss : 0.0055 | Val loss: 0.0142
2026-01-11 19:07:25.683304 | Epoch:6167 | LR: 0.0000276 | Loss : 0.0055 | Val loss: 0.0146
2026-01-11 19:07:37.720660 | Epoch:6168 | LR: 0.0000276 | Loss : 0.0055 | Val loss: 0.0140
2026-01-11 19:07:49.902248 | Epoch:6169 | LR: 0.0000275 | Loss : 0.0055 | Val loss: 0.0147
2026-01-11 19:08:01.878677 | Epoch:6170 | LR: 0.0000275 | Loss : 0.0055 | Val loss: 0.0142
2026-01-11 19:08:14.336301 | Epoch:6171 | LR: 0.0000275 | Loss : 0.0055 | Val loss: 0.0147
2026-01-11 19:08:26.501914 | Epoch:6172 | LR: 0.0000274 | Loss : 0.0055 | Val loss: 0.0146
2026-01-11 19:08:38.394556 | Epoch:6173 | LR: 0.0000274 | Loss : 0.0055 | Val loss: 0.0148
2026-01-11 19:08:50.862768 | Epoch:6174 | LR: 0.0000274 | Loss : 0.0056 | Val loss: 0.0139
2026-01-11 19:09:02.894509 | Epoch:6175 | LR: 0.0000273 | Loss : 0.0055 | Val loss: 0.0143
2026-01-11 19:09:15.123374 | Epoch:6176 | LR: 0.0000273 | Loss : 0.0056 | Val loss: 0.0138
2026-01-11 19:09:26.975917 | Epoch:6177 | LR: 0.0000273 | Loss : 0.0055 | Val loss: 0.0138
2026-01-11 19:09:39.127349 | Epoch:6178 | LR: 0.0000273 | Loss : 0.0055 | Val loss: 0.0142
2026-01-11 19:09:50.865698 | Epoch:6179 | LR: 0.0000272 | Loss : 0.0055 | Val loss: 0.0141
2026-01-11 19:10:03.000606 | Epoch:6180 | LR: 0.0000272 | Loss : 0.0055 | Val loss: 0.0142
2026-01-11 19:10:14.981322 | Epoch:6181 | LR: 0.0000272 | Loss : 0.0054 | Val loss: 0.0144
2026-01-11 19:10:27.079131 | Epoch:6182 | LR: 0.0000271 | Loss : 0.0055 | Val loss: 0.0142
2026-01-11 19:10:38.822981 | Epoch:6183 | LR: 0.0000271 | Loss : 0.0055 | Val loss: 0.0143
2026-01-11 19:10:50.920620 | Epoch:6184 | LR: 0.0000271 | Loss : 0.0055 | Val loss: 0.0140
2026-01-11 19:11:03.011004 | Epoch:6185 | LR: 0.0000270 | Loss : 0.0055 | Val loss: 0.0143
2026-01-11 19:11:14.600473 | Epoch:6186 | LR: 0.0000270 | Loss : 0.0056 | Val loss: 0.0135
2026-01-11 19:11:26.614453 | Epoch:6187 | LR: 0.0000270 | Loss : 0.0055 | Val loss: 0.0139
2026-01-11 19:11:38.315603 | Epoch:6188 | LR: 0.0000269 | Loss : 0.0055 | Val loss: 0.0143
2026-01-11 19:11:50.216851 | Epoch:6189 | LR: 0.0000269 | Loss : 0.0055 | Val loss: 0.0141
2026-01-11 19:12:01.909268 | Epoch:6190 | LR: 0.0000269 | Loss : 0.0054 | Val loss: 0.0149
2026-01-11 19:12:13.598473 | Epoch:6191 | LR: 0.0000268 | Loss : 0.0055 | Val loss: 0.0146
2026-01-11 19:12:25.498361 | Epoch:6192 | LR: 0.0000268 | Loss : 0.0055 | Val loss: 0.0141
2026-01-11 19:12:37.044606 | Epoch:6193 | LR: 0.0000268 | Loss : 0.0055 | Val loss: 0.0144
2026-01-11 19:12:48.789328 | Epoch:6194 | LR: 0.0000268 | Loss : 0.0055 | Val loss: 0.0142
2026-01-11 19:13:00.936956 | Epoch:6195 | LR: 0.0000267 | Loss : 0.0055 | Val loss: 0.0145
2026-01-11 19:13:12.917562 | Epoch:6196 | LR: 0.0000267 | Loss : 0.0056 | Val loss: 0.0139
2026-01-11 19:13:24.879700 | Epoch:6197 | LR: 0.0000267 | Loss : 0.0056 | Val loss: 0.0145
2026-01-11 19:13:37.290969 | Epoch:6198 | LR: 0.0000266 | Loss : 0.0055 | Val loss: 0.0150
2026-01-11 19:13:49.472962 | Epoch:6199 | LR: 0.0000266 | Loss : 0.0055 | Val loss: 0.0138
2026-01-11 19:14:01.177275 | Epoch:6200 | LR: 0.0000266 | Loss : 0.0055 | Val loss: 0.0144
2026-01-11 19:14:13.167394 | Epoch:6201 | LR: 0.0000265 | Loss : 0.0055 | Val loss: 0.0141
2026-01-11 19:14:25.211094 | Epoch:6202 | LR: 0.0000265 | Loss : 0.0054 | Val loss: 0.0144
2026-01-11 19:14:37.495896 | Epoch:6203 | LR: 0.0000265 | Loss : 0.0055 | Val loss: 0.0142
2026-01-11 19:14:49.373577 | Epoch:6204 | LR: 0.0000264 | Loss : 0.0055 | Val loss: 0.0144
2026-01-11 19:15:00.881066 | Epoch:6205 | LR: 0.0000264 | Loss : 0.0055 | Val loss: 0.0144
2026-01-11 19:15:12.745224 | Epoch:6206 | LR: 0.0000264 | Loss : 0.0054 | Val loss: 0.0143
2026-01-11 19:15:24.624031 | Epoch:6207 | LR: 0.0000263 | Loss : 0.0055 | Val loss: 0.0144
2026-01-11 19:15:36.364804 | Epoch:6208 | LR: 0.0000263 | Loss : 0.0056 | Val loss: 0.0144
2026-01-11 19:15:48.307881 | Epoch:6209 | LR: 0.0000263 | Loss : 0.0055 | Val loss: 0.0143
2026-01-11 19:15:59.966951 | Epoch:6210 | LR: 0.0000263 | Loss : 0.0055 | Val loss: 0.0147
2026-01-11 19:16:11.736982 | Epoch:6211 | LR: 0.0000262 | Loss : 0.0054 | Val loss: 0.0142
2026-01-11 19:16:23.408620 | Epoch:6212 | LR: 0.0000262 | Loss : 0.0055 | Val loss: 0.0139
2026-01-11 19:16:35.238701 | Epoch:6213 | LR: 0.0000262 | Loss : 0.0055 | Val loss: 0.0142
2026-01-11 19:16:46.797024 | Epoch:6214 | LR: 0.0000261 | Loss : 0.0055 | Val loss: 0.0144
2026-01-11 19:16:58.672662 | Epoch:6215 | LR: 0.0000261 | Loss : 0.0055 | Val loss: 0.0142
2026-01-11 19:17:10.289661 | Epoch:6216 | LR: 0.0000261 | Loss : 0.0055 | Val loss: 0.0140
2026-01-11 19:17:22.022258 | Epoch:6217 | LR: 0.0000260 | Loss : 0.0055 | Val loss: 0.0146
2026-01-11 19:17:34.119879 | Epoch:6218 | LR: 0.0000260 | Loss : 0.0055 | Val loss: 0.0143
2026-01-11 19:17:46.242210 | Epoch:6219 | LR: 0.0000260 | Loss : 0.0055 | Val loss: 0.0143
2026-01-11 19:17:58.243007 | Epoch:6220 | LR: 0.0000259 | Loss : 0.0055 | Val loss: 0.0146
2026-01-11 19:18:10.128144 | Epoch:6221 | LR: 0.0000259 | Loss : 0.0055 | Val loss: 0.0150
2026-01-11 19:18:22.062276 | Epoch:6222 | LR: 0.0000259 | Loss : 0.0055 | Val loss: 0.0146
2026-01-11 19:18:33.782638 | Epoch:6223 | LR: 0.0000258 | Loss : 0.0054 | Val loss: 0.0144
2026-01-11 19:18:45.767098 | Epoch:6224 | LR: 0.0000258 | Loss : 0.0055 | Val loss: 0.0147
2026-01-11 19:18:57.527675 | Epoch:6225 | LR: 0.0000258 | Loss : 0.0055 | Val loss: 0.0143
2026-01-11 19:19:09.504968 | Epoch:6226 | LR: 0.0000258 | Loss : 0.0055 | Val loss: 0.0148
2026-01-11 19:19:21.256409 | Epoch:6227 | LR: 0.0000257 | Loss : 0.0056 | Val loss: 0.0144
2026-01-11 19:19:33.124613 | Epoch:6228 | LR: 0.0000257 | Loss : 0.0055 | Val loss: 0.0148
2026-01-11 19:19:45.011480 | Epoch:6229 | LR: 0.0000257 | Loss : 0.0055 | Val loss: 0.0147
2026-01-11 19:19:56.971829 | Epoch:6230 | LR: 0.0000256 | Loss : 0.0055 | Val loss: 0.0140
2026-01-11 19:20:09.034565 | Epoch:6231 | LR: 0.0000256 | Loss : 0.0055 | Val loss: 0.0141
2026-01-11 19:20:21.054756 | Epoch:6232 | LR: 0.0000256 | Loss : 0.0055 | Val loss: 0.0139
2026-01-11 19:20:33.191139 | Epoch:6233 | LR: 0.0000255 | Loss : 0.0055 | Val loss: 0.0146
2026-01-11 19:20:44.967469 | Epoch:6234 | LR: 0.0000255 | Loss : 0.0055 | Val loss: 0.0151
2026-01-11 19:20:56.783832 | Epoch:6235 | LR: 0.0000255 | Loss : 0.0055 | Val loss: 0.0140
2026-01-11 19:21:08.562415 | Epoch:6236 | LR: 0.0000254 | Loss : 0.0055 | Val loss: 0.0147
2026-01-11 19:21:20.587275 | Epoch:6237 | LR: 0.0000254 | Loss : 0.0055 | Val loss: 0.0152
2026-01-11 19:21:32.197341 | Epoch:6238 | LR: 0.0000254 | Loss : 0.0056 | Val loss: 0.0143
2026-01-11 19:21:44.178150 | Epoch:6239 | LR: 0.0000253 | Loss : 0.0055 | Val loss: 0.0149
2026-01-11 19:21:55.763402 | Epoch:6240 | LR: 0.0000253 | Loss : 0.0055 | Val loss: 0.0144
2026-01-11 19:22:07.565608 | Epoch:6241 | LR: 0.0000253 | Loss : 0.0056 | Val loss: 0.0139
2026-01-11 19:22:19.439097 | Epoch:6242 | LR: 0.0000252 | Loss : 0.0055 | Val loss: 0.0143
2026-01-11 19:22:31.063847 | Epoch:6243 | LR: 0.0000252 | Loss : 0.0055 | Val loss: 0.0139
2026-01-11 19:22:42.534471 | Epoch:6244 | LR: 0.0000252 | Loss : 0.0055 | Val loss: 0.0149
2026-01-11 19:22:54.243813 | Epoch:6245 | LR: 0.0000252 | Loss : 0.0055 | Val loss: 0.0149
2026-01-11 19:23:05.794178 | Epoch:6246 | LR: 0.0000251 | Loss : 0.0055 | Val loss: 0.0143
2026-01-11 19:23:17.588444 | Epoch:6247 | LR: 0.0000251 | Loss : 0.0054 | Val loss: 0.0146
2026-01-11 19:23:29.388497 | Epoch:6248 | LR: 0.0000251 | Loss : 0.0055 | Val loss: 0.0145
2026-01-11 19:23:41.334881 | Epoch:6249 | LR: 0.0000250 | Loss : 0.0054 | Val loss: 0.0140
2026-01-11 19:23:53.310523 | Epoch:6250 | LR: 0.0000250 | Loss : 0.0054 | Val loss: 0.0142
2026-01-11 19:24:05.402587 | Epoch:6251 | LR: 0.0000250 | Loss : 0.0055 | Val loss: 0.0149
2026-01-11 19:24:17.000627 | Epoch:6252 | LR: 0.0000249 | Loss : 0.0055 | Val loss: 0.0143
2026-01-11 19:24:28.864703 | Epoch:6253 | LR: 0.0000249 | Loss : 0.0055 | Val loss: 0.0146
2026-01-11 19:24:40.749610 | Epoch:6254 | LR: 0.0000249 | Loss : 0.0055 | Val loss: 0.0150
2026-01-11 19:24:52.505863 | Epoch:6255 | LR: 0.0000248 | Loss : 0.0055 | Val loss: 0.0142
2026-01-11 19:25:04.509521 | Epoch:6256 | LR: 0.0000248 | Loss : 0.0055 | Val loss: 0.0150
2026-01-11 19:25:16.146822 | Epoch:6257 | LR: 0.0000248 | Loss : 0.0055 | Val loss: 0.0143
2026-01-11 19:25:27.727261 | Epoch:6258 | LR: 0.0000247 | Loss : 0.0055 | Val loss: 0.0147
2026-01-11 19:25:39.358562 | Epoch:6259 | LR: 0.0000247 | Loss : 0.0055 | Val loss: 0.0142
2026-01-11 19:25:51.022179 | Epoch:6260 | LR: 0.0000247 | Loss : 0.0055 | Val loss: 0.0149
2026-01-11 19:26:02.747479 | Epoch:6261 | LR: 0.0000247 | Loss : 0.0056 | Val loss: 0.0141
2026-01-11 19:26:14.373665 | Epoch:6262 | LR: 0.0000246 | Loss : 0.0055 | Val loss: 0.0143
2026-01-11 19:26:26.055789 | Epoch:6263 | LR: 0.0000246 | Loss : 0.0055 | Val loss: 0.0147
2026-01-11 19:26:38.122842 | Epoch:6264 | LR: 0.0000246 | Loss : 0.0055 | Val loss: 0.0143
2026-01-11 19:26:50.367966 | Epoch:6265 | LR: 0.0000245 | Loss : 0.0055 | Val loss: 0.0142
2026-01-11 19:27:02.267602 | Epoch:6266 | LR: 0.0000245 | Loss : 0.0055 | Val loss: 0.0145
2026-01-11 19:27:14.353781 | Epoch:6267 | LR: 0.0000245 | Loss : 0.0055 | Val loss: 0.0143
2026-01-11 19:27:26.758012 | Epoch:6268 | LR: 0.0000244 | Loss : 0.0055 | Val loss: 0.0146
2026-01-11 19:27:38.856712 | Epoch:6269 | LR: 0.0000244 | Loss : 0.0054 | Val loss: 0.0148
2026-01-11 19:27:50.864696 | Epoch:6270 | LR: 0.0000244 | Loss : 0.0055 | Val loss: 0.0144
2026-01-11 19:28:02.821561 | Epoch:6271 | LR: 0.0000243 | Loss : 0.0055 | Val loss: 0.0143
2026-01-11 19:28:14.850072 | Epoch:6272 | LR: 0.0000243 | Loss : 0.0054 | Val loss: 0.0150
2026-01-11 19:28:26.677026 | Epoch:6273 | LR: 0.0000243 | Loss : 0.0055 | Val loss: 0.0141
2026-01-11 19:28:39.031861 | Epoch:6274 | LR: 0.0000242 | Loss : 0.0054 | Val loss: 0.0152
2026-01-11 19:28:50.955741 | Epoch:6275 | LR: 0.0000242 | Loss : 0.0055 | Val loss: 0.0141
2026-01-11 19:29:03.023285 | Epoch:6276 | LR: 0.0000242 | Loss : 0.0055 | Val loss: 0.0136
2026-01-11 19:29:14.718730 | Epoch:6277 | LR: 0.0000241 | Loss : 0.0055 | Val loss: 0.0141
2026-01-11 19:29:27.308424 | Epoch:6278 | LR: 0.0000241 | Loss : 0.0055 | Val loss: 0.0141
2026-01-11 19:29:39.501232 | Epoch:6279 | LR: 0.0000241 | Loss : 0.0055 | Val loss: 0.0154
2026-01-11 19:29:51.242755 | Epoch:6280 | LR: 0.0000241 | Loss : 0.0055 | Val loss: 0.0146
2026-01-11 19:30:03.394927 | Epoch:6281 | LR: 0.0000240 | Loss : 0.0055 | Val loss: 0.0139
2026-01-11 19:30:15.646963 | Epoch:6282 | LR: 0.0000240 | Loss : 0.0055 | Val loss: 0.0147
2026-01-11 19:30:27.261320 | Epoch:6283 | LR: 0.0000240 | Loss : 0.0054 | Val loss: 0.0139
2026-01-11 19:30:39.325243 | Epoch:6284 | LR: 0.0000239 | Loss : 0.0055 | Val loss: 0.0145
2026-01-11 19:30:51.478618 | Epoch:6285 | LR: 0.0000239 | Loss : 0.0055 | Val loss: 0.0143
2026-01-11 19:31:03.733882 | Epoch:6286 | LR: 0.0000239 | Loss : 0.0054 | Val loss: 0.0136
2026-01-11 19:31:15.424484 | Epoch:6287 | LR: 0.0000238 | Loss : 0.0055 | Val loss: 0.0149
2026-01-11 19:31:27.406870 | Epoch:6288 | LR: 0.0000238 | Loss : 0.0055 | Val loss: 0.0150
2026-01-11 19:31:39.457094 | Epoch:6289 | LR: 0.0000238 | Loss : 0.0055 | Val loss: 0.0148
2026-01-11 19:31:51.401040 | Epoch:6290 | LR: 0.0000237 | Loss : 0.0055 | Val loss: 0.0148
2026-01-11 19:32:03.118894 | Epoch:6291 | LR: 0.0000237 | Loss : 0.0055 | Val loss: 0.0140
2026-01-11 19:32:14.858269 | Epoch:6292 | LR: 0.0000237 | Loss : 0.0055 | Val loss: 0.0146
2026-01-11 19:32:26.626306 | Epoch:6293 | LR: 0.0000236 | Loss : 0.0055 | Val loss: 0.0153
2026-01-11 19:32:38.463331 | Epoch:6294 | LR: 0.0000236 | Loss : 0.0055 | Val loss: 0.0143
2026-01-11 19:32:50.414641 | Epoch:6295 | LR: 0.0000236 | Loss : 0.0054 | Val loss: 0.0142
2026-01-11 19:33:02.182706 | Epoch:6296 | LR: 0.0000236 | Loss : 0.0055 | Val loss: 0.0147
2026-01-11 19:33:14.058237 | Epoch:6297 | LR: 0.0000235 | Loss : 0.0055 | Val loss: 0.0149
2026-01-11 19:33:25.896270 | Epoch:6298 | LR: 0.0000235 | Loss : 0.0055 | Val loss: 0.0140
2026-01-11 19:33:37.844188 | Epoch:6299 | LR: 0.0000235 | Loss : 0.0055 | Val loss: 0.0149
2026-01-11 19:33:50.012038 | Epoch:6300 | LR: 0.0000234 | Loss : 0.0055 | Val loss: 0.0148
2026-01-11 19:34:02.255905 | Epoch:6301 | LR: 0.0000234 | Loss : 0.0055 | Val loss: 0.0141
2026-01-11 19:34:14.281962 | Epoch:6302 | LR: 0.0000234 | Loss : 0.0055 | Val loss: 0.0153
2026-01-11 19:34:26.059613 | Epoch:6303 | LR: 0.0000233 | Loss : 0.0055 | Val loss: 0.0148
2026-01-11 19:34:38.118613 | Epoch:6304 | LR: 0.0000233 | Loss : 0.0055 | Val loss: 0.0147
2026-01-11 19:34:49.927746 | Epoch:6305 | LR: 0.0000233 | Loss : 0.0055 | Val loss: 0.0149
2026-01-11 19:35:01.867048 | Epoch:6306 | LR: 0.0000232 | Loss : 0.0055 | Val loss: 0.0143
2026-01-11 19:35:14.045326 | Epoch:6307 | LR: 0.0000232 | Loss : 0.0055 | Val loss: 0.0146
2026-01-11 19:35:25.706332 | Epoch:6308 | LR: 0.0000232 | Loss : 0.0055 | Val loss: 0.0154
2026-01-11 19:35:37.636490 | Epoch:6309 | LR: 0.0000231 | Loss : 0.0055 | Val loss: 0.0135
2026-01-11 19:35:49.998049 | Epoch:6310 | LR: 0.0000231 | Loss : 0.0055 | Val loss: 0.0144
2026-01-11 19:36:02.659966 | Epoch:6311 | LR: 0.0000231 | Loss : 0.0055 | Val loss: 0.0146
2026-01-11 19:36:14.751671 | Epoch:6312 | LR: 0.0000231 | Loss : 0.0055 | Val loss: 0.0150
2026-01-11 19:36:27.367891 | Epoch:6313 | LR: 0.0000230 | Loss : 0.0055 | Val loss: 0.0145
2026-01-11 19:36:39.755648 | Epoch:6314 | LR: 0.0000230 | Loss : 0.0055 | Val loss: 0.0142
2026-01-11 19:36:51.989620 | Epoch:6315 | LR: 0.0000230 | Loss : 0.0055 | Val loss: 0.0149
2026-01-11 19:37:04.509827 | Epoch:6316 | LR: 0.0000229 | Loss : 0.0055 | Val loss: 0.0148
2026-01-11 19:37:16.812409 | Epoch:6317 | LR: 0.0000229 | Loss : 0.0055 | Val loss: 0.0142
2026-01-11 19:37:29.084202 | Epoch:6318 | LR: 0.0000229 | Loss : 0.0055 | Val loss: 0.0144
2026-01-11 19:37:41.110812 | Epoch:6319 | LR: 0.0000228 | Loss : 0.0054 | Val loss: 0.0145
2026-01-11 19:37:53.206538 | Epoch:6320 | LR: 0.0000228 | Loss : 0.0054 | Val loss: 0.0146
2026-01-11 19:38:05.356927 | Epoch:6321 | LR: 0.0000228 | Loss : 0.0055 | Val loss: 0.0141
2026-01-11 19:38:17.408895 | Epoch:6322 | LR: 0.0000227 | Loss : 0.0055 | Val loss: 0.0144
2026-01-11 19:38:29.664420 | Epoch:6323 | LR: 0.0000227 | Loss : 0.0055 | Val loss: 0.0142
2026-01-11 19:38:42.026592 | Epoch:6324 | LR: 0.0000227 | Loss : 0.0054 | Val loss: 0.0144
2026-01-11 19:38:54.172316 | Epoch:6325 | LR: 0.0000226 | Loss : 0.0055 | Val loss: 0.0144
2026-01-11 19:39:06.617882 | Epoch:6326 | LR: 0.0000226 | Loss : 0.0055 | Val loss: 0.0152
2026-01-11 19:39:18.647373 | Epoch:6327 | LR: 0.0000226 | Loss : 0.0055 | Val loss: 0.0145
2026-01-11 19:39:30.971274 | Epoch:6328 | LR: 0.0000225 | Loss : 0.0054 | Val loss: 0.0151
2026-01-11 19:39:43.379568 | Epoch:6329 | LR: 0.0000225 | Loss : 0.0055 | Val loss: 0.0147
2026-01-11 19:39:55.572878 | Epoch:6330 | LR: 0.0000225 | Loss : 0.0054 | Val loss: 0.0147
2026-01-11 19:40:07.836161 | Epoch:6331 | LR: 0.0000225 | Loss : 0.0055 | Val loss: 0.0147
2026-01-11 19:40:19.989538 | Epoch:6332 | LR: 0.0000224 | Loss : 0.0055 | Val loss: 0.0138
2026-01-11 19:40:32.008825 | Epoch:6333 | LR: 0.0000224 | Loss : 0.0055 | Val loss: 0.0144
2026-01-11 19:40:44.262911 | Epoch:6334 | LR: 0.0000224 | Loss : 0.0055 | Val loss: 0.0142
2026-01-11 19:40:56.399349 | Epoch:6335 | LR: 0.0000223 | Loss : 0.0055 | Val loss: 0.0146
2026-01-11 19:41:08.890312 | Epoch:6336 | LR: 0.0000223 | Loss : 0.0055 | Val loss: 0.0149
2026-01-11 19:41:20.920175 | Epoch:6337 | LR: 0.0000223 | Loss : 0.0055 | Val loss: 0.0141
2026-01-11 19:41:33.216305 | Epoch:6338 | LR: 0.0000222 | Loss : 0.0055 | Val loss: 0.0143
2026-01-11 19:41:45.415982 | Epoch:6339 | LR: 0.0000222 | Loss : 0.0054 | Val loss: 0.0145
2026-01-11 19:41:57.622050 | Epoch:6340 | LR: 0.0000222 | Loss : 0.0054 | Val loss: 0.0148
2026-01-11 19:42:09.926694 | Epoch:6341 | LR: 0.0000221 | Loss : 0.0055 | Val loss: 0.0142
2026-01-11 19:42:21.934337 | Epoch:6342 | LR: 0.0000221 | Loss : 0.0055 | Val loss: 0.0149
2026-01-11 19:42:34.247064 | Epoch:6343 | LR: 0.0000221 | Loss : 0.0055 | Val loss: 0.0146
2026-01-11 19:42:46.663788 | Epoch:6344 | LR: 0.0000220 | Loss : 0.0055 | Val loss: 0.0145
2026-01-11 19:42:59.199368 | Epoch:6345 | LR: 0.0000220 | Loss : 0.0054 | Val loss: 0.0144
2026-01-11 19:43:11.479071 | Epoch:6346 | LR: 0.0000220 | Loss : 0.0054 | Val loss: 0.0147
2026-01-11 19:43:23.703998 | Epoch:6347 | LR: 0.0000220 | Loss : 0.0055 | Val loss: 0.0148
2026-01-11 19:43:35.947369 | Epoch:6348 | LR: 0.0000219 | Loss : 0.0055 | Val loss: 0.0147
2026-01-11 19:43:48.256742 | Epoch:6349 | LR: 0.0000219 | Loss : 0.0054 | Val loss: 0.0146
2026-01-11 19:44:00.825342 | Epoch:6350 | LR: 0.0000219 | Loss : 0.0055 | Val loss: 0.0144
2026-01-11 19:44:13.228331 | Epoch:6351 | LR: 0.0000218 | Loss : 0.0055 | Val loss: 0.0150
2026-01-11 19:44:25.653658 | Epoch:6352 | LR: 0.0000218 | Loss : 0.0055 | Val loss: 0.0142
2026-01-11 19:44:38.008012 | Epoch:6353 | LR: 0.0000218 | Loss : 0.0054 | Val loss: 0.0149
2026-01-11 19:44:49.977354 | Epoch:6354 | LR: 0.0000217 | Loss : 0.0056 | Val loss: 0.0146
2026-01-11 19:45:02.544622 | Epoch:6355 | LR: 0.0000217 | Loss : 0.0055 | Val loss: 0.0140
2026-01-11 19:45:14.831452 | Epoch:6356 | LR: 0.0000217 | Loss : 0.0055 | Val loss: 0.0143
2026-01-11 19:45:27.293981 | Epoch:6357 | LR: 0.0000216 | Loss : 0.0055 | Val loss: 0.0145
2026-01-11 19:45:39.669808 | Epoch:6358 | LR: 0.0000216 | Loss : 0.0055 | Val loss: 0.0145
2026-01-11 19:45:52.245539 | Epoch:6359 | LR: 0.0000216 | Loss : 0.0054 | Val loss: 0.0147
2026-01-11 19:46:04.436673 | Epoch:6360 | LR: 0.0000216 | Loss : 0.0055 | Val loss: 0.0149
2026-01-11 19:46:16.808482 | Epoch:6361 | LR: 0.0000215 | Loss : 0.0055 | Val loss: 0.0148
2026-01-11 19:46:29.111560 | Epoch:6362 | LR: 0.0000215 | Loss : 0.0054 | Val loss: 0.0142
2026-01-11 19:46:41.236933 | Epoch:6363 | LR: 0.0000215 | Loss : 0.0054 | Val loss: 0.0149
2026-01-11 19:46:53.297933 | Epoch:6364 | LR: 0.0000214 | Loss : 0.0055 | Val loss: 0.0144
2026-01-11 19:47:05.550680 | Epoch:6365 | LR: 0.0000214 | Loss : 0.0054 | Val loss: 0.0144
2026-01-11 19:47:17.767795 | Epoch:6366 | LR: 0.0000214 | Loss : 0.0055 | Val loss: 0.0149
2026-01-11 19:47:29.947753 | Epoch:6367 | LR: 0.0000213 | Loss : 0.0054 | Val loss: 0.0151
2026-01-11 19:47:42.166171 | Epoch:6368 | LR: 0.0000213 | Loss : 0.0054 | Val loss: 0.0146
2026-01-11 19:47:54.235724 | Epoch:6369 | LR: 0.0000213 | Loss : 0.0056 | Val loss: 0.0138
2026-01-11 19:48:06.442423 | Epoch:6370 | LR: 0.0000212 | Loss : 0.0054 | Val loss: 0.0147
2026-01-11 19:48:18.562949 | Epoch:6371 | LR: 0.0000212 | Loss : 0.0055 | Val loss: 0.0147
2026-01-11 19:48:30.569557 | Epoch:6372 | LR: 0.0000212 | Loss : 0.0055 | Val loss: 0.0146
2026-01-11 19:48:42.867355 | Epoch:6373 | LR: 0.0000211 | Loss : 0.0055 | Val loss: 0.0152
2026-01-11 19:48:54.794713 | Epoch:6374 | LR: 0.0000211 | Loss : 0.0054 | Val loss: 0.0149
2026-01-11 19:49:06.757358 | Epoch:6375 | LR: 0.0000211 | Loss : 0.0055 | Val loss: 0.0143
2026-01-11 19:49:19.140508 | Epoch:6376 | LR: 0.0000211 | Loss : 0.0055 | Val loss: 0.0140
2026-01-11 19:49:31.525778 | Epoch:6377 | LR: 0.0000210 | Loss : 0.0054 | Val loss: 0.0150
2026-01-11 19:49:43.995667 | Epoch:6378 | LR: 0.0000210 | Loss : 0.0054 | Val loss: 0.0146
2026-01-11 19:49:56.285000 | Epoch:6379 | LR: 0.0000210 | Loss : 0.0054 | Val loss: 0.0149
2026-01-11 19:50:08.500144 | Epoch:6380 | LR: 0.0000209 | Loss : 0.0054 | Val loss: 0.0144
2026-01-11 19:50:20.865776 | Epoch:6381 | LR: 0.0000209 | Loss : 0.0055 | Val loss: 0.0144
2026-01-11 19:50:33.036612 | Epoch:6382 | LR: 0.0000209 | Loss : 0.0054 | Val loss: 0.0147
2026-01-11 19:50:45.234968 | Epoch:6383 | LR: 0.0000208 | Loss : 0.0054 | Val loss: 0.0148
2026-01-11 19:50:57.367693 | Epoch:6384 | LR: 0.0000208 | Loss : 0.0054 | Val loss: 0.0141
2026-01-11 19:51:09.643261 | Epoch:6385 | LR: 0.0000208 | Loss : 0.0055 | Val loss: 0.0145
2026-01-11 19:51:21.746519 | Epoch:6386 | LR: 0.0000207 | Loss : 0.0055 | Val loss: 0.0147
2026-01-11 19:51:34.259847 | Epoch:6387 | LR: 0.0000207 | Loss : 0.0054 | Val loss: 0.0154
2026-01-11 19:51:46.575521 | Epoch:6388 | LR: 0.0000207 | Loss : 0.0055 | Val loss: 0.0149
2026-01-11 19:51:59.044585 | Epoch:6389 | LR: 0.0000207 | Loss : 0.0054 | Val loss: 0.0153
2026-01-11 19:52:11.340993 | Epoch:6390 | LR: 0.0000206 | Loss : 0.0054 | Val loss: 0.0145
2026-01-11 19:52:23.537942 | Epoch:6391 | LR: 0.0000206 | Loss : 0.0054 | Val loss: 0.0140
2026-01-11 19:52:35.578019 | Epoch:6392 | LR: 0.0000206 | Loss : 0.0055 | Val loss: 0.0148
2026-01-11 19:52:47.885097 | Epoch:6393 | LR: 0.0000205 | Loss : 0.0054 | Val loss: 0.0147
2026-01-11 19:53:00.190145 | Epoch:6394 | LR: 0.0000205 | Loss : 0.0055 | Val loss: 0.0142
2026-01-11 19:53:12.706518 | Epoch:6395 | LR: 0.0000205 | Loss : 0.0055 | Val loss: 0.0150
2026-01-11 19:53:25.029515 | Epoch:6396 | LR: 0.0000204 | Loss : 0.0055 | Val loss: 0.0149
2026-01-11 19:53:37.461798 | Epoch:6397 | LR: 0.0000204 | Loss : 0.0055 | Val loss: 0.0149
2026-01-11 19:53:50.120950 | Epoch:6398 | LR: 0.0000204 | Loss : 0.0054 | Val loss: 0.0148
2026-01-11 19:54:02.663039 | Epoch:6399 | LR: 0.0000203 | Loss : 0.0054 | Val loss: 0.0147
2026-01-11 19:54:14.933460 | Epoch:6400 | LR: 0.0000203 | Loss : 0.0055 | Val loss: 0.0148
2026-01-11 19:54:27.338674 | Epoch:6401 | LR: 0.0000203 | Loss : 0.0055 | Val loss: 0.0149
2026-01-11 19:54:39.373410 | Epoch:6402 | LR: 0.0000202 | Loss : 0.0055 | Val loss: 0.0145
2026-01-11 19:54:51.760504 | Epoch:6403 | LR: 0.0000202 | Loss : 0.0055 | Val loss: 0.0147
2026-01-11 19:55:03.877482 | Epoch:6404 | LR: 0.0000202 | Loss : 0.0055 | Val loss: 0.0148
2026-01-11 19:55:16.190024 | Epoch:6405 | LR: 0.0000202 | Loss : 0.0054 | Val loss: 0.0145
2026-01-11 19:55:28.337408 | Epoch:6406 | LR: 0.0000201 | Loss : 0.0054 | Val loss: 0.0151
2026-01-11 19:55:40.633885 | Epoch:6407 | LR: 0.0000201 | Loss : 0.0054 | Val loss: 0.0146
2026-01-11 19:55:52.975185 | Epoch:6408 | LR: 0.0000201 | Loss : 0.0054 | Val loss: 0.0145
2026-01-11 19:56:05.163280 | Epoch:6409 | LR: 0.0000200 | Loss : 0.0054 | Val loss: 0.0143
2026-01-11 19:56:17.377683 | Epoch:6410 | LR: 0.0000200 | Loss : 0.0054 | Val loss: 0.0152
2026-01-11 19:56:29.403339 | Epoch:6411 | LR: 0.0000200 | Loss : 0.0055 | Val loss: 0.0142
2026-01-11 19:56:42.009209 | Epoch:6412 | LR: 0.0000199 | Loss : 0.0055 | Val loss: 0.0151
2026-01-11 19:56:54.227533 | Epoch:6413 | LR: 0.0000199 | Loss : 0.0054 | Val loss: 0.0152
2026-01-11 19:57:06.547913 | Epoch:6414 | LR: 0.0000199 | Loss : 0.0055 | Val loss: 0.0146
2026-01-11 19:57:18.754833 | Epoch:6415 | LR: 0.0000198 | Loss : 0.0054 | Val loss: 0.0146
2026-01-11 19:57:31.193578 | Epoch:6416 | LR: 0.0000198 | Loss : 0.0054 | Val loss: 0.0146
2026-01-11 19:57:43.686830 | Epoch:6417 | LR: 0.0000198 | Loss : 0.0055 | Val loss: 0.0147
2026-01-11 19:57:56.171583 | Epoch:6418 | LR: 0.0000198 | Loss : 0.0054 | Val loss: 0.0145
2026-01-11 19:58:08.307636 | Epoch:6419 | LR: 0.0000197 | Loss : 0.0054 | Val loss: 0.0146
2026-01-11 19:58:20.866506 | Epoch:6420 | LR: 0.0000197 | Loss : 0.0055 | Val loss: 0.0151
2026-01-11 19:58:33.338391 | Epoch:6421 | LR: 0.0000197 | Loss : 0.0055 | Val loss: 0.0156
2026-01-11 19:58:45.310967 | Epoch:6422 | LR: 0.0000196 | Loss : 0.0054 | Val loss: 0.0154
2026-01-11 19:58:57.831140 | Epoch:6423 | LR: 0.0000196 | Loss : 0.0055 | Val loss: 0.0146
2026-01-11 19:59:10.268798 | Epoch:6424 | LR: 0.0000196 | Loss : 0.0054 | Val loss: 0.0147
2026-01-11 19:59:22.492133 | Epoch:6425 | LR: 0.0000195 | Loss : 0.0055 | Val loss: 0.0146
2026-01-11 19:59:35.121358 | Epoch:6426 | LR: 0.0000195 | Loss : 0.0055 | Val loss: 0.0145
2026-01-11 19:59:47.608100 | Epoch:6427 | LR: 0.0000195 | Loss : 0.0054 | Val loss: 0.0148
2026-01-11 20:00:00.239373 | Epoch:6428 | LR: 0.0000194 | Loss : 0.0054 | Val loss: 0.0143
2026-01-11 20:00:12.530807 | Epoch:6429 | LR: 0.0000194 | Loss : 0.0054 | Val loss: 0.0153
2026-01-11 20:00:25.017131 | Epoch:6430 | LR: 0.0000194 | Loss : 0.0054 | Val loss: 0.0151
2026-01-11 20:00:37.543239 | Epoch:6431 | LR: 0.0000194 | Loss : 0.0055 | Val loss: 0.0151
2026-01-11 20:00:50.071314 | Epoch:6432 | LR: 0.0000193 | Loss : 0.0054 | Val loss: 0.0156
2026-01-11 20:01:02.256529 | Epoch:6433 | LR: 0.0000193 | Loss : 0.0055 | Val loss: 0.0146
2026-01-11 20:01:14.684382 | Epoch:6434 | LR: 0.0000193 | Loss : 0.0054 | Val loss: 0.0145
2026-01-11 20:01:26.701675 | Epoch:6435 | LR: 0.0000192 | Loss : 0.0054 | Val loss: 0.0154
2026-01-11 20:01:38.715443 | Epoch:6436 | LR: 0.0000192 | Loss : 0.0055 | Val loss: 0.0146
2026-01-11 20:01:51.217799 | Epoch:6437 | LR: 0.0000192 | Loss : 0.0054 | Val loss: 0.0148
2026-01-11 20:02:03.318852 | Epoch:6438 | LR: 0.0000191 | Loss : 0.0054 | Val loss: 0.0148
2026-01-11 20:02:15.723917 | Epoch:6439 | LR: 0.0000191 | Loss : 0.0055 | Val loss: 0.0148
2026-01-11 20:02:27.726640 | Epoch:6440 | LR: 0.0000191 | Loss : 0.0055 | Val loss: 0.0144
2026-01-11 20:02:40.158477 | Epoch:6441 | LR: 0.0000191 | Loss : 0.0054 | Val loss: 0.0152
2026-01-11 20:02:52.529943 | Epoch:6442 | LR: 0.0000190 | Loss : 0.0054 | Val loss: 0.0147
2026-01-11 20:03:04.842953 | Epoch:6443 | LR: 0.0000190 | Loss : 0.0055 | Val loss: 0.0146
2026-01-11 20:03:17.182730 | Epoch:6444 | LR: 0.0000190 | Loss : 0.0054 | Val loss: 0.0145
2026-01-11 20:03:29.725476 | Epoch:6445 | LR: 0.0000189 | Loss : 0.0054 | Val loss: 0.0150
2026-01-11 20:03:42.226685 | Epoch:6446 | LR: 0.0000189 | Loss : 0.0055 | Val loss: 0.0150
2026-01-11 20:03:54.628928 | Epoch:6447 | LR: 0.0000189 | Loss : 0.0054 | Val loss: 0.0155
2026-01-11 20:04:06.798685 | Epoch:6448 | LR: 0.0000188 | Loss : 0.0054 | Val loss: 0.0157
2026-01-11 20:04:19.185429 | Epoch:6449 | LR: 0.0000188 | Loss : 0.0054 | Val loss: 0.0151
2026-01-11 20:04:31.536812 | Epoch:6450 | LR: 0.0000188 | Loss : 0.0055 | Val loss: 0.0148
2026-01-11 20:04:43.777659 | Epoch:6451 | LR: 0.0000187 | Loss : 0.0054 | Val loss: 0.0145
2026-01-11 20:04:56.333169 | Epoch:6452 | LR: 0.0000187 | Loss : 0.0055 | Val loss: 0.0149
2026-01-11 20:05:08.566490 | Epoch:6453 | LR: 0.0000187 | Loss : 0.0054 | Val loss: 0.0156
2026-01-11 20:05:20.893471 | Epoch:6454 | LR: 0.0000187 | Loss : 0.0055 | Val loss: 0.0146
2026-01-11 20:05:32.930119 | Epoch:6455 | LR: 0.0000186 | Loss : 0.0055 | Val loss: 0.0147
2026-01-11 20:05:45.344936 | Epoch:6456 | LR: 0.0000186 | Loss : 0.0055 | Val loss: 0.0148
2026-01-11 20:05:57.284750 | Epoch:6457 | LR: 0.0000186 | Loss : 0.0054 | Val loss: 0.0148
2026-01-11 20:06:09.387701 | Epoch:6458 | LR: 0.0000185 | Loss : 0.0054 | Val loss: 0.0144
2026-01-11 20:06:21.717013 | Epoch:6459 | LR: 0.0000185 | Loss : 0.0054 | Val loss: 0.0150
2026-01-11 20:06:33.857020 | Epoch:6460 | LR: 0.0000185 | Loss : 0.0054 | Val loss: 0.0147
2026-01-11 20:06:45.954596 | Epoch:6461 | LR: 0.0000184 | Loss : 0.0054 | Val loss: 0.0153
2026-01-11 20:06:58.243815 | Epoch:6462 | LR: 0.0000184 | Loss : 0.0054 | Val loss: 0.0147
2026-01-11 20:07:10.351910 | Epoch:6463 | LR: 0.0000184 | Loss : 0.0055 | Val loss: 0.0140
2026-01-11 20:07:22.904303 | Epoch:6464 | LR: 0.0000184 | Loss : 0.0055 | Val loss: 0.0153
2026-01-11 20:07:35.280888 | Epoch:6465 | LR: 0.0000183 | Loss : 0.0054 | Val loss: 0.0147
2026-01-11 20:07:47.757659 | Epoch:6466 | LR: 0.0000183 | Loss : 0.0055 | Val loss: 0.0148
2026-01-11 20:08:00.151319 | Epoch:6467 | LR: 0.0000183 | Loss : 0.0054 | Val loss: 0.0144
2026-01-11 20:08:12.591924 | Epoch:6468 | LR: 0.0000182 | Loss : 0.0054 | Val loss: 0.0151
2026-01-11 20:08:24.808921 | Epoch:6469 | LR: 0.0000182 | Loss : 0.0054 | Val loss: 0.0151
2026-01-11 20:08:37.177442 | Epoch:6470 | LR: 0.0000182 | Loss : 0.0054 | Val loss: 0.0145
2026-01-11 20:08:49.567981 | Epoch:6471 | LR: 0.0000181 | Loss : 0.0055 | Val loss: 0.0144
2026-01-11 20:09:01.862753 | Epoch:6472 | LR: 0.0000181 | Loss : 0.0055 | Val loss: 0.0147
2026-01-11 20:09:14.145575 | Epoch:6473 | LR: 0.0000181 | Loss : 0.0054 | Val loss: 0.0153
2026-01-11 20:09:26.269725 | Epoch:6474 | LR: 0.0000181 | Loss : 0.0055 | Val loss: 0.0150
2026-01-11 20:09:38.874724 | Epoch:6475 | LR: 0.0000180 | Loss : 0.0054 | Val loss: 0.0144
2026-01-11 20:09:50.880914 | Epoch:6476 | LR: 0.0000180 | Loss : 0.0054 | Val loss: 0.0149
2026-01-11 20:10:03.078180 | Epoch:6477 | LR: 0.0000180 | Loss : 0.0054 | Val loss: 0.0147
2026-01-11 20:10:15.180288 | Epoch:6478 | LR: 0.0000179 | Loss : 0.0055 | Val loss: 0.0145
2026-01-11 20:10:27.673146 | Epoch:6479 | LR: 0.0000179 | Loss : 0.0054 | Val loss: 0.0150
2026-01-11 20:10:39.824959 | Epoch:6480 | LR: 0.0000179 | Loss : 0.0055 | Val loss: 0.0146
2026-01-11 20:10:52.085355 | Epoch:6481 | LR: 0.0000178 | Loss : 0.0054 | Val loss: 0.0143
2026-01-11 20:11:04.080186 | Epoch:6482 | LR: 0.0000178 | Loss : 0.0054 | Val loss: 0.0145
2026-01-11 20:11:16.571185 | Epoch:6483 | LR: 0.0000178 | Loss : 0.0054 | Val loss: 0.0150
2026-01-11 20:11:28.469314 | Epoch:6484 | LR: 0.0000177 | Loss : 0.0054 | Val loss: 0.0154
2026-01-11 20:11:40.862221 | Epoch:6485 | LR: 0.0000177 | Loss : 0.0055 | Val loss: 0.0152
2026-01-11 20:11:53.486017 | Epoch:6486 | LR: 0.0000177 | Loss : 0.0054 | Val loss: 0.0152
2026-01-11 20:12:05.592977 | Epoch:6487 | LR: 0.0000177 | Loss : 0.0054 | Val loss: 0.0153
2026-01-11 20:12:18.111722 | Epoch:6488 | LR: 0.0000176 | Loss : 0.0055 | Val loss: 0.0151
2026-01-11 20:12:30.647024 | Epoch:6489 | LR: 0.0000176 | Loss : 0.0055 | Val loss: 0.0150
2026-01-11 20:12:43.028086 | Epoch:6490 | LR: 0.0000176 | Loss : 0.0055 | Val loss: 0.0158
2026-01-11 20:12:55.417741 | Epoch:6491 | LR: 0.0000175 | Loss : 0.0054 | Val loss: 0.0150
2026-01-11 20:13:07.943628 | Epoch:6492 | LR: 0.0000175 | Loss : 0.0054 | Val loss: 0.0142
2026-01-11 20:13:20.083204 | Epoch:6493 | LR: 0.0000175 | Loss : 0.0055 | Val loss: 0.0144
2026-01-11 20:13:32.399811 | Epoch:6494 | LR: 0.0000174 | Loss : 0.0054 | Val loss: 0.0152
2026-01-11 20:13:44.511283 | Epoch:6495 | LR: 0.0000174 | Loss : 0.0054 | Val loss: 0.0153
2026-01-11 20:13:56.792548 | Epoch:6496 | LR: 0.0000174 | Loss : 0.0054 | Val loss: 0.0144
2026-01-11 20:14:09.082470 | Epoch:6497 | LR: 0.0000174 | Loss : 0.0055 | Val loss: 0.0153
2026-01-11 20:14:21.412444 | Epoch:6498 | LR: 0.0000173 | Loss : 0.0054 | Val loss: 0.0153
2026-01-11 20:14:33.691643 | Epoch:6499 | LR: 0.0000173 | Loss : 0.0055 | Val loss: 0.0147
2026-01-11 20:14:45.924070 | Epoch:6500 | LR: 0.0000173 | Loss : 0.0054 | Val loss: 0.0152
2026-01-11 20:14:58.517972 | Epoch:6501 | LR: 0.0000172 | Loss : 0.0054 | Val loss: 0.0146
2026-01-11 20:15:10.592903 | Epoch:6502 | LR: 0.0000172 | Loss : 0.0055 | Val loss: 0.0152
2026-01-11 20:15:23.216354 | Epoch:6503 | LR: 0.0000172 | Loss : 0.0054 | Val loss: 0.0153
2026-01-11 20:15:35.404352 | Epoch:6504 | LR: 0.0000172 | Loss : 0.0054 | Val loss: 0.0155
2026-01-11 20:15:47.917589 | Epoch:6505 | LR: 0.0000171 | Loss : 0.0054 | Val loss: 0.0150
2026-01-11 20:16:00.412580 | Epoch:6506 | LR: 0.0000171 | Loss : 0.0054 | Val loss: 0.0148
2026-01-11 20:16:12.538227 | Epoch:6507 | LR: 0.0000171 | Loss : 0.0054 | Val loss: 0.0142
2026-01-11 20:16:24.863510 | Epoch:6508 | LR: 0.0000170 | Loss : 0.0055 | Val loss: 0.0147
2026-01-11 20:16:37.141047 | Epoch:6509 | LR: 0.0000170 | Loss : 0.0054 | Val loss: 0.0150
2026-01-11 20:16:49.278121 | Epoch:6510 | LR: 0.0000170 | Loss : 0.0054 | Val loss: 0.0157
2026-01-11 20:17:01.748502 | Epoch:6511 | LR: 0.0000169 | Loss : 0.0054 | Val loss: 0.0150
2026-01-11 20:17:14.066424 | Epoch:6512 | LR: 0.0000169 | Loss : 0.0055 | Val loss: 0.0147
2026-01-11 20:17:26.456525 | Epoch:6513 | LR: 0.0000169 | Loss : 0.0054 | Val loss: 0.0147
2026-01-11 20:17:38.471881 | Epoch:6514 | LR: 0.0000169 | Loss : 0.0054 | Val loss: 0.0162
2026-01-11 20:17:50.906155 | Epoch:6515 | LR: 0.0000168 | Loss : 0.0054 | Val loss: 0.0146
2026-01-11 20:18:03.363230 | Epoch:6516 | LR: 0.0000168 | Loss : 0.0053 | Val loss: 0.0144
2026-01-11 20:18:15.636366 | Epoch:6517 | LR: 0.0000168 | Loss : 0.0054 | Val loss: 0.0153
2026-01-11 20:18:27.986907 | Epoch:6518 | LR: 0.0000167 | Loss : 0.0054 | Val loss: 0.0149
2026-01-11 20:18:40.621376 | Epoch:6519 | LR: 0.0000167 | Loss : 0.0055 | Val loss: 0.0153
2026-01-11 20:18:52.722837 | Epoch:6520 | LR: 0.0000167 | Loss : 0.0054 | Val loss: 0.0152
2026-01-11 20:19:05.096782 | Epoch:6521 | LR: 0.0000166 | Loss : 0.0054 | Val loss: 0.0151
2026-01-11 20:19:17.453327 | Epoch:6522 | LR: 0.0000166 | Loss : 0.0054 | Val loss: 0.0152
2026-01-11 20:19:29.776818 | Epoch:6523 | LR: 0.0000166 | Loss : 0.0054 | Val loss: 0.0157
2026-01-11 20:19:42.261871 | Epoch:6524 | LR: 0.0000166 | Loss : 0.0054 | Val loss: 0.0148
2026-01-11 20:19:54.488326 | Epoch:6525 | LR: 0.0000165 | Loss : 0.0054 | Val loss: 0.0149
2026-01-11 20:20:06.753334 | Epoch:6526 | LR: 0.0000165 | Loss : 0.0054 | Val loss: 0.0150
2026-01-11 20:20:18.817853 | Epoch:6527 | LR: 0.0000165 | Loss : 0.0054 | Val loss: 0.0153
2026-01-11 20:20:31.167506 | Epoch:6528 | LR: 0.0000164 | Loss : 0.0054 | Val loss: 0.0146
2026-01-11 20:20:43.195811 | Epoch:6529 | LR: 0.0000164 | Loss : 0.0054 | Val loss: 0.0153
2026-01-11 20:20:55.382061 | Epoch:6530 | LR: 0.0000164 | Loss : 0.0054 | Val loss: 0.0150
2026-01-11 20:21:07.426726 | Epoch:6531 | LR: 0.0000163 | Loss : 0.0054 | Val loss: 0.0153
2026-01-11 20:21:19.899160 | Epoch:6532 | LR: 0.0000163 | Loss : 0.0055 | Val loss: 0.0156
2026-01-11 20:21:31.879189 | Epoch:6533 | LR: 0.0000163 | Loss : 0.0054 | Val loss: 0.0145
2026-01-11 20:21:44.294324 | Epoch:6534 | LR: 0.0000163 | Loss : 0.0054 | Val loss: 0.0147
2026-01-11 20:21:56.815775 | Epoch:6535 | LR: 0.0000162 | Loss : 0.0054 | Val loss: 0.0148
2026-01-11 20:22:09.275046 | Epoch:6536 | LR: 0.0000162 | Loss : 0.0055 | Val loss: 0.0151
2026-01-11 20:22:22.016916 | Epoch:6537 | LR: 0.0000162 | Loss : 0.0054 | Val loss: 0.0153
2026-01-11 20:22:34.486677 | Epoch:6538 | LR: 0.0000161 | Loss : 0.0054 | Val loss: 0.0153
2026-01-11 20:22:46.853322 | Epoch:6539 | LR: 0.0000161 | Loss : 0.0054 | Val loss: 0.0148
2026-01-11 20:22:59.421155 | Epoch:6540 | LR: 0.0000161 | Loss : 0.0054 | Val loss: 0.0155
2026-01-11 20:23:11.901313 | Epoch:6541 | LR: 0.0000161 | Loss : 0.0054 | Val loss: 0.0149
2026-01-11 20:23:24.084437 | Epoch:6542 | LR: 0.0000160 | Loss : 0.0054 | Val loss: 0.0147
2026-01-11 20:23:36.420549 | Epoch:6543 | LR: 0.0000160 | Loss : 0.0054 | Val loss: 0.0142
2026-01-11 20:23:48.784082 | Epoch:6544 | LR: 0.0000160 | Loss : 0.0054 | Val loss: 0.0147
2026-01-11 20:24:01.269235 | Epoch:6545 | LR: 0.0000159 | Loss : 0.0054 | Val loss: 0.0151
2026-01-11 20:24:13.600716 | Epoch:6546 | LR: 0.0000159 | Loss : 0.0054 | Val loss: 0.0160
2026-01-11 20:24:25.988743 | Epoch:6547 | LR: 0.0000159 | Loss : 0.0054 | Val loss: 0.0149
2026-01-11 20:24:38.157360 | Epoch:6548 | LR: 0.0000158 | Loss : 0.0055 | Val loss: 0.0153
2026-01-11 20:24:50.836409 | Epoch:6549 | LR: 0.0000158 | Loss : 0.0054 | Val loss: 0.0149
2026-01-11 20:25:03.294931 | Epoch:6550 | LR: 0.0000158 | Loss : 0.0054 | Val loss: 0.0154
2026-01-11 20:25:15.525161 | Epoch:6551 | LR: 0.0000158 | Loss : 0.0054 | Val loss: 0.0154
2026-01-11 20:25:27.852773 | Epoch:6552 | LR: 0.0000157 | Loss : 0.0054 | Val loss: 0.0152
2026-01-11 20:25:40.127370 | Epoch:6553 | LR: 0.0000157 | Loss : 0.0054 | Val loss: 0.0152
2026-01-11 20:25:52.578487 | Epoch:6554 | LR: 0.0000157 | Loss : 0.0055 | Val loss: 0.0150
2026-01-11 20:26:05.071537 | Epoch:6555 | LR: 0.0000156 | Loss : 0.0054 | Val loss: 0.0152
2026-01-11 20:26:17.440189 | Epoch:6556 | LR: 0.0000156 | Loss : 0.0055 | Val loss: 0.0150
2026-01-11 20:26:29.886885 | Epoch:6557 | LR: 0.0000156 | Loss : 0.0054 | Val loss: 0.0152
2026-01-11 20:26:42.300771 | Epoch:6558 | LR: 0.0000156 | Loss : 0.0054 | Val loss: 0.0155
2026-01-11 20:26:54.605260 | Epoch:6559 | LR: 0.0000155 | Loss : 0.0055 | Val loss: 0.0153
2026-01-11 20:27:06.618644 | Epoch:6560 | LR: 0.0000155 | Loss : 0.0054 | Val loss: 0.0150
2026-01-11 20:27:19.170729 | Epoch:6561 | LR: 0.0000155 | Loss : 0.0054 | Val loss: 0.0148
2026-01-11 20:27:31.533148 | Epoch:6562 | LR: 0.0000154 | Loss : 0.0054 | Val loss: 0.0148
2026-01-11 20:27:43.900548 | Epoch:6563 | LR: 0.0000154 | Loss : 0.0054 | Val loss: 0.0149
2026-01-11 20:27:56.166205 | Epoch:6564 | LR: 0.0000154 | Loss : 0.0054 | Val loss: 0.0152
2026-01-11 20:28:08.589847 | Epoch:6565 | LR: 0.0000154 | Loss : 0.0055 | Val loss: 0.0150
2026-01-11 20:28:21.088602 | Epoch:6566 | LR: 0.0000153 | Loss : 0.0054 | Val loss: 0.0156
2026-01-11 20:28:33.382223 | Epoch:6567 | LR: 0.0000153 | Loss : 0.0054 | Val loss: 0.0151
2026-01-11 20:28:45.840105 | Epoch:6568 | LR: 0.0000153 | Loss : 0.0054 | Val loss: 0.0152
2026-01-11 20:28:58.167949 | Epoch:6569 | LR: 0.0000152 | Loss : 0.0054 | Val loss: 0.0155
2026-01-11 20:29:10.433075 | Epoch:6570 | LR: 0.0000152 | Loss : 0.0053 | Val loss: 0.0150
2026-01-11 20:29:22.649367 | Epoch:6571 | LR: 0.0000152 | Loss : 0.0054 | Val loss: 0.0149
2026-01-11 20:29:35.120966 | Epoch:6572 | LR: 0.0000152 | Loss : 0.0054 | Val loss: 0.0149
2026-01-11 20:29:47.662301 | Epoch:6573 | LR: 0.0000151 | Loss : 0.0054 | Val loss: 0.0150
2026-01-11 20:30:00.486913 | Epoch:6574 | LR: 0.0000151 | Loss : 0.0054 | Val loss: 0.0154
2026-01-11 20:30:12.906421 | Epoch:6575 | LR: 0.0000151 | Loss : 0.0054 | Val loss: 0.0150
2026-01-11 20:30:25.203823 | Epoch:6576 | LR: 0.0000150 | Loss : 0.0053 | Val loss: 0.0154
2026-01-11 20:30:37.706999 | Epoch:6577 | LR: 0.0000150 | Loss : 0.0055 | Val loss: 0.0156
2026-01-11 20:30:49.936180 | Epoch:6578 | LR: 0.0000150 | Loss : 0.0054 | Val loss: 0.0148
2026-01-11 20:31:02.403216 | Epoch:6579 | LR: 0.0000150 | Loss : 0.0054 | Val loss: 0.0149
2026-01-11 20:31:14.667531 | Epoch:6580 | LR: 0.0000149 | Loss : 0.0054 | Val loss: 0.0148
2026-01-11 20:31:26.900809 | Epoch:6581 | LR: 0.0000149 | Loss : 0.0054 | Val loss: 0.0152
2026-01-11 20:31:39.284426 | Epoch:6582 | LR: 0.0000149 | Loss : 0.0054 | Val loss: 0.0157
2026-01-11 20:31:51.501003 | Epoch:6583 | LR: 0.0000148 | Loss : 0.0055 | Val loss: 0.0154
2026-01-11 20:32:03.890151 | Epoch:6584 | LR: 0.0000148 | Loss : 0.0054 | Val loss: 0.0141
2026-01-11 20:32:16.167954 | Epoch:6585 | LR: 0.0000148 | Loss : 0.0055 | Val loss: 0.0150
2026-01-11 20:32:28.519257 | Epoch:6586 | LR: 0.0000148 | Loss : 0.0054 | Val loss: 0.0151
2026-01-11 20:32:40.837760 | Epoch:6587 | LR: 0.0000147 | Loss : 0.0054 | Val loss: 0.0156
2026-01-11 20:32:53.377490 | Epoch:6588 | LR: 0.0000147 | Loss : 0.0054 | Val loss: 0.0148
2026-01-11 20:33:05.828328 | Epoch:6589 | LR: 0.0000147 | Loss : 0.0054 | Val loss: 0.0156
2026-01-11 20:33:18.562179 | Epoch:6590 | LR: 0.0000146 | Loss : 0.0054 | Val loss: 0.0151
2026-01-11 20:33:31.209346 | Epoch:6591 | LR: 0.0000146 | Loss : 0.0054 | Val loss: 0.0149
2026-01-11 20:33:43.514780 | Epoch:6592 | LR: 0.0000146 | Loss : 0.0054 | Val loss: 0.0149
2026-01-11 20:33:55.745498 | Epoch:6593 | LR: 0.0000146 | Loss : 0.0054 | Val loss: 0.0154
2026-01-11 20:34:07.788573 | Epoch:6594 | LR: 0.0000145 | Loss : 0.0054 | Val loss: 0.0154
2026-01-11 20:34:20.146006 | Epoch:6595 | LR: 0.0000145 | Loss : 0.0054 | Val loss: 0.0151
2026-01-11 20:34:32.441100 | Epoch:6596 | LR: 0.0000145 | Loss : 0.0055 | Val loss: 0.0156
2026-01-11 20:34:44.675696 | Epoch:6597 | LR: 0.0000144 | Loss : 0.0054 | Val loss: 0.0156
2026-01-11 20:34:56.659026 | Epoch:6598 | LR: 0.0000144 | Loss : 0.0054 | Val loss: 0.0145
2026-01-11 20:35:09.018794 | Epoch:6599 | LR: 0.0000144 | Loss : 0.0054 | Val loss: 0.0148
2026-01-11 20:35:21.112818 | Epoch:6600 | LR: 0.0000144 | Loss : 0.0054 | Val loss: 0.0152
2026-01-11 20:35:33.844702 | Epoch:6601 | LR: 0.0000143 | Loss : 0.0053 | Val loss: 0.0153
2026-01-11 20:35:48.113351 | Epoch:6602 | LR: 0.0000143 | Loss : 0.0053 | Val loss: 0.0157
2026-01-11 20:36:00.430796 | Epoch:6603 | LR: 0.0000143 | Loss : 0.0054 | Val loss: 0.0152
2026-01-11 20:36:12.690823 | Epoch:6604 | LR: 0.0000142 | Loss : 0.0054 | Val loss: 0.0150
2026-01-11 20:36:24.622420 | Epoch:6605 | LR: 0.0000142 | Loss : 0.0054 | Val loss: 0.0152
2026-01-11 20:36:37.088156 | Epoch:6606 | LR: 0.0000142 | Loss : 0.0054 | Val loss: 0.0148
2026-01-11 20:36:49.580554 | Epoch:6607 | LR: 0.0000142 | Loss : 0.0054 | Val loss: 0.0156
2026-01-11 20:37:02.067232 | Epoch:6608 | LR: 0.0000141 | Loss : 0.0054 | Val loss: 0.0150
2026-01-11 20:37:14.298907 | Epoch:6609 | LR: 0.0000141 | Loss : 0.0053 | Val loss: 0.0147
2026-01-11 20:37:26.529743 | Epoch:6610 | LR: 0.0000141 | Loss : 0.0054 | Val loss: 0.0148
2026-01-11 20:37:38.613312 | Epoch:6611 | LR: 0.0000140 | Loss : 0.0054 | Val loss: 0.0154
2026-01-11 20:37:51.119590 | Epoch:6612 | LR: 0.0000140 | Loss : 0.0054 | Val loss: 0.0153
2026-01-11 20:38:02.893257 | Epoch:6613 | LR: 0.0000140 | Loss : 0.0054 | Val loss: 0.0148
2026-01-11 20:38:14.989390 | Epoch:6614 | LR: 0.0000140 | Loss : 0.0054 | Val loss: 0.0152
2026-01-11 20:38:26.702978 | Epoch:6615 | LR: 0.0000139 | Loss : 0.0054 | Val loss: 0.0153
2026-01-11 20:38:38.909141 | Epoch:6616 | LR: 0.0000139 | Loss : 0.0054 | Val loss: 0.0153
2026-01-11 20:38:50.449167 | Epoch:6617 | LR: 0.0000139 | Loss : 0.0054 | Val loss: 0.0151
2026-01-11 20:39:02.508045 | Epoch:6618 | LR: 0.0000138 | Loss : 0.0053 | Val loss: 0.0160
2026-01-11 20:39:14.467751 | Epoch:6619 | LR: 0.0000138 | Loss : 0.0054 | Val loss: 0.0149
2026-01-11 20:39:26.068339 | Epoch:6620 | LR: 0.0000138 | Loss : 0.0054 | Val loss: 0.0144
2026-01-11 20:39:38.042233 | Epoch:6621 | LR: 0.0000138 | Loss : 0.0054 | Val loss: 0.0155
2026-01-11 20:39:49.984258 | Epoch:6622 | LR: 0.0000137 | Loss : 0.0054 | Val loss: 0.0153
2026-01-11 20:40:02.187817 | Epoch:6623 | LR: 0.0000137 | Loss : 0.0054 | Val loss: 0.0153
2026-01-11 20:40:14.182381 | Epoch:6624 | LR: 0.0000137 | Loss : 0.0053 | Val loss: 0.0149
2026-01-11 20:40:25.910983 | Epoch:6625 | LR: 0.0000136 | Loss : 0.0054 | Val loss: 0.0157
2026-01-11 20:40:37.906710 | Epoch:6626 | LR: 0.0000136 | Loss : 0.0054 | Val loss: 0.0141
2026-01-11 20:40:50.005763 | Epoch:6627 | LR: 0.0000136 | Loss : 0.0054 | Val loss: 0.0156
2026-01-11 20:41:02.032898 | Epoch:6628 | LR: 0.0000136 | Loss : 0.0054 | Val loss: 0.0154
2026-01-11 20:41:14.133582 | Epoch:6629 | LR: 0.0000135 | Loss : 0.0054 | Val loss: 0.0151
2026-01-11 20:41:26.064743 | Epoch:6630 | LR: 0.0000135 | Loss : 0.0054 | Val loss: 0.0146
2026-01-11 20:41:37.979740 | Epoch:6631 | LR: 0.0000135 | Loss : 0.0054 | Val loss: 0.0159
2026-01-11 20:41:50.181679 | Epoch:6632 | LR: 0.0000135 | Loss : 0.0054 | Val loss: 0.0156
2026-01-11 20:42:01.958144 | Epoch:6633 | LR: 0.0000134 | Loss : 0.0054 | Val loss: 0.0153
2026-01-11 20:42:14.164111 | Epoch:6634 | LR: 0.0000134 | Loss : 0.0054 | Val loss: 0.0151
2026-01-11 20:42:26.167058 | Epoch:6635 | LR: 0.0000134 | Loss : 0.0054 | Val loss: 0.0153
2026-01-11 20:42:38.298911 | Epoch:6636 | LR: 0.0000133 | Loss : 0.0054 | Val loss: 0.0148
2026-01-11 20:42:50.512868 | Epoch:6637 | LR: 0.0000133 | Loss : 0.0054 | Val loss: 0.0152
2026-01-11 20:43:02.426791 | Epoch:6638 | LR: 0.0000133 | Loss : 0.0054 | Val loss: 0.0149
2026-01-11 20:43:14.384938 | Epoch:6639 | LR: 0.0000133 | Loss : 0.0054 | Val loss: 0.0161
2026-01-11 20:43:26.423166 | Epoch:6640 | LR: 0.0000132 | Loss : 0.0054 | Val loss: 0.0150
2026-01-11 20:43:38.310312 | Epoch:6641 | LR: 0.0000132 | Loss : 0.0054 | Val loss: 0.0151
2026-01-11 20:43:50.409783 | Epoch:6642 | LR: 0.0000132 | Loss : 0.0054 | Val loss: 0.0158
2026-01-11 20:44:02.463979 | Epoch:6643 | LR: 0.0000131 | Loss : 0.0054 | Val loss: 0.0148
2026-01-11 20:44:14.637344 | Epoch:6644 | LR: 0.0000131 | Loss : 0.0054 | Val loss: 0.0154
2026-01-11 20:44:26.315273 | Epoch:6645 | LR: 0.0000131 | Loss : 0.0054 | Val loss: 0.0147
2026-01-11 20:44:38.310794 | Epoch:6646 | LR: 0.0000131 | Loss : 0.0054 | Val loss: 0.0147
2026-01-11 20:44:50.127776 | Epoch:6647 | LR: 0.0000130 | Loss : 0.0054 | Val loss: 0.0147
2026-01-11 20:45:02.061017 | Epoch:6648 | LR: 0.0000130 | Loss : 0.0054 | Val loss: 0.0148
2026-01-11 20:45:13.877808 | Epoch:6649 | LR: 0.0000130 | Loss : 0.0054 | Val loss: 0.0149
2026-01-11 20:45:25.895250 | Epoch:6650 | LR: 0.0000130 | Loss : 0.0054 | Val loss: 0.0149
2026-01-11 20:45:37.605101 | Epoch:6651 | LR: 0.0000129 | Loss : 0.0054 | Val loss: 0.0150
2026-01-11 20:45:49.636892 | Epoch:6652 | LR: 0.0000129 | Loss : 0.0054 | Val loss: 0.0151
2026-01-11 20:46:01.406020 | Epoch:6653 | LR: 0.0000129 | Loss : 0.0054 | Val loss: 0.0149
2026-01-11 20:46:13.563355 | Epoch:6654 | LR: 0.0000128 | Loss : 0.0054 | Val loss: 0.0154
2026-01-11 20:46:25.561659 | Epoch:6655 | LR: 0.0000128 | Loss : 0.0054 | Val loss: 0.0156
2026-01-11 20:46:37.473832 | Epoch:6656 | LR: 0.0000128 | Loss : 0.0054 | Val loss: 0.0154
2026-01-11 20:46:49.764810 | Epoch:6657 | LR: 0.0000128 | Loss : 0.0054 | Val loss: 0.0151
2026-01-11 20:47:01.857229 | Epoch:6658 | LR: 0.0000127 | Loss : 0.0054 | Val loss: 0.0155
2026-01-11 20:47:14.267157 | Epoch:6659 | LR: 0.0000127 | Loss : 0.0054 | Val loss: 0.0164
2026-01-11 20:47:26.419523 | Epoch:6660 | LR: 0.0000127 | Loss : 0.0054 | Val loss: 0.0148
2026-01-11 20:47:38.896429 | Epoch:6661 | LR: 0.0000127 | Loss : 0.0054 | Val loss: 0.0151
2026-01-11 20:47:51.198300 | Epoch:6662 | LR: 0.0000126 | Loss : 0.0054 | Val loss: 0.0150
2026-01-11 20:48:03.299353 | Epoch:6663 | LR: 0.0000126 | Loss : 0.0054 | Val loss: 0.0157
2026-01-11 20:48:15.501462 | Epoch:6664 | LR: 0.0000126 | Loss : 0.0054 | Val loss: 0.0155
2026-01-11 20:48:27.729429 | Epoch:6665 | LR: 0.0000125 | Loss : 0.0054 | Val loss: 0.0155
2026-01-11 20:48:39.572761 | Epoch:6666 | LR: 0.0000125 | Loss : 0.0054 | Val loss: 0.0152
2026-01-11 20:48:51.867556 | Epoch:6667 | LR: 0.0000125 | Loss : 0.0054 | Val loss: 0.0151
2026-01-11 20:49:03.813585 | Epoch:6668 | LR: 0.0000125 | Loss : 0.0054 | Val loss: 0.0156
2026-01-11 20:49:15.696264 | Epoch:6669 | LR: 0.0000124 | Loss : 0.0054 | Val loss: 0.0153
2026-01-11 20:49:27.784957 | Epoch:6670 | LR: 0.0000124 | Loss : 0.0054 | Val loss: 0.0157
2026-01-11 20:49:39.623439 | Epoch:6671 | LR: 0.0000124 | Loss : 0.0054 | Val loss: 0.0143
2026-01-11 20:49:51.782546 | Epoch:6672 | LR: 0.0000124 | Loss : 0.0054 | Val loss: 0.0159
2026-01-11 20:50:03.913748 | Epoch:6673 | LR: 0.0000123 | Loss : 0.0054 | Val loss: 0.0153
2026-01-11 20:50:16.027897 | Epoch:6674 | LR: 0.0000123 | Loss : 0.0054 | Val loss: 0.0145
2026-01-11 20:50:28.086977 | Epoch:6675 | LR: 0.0000123 | Loss : 0.0053 | Val loss: 0.0156
2026-01-11 20:50:40.099262 | Epoch:6676 | LR: 0.0000122 | Loss : 0.0054 | Val loss: 0.0148
2026-01-11 20:50:51.957558 | Epoch:6677 | LR: 0.0000122 | Loss : 0.0053 | Val loss: 0.0148
2026-01-11 20:51:04.013839 | Epoch:6678 | LR: 0.0000122 | Loss : 0.0054 | Val loss: 0.0162
2026-01-11 20:51:15.922650 | Epoch:6679 | LR: 0.0000122 | Loss : 0.0054 | Val loss: 0.0152
2026-01-11 20:51:28.030292 | Epoch:6680 | LR: 0.0000121 | Loss : 0.0054 | Val loss: 0.0146
2026-01-11 20:51:40.140476 | Epoch:6681 | LR: 0.0000121 | Loss : 0.0054 | Val loss: 0.0153
2026-01-11 20:51:52.171912 | Epoch:6682 | LR: 0.0000121 | Loss : 0.0054 | Val loss: 0.0158
2026-01-11 20:52:04.310307 | Epoch:6683 | LR: 0.0000121 | Loss : 0.0054 | Val loss: 0.0152
2026-01-11 20:52:16.030658 | Epoch:6684 | LR: 0.0000120 | Loss : 0.0054 | Val loss: 0.0144
2026-01-11 20:52:28.239309 | Epoch:6685 | LR: 0.0000120 | Loss : 0.0053 | Val loss: 0.0154
2026-01-11 20:52:40.059584 | Epoch:6686 | LR: 0.0000120 | Loss : 0.0054 | Val loss: 0.0156
2026-01-11 20:52:52.313231 | Epoch:6687 | LR: 0.0000119 | Loss : 0.0054 | Val loss: 0.0157
2026-01-11 20:53:03.865331 | Epoch:6688 | LR: 0.0000119 | Loss : 0.0054 | Val loss: 0.0152
2026-01-11 20:53:15.790081 | Epoch:6689 | LR: 0.0000119 | Loss : 0.0054 | Val loss: 0.0156
2026-01-11 20:53:27.692560 | Epoch:6690 | LR: 0.0000119 | Loss : 0.0054 | Val loss: 0.0153
2026-01-11 20:53:39.257748 | Epoch:6691 | LR: 0.0000118 | Loss : 0.0054 | Val loss: 0.0155
2026-01-11 20:53:51.094863 | Epoch:6692 | LR: 0.0000118 | Loss : 0.0054 | Val loss: 0.0155
2026-01-11 20:54:03.415551 | Epoch:6693 | LR: 0.0000118 | Loss : 0.0053 | Val loss: 0.0149
2026-01-11 20:54:15.607592 | Epoch:6694 | LR: 0.0000118 | Loss : 0.0054 | Val loss: 0.0149
2026-01-11 20:54:27.718392 | Epoch:6695 | LR: 0.0000117 | Loss : 0.0053 | Val loss: 0.0153
2026-01-11 20:54:39.937667 | Epoch:6696 | LR: 0.0000117 | Loss : 0.0054 | Val loss: 0.0152
2026-01-11 20:54:52.019833 | Epoch:6697 | LR: 0.0000117 | Loss : 0.0054 | Val loss: 0.0151
2026-01-11 20:55:03.775406 | Epoch:6698 | LR: 0.0000117 | Loss : 0.0053 | Val loss: 0.0156
2026-01-11 20:55:15.803691 | Epoch:6699 | LR: 0.0000116 | Loss : 0.0053 | Val loss: 0.0154
2026-01-11 20:55:27.795601 | Epoch:6700 | LR: 0.0000116 | Loss : 0.0054 | Val loss: 0.0151
2026-01-11 20:55:40.059638 | Epoch:6701 | LR: 0.0000116 | Loss : 0.0054 | Val loss: 0.0150
2026-01-11 20:55:51.767499 | Epoch:6702 | LR: 0.0000115 | Loss : 0.0054 | Val loss: 0.0156
2026-01-11 20:56:03.654315 | Epoch:6703 | LR: 0.0000115 | Loss : 0.0054 | Val loss: 0.0156
2026-01-11 20:56:15.550006 | Epoch:6704 | LR: 0.0000115 | Loss : 0.0054 | Val loss: 0.0140
2026-01-11 20:56:27.359644 | Epoch:6705 | LR: 0.0000115 | Loss : 0.0054 | Val loss: 0.0153
2026-01-11 20:56:39.240138 | Epoch:6706 | LR: 0.0000114 | Loss : 0.0054 | Val loss: 0.0148
2026-01-11 20:56:51.042100 | Epoch:6707 | LR: 0.0000114 | Loss : 0.0054 | Val loss: 0.0159
2026-01-11 20:57:02.799276 | Epoch:6708 | LR: 0.0000114 | Loss : 0.0053 | Val loss: 0.0156
2026-01-11 20:57:14.452156 | Epoch:6709 | LR: 0.0000114 | Loss : 0.0053 | Val loss: 0.0165
2026-01-11 20:57:26.206256 | Epoch:6710 | LR: 0.0000113 | Loss : 0.0054 | Val loss: 0.0151
2026-01-11 20:57:37.891575 | Epoch:6711 | LR: 0.0000113 | Loss : 0.0053 | Val loss: 0.0154
2026-01-11 20:57:49.664867 | Epoch:6712 | LR: 0.0000113 | Loss : 0.0054 | Val loss: 0.0157
2026-01-11 20:58:01.281295 | Epoch:6713 | LR: 0.0000113 | Loss : 0.0054 | Val loss: 0.0149
2026-01-11 20:58:12.744163 | Epoch:6714 | LR: 0.0000112 | Loss : 0.0054 | Val loss: 0.0143
2026-01-11 20:58:24.549286 | Epoch:6715 | LR: 0.0000112 | Loss : 0.0054 | Val loss: 0.0154
2026-01-11 20:58:36.118591 | Epoch:6716 | LR: 0.0000112 | Loss : 0.0054 | Val loss: 0.0152
2026-01-11 20:58:47.920801 | Epoch:6717 | LR: 0.0000112 | Loss : 0.0053 | Val loss: 0.0148
2026-01-11 20:58:59.424171 | Epoch:6718 | LR: 0.0000111 | Loss : 0.0053 | Val loss: 0.0159
2026-01-11 20:59:11.041102 | Epoch:6719 | LR: 0.0000111 | Loss : 0.0053 | Val loss: 0.0151
2026-01-11 20:59:22.503528 | Epoch:6720 | LR: 0.0000111 | Loss : 0.0054 | Val loss: 0.0147
2026-01-11 20:59:34.058259 | Epoch:6721 | LR: 0.0000110 | Loss : 0.0054 | Val loss: 0.0158
2026-01-11 20:59:45.847936 | Epoch:6722 | LR: 0.0000110 | Loss : 0.0054 | Val loss: 0.0144
2026-01-11 20:59:57.434801 | Epoch:6723 | LR: 0.0000110 | Loss : 0.0054 | Val loss: 0.0156
2026-01-11 21:00:09.553244 | Epoch:6724 | LR: 0.0000110 | Loss : 0.0055 | Val loss: 0.0147
2026-01-11 21:00:21.563424 | Epoch:6725 | LR: 0.0000109 | Loss : 0.0054 | Val loss: 0.0156
2026-01-11 21:00:33.382880 | Epoch:6726 | LR: 0.0000109 | Loss : 0.0053 | Val loss: 0.0153
2026-01-11 21:00:45.094045 | Epoch:6727 | LR: 0.0000109 | Loss : 0.0055 | Val loss: 0.0155
2026-01-11 21:00:56.891824 | Epoch:6728 | LR: 0.0000109 | Loss : 0.0054 | Val loss: 0.0152
2026-01-11 21:01:09.138408 | Epoch:6729 | LR: 0.0000108 | Loss : 0.0054 | Val loss: 0.0149
2026-01-11 21:01:21.533730 | Epoch:6730 | LR: 0.0000108 | Loss : 0.0053 | Val loss: 0.0157
2026-01-11 21:01:33.825730 | Epoch:6731 | LR: 0.0000108 | Loss : 0.0054 | Val loss: 0.0153
2026-01-11 21:01:45.885602 | Epoch:6732 | LR: 0.0000108 | Loss : 0.0053 | Val loss: 0.0147
2026-01-11 21:01:58.036842 | Epoch:6733 | LR: 0.0000107 | Loss : 0.0054 | Val loss: 0.0158
